{
    "dni": 1000.0,
    "generated_rays": 13110696,
    "power_per_ray": 0.07731251389658299,
    "num_rays": 765385.0,
    "avg_flux": 3311.704548456378,
    "peak_flux": 7977.1932958727975,
    "min_flux": 0.0,
    "radius": 0.0,
    "bin_size_x": 0.11912060709304066,
    "bin_size_y": 6.0,
    "xvalues": [
        -0.23824121418608132,
        -0.11912060709304068,
        0.0,
        0.11912060709304068,
        0.23824121418608135
    ],
    "yvalues": [
        -12.0,
        -6.0,
        0.0,
        6.0,
        12.0
    ],
    "flux": [
        [
            0.0,
            0.0,
            0.0,
            0.0,
            0.0
        ],
        [
            36052.0,
            41966.0,
            41675.0,
            41789.0,
            41985.0
        ],
        [
            63550.0,
            73746.0,
            73569.0,
            73478.0,
            73192.0
        ],
        [
            36208.0,
            42211.0,
            42140.0,
            41892.0,
            41932.0
        ],
        [
            0.0,
            0.0,
            0.0,
            0.0,
            0.0
        ]
    ],
    "sim_time": 15.503827571868896
}