{
    "dni": 1000.0,
    "generated_rays": 13643384,
    "power_per_ray": 0.07492688326533531,
    "num_rays": 758352.0,
    "avg_flux": 3180.023628414007,
    "peak_flux": 7717.622537969912,
    "min_flux": 0.0,
    "radius": 0.0,
    "bin_size_x": 0.11912060709304066,
    "bin_size_y": 6.0,
    "xvalues": [
        -0.23824121418608132,
        -0.11912060709304068,
        0.0,
        0.11912060709304068,
        0.23824121418608135
    ],
    "yvalues": [
        -12.0,
        -6.0,
        0.0,
        6.0,
        12.0
    ],
    "flux": [
        [
            0.0,
            0.0,
            0.0,
            0.0,
            0.0
        ],
        [
            34433.0,
            42032.0,
            41812.0,
            41834.0,
            41756.0
        ],
        [
            60556.0,
            73229.0,
            73558.0,
            73166.0,
            73618.0
        ],
        [
            34241.0,
            42236.0,
            42131.0,
            41872.0,
            41878.0
        ],
        [
            0.0,
            0.0,
            0.0,
            0.0,
            0.0
        ]
    ],
    "sim_time": 56.69524121284485
}