{
    "dni": 1000.0,
    "generated_rays": 12293057,
    "power_per_ray": 0.0812125351375003,
    "num_rays": 775584.0,
    "avg_flux": 3525.118750885598,
    "peak_flux": 8223.590847601401,
    "min_flux": 0.0,
    "radius": 0.0,
    "bin_size_x": 0.11912060709304066,
    "bin_size_y": 6.0,
    "xvalues": [
        -0.23824121418608132,
        -0.11912060709304068,
        0.0,
        0.11912060709304068,
        0.23824121418608135
    ],
    "yvalues": [
        -12.0,
        -6.0,
        0.0,
        6.0,
        12.0
    ],
    "flux": [
        [
            0.0,
            0.0,
            0.0,
            0.0,
            0.0
        ],
        [
            39487.0,
            42897.0,
            42579.0,
            42483.0,
            42997.0
        ],
        [
            67362.0,
            72051.0,
            72151.0,
            72373.0,
            72094.0
        ],
        [
            39497.0,
            42499.0,
            42385.0,
            42391.0,
            42338.0
        ],
        [
            0.0,
            0.0,
            0.0,
            0.0,
            0.0
        ]
    ],
    "sim_time": 14.936619758605957
}