{
    "dni": 1000.0,
    "generated_rays": 18787851,
    "power_per_ray": 0.056452655332783847,
    "num_rays": 769817.0,
    "avg_flux": 2432.1688094584715,
    "peak_flux": 8453.795761731042,
    "min_flux": 0.0,
    "radius": 0.0,
    "bin_size_x": 0.11912060709304066,
    "bin_size_y": 6.0,
    "xvalues": [
        -0.23824121418608132,
        -0.11912060709304068,
        0.0,
        0.11912060709304068,
        0.23824121418608135
    ],
    "yvalues": [
        -12.0,
        -6.0,
        0.0,
        6.0,
        12.0
    ],
    "flux": [
        [
            0.0,
            0.0,
            0.0,
            0.0,
            0.0
        ],
        [
            30082.0,
            50956.0,
            50782.0,
            51012.0,
            50876.0
        ],
        [
            62257.0,
            107030.0,
            106862.0,
            106499.0,
            105772.0
        ],
        [
            6556.0,
            10333.0,
            10312.0,
            10408.0,
            10080.0
        ],
        [
            0.0,
            0.0,
            0.0,
            0.0,
            0.0
        ]
    ],
    "sim_time": 19.511584043502808
}