{
    "dni": 1000.0,
    "generated_rays": 14958054,
    "power_per_ray": 0.06970295156047264,
    "num_rays": 793276.0,
    "avg_flux": 3094.5487351821876,
    "peak_flux": 9529.005742198062,
    "min_flux": 0.0,
    "radius": 0.0,
    "bin_size_x": 0.11912060709304066,
    "bin_size_y": 6.0,
    "xvalues": [
        -0.23824121418608132,
        -0.11912060709304068,
        0.0,
        0.11912060709304068,
        0.23824121418608135
    ],
    "yvalues": [
        -12.0,
        -6.0,
        0.0,
        6.0,
        12.0
    ],
    "flux": [
        [
            0.0,
            0.0,
            0.0,
            0.0,
            0.0
        ],
        [
            16031.0,
            21293.0,
            21529.0,
            21272.0,
            21693.0
        ],
        [
            71463.0,
            97565.0,
            97392.0,
            97709.0,
            97464.0
        ],
        [
            35963.0,
            48658.0,
            48806.0,
            48210.0,
            48228.0
        ],
        [
            0.0,
            0.0,
            0.0,
            0.0,
            0.0
        ]
    ],
    "sim_time": 17.635767459869385
}