{
    "dni": 1000.0,
    "generated_rays": 11639453,
    "power_per_ray": 0.0854691161514231,
    "num_rays": 799903.0,
    "avg_flux": 3826.2062898696095,
    "peak_flux": 9625.39115611189,
    "min_flux": 0.0,
    "radius": 0.0,
    "bin_size_x": 0.11912060709304066,
    "bin_size_y": 6.0,
    "xvalues": [
        -0.23824121418608132,
        -0.11912060709304068,
        0.0,
        0.11912060709304068,
        0.23824121418608135
    ],
    "yvalues": [
        -12.0,
        -6.0,
        0.0,
        6.0,
        12.0
    ],
    "flux": [
        [
            0.0,
            0.0,
            0.0,
            0.0,
            0.0
        ],
        [
            40524.0,
            43309.0,
            43645.0,
            43425.0,
            43413.0
        ],
        [
            73628.0,
            79995.0,
            80078.0,
            79947.0,
            80491.0
        ],
        [
            36141.0,
            38997.0,
            38926.0,
            38587.0,
            38797.0
        ],
        [
            0.0,
            0.0,
            0.0,
            0.0,
            0.0
        ]
    ],
    "sim_time": 49.12611532211304
}