{
    "dni": 1000.0,
    "generated_rays": 58496229,
    "power_per_ray": 0.018730702405799583,
    "num_rays": 416232.0,
    "avg_flux": 436.3262810708231,
    "peak_flux": 2239.4071721890023,
    "min_flux": 0.0,
    "radius": 0.0,
    "bin_size_x": 0.11912060709304066,
    "bin_size_y": 6.0,
    "xvalues": [
        -0.23824121418608132,
        -0.11912060709304068,
        0.0,
        0.11912060709304068,
        0.23824121418608135
    ],
    "yvalues": [
        -12.0,
        -6.0,
        0.0,
        6.0,
        12.0
    ],
    "flux": [
        [
            0.0,
            0.0,
            0.0,
            0.0,
            0.0
        ],
        [
            0.0,
            0.0,
            22596.0,
            44861.0,
            45098.0
        ],
        [
            0.0,
            0.0,
            41751.0,
            85451.0,
            84970.0
        ],
        [
            0.0,
            0.0,
            17986.0,
            36909.0,
            36610.0
        ],
        [
            0.0,
            0.0,
            0.0,
            0.0,
            0.0
        ]
    ],
    "sim_time": 47.717145681381226
}