{
    "dni": 1000.0,
    "generated_rays": 43428715,
    "power_per_ray": 0.023051055132601327,
    "num_rays": 863886.0,
    "avg_flux": 1114.471811398608,
    "peak_flux": 3407.0699767141996,
    "min_flux": 0.0,
    "radius": 0.0,
    "bin_size_x": 0.11912060709304066,
    "bin_size_y": 6.0,
    "xvalues": [
        -0.23824121418608132,
        -0.11912060709304068,
        0.0,
        0.11912060709304068,
        0.23824121418608135
    ],
    "yvalues": [
        -12.0,
        -6.0,
        0.0,
        6.0,
        12.0
    ],
    "flux": [
        [
            0.0,
            0.0,
            0.0,
            0.0,
            0.0
        ],
        [
            5924.0,
            5926.0,
            5903.0,
            6073.0,
            6004.0
        ],
        [
            61116.0,
            62380.0,
            61666.0,
            61580.0,
            61432.0
        ],
        [
            104702.0,
            105640.0,
            105100.0,
            105080.0,
            105360.0
        ],
        [
            0.0,
            0.0,
            0.0,
            0.0,
            0.0
        ]
    ],
    "sim_time": 37.69670104980469
}