{
    "dni": 1000.0,
    "generated_rays": 16209827,
    "power_per_ray": 0.06480910816879346,
    "num_rays": 721579.0,
    "avg_flux": 2617.22929975799,
    "peak_flux": 6377.415150706963,
    "min_flux": 0.0,
    "radius": 0.0,
    "bin_size_x": 0.11912060709304066,
    "bin_size_y": 6.0,
    "xvalues": [
        -0.23824121418608132,
        -0.11912060709304068,
        0.0,
        0.11912060709304068,
        0.23824121418608135
    ],
    "yvalues": [
        -12.0,
        -6.0,
        0.0,
        6.0,
        12.0
    ],
    "flux": [
        [
            0.0,
            0.0,
            0.0,
            0.0,
            0.0
        ],
        [
            27225.0,
            42356.0,
            42148.0,
            42246.0,
            42139.0
        ],
        [
            47500.0,
            70076.0,
            70331.0,
            69947.0,
            70105.0
        ],
        [
            27478.0,
            42796.0,
            42423.0,
            42474.0,
            42335.0
        ],
        [
            0.0,
            0.0,
            0.0,
            0.0,
            0.0
        ]
    ],
    "sim_time": 62.9258086681366
}