{
    "dni": 1000.0,
    "generated_rays": 16436527,
    "power_per_ray": 0.064658171680657,
    "num_rays": 741433.0,
    "avg_flux": 2682.978390478968,
    "peak_flux": 7416.581619925427,
    "min_flux": 0.0,
    "radius": 0.0,
    "bin_size_x": 0.11912060709304066,
    "bin_size_y": 6.0,
    "xvalues": [
        -0.23824121418608132,
        -0.11912060709304068,
        0.0,
        0.11912060709304068,
        0.23824121418608135
    ],
    "yvalues": [
        -12.0,
        -6.0,
        0.0,
        6.0,
        12.0
    ],
    "flux": [
        [
            0.0,
            0.0,
            0.0,
            0.0,
            0.0
        ],
        [
            19637.0,
            43986.0,
            43565.0,
            43616.0,
            43450.0
        ],
        [
            36218.0,
            81976.0,
            81982.0,
            81604.0,
            81678.0
        ],
        [
            18129.0,
            41216.0,
            41320.0,
            41438.0,
            41618.0
        ],
        [
            0.0,
            0.0,
            0.0,
            0.0,
            0.0
        ]
    ],
    "sim_time": 18.051292419433594
}