{
    "dni": 1000.0,
    "generated_rays": 31742649,
    "power_per_ray": 0.031742245474147675,
    "num_rays": 848580.0,
    "avg_flux": 1507.4825043167473,
    "peak_flux": 3773.369511839302,
    "min_flux": 0.0,
    "radius": 0.0,
    "bin_size_x": 0.11912060709304066,
    "bin_size_y": 6.0,
    "xvalues": [
        -0.23824121418608132,
        -0.11912060709304068,
        0.0,
        0.11912060709304068,
        0.23824121418608135
    ],
    "yvalues": [
        -12.0,
        -6.0,
        0.0,
        6.0,
        12.0
    ],
    "flux": [
        [
            0.0,
            0.0,
            0.0,
            0.0,
            0.0
        ],
        [
            5111.0,
            5053.0,
            5089.0,
            5069.0,
            4980.0
        ],
        [
            78565.0,
            81359.0,
            80644.0,
            80869.0,
            81178.0
        ],
        [
            81660.0,
            84611.0,
            84963.0,
            84843.0,
            84586.0
        ],
        [
            0.0,
            0.0,
            0.0,
            0.0,
            0.0
        ]
    ],
    "sim_time": 29.540976762771606
}