{
    "dni": 1000.0,
    "generated_rays": 26966182,
    "power_per_ray": 0.038209388979228966,
    "num_rays": 817899.0,
    "avg_flux": 1749.0072624357413,
    "peak_flux": 4963.314029354378,
    "min_flux": 0.0,
    "radius": 0.0,
    "bin_size_x": 0.11912060709304066,
    "bin_size_y": 6.0,
    "xvalues": [
        -0.23824121418608132,
        -0.11912060709304068,
        0.0,
        0.11912060709304068,
        0.23824121418608135
    ],
    "yvalues": [
        -12.0,
        -6.0,
        0.0,
        6.0,
        12.0
    ],
    "flux": [
        [
            0.0,
            0.0,
            0.0,
            0.0,
            0.0
        ],
        [
            4518.0,
            4550.0,
            4634.0,
            4605.0,
            4632.0
        ],
        [
            77133.0,
            92757.0,
            92804.0,
            92573.0,
            92841.0
        ],
        [
            58950.0,
            72173.0,
            72342.0,
            71603.0,
            71784.0
        ],
        [
            0.0,
            0.0,
            0.0,
            0.0,
            0.0
        ]
    ],
    "sim_time": 25.984994411468506
}