{
    "dni": 1000.0,
    "generated_rays": 12551818,
    "power_per_ray": 0.08039393580598876,
    "num_rays": 765761.0,
    "avg_flux": 3445.389910784317,
    "peak_flux": 8031.5913124242625,
    "min_flux": 0.0,
    "radius": 0.0,
    "bin_size_x": 0.11912060709304066,
    "bin_size_y": 6.0,
    "xvalues": [
        -0.23824121418608132,
        -0.11912060709304068,
        0.0,
        0.11912060709304068,
        0.23824121418608135
    ],
    "yvalues": [
        -12.0,
        -6.0,
        0.0,
        6.0,
        12.0
    ],
    "flux": [
        [
            0.0,
            0.0,
            0.0,
            0.0,
            0.0
        ],
        [
            37853.0,
            42468.0,
            42671.0,
            42731.0,
            42810.0
        ],
        [
            63664.0,
            71098.0,
            70822.0,
            70837.0,
            71403.0
        ],
        [
            37742.0,
            43300.0,
            43125.0,
            42741.0,
            42496.0
        ],
        [
            0.0,
            0.0,
            0.0,
            0.0,
            0.0
        ]
    ],
    "sim_time": 54.75565576553345
}