{
    "dni": 1000.0,
    "generated_rays": 22913568,
    "power_per_ray": 0.04606747753446708,
    "num_rays": 777676.0,
    "avg_flux": 2005.0027465643682,
    "peak_flux": 6859.876006013402,
    "min_flux": 0.0,
    "radius": 0.0,
    "bin_size_x": 0.11912060709304066,
    "bin_size_y": 6.0,
    "xvalues": [
        -0.23824121418608132,
        -0.11912060709304068,
        0.0,
        0.11912060709304068,
        0.23824121418608135
    ],
    "yvalues": [
        -12.0,
        -6.0,
        0.0,
        6.0,
        12.0
    ],
    "flux": [
        [
            0.0,
            0.0,
            0.0,
            0.0,
            0.0
        ],
        [
            3477.0,
            4088.0,
            4105.0,
            4189.0,
            4056.0
        ],
        [
            65598.0,
            106429.0,
            106081.0,
            105576.0,
            105964.0
        ],
        [
            35923.0,
            57687.0,
            58046.0,
            58448.0,
            58009.0
        ],
        [
            0.0,
            0.0,
            0.0,
            0.0,
            0.0
        ]
    ],
    "sim_time": 22.795153856277466
}