{
    "dni": 1000.0,
    "generated_rays": 32262594,
    "power_per_ray": 0.033366434325425846,
    "num_rays": 719356.0,
    "avg_flux": 1343.3077235104922,
    "peak_flux": 4982.251029687899,
    "min_flux": 0.0,
    "radius": 0.0,
    "bin_size_x": 0.11912060709304066,
    "bin_size_y": 6.0,
    "xvalues": [
        -0.23824121418608132,
        -0.11912060709304068,
        0.0,
        0.11912060709304068,
        0.23824121418608135
    ],
    "yvalues": [
        -12.0,
        -6.0,
        0.0,
        6.0,
        12.0
    ],
    "flux": [
        [
            0.0,
            0.0,
            0.0,
            0.0,
            0.0
        ],
        [
            15479.0,
            58062.0,
            57933.0,
            58044.0,
            57950.0
        ],
        [
            28389.0,
            106167.0,
            106260.0,
            106722.0,
            105439.0
        ],
        [
            2824.0,
            3957.0,
            4066.0,
            4016.0,
            4048.0
        ],
        [
            0.0,
            0.0,
            0.0,
            0.0,
            0.0
        ]
    ],
    "sim_time": 29.29160785675049
}