{
    "dni": 1000.0,
    "generated_rays": 30340418,
    "power_per_ray": 0.03592863526382141,
    "num_rays": 647343.0,
    "avg_flux": 1301.6583838944491,
    "peak_flux": 4572.39219711464,
    "min_flux": 0.0,
    "radius": 0.0,
    "bin_size_x": 0.11912060709304066,
    "bin_size_y": 6.0,
    "xvalues": [
        -0.23824121418608132,
        -0.11912060709304068,
        0.0,
        0.11912060709304068,
        0.23824121418608135
    ],
    "yvalues": [
        -12.0,
        -6.0,
        0.0,
        6.0,
        12.0
    ],
    "flux": [
        [
            0.0,
            0.0,
            0.0,
            0.0,
            0.0
        ],
        [
            0.0,
            40601.0,
            46805.0,
            46430.0,
            46638.0
        ],
        [
            0.0,
            78144.0,
            90166.0,
            90958.0,
            90331.0
        ],
        [
            0.0,
            26478.0,
            30358.0,
            30551.0,
            29883.0
        ],
        [
            0.0,
            0.0,
            0.0,
            0.0,
            0.0
        ]
    ],
    "sim_time": 28.31226420402527
}