{
    "dni": 1000.0,
    "generated_rays": 17543017,
    "power_per_ray": 0.06022068824503936,
    "num_rays": 713260.0,
    "avg_flux": 2403.8946266790927,
    "peak_flux": 6074.783206485335,
    "min_flux": 0.0,
    "radius": 0.0,
    "bin_size_x": 0.11912060709304066,
    "bin_size_y": 6.0,
    "xvalues": [
        -0.23824121418608132,
        -0.11912060709304068,
        0.0,
        0.11912060709304068,
        0.23824121418608135
    ],
    "yvalues": [
        -12.0,
        -6.0,
        0.0,
        6.0,
        12.0
    ],
    "flux": [
        [
            0.0,
            0.0,
            0.0,
            0.0,
            0.0
        ],
        [
            24530.0,
            42781.0,
            41863.0,
            41883.0,
            41670.0
        ],
        [
            43147.0,
            72098.0,
            70608.0,
            71200.0,
            71165.0
        ],
        [
            24365.0,
            42552.0,
            42034.0,
            41589.0,
            41775.0
        ],
        [
            0.0,
            0.0,
            0.0,
            0.0,
            0.0
        ]
    ],
    "sim_time": 18.409736394882202
}