{
    "dni": 1000.0,
    "generated_rays": 13963896,
    "power_per_ray": 0.07506909402250152,
    "num_rays": 768873.0,
    "avg_flux": 3230.2611018584976,
    "peak_flux": 8645.316637307944,
    "min_flux": 0.0,
    "radius": 0.0,
    "bin_size_x": 0.11912060709304066,
    "bin_size_y": 6.0,
    "xvalues": [
        -0.23824121418608132,
        -0.11912060709304068,
        0.0,
        0.11912060709304068,
        0.23824121418608135
    ],
    "yvalues": [
        -12.0,
        -6.0,
        0.0,
        6.0,
        12.0
    ],
    "flux": [
        [
            0.0,
            0.0,
            0.0,
            0.0,
            0.0
        ],
        [
            26840.0,
            43855.0,
            43497.0,
            43601.0,
            43543.0
        ],
        [
            49487.0,
            82311.0,
            82102.0,
            81643.0,
            81542.0
        ],
        [
            24763.0,
            41405.0,
            41351.0,
            41350.0,
            41583.0
        ],
        [
            0.0,
            0.0,
            0.0,
            0.0,
            0.0
        ]
    ],
    "sim_time": 16.03066897392273
}