{
    "dni": 1000.0,
    "generated_rays": 11846625,
    "power_per_ray": 0.08375483330466348,
    "num_rays": 836771.0,
    "avg_flux": 3922.2777278402586,
    "peak_flux": 10648.59373498975,
    "min_flux": 0.0,
    "radius": 0.0,
    "bin_size_x": 0.11912060709304066,
    "bin_size_y": 6.0,
    "xvalues": [
        -0.23824121418608132,
        -0.11912060709304068,
        0.0,
        0.11912060709304068,
        0.23824121418608135
    ],
    "yvalues": [
        -12.0,
        -6.0,
        0.0,
        6.0,
        12.0
    ],
    "flux": [
        [
            0.0,
            0.0,
            0.0,
            0.0,
            0.0
        ],
        [
            46426.0,
            46772.0,
            46566.0,
            46563.0,
            46197.0
        ],
        [
            90160.0,
            90870.0,
            90701.0,
            90327.0,
            90536.0
        ],
        [
            30511.0,
            30392.0,
            30170.0,
            30155.0,
            30425.0
        ],
        [
            0.0,
            0.0,
            0.0,
            0.0,
            0.0
        ]
    ],
    "sim_time": 14.765014886856079
}