{
    "dni": 1000.0,
    "generated_rays": 10693971,
    "power_per_ray": 0.0926935417971967,
    "num_rays": 826886.0,
    "avg_flux": 4289.601599195495,
    "peak_flux": 10645.203476161325,
    "min_flux": 0.0,
    "radius": 0.0,
    "bin_size_x": 0.11912060709304066,
    "bin_size_y": 6.0,
    "xvalues": [
        -0.23824121418608132,
        -0.11912060709304068,
        0.0,
        0.11912060709304068,
        0.23824121418608135
    ],
    "yvalues": [
        -12.0,
        -6.0,
        0.0,
        6.0,
        12.0
    ],
    "flux": [
        [
            0.0,
            0.0,
            0.0,
            0.0,
            0.0
        ],
        [
            41833.0,
            43817.0,
            43535.0,
            43594.0,
            43515.0
        ],
        [
            78187.0,
            82081.0,
            81889.0,
            81796.0,
            81692.0
        ],
        [
            39305.0,
            41497.0,
            41730.0,
            41214.0,
            41201.0
        ],
        [
            0.0,
            0.0,
            0.0,
            0.0,
            0.0
        ]
    ],
    "sim_time": 13.961776494979858
}