{
    "dni": 1000.0,
    "generated_rays": 39632833,
    "power_per_ray": 0.027480686695935584,
    "num_rays": 542912.0,
    "avg_flux": 834.9853670468419,
    "peak_flux": 3150.2737127862756,
    "min_flux": 0.0,
    "radius": 0.0,
    "bin_size_x": 0.11912060709304066,
    "bin_size_y": 6.0,
    "xvalues": [
        -0.23824121418608132,
        -0.11912060709304068,
        0.0,
        0.11912060709304068,
        0.23824121418608135
    ],
    "yvalues": [
        -12.0,
        -6.0,
        0.0,
        6.0,
        12.0
    ],
    "flux": [
        [
            0.0,
            0.0,
            0.0,
            0.0,
            0.0
        ],
        [
            0.0,
            11716.0,
            44087.0,
            44080.0,
            43511.0
        ],
        [
            0.0,
            20719.0,
            81538.0,
            81272.0,
            81933.0
        ],
        [
            0.0,
            10151.0,
            41019.0,
            41468.0,
            41418.0
        ],
        [
            0.0,
            0.0,
            0.0,
            0.0,
            0.0
        ]
    ],
    "sim_time": 33.98591327667236
}