{
    "dni": 1000.0,
    "generated_rays": 39635368,
    "power_per_ray": 0.02747892908539002,
    "num_rays": 543413.0,
    "avg_flux": 835.7024394844855,
    "peak_flux": 3151.7638923626996,
    "min_flux": 0.0,
    "radius": 0.0,
    "bin_size_x": 0.11912060709304066,
    "bin_size_y": 6.0,
    "xvalues": [
        -0.23824121418608132,
        -0.11912060709304068,
        0.0,
        0.11912060709304068,
        0.23824121418608135
    ],
    "yvalues": [
        -12.0,
        -6.0,
        0.0,
        6.0,
        12.0
    ],
    "flux": [
        [
            0.0,
            0.0,
            0.0,
            0.0,
            0.0
        ],
        [
            0.0,
            10229.0,
            41327.0,
            41393.0,
            41314.0
        ],
        [
            0.0,
            20544.0,
            81595.0,
            81977.0,
            81516.0
        ],
        [
            0.0,
            11670.0,
            44303.0,
            44088.0,
            43457.0
        ],
        [
            0.0,
            0.0,
            0.0,
            0.0,
            0.0
        ]
    ],
    "sim_time": 119.0333640575409
}