{
    "dni": 1000.0,
    "generated_rays": 20637838,
    "power_per_ray": 0.050550355914166394,
    "num_rays": 797135.0,
    "avg_flux": 2255.1630063562807,
    "peak_flux": 7551.748439024731,
    "min_flux": 0.0,
    "radius": 0.0,
    "bin_size_x": 0.11912060709304066,
    "bin_size_y": 6.0,
    "xvalues": [
        -0.23824121418608132,
        -0.11912060709304068,
        0.0,
        0.11912060709304068,
        0.23824121418608135
    ],
    "yvalues": [
        -12.0,
        -6.0,
        0.0,
        6.0,
        12.0
    ],
    "flux": [
        [
            0.0,
            0.0,
            0.0,
            0.0,
            0.0
        ],
        [
            42611.0,
            58226.0,
            58175.0,
            58091.0,
            57744.0
        ],
        [
            77582.0,
            106410.0,
            106773.0,
            105930.0,
            105641.0
        ],
        [
            3680.0,
            4029.0,
            4112.0,
            4026.0,
            4105.0
        ],
        [
            0.0,
            0.0,
            0.0,
            0.0,
            0.0
        ]
    ],
    "sim_time": 21.037071466445923
}