{
    "dni": 1000.0,
    "generated_rays": 13123896,
    "power_per_ray": 0.07723475305609515,
    "num_rays": 765958.0,
    "avg_flux": 3310.8504299419255,
    "peak_flux": 7961.497413238434,
    "min_flux": 0.0,
    "radius": 0.0,
    "bin_size_x": 0.11912060709304066,
    "bin_size_y": 6.0,
    "xvalues": [
        -0.23824121418608132,
        -0.11912060709304068,
        0.0,
        0.11912060709304068,
        0.23824121418608135
    ],
    "yvalues": [
        -12.0,
        -6.0,
        0.0,
        6.0,
        12.0
    ],
    "flux": [
        [
            0.0,
            0.0,
            0.0,
            0.0,
            0.0
        ],
        [
            36096.0,
            42250.0,
            41833.0,
            41626.0,
            41974.0
        ],
        [
            63596.0,
            73286.0,
            73675.0,
            73498.0,
            73661.0
        ],
        [
            36067.0,
            42306.0,
            42012.0,
            41966.0,
            42112.0
        ],
        [
            0.0,
            0.0,
            0.0,
            0.0,
            0.0
        ]
    ],
    "sim_time": 55.25709295272827
}