{
    "dni": 1000.0,
    "generated_rays": 31511817,
    "power_per_ray": 0.03436757485435563,
    "num_rays": 699596.0,
    "avg_flux": 1345.6064115493953,
    "peak_flux": 5278.496382963286,
    "min_flux": 0.0,
    "radius": 0.0,
    "bin_size_x": 0.11912060709304066,
    "bin_size_y": 6.0,
    "xvalues": [
        -0.23824121418608132,
        -0.11912060709304068,
        0.0,
        0.11912060709304068,
        0.23824121418608135
    ],
    "yvalues": [
        -12.0,
        -6.0,
        0.0,
        6.0,
        12.0
    ],
    "flux": [
        [
            0.0,
            0.0,
            0.0,
            0.0,
            0.0
        ],
        [
            8638.0,
            53989.0,
            54206.0,
            54013.0,
            53926.0
        ],
        [
            16426.0,
            109590.0,
            109494.0,
            109636.0,
            109774.0
        ],
        [
            2259.0,
            4411.0,
            4454.0,
            4388.0,
            4392.0
        ],
        [
            0.0,
            0.0,
            0.0,
            0.0,
            0.0
        ]
    ],
    "sim_time": 28.793235540390015
}