{
    "dni": 1000.0,
    "generated_rays": 15687643,
    "power_per_ray": 0.06690958214886639,
    "num_rays": 784275.0,
    "avg_flux": 2936.8281341288284,
    "peak_flux": 9176.054956840379,
    "min_flux": 0.0,
    "radius": 0.0,
    "bin_size_x": 0.11912060709304066,
    "bin_size_y": 6.0,
    "xvalues": [
        -0.23824121418608132,
        -0.11912060709304068,
        0.0,
        0.11912060709304068,
        0.23824121418608135
    ],
    "yvalues": [
        -12.0,
        -6.0,
        0.0,
        6.0,
        12.0
    ],
    "flux": [
        [
            0.0,
            0.0,
            0.0,
            0.0,
            0.0
        ],
        [
            15009.0,
            21317.0,
            21632.0,
            21345.0,
            21721.0
        ],
        [
            66152.0,
            97385.0,
            97271.0,
            98018.0,
            97274.0
        ],
        [
            33190.0,
            48613.0,
            48650.0,
            48268.0,
            48430.0
        ],
        [
            0.0,
            0.0,
            0.0,
            0.0,
            0.0
        ]
    ],
    "sim_time": 17.525007009506226
}