{
    "dni": 1000.0,
    "generated_rays": 13593096,
    "power_per_ray": 0.0754151230848476,
    "num_rays": 753803.0,
    "avg_flux": 3181.545573237126,
    "peak_flux": 7595.814860799871,
    "min_flux": 0.0,
    "radius": 0.0,
    "bin_size_x": 0.11912060709304066,
    "bin_size_y": 6.0,
    "xvalues": [
        -0.23824121418608132,
        -0.11912060709304068,
        0.0,
        0.11912060709304068,
        0.23824121418608135
    ],
    "yvalues": [
        -12.0,
        -6.0,
        0.0,
        6.0,
        12.0
    ],
    "flux": [
        [
            0.0,
            0.0,
            0.0,
            0.0,
            0.0
        ],
        [
            34164.0,
            42378.0,
            41987.0,
            42208.0,
            42146.0
        ],
        [
            59300.0,
            71987.0,
            71677.0,
            71696.0,
            71895.0
        ],
        [
            34333.0,
            42796.0,
            42611.0,
            42187.0,
            42438.0
        ],
        [
            0.0,
            0.0,
            0.0,
            0.0,
            0.0
        ]
    ],
    "sim_time": 55.26603388786316
}