{
    "dni": 1000.0,
    "generated_rays": 25072289,
    "power_per_ray": 0.040188466428234385,
    "num_rays": 842874.0,
    "avg_flux": 1895.7712567607527,
    "peak_flux": 5262.113955390768,
    "min_flux": 0.0,
    "radius": 0.0,
    "bin_size_x": 0.11912060709304066,
    "bin_size_y": 6.0,
    "xvalues": [
        -0.23824121418608132,
        -0.11912060709304068,
        0.0,
        0.11912060709304068,
        0.23824121418608135
    ],
    "yvalues": [
        -12.0,
        -6.0,
        0.0,
        6.0,
        12.0
    ],
    "flux": [
        [
            0.0,
            0.0,
            0.0,
            0.0,
            0.0
        ],
        [
            69645.0,
            71984.0,
            72406.0,
            71876.0,
            71996.0
        ],
        [
            90271.0,
            93583.0,
            93495.0,
            92532.0,
            92329.0
        ],
        [
            4574.0,
            4533.0,
            4469.0,
            4594.0,
            4587.0
        ],
        [
            0.0,
            0.0,
            0.0,
            0.0,
            0.0
        ]
    ],
    "sim_time": 24.316829442977905
}