{
    "dni": 1000.0,
    "generated_rays": 71566394,
    "power_per_ray": 0.014091179558633198,
    "num_rays": 878264.0,
    "avg_flux": 692.6187962433273,
    "peak_flux": 2322.0596706669808,
    "min_flux": 0.0,
    "radius": 0.0,
    "bin_size_x": 0.11912060709304066,
    "bin_size_y": 6.0,
    "xvalues": [
        -0.23824121418608132,
        -0.11912060709304068,
        0.0,
        0.11912060709304068,
        0.23824121418608135
    ],
    "yvalues": [
        -12.0,
        -6.0,
        0.0,
        6.0,
        12.0
    ],
    "flux": [
        [
            0.0,
            0.0,
            0.0,
            0.0,
            0.0
        ],
        [
            7956.0,
            7724.0,
            7566.0,
            7630.0,
            7769.0
        ],
        [
            50837.0,
            52137.0,
            52068.0,
            51947.0,
            52010.0
        ],
        [
            110055.0,
            117587.0,
            117449.0,
            117751.0,
            117778.0
        ],
        [
            0.0,
            0.0,
            0.0,
            0.0,
            0.0
        ]
    ],
    "sim_time": 58.129494190216064
}