{
    "dni": 1000.0,
    "generated_rays": 66826648,
    "power_per_ray": 0.016284700485756653,
    "num_rays": 348484.0,
    "avg_flux": 317.6029013824577,
    "peak_flux": 1866.3786618498004,
    "min_flux": 0.0,
    "radius": 0.0,
    "bin_size_x": 0.11912060709304066,
    "bin_size_y": 6.0,
    "xvalues": [
        -0.23824121418608132,
        -0.11912060709304068,
        0.0,
        0.11912060709304068,
        0.23824121418608135
    ],
    "yvalues": [
        -12.0,
        -6.0,
        0.0,
        6.0,
        12.0
    ],
    "flux": [
        [
            0.0,
            0.0,
            0.0,
            0.0,
            0.0
        ],
        [
            0.0,
            0.0,
            1173.0,
            44507.0,
            47413.0
        ],
        [
            0.0,
            0.0,
            2492.0,
            77595.0,
            81914.0
        ],
        [
            0.0,
            0.0,
            1584.0,
            44715.0,
            47091.0
        ],
        [
            0.0,
            0.0,
            0.0,
            0.0,
            0.0
        ]
    ],
    "sim_time": 186.70839715003967
}