{
    "dni": 1000.0,
    "generated_rays": 66125522,
    "power_per_ray": 0.016458457007293155,
    "num_rays": 360175.0,
    "avg_flux": 331.76038399310323,
    "peak_flux": 1908.9981143213897,
    "min_flux": 0.0,
    "radius": 0.0,
    "bin_size_x": 0.11912060709304066,
    "bin_size_y": 6.0,
    "xvalues": [
        -0.23824121418608132,
        -0.11912060709304068,
        0.0,
        0.11912060709304068,
        0.23824121418608135
    ],
    "yvalues": [
        -12.0,
        -6.0,
        0.0,
        6.0,
        12.0
    ],
    "flux": [
        [
            0.0,
            0.0,
            0.0,
            0.0,
            0.0
        ],
        [
            0.0,
            0.0,
            2690.0,
            45563.0,
            47327.0
        ],
        [
            0.0,
            0.0,
            5337.0,
            80093.0,
            82900.0
        ],
        [
            0.0,
            0.0,
            3320.0,
            45949.0,
            46996.0
        ],
        [
            0.0,
            0.0,
            0.0,
            0.0,
            0.0
        ]
    ],
    "sim_time": 186.47144150733948
}