{
    "dni": 1000.0,
    "generated_rays": 24671576,
    "power_per_ray": 0.04355197893373508,
    "num_rays": 658677.0,
    "avg_flux": 1605.4701492988936,
    "peak_flux": 5230.025393484771,
    "min_flux": 0.0,
    "radius": 0.0,
    "bin_size_x": 0.11912060709304066,
    "bin_size_y": 6.0,
    "xvalues": [
        -0.23824121418608132,
        -0.11912060709304068,
        0.0,
        0.11912060709304068,
        0.23824121418608135
    ],
    "yvalues": [
        -12.0,
        -6.0,
        0.0,
        6.0,
        12.0
    ],
    "flux": [
        [
            0.0,
            0.0,
            0.0,
            0.0,
            0.0
        ],
        [
            4845.0,
            48980.0,
            41290.0,
            41255.0,
            41403.0
        ],
        [
            8700.0,
            85829.0,
            69745.0,
            69801.0,
            70029.0
        ],
        [
            4500.0,
            49259.0,
            41056.0,
            40969.0,
            41016.0
        ],
        [
            0.0,
            0.0,
            0.0,
            0.0,
            0.0
        ]
    ],
    "sim_time": 23.98919415473938
}