{
    "dni": 1000.0,
    "generated_rays": 32199766,
    "power_per_ray": 0.0315080756075362,
    "num_rays": 841048.0,
    "avg_flux": 1483.0797469475117,
    "peak_flux": 3743.9013762967265,
    "min_flux": 0.0,
    "radius": 0.0,
    "bin_size_x": 0.11912060709304066,
    "bin_size_y": 6.0,
    "xvalues": [
        -0.23824121418608132,
        -0.11912060709304068,
        0.0,
        0.11912060709304068,
        0.23824121418608135
    ],
    "yvalues": [
        -12.0,
        -6.0,
        0.0,
        6.0,
        12.0
    ],
    "flux": [
        [
            0.0,
            0.0,
            0.0,
            0.0,
            0.0
        ],
        [
            5105.0,
            5034.0,
            5027.0,
            5009.0,
            4922.0
        ],
        [
            75590.0,
            81236.0,
            80721.0,
            80713.0,
            81343.0
        ],
        [
            77907.0,
            84408.0,
            84926.0,
            84807.0,
            84300.0
        ],
        [
            0.0,
            0.0,
            0.0,
            0.0,
            0.0
        ]
    ],
    "sim_time": 29.891411542892456
}