{
    "dni": 1000.0,
    "generated_rays": 11158692,
    "power_per_ray": 0.09033358809291595,
    "num_rays": 813168.0,
    "avg_flux": 4111.036982037666,
    "peak_flux": 10348.901430154228,
    "min_flux": 0.0,
    "radius": 0.0,
    "bin_size_x": 0.11912060709304066,
    "bin_size_y": 6.0,
    "xvalues": [
        -0.23824121418608132,
        -0.11912060709304068,
        0.0,
        0.11912060709304068,
        0.23824121418608135
    ],
    "yvalues": [
        -12.0,
        -6.0,
        0.0,
        6.0,
        12.0
    ],
    "flux": [
        [
            0.0,
            0.0,
            0.0,
            0.0,
            0.0
        ],
        [
            36267.0,
            41561.0,
            41566.0,
            41464.0,
            41735.0
        ],
        [
            71414.0,
            81740.0,
            81881.0,
            81498.0,
            81487.0
        ],
        [
            38057.0,
            43572.0,
            43733.0,
            43640.0,
            43553.0
        ],
        [
            0.0,
            0.0,
            0.0,
            0.0,
            0.0
        ]
    ],
    "sim_time": 49.489214181900024
}