{
    "dni": 1000.0,
    "generated_rays": 13581167,
    "power_per_ray": 0.07548136385806535,
    "num_rays": 753358.0,
    "avg_flux": 3182.4602365102496,
    "peak_flux": 7594.354729340235,
    "min_flux": 0.0,
    "radius": 0.0,
    "bin_size_x": 0.11912060709304066,
    "bin_size_y": 6.0,
    "xvalues": [
        -0.23824121418608132,
        -0.11912060709304068,
        0.0,
        0.11912060709304068,
        0.23824121418608135
    ],
    "yvalues": [
        -12.0,
        -6.0,
        0.0,
        6.0,
        12.0
    ],
    "flux": [
        [
            0.0,
            0.0,
            0.0,
            0.0,
            0.0
        ],
        [
            34293.0,
            42661.0,
            42088.0,
            42334.0,
            42457.0
        ],
        [
            59219.0,
            71808.0,
            71463.0,
            71812.0,
            71910.0
        ],
        [
            34385.0,
            42508.0,
            42172.0,
            42074.0,
            42174.0
        ],
        [
            0.0,
            0.0,
            0.0,
            0.0,
            0.0
        ]
    ],
    "sim_time": 15.734885454177856
}