{
    "dni": 1000.0,
    "generated_rays": 40424957,
    "power_per_ray": 0.026044143546499046,
    "num_rays": 791071.0,
    "avg_flux": 1153.0480008036725,
    "peak_flux": 3092.90848141994,
    "min_flux": 0.0,
    "radius": 0.0,
    "bin_size_x": 0.11912060709304066,
    "bin_size_y": 6.0,
    "xvalues": [
        -0.23824121418608132,
        -0.11912060709304068,
        0.0,
        0.11912060709304068,
        0.23824121418608135
    ],
    "yvalues": [
        -12.0,
        -6.0,
        0.0,
        6.0,
        12.0
    ],
    "flux": [
        [
            0.0,
            0.0,
            0.0,
            0.0,
            0.0
        ],
        [
            52428.0,
            84508.0,
            84878.0,
            84424.0,
            84458.0
        ],
        [
            53505.0,
            80651.0,
            80580.0,
            80403.0,
            80308.0
        ],
        [
            4915.0,
            5010.0,
            4962.0,
            5003.0,
            5038.0
        ],
        [
            0.0,
            0.0,
            0.0,
            0.0,
            0.0
        ]
    ],
    "sim_time": 35.509387731552124
}