{
    "dni": 1000.0,
    "generated_rays": 18053595,
    "power_per_ray": 0.057771498358841766,
    "num_rays": 797093.0,
    "avg_flux": 2577.1783217646466,
    "peak_flux": 8886.994609309575,
    "min_flux": 0.0,
    "radius": 0.0,
    "bin_size_x": 0.11912060709304066,
    "bin_size_y": 6.0,
    "xvalues": [
        -0.23824121418608132,
        -0.11912060709304068,
        0.0,
        0.11912060709304068,
        0.23824121418608135
    ],
    "yvalues": [
        -12.0,
        -6.0,
        0.0,
        6.0,
        12.0
    ],
    "flux": [
        [
            0.0,
            0.0,
            0.0,
            0.0,
            0.0
        ],
        [
            3800.0,
            4399.0,
            4503.0,
            4518.0,
            4418.0
        ],
        [
            81456.0,
            109946.0,
            109747.0,
            109831.0,
            109331.0
        ],
        [
            40044.0,
            54091.0,
            53673.0,
            53502.0,
            53834.0
        ],
        [
            0.0,
            0.0,
            0.0,
            0.0,
            0.0
        ]
    ],
    "sim_time": 19.39402151107788
}