{
    "dni": 1000.0,
    "generated_rays": 12000124,
    "power_per_ray": 0.08255835808669085,
    "num_rays": 780362.0,
    "avg_flux": 3605.6121049890194,
    "peak_flux": 8266.76726691424,
    "min_flux": 0.0,
    "radius": 0.0,
    "bin_size_x": 0.11912060709304066,
    "bin_size_y": 6.0,
    "xvalues": [
        -0.23824121418608132,
        -0.11912060709304068,
        0.0,
        0.11912060709304068,
        0.23824121418608135
    ],
    "yvalues": [
        -12.0,
        -6.0,
        0.0,
        6.0,
        12.0
    ],
    "flux": [
        [
            0.0,
            0.0,
            0.0,
            0.0,
            0.0
        ],
        [
            41246.0,
            43140.0,
            43005.0,
            43052.0,
            43209.0
        ],
        [
            68989.0,
            71567.0,
            71416.0,
            70810.0,
            71453.0
        ],
        [
            40846.0,
            42979.0,
            42930.0,
            42962.0,
            42758.0
        ],
        [
            0.0,
            0.0,
            0.0,
            0.0,
            0.0
        ]
    ],
    "sim_time": 14.725677251815796
}