{
    "dni": 1000.0,
    "generated_rays": 39817678,
    "power_per_ray": 0.027443446754812577,
    "num_rays": 622589.0,
    "avg_flux": 956.2290683697171,
    "peak_flux": 4099.754817703631,
    "min_flux": 0.0,
    "radius": 0.0,
    "bin_size_x": 0.11912060709304066,
    "bin_size_y": 6.0,
    "xvalues": [
        -0.23824121418608132,
        -0.11912060709304068,
        0.0,
        0.11912060709304068,
        0.23824121418608135
    ],
    "yvalues": [
        -12.0,
        -6.0,
        0.0,
        6.0,
        12.0
    ],
    "flux": [
        [
            0.0,
            0.0,
            0.0,
            0.0,
            0.0
        ],
        [
            0.0,
            36331.0,
            50556.0,
            50692.0,
            50425.0
        ],
        [
            0.0,
            75216.0,
            106772.0,
            106602.0,
            106054.0
        ],
        [
            0.0,
            9052.0,
            10138.0,
            10427.0,
            10324.0
        ],
        [
            0.0,
            0.0,
            0.0,
            0.0,
            0.0
        ]
    ],
    "sim_time": 34.508572816848755
}