{
    "dni": 1000.0,
    "generated_rays": 11134846,
    "power_per_ray": 0.0905270433721056,
    "num_rays": 812697.0,
    "avg_flux": 4117.45475798415,
    "peak_flux": 10389.809988922127,
    "min_flux": 0.0,
    "radius": 0.0,
    "bin_size_x": 0.11912060709304066,
    "bin_size_y": 6.0,
    "xvalues": [
        -0.23824121418608132,
        -0.11912060709304068,
        0.0,
        0.11912060709304068,
        0.23824121418608135
    ],
    "yvalues": [
        -12.0,
        -6.0,
        0.0,
        6.0,
        12.0
    ],
    "flux": [
        [
            0.0,
            0.0,
            0.0,
            0.0,
            0.0
        ],
        [
            38225.0,
            43729.0,
            43535.0,
            43566.0,
            43696.0
        ],
        [
            71347.0,
            82029.0,
            81742.0,
            81967.0,
            81514.0
        ],
        [
            35629.0,
            41505.0,
            41673.0,
            41311.0,
            41229.0
        ],
        [
            0.0,
            0.0,
            0.0,
            0.0,
            0.0
        ]
    ],
    "sim_time": 14.358211278915405
}