{
    "dni": 1000.0,
    "generated_rays": 14246223,
    "power_per_ray": 0.07265430626078978,
    "num_rays": 741699.0,
    "avg_flux": 3015.8580514526707,
    "peak_flux": 7171.36392107282,
    "min_flux": 0.0,
    "radius": 0.0,
    "bin_size_x": 0.11912060709304066,
    "bin_size_y": 6.0,
    "xvalues": [
        -0.23824121418608132,
        -0.11912060709304068,
        0.0,
        0.11912060709304068,
        0.23824121418608135
    ],
    "yvalues": [
        -12.0,
        -6.0,
        0.0,
        6.0,
        12.0
    ],
    "flux": [
        [
            0.0,
            0.0,
            0.0,
            0.0,
            0.0
        ],
        [
            32028.0,
            42308.0,
            42393.0,
            42586.0,
            42296.0
        ],
        [
            55058.0,
            70547.0,
            70455.0,
            70343.0,
            70538.0
        ],
        [
            32088.0,
            43136.0,
            42755.0,
            42565.0,
            42603.0
        ],
        [
            0.0,
            0.0,
            0.0,
            0.0,
            0.0
        ]
    ],
    "sim_time": 57.47595930099487
}