{
    "dni": 1000.0,
    "generated_rays": 24903277,
    "power_per_ray": 0.04025903261937022,
    "num_rays": 848282.0,
    "avg_flux": 1911.284903697115,
    "peak_flux": 5281.548992854271,
    "min_flux": 0.0,
    "radius": 0.0,
    "bin_size_x": 0.11912060709304066,
    "bin_size_y": 6.0,
    "xvalues": [
        -0.23824121418608132,
        -0.11912060709304068,
        0.0,
        0.11912060709304068,
        0.23824121418608135
    ],
    "yvalues": [
        -12.0,
        -6.0,
        0.0,
        6.0,
        12.0
    ],
    "flux": [
        [
            0.0,
            0.0,
            0.0,
            0.0,
            0.0
        ],
        [
            71949.0,
            71983.0,
            72270.0,
            71993.0,
            72127.0
        ],
        [
            93110.0,
            93764.0,
            93400.0,
            92592.0,
            92304.0
        ],
        [
            4617.0,
            4512.0,
            4486.0,
            4602.0,
            4573.0
        ],
        [
            0.0,
            0.0,
            0.0,
            0.0,
            0.0
        ]
    ],
    "sim_time": 24.41128706932068
}