{
    "dni": 1000.0,
    "generated_rays": 15639358,
    "power_per_ray": 0.06399385628630075,
    "num_rays": 840001.0,
    "avg_flux": 3008.4301161182507,
    "peak_flux": 9861.729624414027,
    "min_flux": 0.0,
    "radius": 0.0,
    "bin_size_x": 0.11912060709304066,
    "bin_size_y": 6.0,
    "xvalues": [
        -0.23824121418608132,
        -0.11912060709304068,
        0.0,
        0.11912060709304068,
        0.23824121418608135
    ],
    "yvalues": [
        -12.0,
        -6.0,
        0.0,
        6.0,
        12.0
    ],
    "flux": [
        [
            0.0,
            0.0,
            0.0,
            0.0,
            0.0
        ],
        [
            53790.0,
            54046.0,
            54209.0,
            54306.0,
            54154.0
        ],
        [
            108972.0,
            110142.0,
            109939.0,
            109135.0,
            109261.0
        ],
        [
            4402.0,
            4335.0,
            4397.0,
            4471.0,
            4442.0
        ],
        [
            0.0,
            0.0,
            0.0,
            0.0,
            0.0
        ]
    ],
    "sim_time": 17.522493600845337
}