{
    "dni": 1000.0,
    "generated_rays": 63835145,
    "power_per_ray": 0.016652723411310473,
    "num_rays": 776843.0,
    "avg_flux": 724.0030043896829,
    "peak_flux": 2425.341051503961,
    "min_flux": 0.0,
    "radius": 0.0,
    "bin_size_x": 0.11912060709304066,
    "bin_size_y": 6.0,
    "xvalues": [
        -0.23824121418608132,
        -0.11912060709304068,
        0.0,
        0.11912060709304068,
        0.23824121418608135
    ],
    "yvalues": [
        -12.0,
        -6.0,
        0.0,
        6.0,
        12.0
    ],
    "flux": [
        [
            0.0,
            0.0,
            0.0,
            0.0,
            0.0
        ],
        [
            6366.0,
            5823.0,
            5885.0,
            5828.0,
            5770.0
        ],
        [
            38171.0,
            61437.0,
            60562.0,
            60518.0,
            61273.0
        ],
        [
            50131.0,
            103553.0,
            103661.0,
            103771.0,
            104094.0
        ],
        [
            0.0,
            0.0,
            0.0,
            0.0,
            0.0
        ]
    ],
    "sim_time": 52.23837947845459
}