{
    "dni": 1000.0,
    "generated_rays": 19409195,
    "power_per_ray": 0.0547861331495625,
    "num_rays": 691768.0,
    "avg_flux": 2121.0600293535463,
    "peak_flux": 5654.811997137784,
    "min_flux": 0.0,
    "radius": 0.0,
    "bin_size_x": 0.11912060709304066,
    "bin_size_y": 6.0,
    "xvalues": [
        -0.23824121418608132,
        -0.11912060709304068,
        0.0,
        0.11912060709304068,
        0.23824121418608135
    ],
    "yvalues": [
        -12.0,
        -6.0,
        0.0,
        6.0,
        12.0
    ],
    "flux": [
        [
            0.0,
            0.0,
            0.0,
            0.0,
            0.0
        ],
        [
            18263.0,
            44536.0,
            42495.0,
            42084.0,
            42080.0
        ],
        [
            31855.0,
            73771.0,
            69228.0,
            68947.0,
            68942.0
        ],
        [
            18262.0,
            44836.0,
            42326.0,
            42250.0,
            41893.0
        ],
        [
            0.0,
            0.0,
            0.0,
            0.0,
            0.0
        ]
    ],
    "sim_time": 69.75749492645264
}