{
    "dni": 1000.0,
    "generated_rays": 12313335,
    "power_per_ray": 0.08107879169695247,
    "num_rays": 775731.0,
    "avg_flux": 3519.9805024915318,
    "peak_flux": 8215.0393644488,
    "min_flux": 0.0,
    "radius": 0.0,
    "bin_size_x": 0.11912060709304066,
    "bin_size_y": 6.0,
    "xvalues": [
        -0.23824121418608132,
        -0.11912060709304068,
        0.0,
        0.11912060709304068,
        0.23824121418608135
    ],
    "yvalues": [
        -12.0,
        -6.0,
        0.0,
        6.0,
        12.0
    ],
    "flux": [
        [
            0.0,
            0.0,
            0.0,
            0.0,
            0.0
        ],
        [
            39376.0,
            42505.0,
            42591.0,
            42533.0,
            42416.0
        ],
        [
            67307.0,
            72400.0,
            72035.0,
            72214.0,
            72417.0
        ],
        [
            39348.0,
            42943.0,
            42631.0,
            42533.0,
            42482.0
        ],
        [
            0.0,
            0.0,
            0.0,
            0.0,
            0.0
        ]
    ],
    "sim_time": 53.20214772224426
}