{
    "dni": 1000.0,
    "generated_rays": 15090353,
    "power_per_ray": 0.06911828699760543,
    "num_rays": 732348.0,
    "avg_flux": 2832.906943721109,
    "peak_flux": 6845.839769686589,
    "min_flux": 0.0,
    "radius": 0.0,
    "bin_size_x": 0.11912060709304066,
    "bin_size_y": 6.0,
    "xvalues": [
        -0.23824121418608132,
        -0.11912060709304068,
        0.0,
        0.11912060709304068,
        0.23824121418608135
    ],
    "yvalues": [
        -12.0,
        -6.0,
        0.0,
        6.0,
        12.0
    ],
    "flux": [
        [
            0.0,
            0.0,
            0.0,
            0.0,
            0.0
        ],
        [
            29994.0,
            42657.0,
            42579.0,
            42458.0,
            42716.0
        ],
        [
            51051.0,
            70790.0,
            70103.0,
            70008.0,
            70377.0
        ],
        [
            30179.0,
            42399.0,
            42418.0,
            42129.0,
            42490.0
        ],
        [
            0.0,
            0.0,
            0.0,
            0.0,
            0.0
        ]
    ],
    "sim_time": 16.855997323989868
}