{
    "dni": 1000.0,
    "generated_rays": 19310241,
    "power_per_ray": 0.05505315324343029,
    "num_rays": 699132.0,
    "avg_flux": 2154.086913684227,
    "peak_flux": 5807.233848417796,
    "min_flux": 0.0,
    "radius": 0.0,
    "bin_size_x": 0.11912060709304066,
    "bin_size_y": 6.0,
    "xvalues": [
        -0.23824121418608132,
        -0.11912060709304068,
        0.0,
        0.11912060709304068,
        0.23824121418608135
    ],
    "yvalues": [
        -12.0,
        -6.0,
        0.0,
        6.0,
        12.0
    ],
    "flux": [
        [
            0.0,
            0.0,
            0.0,
            0.0,
            0.0
        ],
        [
            19470.0,
            44543.0,
            41862.0,
            41616.0,
            41471.0
        ],
        [
            34154.0,
            75392.0,
            70484.0,
            70703.0,
            70896.0
        ],
        [
            19165.0,
            44469.0,
            41883.0,
            41252.0,
            41772.0
        ],
        [
            0.0,
            0.0,
            0.0,
            0.0,
            0.0
        ]
    ],
    "sim_time": 19.61232304573059
}