{
    "dni": 1000.0,
    "generated_rays": 32527140,
    "power_per_ray": 0.03321836670192514,
    "num_rays": 607921.0,
    "avg_flux": 1130.1790790923994,
    "peak_flux": 3895.2091817709415,
    "min_flux": 0.0,
    "radius": 0.0,
    "bin_size_x": 0.11912060709304066,
    "bin_size_y": 6.0,
    "xvalues": [
        -0.23824121418608132,
        -0.11912060709304068,
        0.0,
        0.11912060709304068,
        0.23824121418608135
    ],
    "yvalues": [
        -12.0,
        -6.0,
        0.0,
        6.0,
        12.0
    ],
    "flux": [
        [
            0.0,
            0.0,
            0.0,
            0.0,
            0.0
        ],
        [
            0.0,
            30254.0,
            46278.0,
            42348.0,
            42219.0
        ],
        [
            0.0,
            55789.0,
            83809.0,
            77693.0,
            77477.0
        ],
        [
            0.0,
            31151.0,
            45429.0,
            37795.0,
            37679.0
        ],
        [
            0.0,
            0.0,
            0.0,
            0.0,
            0.0
        ]
    ],
    "sim_time": 105.08000683784485
}