{
    "dni": 1000.0,
    "generated_rays": 47499672,
    "power_per_ray": 0.021709627090463174,
    "num_rays": 831649.0,
    "avg_flux": 1010.4487152842601,
    "peak_flux": 3184.499810328691,
    "min_flux": 0.0,
    "radius": 0.0,
    "bin_size_x": 0.11912060709304066,
    "bin_size_y": 6.0,
    "xvalues": [
        -0.23824121418608132,
        -0.11912060709304068,
        0.0,
        0.11912060709304068,
        0.23824121418608135
    ],
    "yvalues": [
        -12.0,
        -6.0,
        0.0,
        6.0,
        12.0
    ],
    "flux": [
        [
            0.0,
            0.0,
            0.0,
            0.0,
            0.0
        ],
        [
            6149.0,
            5934.0,
            5922.0,
            5937.0,
            5970.0
        ],
        [
            52653.0,
            61798.0,
            61516.0,
            61110.0,
            61593.0
        ],
        [
            84649.0,
            104553.0,
            104460.0,
            104840.0,
            104565.0
        ],
        [
            0.0,
            0.0,
            0.0,
            0.0,
            0.0
        ]
    ],
    "sim_time": 40.80480694770813
}