{
    "dni": 1000.0,
    "generated_rays": 15852567,
    "power_per_ray": 0.06374631753197178,
    "num_rays": 831579.0,
    "avg_flux": 2966.746632148786,
    "peak_flux": 9839.547872339434,
    "min_flux": 0.0,
    "radius": 0.0,
    "bin_size_x": 0.11912060709304066,
    "bin_size_y": 6.0,
    "xvalues": [
        -0.23824121418608132,
        -0.11912060709304068,
        0.0,
        0.11912060709304068,
        0.23824121418608135
    ],
    "yvalues": [
        -12.0,
        -6.0,
        0.0,
        6.0,
        12.0
    ],
    "flux": [
        [
            0.0,
            0.0,
            0.0,
            0.0,
            0.0
        ],
        [
            4291.0,
            4433.0,
            4481.0,
            4466.0,
            4469.0
        ],
        [
            103781.0,
            109512.0,
            110321.0,
            109543.0,
            110080.0
        ],
        [
            51022.0,
            54094.0,
            53669.0,
            53346.0,
            54071.0
        ],
        [
            0.0,
            0.0,
            0.0,
            0.0,
            0.0
        ]
    ],
    "sim_time": 17.633278608322144
}