{
    "dni": 1000.0,
    "generated_rays": 12439202,
    "power_per_ray": 0.08301256299624768,
    "num_rays": 788601.0,
    "avg_flux": 3663.726021827754,
    "peak_flux": 9511.459260751584,
    "min_flux": 0.0,
    "radius": 0.0,
    "bin_size_x": 0.11912060709304066,
    "bin_size_y": 6.0,
    "xvalues": [
        -0.23824121418608132,
        -0.11912060709304068,
        0.0,
        0.11912060709304068,
        0.23824121418608135
    ],
    "yvalues": [
        -12.0,
        -6.0,
        0.0,
        6.0,
        12.0
    ],
    "flux": [
        [
            0.0,
            0.0,
            0.0,
            0.0,
            0.0
        ],
        [
            30213.0,
            41599.0,
            41466.0,
            41505.0,
            41599.0
        ],
        [
            59400.0,
            81892.0,
            81560.0,
            81372.0,
            81488.0
        ],
        [
            32035.0,
            43612.0,
            43687.0,
            43451.0,
            43722.0
        ],
        [
            0.0,
            0.0,
            0.0,
            0.0,
            0.0
        ]
    ],
    "sim_time": 52.18100094795227
}