{
    "dni": 1000.0,
    "generated_rays": 12127141,
    "power_per_ray": 0.08300793699890814,
    "num_rays": 825106.0,
    "avg_flux": 3833.1093467271003,
    "peak_flux": 10546.548766671836,
    "min_flux": 0.0,
    "radius": 0.0,
    "bin_size_x": 0.11912060709304066,
    "bin_size_y": 6.0,
    "xvalues": [
        -0.23824121418608132,
        -0.11912060709304068,
        0.0,
        0.11912060709304068,
        0.23824121418608135
    ],
    "yvalues": [
        -12.0,
        -6.0,
        0.0,
        6.0,
        12.0
    ],
    "flux": [
        [
            0.0,
            0.0,
            0.0,
            0.0,
            0.0
        ],
        [
            28265.0,
            30301.0,
            30421.0,
            30198.0,
            30610.0
        ],
        [
            83849.0,
            90316.0,
            90809.0,
            90366.0,
            90782.0
        ],
        [
            42934.0,
            46673.0,
            46738.0,
            46268.0,
            46576.0
        ],
        [
            0.0,
            0.0,
            0.0,
            0.0,
            0.0
        ]
    ],
    "sim_time": 15.535679817199707
}