{
    "dni": 1000.0,
    "generated_rays": 14385077,
    "power_per_ray": 0.0719963667701856,
    "num_rays": 801182.0,
    "avg_flux": 3228.223592280018,
    "peak_flux": 9839.614485033118,
    "min_flux": 0.0,
    "radius": 0.0,
    "bin_size_x": 0.11912060709304066,
    "bin_size_y": 6.0,
    "xvalues": [
        -0.23824121418608132,
        -0.11912060709304068,
        0.0,
        0.11912060709304068,
        0.23824121418608135
    ],
    "yvalues": [
        -12.0,
        -6.0,
        0.0,
        6.0,
        12.0
    ],
    "flux": [
        [
            0.0,
            0.0,
            0.0,
            0.0,
            0.0
        ],
        [
            17057.0,
            21302.0,
            21484.0,
            21255.0,
            21787.0
        ],
        [
            75906.0,
            97376.0,
            97680.0,
            97389.0,
            97640.0
        ],
        [
            38153.0,
            48545.0,
            48864.0,
            48438.0,
            48306.0
        ],
        [
            0.0,
            0.0,
            0.0,
            0.0,
            0.0
        ]
    ],
    "sim_time": 16.60897421836853
}