{
    "dni": 1000.0,
    "generated_rays": 24597613,
    "power_per_ray": 0.04405712614413496,
    "num_rays": 677448.0,
    "avg_flux": 1670.374965364866,
    "peak_flux": 5259.002911297382,
    "min_flux": 0.0,
    "radius": 0.0,
    "bin_size_x": 0.11912060709304066,
    "bin_size_y": 6.0,
    "xvalues": [
        -0.23824121418608132,
        -0.11912060709304068,
        0.0,
        0.11912060709304068,
        0.23824121418608135
    ],
    "yvalues": [
        -12.0,
        -6.0,
        0.0,
        6.0,
        12.0
    ],
    "flux": [
        [
            0.0,
            0.0,
            0.0,
            0.0,
            0.0
        ],
        [
            1782.0,
            37060.0,
            36793.0,
            36954.0,
            36990.0
        ],
        [
            4356.0,
            85127.0,
            85199.0,
            85303.0,
            85315.0
        ],
        [
            2600.0,
            45145.0,
            44947.0,
            45064.0,
            44813.0
        ],
        [
            0.0,
            0.0,
            0.0,
            0.0,
            0.0
        ]
    ],
    "sim_time": 23.89269185066223
}