{
    "dni": 1000.0,
    "generated_rays": 21396021,
    "power_per_ray": 0.04985746550533763,
    "num_rays": 687978.0,
    "avg_flux": 1919.6700576830824,
    "peak_flux": 5693.412837980289,
    "min_flux": 0.0,
    "radius": 0.0,
    "bin_size_x": 0.11912060709304066,
    "bin_size_y": 6.0,
    "xvalues": [
        -0.23824121418608132,
        -0.11912060709304068,
        0.0,
        0.11912060709304068,
        0.23824121418608135
    ],
    "yvalues": [
        -12.0,
        -6.0,
        0.0,
        6.0,
        12.0
    ],
    "flux": [
        [
            0.0,
            0.0,
            0.0,
            0.0,
            0.0
        ],
        [
            14250.0,
            45695.0,
            40659.0,
            41204.0,
            40995.0
        ],
        [
            24798.0,
            81617.0,
            71953.0,
            71854.0,
            71803.0
        ],
        [
            13900.0,
            46249.0,
            41208.0,
            40630.0,
            41163.0
        ],
        [
            0.0,
            0.0,
            0.0,
            0.0,
            0.0
        ]
    ],
    "sim_time": 21.35308051109314
}