{
    "dni": 1000.0,
    "generated_rays": 18524864,
    "power_per_ray": 0.057851143429121274,
    "num_rays": 730366.0,
    "avg_flux": 2364.6906695582197,
    "peak_flux": 6914.30635687011,
    "min_flux": 0.0,
    "radius": 0.0,
    "bin_size_x": 0.11912060709304066,
    "bin_size_y": 6.0,
    "xvalues": [
        -0.23824121418608132,
        -0.11912060709304068,
        0.0,
        0.11912060709304068,
        0.23824121418608135
    ],
    "yvalues": [
        -12.0,
        -6.0,
        0.0,
        6.0,
        12.0
    ],
    "flux": [
        [
            0.0,
            0.0,
            0.0,
            0.0,
            0.0
        ],
        [
            13688.0,
            36955.0,
            36940.0,
            37017.0,
            36605.0
        ],
        [
            31535.0,
            85225.0,
            85040.0,
            85064.0,
            85423.0
        ],
        [
            16507.0,
            45125.0,
            45211.0,
            45002.0,
            45029.0
        ],
        [
            0.0,
            0.0,
            0.0,
            0.0,
            0.0
        ]
    ],
    "sim_time": 69.6248848438263
}