{
    "dni": 1000.0,
    "generated_rays": 14921050,
    "power_per_ray": 0.07042224700675792,
    "num_rays": 778814.0,
    "avg_flux": 3069.484685521744,
    "peak_flux": 8954.374816565012,
    "min_flux": 0.0,
    "radius": 0.0,
    "bin_size_x": 0.11912060709304066,
    "bin_size_y": 6.0,
    "xvalues": [
        -0.23824121418608132,
        -0.11912060709304068,
        0.0,
        0.11912060709304068,
        0.23824121418608135
    ],
    "yvalues": [
        -12.0,
        -6.0,
        0.0,
        6.0,
        12.0
    ],
    "flux": [
        [
            0.0,
            0.0,
            0.0,
            0.0,
            0.0
        ],
        [
            30258.0,
            46607.0,
            46519.0,
            46971.0,
            46260.0
        ],
        [
            58830.0,
            90879.0,
            90611.0,
            90242.0,
            90488.0
        ],
        [
            20121.0,
            30402.0,
            30418.0,
            30108.0,
            30100.0
        ],
        [
            0.0,
            0.0,
            0.0,
            0.0,
            0.0
        ]
    ],
    "sim_time": 16.757068157196045
}