{
    "dni": 1000.0,
    "generated_rays": 24808963,
    "power_per_ray": 0.04282062293247859,
    "num_rays": 763947.0,
    "avg_flux": 1830.7879845870589,
    "peak_flux": 6392.325777034148,
    "min_flux": 0.0,
    "radius": 0.0,
    "bin_size_x": 0.11912060709304066,
    "bin_size_y": 6.0,
    "xvalues": [
        -0.23824121418608132,
        -0.11912060709304068,
        0.0,
        0.11912060709304068,
        0.23824121418608135
    ],
    "yvalues": [
        -12.0,
        -6.0,
        0.0,
        6.0,
        12.0
    ],
    "flux": [
        [
            0.0,
            0.0,
            0.0,
            0.0,
            0.0
        ],
        [
            31387.0,
            58372.0,
            57853.0,
            57883.0,
            58044.0
        ],
        [
            56731.0,
            106163.0,
            106695.0,
            105959.0,
            105476.0
        ],
        [
            3262.0,
            4019.0,
            4028.0,
            4015.0,
            4060.0
        ],
        [
            0.0,
            0.0,
            0.0,
            0.0,
            0.0
        ]
    ],
    "sim_time": 24.14024829864502
}