{
    "dni": 1000.0,
    "generated_rays": 11442280,
    "power_per_ray": 0.08617611143849238,
    "num_rays": 805986.0,
    "avg_flux": 3887.19416669945,
    "peak_flux": 9705.614664604564,
    "min_flux": 0.0,
    "radius": 0.0,
    "bin_size_x": 0.11912060709304066,
    "bin_size_y": 6.0,
    "xvalues": [
        -0.23824121418608132,
        -0.11912060709304068,
        0.0,
        0.11912060709304068,
        0.23824121418608135
    ],
    "yvalues": [
        -12.0,
        -6.0,
        0.0,
        6.0,
        12.0
    ],
    "flux": [
        [
            0.0,
            0.0,
            0.0,
            0.0,
            0.0
        ],
        [
            37099.0,
            38839.0,
            38862.0,
            38675.0,
            39066.0
        ],
        [
            76853.0,
            80233.0,
            80496.0,
            79881.0,
            79638.0
        ],
        [
            41951.0,
            43472.0,
            43694.0,
            43639.0,
            43588.0
        ],
        [
            0.0,
            0.0,
            0.0,
            0.0,
            0.0
        ]
    ],
    "sim_time": 14.496259927749634
}