{
    "dni": 1000.0,
    "generated_rays": 33522899,
    "power_per_ray": 0.03185048950060181,
    "num_rays": 740743.0,
    "avg_flux": 1320.3999833947935,
    "peak_flux": 4487.753523414081,
    "min_flux": 0.0,
    "radius": 0.0,
    "bin_size_x": 0.11912060709304066,
    "bin_size_y": 6.0,
    "xvalues": [
        -0.23824121418608132,
        -0.11912060709304068,
        0.0,
        0.11912060709304068,
        0.23824121418608135
    ],
    "yvalues": [
        -12.0,
        -6.0,
        0.0,
        6.0,
        12.0
    ],
    "flux": [
        [
            0.0,
            0.0,
            0.0,
            0.0,
            0.0
        ],
        [
            3481.0,
            4230.0,
            4287.0,
            4375.0,
            4402.0
        ],
        [
            39770.0,
            100123.0,
            100273.0,
            100705.0,
            100193.0
        ],
        [
            24418.0,
            63613.0,
            63614.0,
            63433.0,
            63826.0
        ],
        [
            0.0,
            0.0,
            0.0,
            0.0,
            0.0
        ]
    ],
    "sim_time": 30.6941020488739
}