{
    "dni": 1000.0,
    "generated_rays": 21162552,
    "power_per_ray": 0.04799705154153073,
    "num_rays": 830883.0,
    "avg_flux": 2231.9079320358032,
    "peak_flux": 6802.972537620309,
    "min_flux": 0.0,
    "radius": 0.0,
    "bin_size_x": 0.11912060709304066,
    "bin_size_y": 6.0,
    "xvalues": [
        -0.23824121418608132,
        -0.11912060709304068,
        0.0,
        0.11912060709304068,
        0.23824121418608135
    ],
    "yvalues": [
        -12.0,
        -6.0,
        0.0,
        6.0,
        12.0
    ],
    "flux": [
        [
            0.0,
            0.0,
            0.0,
            0.0,
            0.0
        ],
        [
            58638.0,
            63976.0,
            63943.0,
            63443.0,
            63826.0
        ],
        [
            92592.0,
            101034.0,
            101303.0,
            100683.0,
            100212.0
        ],
        [
            4180.0,
            4280.0,
            4213.0,
            4287.0,
            4273.0
        ],
        [
            0.0,
            0.0,
            0.0,
            0.0,
            0.0
        ]
    ],
    "sim_time": 22.515029907226562
}