{
    "dni": 1000.0,
    "generated_rays": 12175358,
    "power_per_ray": 0.08218721938736336,
    "num_rays": 771542.0,
    "avg_flux": 3548.83414202421,
    "peak_flux": 8114.497657485931,
    "min_flux": 0.0,
    "radius": 0.0,
    "bin_size_x": 0.11912060709304066,
    "bin_size_y": 6.0,
    "xvalues": [
        -0.23824121418608132,
        -0.11912060709304068,
        0.0,
        0.11912060709304068,
        0.23824121418608135
    ],
    "yvalues": [
        -12.0,
        -6.0,
        0.0,
        6.0,
        12.0
    ],
    "flux": [
        [
            0.0,
            0.0,
            0.0,
            0.0,
            0.0
        ],
        [
            39652.0,
            43243.0,
            43535.0,
            42873.0,
            43319.0
        ],
        [
            65594.0,
            70226.0,
            70541.0,
            70223.0,
            70566.0
        ],
        [
            39656.0,
            43419.0,
            43228.0,
            42770.0,
            42697.0
        ],
        [
            0.0,
            0.0,
            0.0,
            0.0,
            0.0
        ]
    ],
    "sim_time": 14.910508394241333
}