{
    "dni": 1000.0,
    "generated_rays": 17896901,
    "power_per_ray": 0.059441914924127565,
    "num_rays": 761824.0,
    "avg_flux": 2534.3657155691903,
    "peak_flux": 8129.392274322602,
    "min_flux": 0.0,
    "radius": 0.0,
    "bin_size_x": 0.11912060709304066,
    "bin_size_y": 6.0,
    "xvalues": [
        -0.23824121418608132,
        -0.11912060709304068,
        0.0,
        0.11912060709304068,
        0.23824121418608135
    ],
    "yvalues": [
        -12.0,
        -6.0,
        0.0,
        6.0,
        12.0
    ],
    "flux": [
        [
            0.0,
            0.0,
            0.0,
            0.0,
            0.0
        ],
        [
            26781.0,
            48292.0,
            48792.0,
            48423.0,
            48202.0
        ],
        [
            52909.0,
            97747.0,
            97368.0,
            97362.0,
            97563.0
        ],
        [
            12039.0,
            21786.0,
            21430.0,
            21657.0,
            21473.0
        ],
        [
            0.0,
            0.0,
            0.0,
            0.0,
            0.0
        ]
    ],
    "sim_time": 19.002424955368042
}