{
    "dni": 1000.0,
    "generated_rays": 71382933,
    "power_per_ray": 0.014101619743491976,
    "num_rays": 880258.0,
    "avg_flux": 694.7056374257382,
    "peak_flux": 2336.92038354818,
    "min_flux": 0.0,
    "radius": 0.0,
    "bin_size_x": 0.11912060709304066,
    "bin_size_y": 6.0,
    "xvalues": [
        -0.23824121418608132,
        -0.11912060709304068,
        0.0,
        0.11912060709304068,
        0.23824121418608135
    ],
    "yvalues": [
        -12.0,
        -6.0,
        0.0,
        6.0,
        12.0
    ],
    "flux": [
        [
            0.0,
            0.0,
            0.0,
            0.0,
            0.0
        ],
        [
            111737.0,
            118444.0,
            117512.0,
            117032.0,
            117278.0
        ],
        [
            51216.0,
            51836.0,
            52263.0,
            51977.0,
            52188.0
        ],
        [
            7824.0,
            7791.0,
            7710.0,
            7703.0,
            7747.0
        ],
        [
            0.0,
            0.0,
            0.0,
            0.0,
            0.0
        ]
    ],
    "sim_time": 59.20460081100464
}