{
    "dni": 1000.0,
    "generated_rays": 15357898,
    "power_per_ray": 0.06887236884482023,
    "num_rays": 762488.0,
    "avg_flux": 2939.001966566109,
    "peak_flux": 8238.874878668115,
    "min_flux": 0.0,
    "radius": 0.0,
    "bin_size_x": 0.11912060709304066,
    "bin_size_y": 6.0,
    "xvalues": [
        -0.23824121418608132,
        -0.11912060709304068,
        0.0,
        0.11912060709304068,
        0.23824121418608135
    ],
    "yvalues": [
        -12.0,
        -6.0,
        0.0,
        6.0,
        12.0
    ],
    "flux": [
        [
            0.0,
            0.0,
            0.0,
            0.0,
            0.0
        ],
        [
            25315.0,
            44905.0,
            44738.0,
            45008.0,
            45281.0
        ],
        [
            47524.0,
            85499.0,
            85474.0,
            85076.0,
            84941.0
        ],
        [
            20407.0,
            37049.0,
            37078.0,
            37176.0,
            37017.0
        ],
        [
            0.0,
            0.0,
            0.0,
            0.0,
            0.0
        ]
    ],
    "sim_time": 16.972752571105957
}