{
    "dni": 1000.0,
    "generated_rays": 18599583,
    "power_per_ray": 0.05500099260145814,
    "num_rays": 820901.0,
    "avg_flux": 2526.8714864906806,
    "peak_flux": 8200.933104108331,
    "min_flux": 0.0,
    "radius": 0.0,
    "bin_size_x": 0.11912060709304066,
    "bin_size_y": 6.0,
    "xvalues": [
        -0.23824121418608132,
        -0.11912060709304068,
        0.0,
        0.11912060709304068,
        0.23824121418608135
    ],
    "yvalues": [
        -12.0,
        -6.0,
        0.0,
        6.0,
        12.0
    ],
    "flux": [
        [
            0.0,
            0.0,
            0.0,
            0.0,
            0.0
        ],
        [
            50901.0,
            58177.0,
            58450.0,
            58168.0,
            57741.0
        ],
        [
            92593.0,
            106357.0,
            106569.0,
            105829.0,
            105835.0
        ],
        [
            3866.0,
            4088.0,
            4104.0,
            4117.0,
            4106.0
        ],
        [
            0.0,
            0.0,
            0.0,
            0.0,
            0.0
        ]
    ],
    "sim_time": 19.708816289901733
}