{
    "dni": 1000.0,
    "generated_rays": 31919816,
    "power_per_ray": 0.03163440750673498,
    "num_rays": 846078.0,
    "avg_flux": 1497.9314879626181,
    "peak_flux": 3774.005593577322,
    "min_flux": 0.0,
    "radius": 0.0,
    "bin_size_x": 0.11912060709304066,
    "bin_size_y": 6.0,
    "xvalues": [
        -0.23824121418608132,
        -0.11912060709304068,
        0.0,
        0.11912060709304068,
        0.23824121418608135
    ],
    "yvalues": [
        -12.0,
        -6.0,
        0.0,
        6.0,
        12.0
    ],
    "flux": [
        [
            0.0,
            0.0,
            0.0,
            0.0,
            0.0
        ],
        [
            80291.0,
            85267.0,
            84972.0,
            85005.0,
            84906.0
        ],
        [
            77619.0,
            80856.0,
            81048.0,
            80295.0,
            80532.0
        ],
        [
            5015.0,
            5058.0,
            5021.0,
            5061.0,
            5132.0
        ],
        [
            0.0,
            0.0,
            0.0,
            0.0,
            0.0
        ]
    ],
    "sim_time": 29.44389319419861
}