{
    "dni": 1000.0,
    "generated_rays": 70664394,
    "power_per_ray": 0.014152736363990438,
    "num_rays": 886937.0,
    "avg_flux": 702.5140787305442,
    "peak_flux": 2340.3221969825804,
    "min_flux": 0.0,
    "radius": 0.0,
    "bin_size_x": 0.11912060709304066,
    "bin_size_y": 6.0,
    "xvalues": [
        -0.23824121418608132,
        -0.11912060709304068,
        0.0,
        0.11912060709304068,
        0.23824121418608135
    ],
    "yvalues": [
        -12.0,
        -6.0,
        0.0,
        6.0,
        12.0
    ],
    "flux": [
        [
            0.0,
            0.0,
            0.0,
            0.0,
            0.0
        ],
        [
            7790.0,
            7732.0,
            7559.0,
            7666.0,
            7775.0
        ],
        [
            51812.0,
            52235.0,
            52173.0,
            52158.0,
            52139.0
        ],
        [
            116051.0,
            118188.0,
            117912.0,
            117773.0,
            117974.0
        ],
        [
            0.0,
            0.0,
            0.0,
            0.0,
            0.0
        ]
    ],
    "sim_time": 57.70274066925049
}