{
    "dni": 1000.0,
    "generated_rays": 11942663,
    "power_per_ray": 0.08535345530947512,
    "num_rays": 809153.0,
    "avg_flux": 3865.214486361396,
    "peak_flux": 10196.695609590568,
    "min_flux": 0.0,
    "radius": 0.0,
    "bin_size_x": 0.11912060709304066,
    "bin_size_y": 6.0,
    "xvalues": [
        -0.23824121418608132,
        -0.11912060709304068,
        0.0,
        0.11912060709304068,
        0.23824121418608135
    ],
    "yvalues": [
        -12.0,
        -6.0,
        0.0,
        6.0,
        12.0
    ],
    "flux": [
        [
            0.0,
            0.0,
            0.0,
            0.0,
            0.0
        ],
        [
            30835.0,
            36872.0,
            37070.0,
            36382.0,
            37045.0
        ],
        [
            71555.0,
            85282.0,
            85384.0,
            84867.0,
            85195.0
        ],
        [
            37981.0,
            45259.0,
            45246.0,
            44876.0,
            45304.0
        ],
        [
            0.0,
            0.0,
            0.0,
            0.0,
            0.0
        ]
    ],
    "sim_time": 52.07425355911255
}