{
    "dni": 1000.0,
    "generated_rays": 14415490,
    "power_per_ray": 0.07184447283507957,
    "num_rays": 801647.0,
    "avg_flux": 3223.2825492479556,
    "peak_flux": 9856.651170934885,
    "min_flux": 0.0,
    "radius": 0.0,
    "bin_size_x": 0.11912060709304066,
    "bin_size_y": 6.0,
    "xvalues": [
        -0.23824121418608132,
        -0.11912060709304068,
        0.0,
        0.11912060709304068,
        0.23824121418608135
    ],
    "yvalues": [
        -12.0,
        -6.0,
        0.0,
        6.0,
        12.0
    ],
    "flux": [
        [
            0.0,
            0.0,
            0.0,
            0.0,
            0.0
        ],
        [
            38003.0,
            48614.0,
            48664.0,
            48173.0,
            48424.0
        ],
        [
            75911.0,
            97554.0,
            97330.0,
            98056.0,
            97506.0
        ],
        [
            16831.0,
            21834.0,
            21525.0,
            21690.0,
            21532.0
        ],
        [
            0.0,
            0.0,
            0.0,
            0.0,
            0.0
        ]
    ],
    "sim_time": 16.507431030273438
}