{
    "dni": 1000.0,
    "generated_rays": 18543276,
    "power_per_ray": 0.05779370183936028,
    "num_rays": 731170.0,
    "avg_flux": 2364.9432288335956,
    "peak_flux": 6889.813169740502,
    "min_flux": 0.0,
    "radius": 0.0,
    "bin_size_x": 0.11912060709304066,
    "bin_size_y": 6.0,
    "xvalues": [
        -0.23824121418608132,
        -0.11912060709304068,
        0.0,
        0.11912060709304068,
        0.23824121418608135
    ],
    "yvalues": [
        -12.0,
        -6.0,
        0.0,
        6.0,
        12.0
    ],
    "flux": [
        [
            0.0,
            0.0,
            0.0,
            0.0,
            0.0
        ],
        [
            16813.0,
            45069.0,
            44989.0,
            44711.0,
            45376.0
        ],
        [
            31596.0,
            85127.0,
            85006.0,
            85205.0,
            84974.0
        ],
        [
            13527.0,
            37325.0,
            37191.0,
            37077.0,
            37184.0
        ],
        [
            0.0,
            0.0,
            0.0,
            0.0,
            0.0
        ]
    ],
    "sim_time": 19.15707015991211
}