{
    "dni": 1000.0,
    "generated_rays": 80651794,
    "power_per_ray": 0.012864646832920094,
    "num_rays": 844347.0,
    "avg_flux": 607.9119431704207,
    "peak_flux": 2102.320108035025,
    "min_flux": 0.0,
    "radius": 0.0,
    "bin_size_x": 0.11912060709304066,
    "bin_size_y": 6.0,
    "xvalues": [
        -0.23824121418608132,
        -0.11912060709304068,
        0.0,
        0.11912060709304068,
        0.23824121418608135
    ],
    "yvalues": [
        -12.0,
        -6.0,
        0.0,
        6.0,
        12.0
    ],
    "flux": [
        [
            0.0,
            0.0,
            0.0,
            0.0,
            0.0
        ],
        [
            8567.0,
            7629.0,
            7544.0,
            7560.0,
            7653.0
        ],
        [
            46843.0,
            51637.0,
            51581.0,
            51582.0,
            51571.0
        ],
        [
            86609.0,
            116120.0,
            116799.0,
            116279.0,
            116373.0
        ],
        [
            0.0,
            0.0,
            0.0,
            0.0,
            0.0
        ]
    ],
    "sim_time": 64.82195401191711
}