{
    "dni": 1000.0,
    "generated_rays": 17603036,
    "power_per_ray": 0.05986187721878677,
    "num_rays": 781029.0,
    "avg_flux": 2616.612033986368,
    "peak_flux": 8964.411136129225,
    "min_flux": 0.0,
    "radius": 0.0,
    "bin_size_x": 0.11912060709304066,
    "bin_size_y": 6.0,
    "xvalues": [
        -0.23824121418608132,
        -0.11912060709304068,
        0.0,
        0.11912060709304068,
        0.23824121418608135
    ],
    "yvalues": [
        -12.0,
        -6.0,
        0.0,
        6.0,
        12.0
    ],
    "flux": [
        [
            0.0,
            0.0,
            0.0,
            0.0,
            0.0
        ],
        [
            7400.0,
            10162.0,
            10244.0,
            10320.0,
            10231.0
        ],
        [
            69648.0,
            107031.0,
            106695.0,
            106734.0,
            106379.0
        ],
        [
            33430.0,
            50587.0,
            50608.0,
            50606.0,
            50954.0
        ],
        [
            0.0,
            0.0,
            0.0,
            0.0,
            0.0
        ]
    ],
    "sim_time": 18.89366579055786
}