{
    "dni": 1000.0,
    "generated_rays": 35931462,
    "power_per_ray": 0.02954365253271026,
    "num_rays": 764631.0,
    "avg_flux": 1264.2644644512588,
    "peak_flux": 3841.29182628585,
    "min_flux": 0.0,
    "radius": 0.0,
    "bin_size_x": 0.11912060709304066,
    "bin_size_y": 6.0,
    "xvalues": [
        -0.23824121418608132,
        -0.11912060709304068,
        0.0,
        0.11912060709304068,
        0.23824121418608135
    ],
    "yvalues": [
        -12.0,
        -6.0,
        0.0,
        6.0,
        12.0
    ],
    "flux": [
        [
            0.0,
            0.0,
            0.0,
            0.0,
            0.0
        ],
        [
            4125.0,
            4512.0,
            4613.0,
            4638.0,
            4654.0
        ],
        [
            48225.0,
            92837.0,
            92523.0,
            92082.0,
            92929.0
        ],
        [
            36264.0,
            71830.0,
            71897.0,
            72131.0,
            71371.0
        ],
        [
            0.0,
            0.0,
            0.0,
            0.0,
            0.0
        ]
    ],
    "sim_time": 32.17105054855347
}