{
    "dni": 1000.0,
    "generated_rays": 15076068,
    "power_per_ray": 0.06818030284294095,
    "num_rays": 812136.0,
    "avg_flux": 3098.914049153893,
    "peak_flux": 10205.815850509596,
    "min_flux": 0.0,
    "radius": 0.0,
    "bin_size_x": 0.11912060709304066,
    "bin_size_y": 6.0,
    "xvalues": [
        -0.23824121418608132,
        -0.11912060709304068,
        0.0,
        0.11912060709304068,
        0.23824121418608135
    ],
    "yvalues": [
        -12.0,
        -6.0,
        0.0,
        6.0,
        12.0
    ],
    "flux": [
        [
            0.0,
            0.0,
            0.0,
            0.0,
            0.0
        ],
        [
            8782.0,
            10062.0,
            10202.0,
            10306.0,
            10431.0
        ],
        [
            89600.0,
            106970.0,
            106986.0,
            106420.0,
            106471.0
        ],
        [
            42508.0,
            50797.0,
            50830.0,
            50543.0,
            51228.0
        ],
        [
            0.0,
            0.0,
            0.0,
            0.0,
            0.0
        ]
    ],
    "sim_time": 17.88627862930298
}