{
    "dni": 1000.0,
    "generated_rays": 23502176,
    "power_per_ray": 0.04550176602572179,
    "num_rays": 751118.0,
    "avg_flux": 1912.7502412751346,
    "peak_flux": 7016.538757613864,
    "min_flux": 0.0,
    "radius": 0.0,
    "bin_size_x": 0.11912060709304066,
    "bin_size_y": 6.0,
    "xvalues": [
        -0.23824121418608132,
        -0.11912060709304068,
        0.0,
        0.11912060709304068,
        0.23824121418608135
    ],
    "yvalues": [
        -12.0,
        -6.0,
        0.0,
        6.0,
        12.0
    ],
    "flux": [
        [
            0.0,
            0.0,
            0.0,
            0.0,
            0.0
        ],
        [
            25618.0,
            53536.0,
            54064.0,
            53946.0,
            54023.0
        ],
        [
            50759.0,
            110213.0,
            110097.0,
            109402.0,
            108659.0
        ],
        [
            3059.0,
            4353.0,
            4501.0,
            4376.0,
            4512.0
        ],
        [
            0.0,
            0.0,
            0.0,
            0.0,
            0.0
        ]
    ],
    "sim_time": 23.08674168586731
}