{
    "dni": 1000.0,
    "generated_rays": 73553185,
    "power_per_ray": 0.01384593884926139,
    "num_rays": 867412.0,
    "avg_flux": 672.1553783292846,
    "peak_flux": 2274.692198403016,
    "min_flux": 0.0,
    "radius": 0.0,
    "bin_size_x": 0.11912060709304066,
    "bin_size_y": 6.0,
    "xvalues": [
        -0.23824121418608132,
        -0.11912060709304068,
        0.0,
        0.11912060709304068,
        0.23824121418608135
    ],
    "yvalues": [
        -12.0,
        -6.0,
        0.0,
        6.0,
        12.0
    ],
    "flux": [
        [
            0.0,
            0.0,
            0.0,
            0.0,
            0.0
        ],
        [
            8191.0,
            7682.0,
            7599.0,
            7626.0,
            7705.0
        ],
        [
            49589.0,
            51764.0,
            51830.0,
            51777.0,
            51897.0
        ],
        [
            102795.0,
            117419.0,
            117340.0,
            117260.0,
            116938.0
        ],
        [
            0.0,
            0.0,
            0.0,
            0.0,
            0.0
        ]
    ],
    "sim_time": 60.24499225616455
}