{
    "dni": 1000.0,
    "generated_rays": 12191565,
    "power_per_ray": 0.08093889215444432,
    "num_rays": 785932.0,
    "avg_flux": 3560.1153565333666,
    "peak_flux": 8397.797595055563,
    "min_flux": 0.0,
    "radius": 0.0,
    "bin_size_x": 0.11912060709304066,
    "bin_size_y": 6.0,
    "xvalues": [
        -0.23824121418608132,
        -0.11912060709304068,
        0.0,
        0.11912060709304068,
        0.23824121418608135
    ],
    "yvalues": [
        -12.0,
        -6.0,
        0.0,
        6.0,
        12.0
    ],
    "flux": [
        [
            0.0,
            0.0,
            0.0,
            0.0,
            0.0
        ],
        [
            40666.0,
            42150.0,
            42138.0,
            41999.0,
            42328.0
        ],
        [
            71543.0,
            74099.0,
            74156.0,
            73523.0,
            73797.0
        ],
        [
            40698.0,
            42326.0,
            42309.0,
            42195.0,
            42005.0
        ],
        [
            0.0,
            0.0,
            0.0,
            0.0,
            0.0
        ]
    ],
    "sim_time": 14.815048933029175
}