{
    "dni": 1000.0,
    "generated_rays": 33167044,
    "power_per_ray": 0.030863935440859417,
    "num_rays": 830981.0,
    "avg_flux": 1435.3712349450232,
    "peak_flux": 3665.7645831627938,
    "min_flux": 0.0,
    "radius": 0.0,
    "bin_size_x": 0.11912060709304066,
    "bin_size_y": 6.0,
    "xvalues": [
        -0.23824121418608132,
        -0.11912060709304068,
        0.0,
        0.11912060709304068,
        0.23824121418608135
    ],
    "yvalues": [
        -12.0,
        -6.0,
        0.0,
        6.0,
        12.0
    ],
    "flux": [
        [
            0.0,
            0.0,
            0.0,
            0.0,
            0.0
        ],
        [
            5076.0,
            5045.0,
            5024.0,
            5092.0,
            4963.0
        ],
        [
            71073.0,
            80961.0,
            80735.0,
            80641.0,
            80800.0
        ],
        [
            73036.0,
            84439.0,
            84889.0,
            84707.0,
            84500.0
        ],
        [
            0.0,
            0.0,
            0.0,
            0.0,
            0.0
        ]
    ],
    "sim_time": 30.664153814315796
}