{
    "dni": 1000.0,
    "generated_rays": 21415700,
    "power_per_ray": 0.04981165121658314,
    "num_rays": 688278.0,
    "avg_flux": 1918.7423857048932,
    "peak_flux": 5656.679631476585,
    "min_flux": 0.0,
    "radius": 0.0,
    "bin_size_x": 0.11912060709304066,
    "bin_size_y": 6.0,
    "xvalues": [
        -0.23824121418608132,
        -0.11912060709304068,
        0.0,
        0.11912060709304068,
        0.23824121418608135
    ],
    "yvalues": [
        -12.0,
        -6.0,
        0.0,
        6.0,
        12.0
    ],
    "flux": [
        [
            0.0,
            0.0,
            0.0,
            0.0,
            0.0
        ],
        [
            13995.0,
            45812.0,
            41000.0,
            41227.0,
            41256.0
        ],
        [
            24982.0,
            81165.0,
            72182.0,
            71800.0,
            71590.0
        ],
        [
            14162.0,
            45613.0,
            41415.0,
            40807.0,
            41272.0
        ],
        [
            0.0,
            0.0,
            0.0,
            0.0,
            0.0
        ]
    ],
    "sim_time": 76.17265677452087
}