{
    "dni": 1000.0,
    "generated_rays": 21029442,
    "power_per_ray": 0.051261432243147415,
    "num_rays": 708965.0,
    "avg_flux": 2033.936427801961,
    "peak_flux": 6129.006278089066,
    "min_flux": 0.0,
    "radius": 0.0,
    "bin_size_x": 0.11912060709304066,
    "bin_size_y": 6.0,
    "xvalues": [
        -0.23824121418608132,
        -0.11912060709304068,
        0.0,
        0.11912060709304068,
        0.23824121418608135
    ],
    "yvalues": [
        -12.0,
        -6.0,
        0.0,
        6.0,
        12.0
    ],
    "flux": [
        [
            0.0,
            0.0,
            0.0,
            0.0,
            0.0
        ],
        [
            10761.0,
            45191.0,
            44901.0,
            44840.0,
            45162.0
        ],
        [
            20046.0,
            85455.0,
            85181.0,
            85260.0,
            85055.0
        ],
        [
            8461.0,
            37149.0,
            37183.0,
            36949.0,
            37371.0
        ],
        [
            0.0,
            0.0,
            0.0,
            0.0,
            0.0
        ]
    ],
    "sim_time": 21.012298107147217
}