{
    "dni": 1000.0,
    "generated_rays": 14982788,
    "power_per_ray": 0.06958788400402742,
    "num_rays": 793380.0,
    "avg_flux": 3089.8452002231707,
    "peak_flux": 9511.814546327183,
    "min_flux": 0.0,
    "radius": 0.0,
    "bin_size_x": 0.11912060709304066,
    "bin_size_y": 6.0,
    "xvalues": [
        -0.23824121418608132,
        -0.11912060709304068,
        0.0,
        0.11912060709304068,
        0.23824121418608135
    ],
    "yvalues": [
        -12.0,
        -6.0,
        0.0,
        6.0,
        12.0
    ],
    "flux": [
        [
            0.0,
            0.0,
            0.0,
            0.0,
            0.0
        ],
        [
            35681.0,
            48655.0,
            48682.0,
            48244.0,
            48395.0
        ],
        [
            71289.0,
            97694.0,
            97425.0,
            97578.0,
            97563.0
        ],
        [
            15836.0,
            21833.0,
            21454.0,
            21560.0,
            21491.0
        ],
        [
            0.0,
            0.0,
            0.0,
            0.0,
            0.0
        ]
    ],
    "sim_time": 16.9436993598938
}