{
    "dni": 1000.0,
    "generated_rays": 35415400,
    "power_per_ray": 0.030580863993696784,
    "num_rays": 586315.0,
    "avg_flux": 1003.4658547623565,
    "peak_flux": 3628.121707383148,
    "min_flux": 0.0,
    "radius": 0.0,
    "bin_size_x": 0.11912060709304066,
    "bin_size_y": 6.0,
    "xvalues": [
        -0.23824121418608132,
        -0.11912060709304068,
        0.0,
        0.11912060709304068,
        0.23824121418608135
    ],
    "yvalues": [
        -12.0,
        -6.0,
        0.0,
        6.0,
        12.0
    ],
    "flux": [
        [
            0.0,
            0.0,
            0.0,
            0.0,
            0.0
        ],
        [
            0.0,
            27811.0,
            48595.0,
            40243.0,
            40226.0
        ],
        [
            0.0,
            49507.0,
            84795.0,
            68899.0,
            68148.0
        ],
        [
            0.0,
            28392.0,
            48432.0,
            40709.0,
            40558.0
        ],
        [
            0.0,
            0.0,
            0.0,
            0.0,
            0.0
        ]
    ],
    "sim_time": 111.24690842628479
}