{
    "dni": 1000.0,
    "generated_rays": 18329259,
    "power_per_ray": 0.05557112691187748,
    "num_rays": 825307.0,
    "avg_flux": 2566.7677579043234,
    "peak_flux": 8289.90843249115,
    "min_flux": 0.0,
    "radius": 0.0,
    "bin_size_x": 0.11912060709304066,
    "bin_size_y": 6.0,
    "xvalues": [
        -0.23824121418608132,
        -0.11912060709304068,
        0.0,
        0.11912060709304068,
        0.23824121418608135
    ],
    "yvalues": [
        -12.0,
        -6.0,
        0.0,
        6.0,
        12.0
    ],
    "flux": [
        [
            0.0,
            0.0,
            0.0,
            0.0,
            0.0
        ],
        [
            52451.0,
            58163.0,
            58381.0,
            58126.0,
            57795.0
        ],
        [
            95506.0,
            106335.0,
            106620.0,
            105821.0,
            105850.0
        ],
        [
            3930.0,
            4093.0,
            4069.0,
            4100.0,
            4067.0
        ],
        [
            0.0,
            0.0,
            0.0,
            0.0,
            0.0
        ]
    ],
    "sim_time": 19.485695600509644
}