{
    "dni": 1000.0,
    "generated_rays": 22491251,
    "power_per_ray": 0.04585676255892572,
    "num_rays": 812913.0,
    "avg_flux": 2086.264183937426,
    "peak_flux": 6474.013861754642,
    "min_flux": 0.0,
    "radius": 0.0,
    "bin_size_x": 0.11912060709304066,
    "bin_size_y": 6.0,
    "xvalues": [
        -0.23824121418608132,
        -0.11912060709304068,
        0.0,
        0.11912060709304068,
        0.23824121418608135
    ],
    "yvalues": [
        -12.0,
        -6.0,
        0.0,
        6.0,
        12.0
    ],
    "flux": [
        [
            0.0,
            0.0,
            0.0,
            0.0,
            0.0
        ],
        [
            4036.0,
            4227.0,
            4353.0,
            4224.0,
            4390.0
        ],
        [
            82281.0,
            100787.0,
            100606.0,
            100574.0,
            100904.0
        ],
        [
            51694.0,
            63768.0,
            64093.0,
            63520.0,
            63456.0
        ],
        [
            0.0,
            0.0,
            0.0,
            0.0,
            0.0
        ]
    ],
    "sim_time": 22.488280296325684
}