{
    "dni": 1000.0,
    "generated_rays": 12502609,
    "power_per_ray": 0.08075530409342924,
    "num_rays": 764070.0,
    "avg_flux": 3453.2343146120693,
    "peak_flux": 7996.73651028928,
    "min_flux": 0.0,
    "radius": 0.0,
    "bin_size_x": 0.11912060709304066,
    "bin_size_y": 6.0,
    "xvalues": [
        -0.23824121418608132,
        -0.11912060709304068,
        0.0,
        0.11912060709304068,
        0.23824121418608135
    ],
    "yvalues": [
        -12.0,
        -6.0,
        0.0,
        6.0,
        12.0
    ],
    "flux": [
        [
            0.0,
            0.0,
            0.0,
            0.0,
            0.0
        ],
        [
            37777.0,
            42813.0,
            42624.0,
            42990.0,
            43164.0
        ],
        [
            63403.0,
            70216.0,
            70266.0,
            70335.0,
            70775.0
        ],
        [
            37816.0,
            43124.0,
            43104.0,
            42995.0,
            42668.0
        ],
        [
            0.0,
            0.0,
            0.0,
            0.0,
            0.0
        ]
    ],
    "sim_time": 53.92457413673401
}