{
    "dni": 1000.0,
    "generated_rays": 24841289,
    "power_per_ray": 0.043276489699725244,
    "num_rays": 653811.0,
    "avg_flux": 1583.5292592695384,
    "peak_flux": 5152.680702271727,
    "min_flux": 0.0,
    "radius": 0.0,
    "bin_size_x": 0.11912060709304066,
    "bin_size_y": 6.0,
    "xvalues": [
        -0.23824121418608132,
        -0.11912060709304068,
        0.0,
        0.11912060709304068,
        0.23824121418608135
    ],
    "yvalues": [
        -12.0,
        -6.0,
        0.0,
        6.0,
        12.0
    ],
    "flux": [
        [
            0.0,
            0.0,
            0.0,
            0.0,
            0.0
        ],
        [
            3760.0,
            49176.0,
            41256.0,
            41425.0,
            41193.0
        ],
        [
            6777.0,
            85098.0,
            68933.0,
            68812.0,
            68901.0
        ],
        [
            4019.0,
            49076.0,
            41843.0,
            41910.0,
            41632.0
        ],
        [
            0.0,
            0.0,
            0.0,
            0.0,
            0.0
        ]
    ],
    "sim_time": 83.32776045799255
}