{
    "dni": 1000.0,
    "generated_rays": 14205435,
    "power_per_ray": 0.07286983571188632,
    "num_rays": 739364.0,
    "avg_flux": 3015.2819917045113,
    "peak_flux": 7158.992580498768,
    "min_flux": 0.0,
    "radius": 0.0,
    "bin_size_x": 0.11912060709304066,
    "bin_size_y": 6.0,
    "xvalues": [
        -0.23824121418608132,
        -0.11912060709304068,
        0.0,
        0.11912060709304068,
        0.23824121418608135
    ],
    "yvalues": [
        -12.0,
        -6.0,
        0.0,
        6.0,
        12.0
    ],
    "flux": [
        [
            0.0,
            0.0,
            0.0,
            0.0,
            0.0
        ],
        [
            32029.0,
            42604.0,
            42613.0,
            42644.0,
            42633.0
        ],
        [
            54265.0,
            69909.0,
            69965.0,
            69545.0,
            70217.0
        ],
        [
            32138.0,
            42763.0,
            42734.0,
            42581.0,
            42724.0
        ],
        [
            0.0,
            0.0,
            0.0,
            0.0,
            0.0
        ]
    ],
    "sim_time": 59.825918197631836
}