{
    "dni": 1000.0,
    "generated_rays": 17490446,
    "power_per_ray": 0.060246904392778716,
    "num_rays": 718765.0,
    "avg_flux": 2423.5026607418677,
    "peak_flux": 6181.530841797506,
    "min_flux": 0.0,
    "radius": 0.0,
    "bin_size_x": 0.11912060709304066,
    "bin_size_y": 6.0,
    "xvalues": [
        -0.23824121418608132,
        -0.11912060709304068,
        0.0,
        0.11912060709304068,
        0.23824121418608135
    ],
    "yvalues": [
        -12.0,
        -6.0,
        0.0,
        6.0,
        12.0
    ],
    "flux": [
        [
            0.0,
            0.0,
            0.0,
            0.0,
            0.0
        ],
        [
            24995.0,
            42335.0,
            41231.0,
            41514.0,
            41004.0
        ],
        [
            44877.0,
            73333.0,
            72824.0,
            72327.0,
            72470.0
        ],
        [
            25380.0,
            41958.0,
            41493.0,
            41247.0,
            41777.0
        ],
        [
            0.0,
            0.0,
            0.0,
            0.0,
            0.0
        ]
    ],
    "sim_time": 66.73775625228882
}