{
    "dni": 1000.0,
    "generated_rays": 13033947,
    "power_per_ray": 0.07798183447615901,
    "num_rays": 761150.0,
    "avg_flux": 3321.892254694313,
    "peak_flux": 7854.661479847718,
    "min_flux": 0.0,
    "radius": 0.0,
    "bin_size_x": 0.11912060709304066,
    "bin_size_y": 6.0,
    "xvalues": [
        -0.23824121418608132,
        -0.11912060709304068,
        0.0,
        0.11912060709304068,
        0.23824121418608135
    ],
    "yvalues": [
        -12.0,
        -6.0,
        0.0,
        6.0,
        12.0
    ],
    "flux": [
        [
            0.0,
            0.0,
            0.0,
            0.0,
            0.0
        ],
        [
            36099.0,
            42849.0,
            42225.0,
            42332.0,
            42571.0
        ],
        [
            61932.0,
            71816.0,
            71754.0,
            71990.0,
            71918.0
        ],
        [
            36303.0,
            42478.0,
            42285.0,
            42234.0,
            42364.0
        ],
        [
            0.0,
            0.0,
            0.0,
            0.0,
            0.0
        ]
    ],
    "sim_time": 15.306627750396729
}