{
    "dni": 1000.0,
    "generated_rays": 24419538,
    "power_per_ray": 0.04391256623285967,
    "num_rays": 666651.0,
    "avg_flux": 1638.3594692303197,
    "peak_flux": 5327.210044651702,
    "min_flux": 0.0,
    "radius": 0.0,
    "bin_size_x": 0.11912060709304066,
    "bin_size_y": 6.0,
    "xvalues": [
        -0.23824121418608132,
        -0.11912060709304068,
        0.0,
        0.11912060709304068,
        0.23824121418608135
    ],
    "yvalues": [
        -12.0,
        -6.0,
        0.0,
        6.0,
        12.0
    ],
    "flux": [
        [
            0.0,
            0.0,
            0.0,
            0.0,
            0.0
        ],
        [
            5812.0,
            49010.0,
            40868.0,
            41024.0,
            40713.0
        ],
        [
            10809.0,
            86706.0,
            71564.0,
            71480.0,
            71449.0
        ],
        [
            6182.0,
            48671.0,
            41047.0,
            40742.0,
            40574.0
        ],
        [
            0.0,
            0.0,
            0.0,
            0.0,
            0.0
        ]
    ],
    "sim_time": 82.06709885597229
}