{
    "dni": 1000.0,
    "generated_rays": 14136006,
    "power_per_ray": 0.07381120117336186,
    "num_rays": 788445.0,
    "avg_flux": 3256.9832054709905,
    "peak_flux": 9401.503056435677,
    "min_flux": 0.0,
    "radius": 0.0,
    "bin_size_x": 0.11912060709304066,
    "bin_size_y": 6.0,
    "xvalues": [
        -0.23824121418608132,
        -0.11912060709304068,
        0.0,
        0.11912060709304068,
        0.23824121418608135
    ],
    "yvalues": [
        -12.0,
        -6.0,
        0.0,
        6.0,
        12.0
    ],
    "flux": [
        [
            0.0,
            0.0,
            0.0,
            0.0,
            0.0
        ],
        [
            21578.0,
            30393.0,
            30433.0,
            30246.0,
            30380.0
        ],
        [
            63969.0,
            90175.0,
            91036.0,
            90634.0,
            90592.0
        ],
        [
            33169.0,
            46645.0,
            46252.0,
            46411.0,
            46532.0
        ],
        [
            0.0,
            0.0,
            0.0,
            0.0,
            0.0
        ]
    ],
    "sim_time": 16.347696781158447
}