{
    "dni": 1000.0,
    "generated_rays": 46108333,
    "power_per_ray": 0.023055497586003303,
    "num_rays": 767591.0,
    "avg_flux": 990.4355414461157,
    "peak_flux": 2719.0845339372136,
    "min_flux": 0.0,
    "radius": 0.0,
    "bin_size_x": 0.11912060709304066,
    "bin_size_y": 6.0,
    "xvalues": [
        -0.23824121418608132,
        -0.11912060709304068,
        0.0,
        0.11912060709304068,
        0.23824121418608135
    ],
    "yvalues": [
        -12.0,
        -6.0,
        0.0,
        6.0,
        12.0
    ],
    "flux": [
        [
            0.0,
            0.0,
            0.0,
            0.0,
            0.0
        ],
        [
            4884.0,
            5085.0,
            5029.0,
            5005.0,
            5033.0
        ],
        [
            43800.0,
            80542.0,
            80083.0,
            80213.0,
            80216.0
        ],
        [
            40762.0,
            84271.0,
            84292.0,
            84110.0,
            84266.0
        ],
        [
            0.0,
            0.0,
            0.0,
            0.0,
            0.0
        ]
    ],
    "sim_time": 39.377626180648804
}