{
    "dni": 1000.0,
    "generated_rays": 28994684,
    "power_per_ray": 0.03721887275428915,
    "num_rays": 628879.0,
    "avg_flux": 1309.9422537676696,
    "peak_flux": 4058.52991719754,
    "min_flux": 0.0,
    "radius": 0.0,
    "bin_size_x": 0.11912060709304066,
    "bin_size_y": 6.0,
    "xvalues": [
        -0.23824121418608132,
        -0.11912060709304068,
        0.0,
        0.11912060709304068,
        0.23824121418608135
    ],
    "yvalues": [
        -12.0,
        -6.0,
        0.0,
        6.0,
        12.0
    ],
    "flux": [
        [
            0.0,
            0.0,
            0.0,
            0.0,
            0.0
        ],
        [
            0.0,
            44258.0,
            43422.0,
            40741.0,
            40547.0
        ],
        [
            0.0,
            77937.0,
            73824.0,
            69372.0,
            68937.0
        ],
        [
            0.0,
            44667.0,
            43204.0,
            41169.0,
            40801.0
        ],
        [
            0.0,
            0.0,
            0.0,
            0.0,
            0.0
        ]
    ],
    "sim_time": 93.69255256652832
}