{
    "dni": 1000.0,
    "generated_rays": 11930295,
    "power_per_ray": 0.08311386175267987,
    "num_rays": 778271.0,
    "avg_flux": 3620.1465544690514,
    "peak_flux": 8216.569006782976,
    "min_flux": 0.0,
    "radius": 0.0,
    "bin_size_x": 0.11912060709304066,
    "bin_size_y": 6.0,
    "xvalues": [
        -0.23824121418608132,
        -0.11912060709304068,
        0.0,
        0.11912060709304068,
        0.23824121418608135
    ],
    "yvalues": [
        -12.0,
        -6.0,
        0.0,
        6.0,
        12.0
    ],
    "flux": [
        [
            0.0,
            0.0,
            0.0,
            0.0,
            0.0
        ],
        [
            41163.0,
            43072.0,
            43500.0,
            43060.0,
            43162.0
        ],
        [
            68306.0,
            70205.0,
            70478.0,
            70339.0,
            70657.0
        ],
        [
            41432.0,
            43500.0,
            43044.0,
            43102.0,
            43251.0
        ],
        [
            0.0,
            0.0,
            0.0,
            0.0,
            0.0
        ]
    ],
    "sim_time": 50.590317249298096
}