{
    "dni": 1000.0,
    "generated_rays": 45543528,
    "power_per_ray": 0.022427534276798552,
    "num_rays": 842752.0,
    "avg_flux": 1057.799028401402,
    "peak_flux": 3305.496446516997,
    "min_flux": 0.0,
    "radius": 0.0,
    "bin_size_x": 0.11912060709304066,
    "bin_size_y": 6.0,
    "xvalues": [
        -0.23824121418608132,
        -0.11912060709304068,
        0.0,
        0.11912060709304068,
        0.23824121418608135
    ],
    "yvalues": [
        -12.0,
        -6.0,
        0.0,
        6.0,
        12.0
    ],
    "flux": [
        [
            0.0,
            0.0,
            0.0,
            0.0,
            0.0
        ],
        [
            91540.0,
            104932.0,
            105340.0,
            105007.0,
            104606.0
        ],
        [
            55418.0,
            61926.0,
            61258.0,
            61603.0,
            61490.0
        ],
        [
            6115.0,
            5815.0,
            5912.0,
            5839.0,
            5951.0
        ],
        [
            0.0,
            0.0,
            0.0,
            0.0,
            0.0
        ]
    ],
    "sim_time": 40.55452561378479
}