{
    "dni": 1000.0,
    "generated_rays": 19972494,
    "power_per_ray": 0.05285812621582899,
    "num_rays": 778770.0,
    "avg_flux": 2303.789632913765,
    "peak_flux": 8142.263551025138,
    "min_flux": 0.0,
    "radius": 0.0,
    "bin_size_x": 0.11912060709304066,
    "bin_size_y": 6.0,
    "xvalues": [
        -0.23824121418608132,
        -0.11912060709304068,
        0.0,
        0.11912060709304068,
        0.23824121418608135
    ],
    "yvalues": [
        -12.0,
        -6.0,
        0.0,
        6.0,
        12.0
    ],
    "flux": [
        [
            0.0,
            0.0,
            0.0,
            0.0,
            0.0
        ],
        [
            34147.0,
            54064.0,
            54216.0,
            53946.0,
            53882.0
        ],
        [
            68822.0,
            110043.0,
            110096.0,
            109525.0,
            108832.0
        ],
        [
            3474.0,
            4433.0,
            4338.0,
            4494.0,
            4458.0
        ],
        [
            0.0,
            0.0,
            0.0,
            0.0,
            0.0
        ]
    ],
    "sim_time": 21.083574056625366
}