{
    "dni": 1000.0,
    "generated_rays": 13532699,
    "power_per_ray": 0.07655522633408055,
    "num_rays": 797017.0,
    "avg_flux": 3414.7921346893236,
    "peak_flux": 9750.266093089433,
    "min_flux": 0.0,
    "radius": 0.0,
    "bin_size_x": 0.11912060709304066,
    "bin_size_y": 6.0,
    "xvalues": [
        -0.23824121418608132,
        -0.11912060709304068,
        0.0,
        0.11912060709304068,
        0.23824121418608135
    ],
    "yvalues": [
        -12.0,
        -6.0,
        0.0,
        6.0,
        12.0
    ],
    "flux": [
        [
            0.0,
            0.0,
            0.0,
            0.0,
            0.0
        ],
        [
            35261.0,
            46519.0,
            46670.0,
            46868.0,
            46248.0
        ],
        [
            68573.0,
            91029.0,
            90555.0,
            90546.0,
            90610.0
        ],
        [
            23157.0,
            30324.0,
            30191.0,
            29985.0,
            30481.0
        ],
        [
            0.0,
            0.0,
            0.0,
            0.0,
            0.0
        ]
    ],
    "sim_time": 15.829441785812378
}