{
    "dni": 1000.0,
    "generated_rays": 18773735,
    "power_per_ray": 0.05649510217048969,
    "num_rays": 770205.0,
    "avg_flux": 2435.2243343440864,
    "peak_flux": 8498.330764482695,
    "min_flux": 0.0,
    "radius": 0.0,
    "bin_size_x": 0.11912060709304066,
    "bin_size_y": 6.0,
    "xvalues": [
        -0.23824121418608132,
        -0.11912060709304068,
        0.0,
        0.11912060709304068,
        0.23824121418608135
    ],
    "yvalues": [
        -12.0,
        -6.0,
        0.0,
        6.0,
        12.0
    ],
    "flux": [
        [
            0.0,
            0.0,
            0.0,
            0.0,
            0.0
        ],
        [
            6661.0,
            10179.0,
            10233.0,
            10413.0,
            10243.0
        ],
        [
            62391.0,
            107513.0,
            106414.0,
            106914.0,
            106363.0
        ],
        [
            30072.0,
            50825.0,
            50567.0,
            50736.0,
            50681.0
        ],
        [
            0.0,
            0.0,
            0.0,
            0.0,
            0.0
        ]
    ],
    "sim_time": 19.60114622116089
}