{
    "dni": 1000.0,
    "generated_rays": 24613742,
    "power_per_ray": 0.04402825619873703,
    "num_rays": 678517.0,
    "avg_flux": 1671.914487354543,
    "peak_flux": 5265.413055480908,
    "min_flux": 0.0,
    "radius": 0.0,
    "bin_size_x": 0.11912060709304066,
    "bin_size_y": 6.0,
    "xvalues": [
        -0.23824121418608132,
        -0.11912060709304068,
        0.0,
        0.11912060709304068,
        0.23824121418608135
    ],
    "yvalues": [
        -12.0,
        -6.0,
        0.0,
        6.0,
        12.0
    ],
    "flux": [
        [
            0.0,
            0.0,
            0.0,
            0.0,
            0.0
        ],
        [
            2661.0,
            45209.0,
            44871.0,
            45222.0,
            45218.0
        ],
        [
            4307.0,
            85475.0,
            85092.0,
            85333.0,
            84722.0
        ],
        [
            1758.0,
            37298.0,
            37187.0,
            36926.0,
            37238.0
        ],
        [
            0.0,
            0.0,
            0.0,
            0.0,
            0.0
        ]
    ],
    "sim_time": 23.35972809791565
}