{
    "dni": 1000.0,
    "generated_rays": 45262692,
    "power_per_ray": 0.023960231316791543,
    "num_rays": 531256.0,
    "avg_flux": 712.3881674249276,
    "peak_flux": 2907.9188949759186,
    "min_flux": 0.0,
    "radius": 0.0,
    "bin_size_x": 0.11912060709304066,
    "bin_size_y": 6.0,
    "xvalues": [
        -0.23824121418608132,
        -0.11912060709304068,
        0.0,
        0.11912060709304068,
        0.23824121418608135
    ],
    "yvalues": [
        -12.0,
        -6.0,
        0.0,
        6.0,
        12.0
    ],
    "flux": [
        [
            0.0,
            0.0,
            0.0,
            0.0,
            0.0
        ],
        [
            0.0,
            4647.0,
            48740.0,
            48262.0,
            39338.0
        ],
        [
            0.0,
            9186.0,
            86742.0,
            84911.0,
            68402.0
        ],
        [
            0.0,
            5420.0,
            48951.0,
            47264.0,
            39393.0
        ],
        [
            0.0,
            0.0,
            0.0,
            0.0,
            0.0
        ]
    ],
    "sim_time": 135.32732105255127
}