{
    "dni": 1000.0,
    "generated_rays": 24859781,
    "power_per_ray": 0.040329471972106755,
    "num_rays": 848884.0,
    "avg_flux": 1915.9877439078844,
    "peak_flux": 5269.1784600093215,
    "min_flux": 0.0,
    "radius": 0.0,
    "bin_size_x": 0.11912060709304066,
    "bin_size_y": 6.0,
    "xvalues": [
        -0.23824121418608132,
        -0.11912060709304068,
        0.0,
        0.11912060709304068,
        0.23824121418608135
    ],
    "yvalues": [
        -12.0,
        -6.0,
        0.0,
        6.0,
        12.0
    ],
    "flux": [
        [
            0.0,
            0.0,
            0.0,
            0.0,
            0.0
        ],
        [
            4623.0,
            4578.0,
            4649.0,
            4582.0,
            4665.0
        ],
        [
            93304.0,
            93138.0,
            92980.0,
            92891.0,
            93381.0
        ],
        [
            72066.0,
            72263.0,
            72308.0,
            71424.0,
            72032.0
        ],
        [
            0.0,
            0.0,
            0.0,
            0.0,
            0.0
        ]
    ],
    "sim_time": 24.21566605567932
}