{
    "dni": 1000.0,
    "generated_rays": 31858587,
    "power_per_ray": 0.03169520565629603,
    "num_rays": 846142.0,
    "avg_flux": 1500.9238876406214,
    "peak_flux": 3767.422869757942,
    "min_flux": 0.0,
    "radius": 0.0,
    "bin_size_x": 0.11912060709304066,
    "bin_size_y": 6.0,
    "xvalues": [
        -0.23824121418608132,
        -0.11912060709304068,
        0.0,
        0.11912060709304068,
        0.23824121418608135
    ],
    "yvalues": [
        -12.0,
        -6.0,
        0.0,
        6.0,
        12.0
    ],
    "flux": [
        [
            0.0,
            0.0,
            0.0,
            0.0,
            0.0
        ],
        [
            5121.0,
            5022.0,
            5074.0,
            5033.0,
            4962.0
        ],
        [
            77635.0,
            81362.0,
            80759.0,
            80815.0,
            81197.0
        ],
        [
            80458.0,
            84480.0,
            84793.0,
            84955.0,
            84476.0
        ],
        [
            0.0,
            0.0,
            0.0,
            0.0,
            0.0
        ]
    ],
    "sim_time": 29.322544813156128
}