{
    "dni": 1000.0,
    "generated_rays": 14235767,
    "power_per_ray": 0.07270766997672184,
    "num_rays": 741954.0,
    "avg_flux": 3019.110792351468,
    "peak_flux": 7202.165022255396,
    "min_flux": 0.0,
    "radius": 0.0,
    "bin_size_x": 0.11912060709304066,
    "bin_size_y": 6.0,
    "xvalues": [
        -0.23824121418608132,
        -0.11912060709304068,
        0.0,
        0.11912060709304068,
        0.23824121418608135
    ],
    "yvalues": [
        -12.0,
        -6.0,
        0.0,
        6.0,
        12.0
    ],
    "flux": [
        [
            0.0,
            0.0,
            0.0,
            0.0,
            0.0
        ],
        [
            32188.0,
            42576.0,
            42710.0,
            42591.0,
            42857.0
        ],
        [
            55012.0,
            70798.0,
            70524.0,
            70114.0,
            70396.0
        ],
        [
            32272.0,
            42552.0,
            42376.0,
            42434.0,
            42554.0
        ],
        [
            0.0,
            0.0,
            0.0,
            0.0,
            0.0
        ]
    ],
    "sim_time": 16.08439016342163
}