{
    "dni": 1000.0,
    "generated_rays": 12411517,
    "power_per_ray": 0.08023427511670078,
    "num_rays": 779754.0,
    "avg_flux": 3501.381134415155,
    "peak_flux": 8318.291431625506,
    "min_flux": 0.0,
    "radius": 0.0,
    "bin_size_x": 0.11912060709304066,
    "bin_size_y": 6.0,
    "xvalues": [
        -0.23824121418608132,
        -0.11912060709304068,
        0.0,
        0.11912060709304068,
        0.23824121418608135
    ],
    "yvalues": [
        -12.0,
        -6.0,
        0.0,
        6.0,
        12.0
    ],
    "flux": [
        [
            0.0,
            0.0,
            0.0,
            0.0,
            0.0
        ],
        [
            39544.0,
            42168.0,
            41932.0,
            41908.0,
            42056.0
        ],
        [
            68849.0,
            73607.0,
            74099.0,
            73743.0,
            73897.0
        ],
        [
            39265.0,
            42266.0,
            42311.0,
            42092.0,
            42017.0
        ],
        [
            0.0,
            0.0,
            0.0,
            0.0,
            0.0
        ]
    ],
    "sim_time": 52.65310740470886
}