{
    "dni": 1000.0,
    "generated_rays": 21583187,
    "power_per_ray": 0.04861193150231672,
    "num_rays": 788649.0,
    "avg_flux": 2145.5985997690777,
    "peak_flux": 7236.796439716208,
    "min_flux": 0.0,
    "radius": 0.0,
    "bin_size_x": 0.11912060709304066,
    "bin_size_y": 6.0,
    "xvalues": [
        -0.23824121418608132,
        -0.11912060709304068,
        0.0,
        0.11912060709304068,
        0.23824121418608135
    ],
    "yvalues": [
        -12.0,
        -6.0,
        0.0,
        6.0,
        12.0
    ],
    "flux": [
        [
            0.0,
            0.0,
            0.0,
            0.0,
            0.0
        ],
        [
            3592.0,
            4078.0,
            4130.0,
            4130.0,
            4117.0
        ],
        [
            72411.0,
            106400.0,
            106112.0,
            105735.0,
            105968.0
        ],
        [
            39840.0,
            57535.0,
            58254.0,
            58096.0,
            58251.0
        ],
        [
            0.0,
            0.0,
            0.0,
            0.0,
            0.0
        ]
    ],
    "sim_time": 21.68204975128174
}