{
    "dni": 1000.0,
    "generated_rays": 13509416,
    "power_per_ray": 0.07718435958472737,
    "num_rays": 783671.0,
    "avg_flux": 3385.2046110364226,
    "peak_flux": 9220.995829817486,
    "min_flux": 0.0,
    "radius": 0.0,
    "bin_size_x": 0.11912060709304066,
    "bin_size_y": 6.0,
    "xvalues": [
        -0.23824121418608132,
        -0.11912060709304068,
        0.0,
        0.11912060709304068,
        0.23824121418608135
    ],
    "yvalues": [
        -12.0,
        -6.0,
        0.0,
        6.0,
        12.0
    ],
    "flux": [
        [
            0.0,
            0.0,
            0.0,
            0.0,
            0.0
        ],
        [
            30624.0,
            45212.0,
            44914.0,
            44917.0,
            44989.0
        ],
        [
            58850.0,
            85386.0,
            85142.0,
            85086.0,
            85000.0
        ],
        [
            25285.0,
            37123.0,
            37097.0,
            37134.0,
            36912.0
        ],
        [
            0.0,
            0.0,
            0.0,
            0.0,
            0.0
        ]
    ],
    "sim_time": 16.01457381248474
}