{
    "dni": 1000.0,
    "generated_rays": 14105460,
    "power_per_ray": 0.07350840335021465,
    "num_rays": 759098.0,
    "avg_flux": 3122.8899475950384,
    "peak_flux": 8215.14341541215,
    "min_flux": 0.0,
    "radius": 0.0,
    "bin_size_x": 0.11912060709304066,
    "bin_size_y": 6.0,
    "xvalues": [
        -0.23824121418608132,
        -0.11912060709304068,
        0.0,
        0.11912060709304068,
        0.23824121418608135
    ],
    "yvalues": [
        -12.0,
        -6.0,
        0.0,
        6.0,
        12.0
    ],
    "flux": [
        [
            0.0,
            0.0,
            0.0,
            0.0,
            0.0
        ],
        [
            28572.0,
            38762.0,
            38413.0,
            38531.0,
            38312.0
        ],
        [
            55275.0,
            79409.0,
            79876.0,
            79342.0,
            79461.0
        ],
        [
            30049.0,
            43414.0,
            43257.0,
            43153.0,
            43272.0
        ],
        [
            0.0,
            0.0,
            0.0,
            0.0,
            0.0
        ]
    ],
    "sim_time": 16.242021322250366
}