{
    "dni": 1000.0,
    "generated_rays": 72525144,
    "power_per_ray": 0.013980493204401478,
    "num_rays": 872675.0,
    "avg_flux": 682.8052791695262,
    "peak_flux": 2308.044979812905,
    "min_flux": 0.0,
    "radius": 0.0,
    "bin_size_x": 0.11912060709304066,
    "bin_size_y": 6.0,
    "xvalues": [
        -0.23824121418608132,
        -0.11912060709304068,
        0.0,
        0.11912060709304068,
        0.23824121418608135
    ],
    "yvalues": [
        -12.0,
        -6.0,
        0.0,
        6.0,
        12.0
    ],
    "flux": [
        [
            0.0,
            0.0,
            0.0,
            0.0,
            0.0
        ],
        [
            106335.0,
            117994.0,
            117357.0,
            116828.0,
            117246.0
        ],
        [
            50307.0,
            51793.0,
            51880.0,
            52002.0,
            52159.0
        ],
        [
            7890.0,
            7765.0,
            7706.0,
            7685.0,
            7728.0
        ],
        [
            0.0,
            0.0,
            0.0,
            0.0,
            0.0
        ]
    ],
    "sim_time": 60.352198362350464
}