{
    "dni": 1000.0,
    "generated_rays": 12985469,
    "power_per_ray": 0.07839699793242487,
    "num_rays": 758393.0,
    "avg_flux": 3327.4810521254226,
    "peak_flux": 7797.649125009862,
    "min_flux": 0.0,
    "radius": 0.0,
    "bin_size_x": 0.11912060709304066,
    "bin_size_y": 6.0,
    "xvalues": [
        -0.23824121418608132,
        -0.11912060709304068,
        0.0,
        0.11912060709304068,
        0.23824121418608135
    ],
    "yvalues": [
        -12.0,
        -6.0,
        0.0,
        6.0,
        12.0
    ],
    "flux": [
        [
            0.0,
            0.0,
            0.0,
            0.0,
            0.0
        ],
        [
            35921.0,
            42792.0,
            42774.0,
            42855.0,
            43099.0
        ],
        [
            61115.0,
            71089.0,
            70718.0,
            70743.0,
            70720.0
        ],
        [
            36109.0,
            42385.0,
            42768.0,
            42757.0,
            42548.0
        ],
        [
            0.0,
            0.0,
            0.0,
            0.0,
            0.0
        ]
    ],
    "sim_time": 15.352728605270386
}