{
    "dni": 1000.0,
    "generated_rays": 66170727,
    "power_per_ray": 0.016447213296021633,
    "num_rays": 360571.0,
    "avg_flux": 331.89824946229004,
    "peak_flux": 1901.9869952490076,
    "min_flux": 0.0,
    "radius": 0.0,
    "bin_size_x": 0.11912060709304066,
    "bin_size_y": 6.0,
    "xvalues": [
        -0.23824121418608132,
        -0.11912060709304068,
        0.0,
        0.11912060709304068,
        0.23824121418608135
    ],
    "yvalues": [
        -12.0,
        -6.0,
        0.0,
        6.0,
        12.0
    ],
    "flux": [
        [
            0.0,
            0.0,
            0.0,
            0.0,
            0.0
        ],
        [
            0.0,
            0.0,
            3417.0,
            46205.0,
            47259.0
        ],
        [
            0.0,
            0.0,
            5338.0,
            80422.0,
            82652.0
        ],
        [
            0.0,
            0.0,
            2669.0,
            45656.0,
            46953.0
        ],
        [
            0.0,
            0.0,
            0.0,
            0.0,
            0.0
        ]
    ],
    "sim_time": 52.67203617095947
}