{
    "dni": 1000.0,
    "generated_rays": 13541060,
    "power_per_ray": 0.07582095242431557,
    "num_rays": 750467.0,
    "avg_flux": 3184.5104493451463,
    "peak_flux": 7517.5573503696505,
    "min_flux": 0.0,
    "radius": 0.0,
    "bin_size_x": 0.11912060709304066,
    "bin_size_y": 6.0,
    "xvalues": [
        -0.23824121418608132,
        -0.11912060709304068,
        0.0,
        0.11912060709304068,
        0.23824121418608135
    ],
    "yvalues": [
        -12.0,
        -6.0,
        0.0,
        6.0,
        12.0
    ],
    "flux": [
        [
            0.0,
            0.0,
            0.0,
            0.0,
            0.0
        ],
        [
            34087.0,
            42522.0,
            42332.0,
            42523.0,
            42535.0
        ],
        [
            58088.0,
            70864.0,
            70672.0,
            70440.0,
            70690.0
        ],
        [
            34179.0,
            43184.0,
            42948.0,
            42521.0,
            42882.0
        ],
        [
            0.0,
            0.0,
            0.0,
            0.0,
            0.0
        ]
    ],
    "sim_time": 56.62388777732849
}