{
    "dni": 1000.0,
    "generated_rays": 16970033,
    "power_per_ray": 0.06077549262261689,
    "num_rays": 810565.0,
    "avg_flux": 2757.0089609082424,
    "peak_flux": 9357.942797553314,
    "min_flux": 0.0,
    "radius": 0.0,
    "bin_size_x": 0.11912060709304066,
    "bin_size_y": 6.0,
    "xvalues": [
        -0.23824121418608132,
        -0.11912060709304068,
        0.0,
        0.11912060709304068,
        0.23824121418608135
    ],
    "yvalues": [
        -12.0,
        -6.0,
        0.0,
        6.0,
        12.0
    ],
    "flux": [
        [
            0.0,
            0.0,
            0.0,
            0.0,
            0.0
        ],
        [
            44248.0,
            54049.0,
            54244.0,
            54445.0,
            53672.0
        ],
        [
            89953.0,
            109755.0,
            110050.0,
            109440.0,
            108942.0
        ],
        [
            3986.0,
            4399.0,
            4408.0,
            4500.0,
            4474.0
        ],
        [
            0.0,
            0.0,
            0.0,
            0.0,
            0.0
        ]
    ],
    "sim_time": 18.40873122215271
}