{
    "dni": 1000.0,
    "generated_rays": 35839073,
    "power_per_ray": 0.03010407829732599,
    "num_rays": 574411.0,
    "avg_flux": 967.7650319192376,
    "peak_flux": 3542.535126181401,
    "min_flux": 0.0,
    "radius": 0.0,
    "bin_size_x": 0.11912060709304066,
    "bin_size_y": 6.0,
    "xvalues": [
        -0.23824121418608132,
        -0.11912060709304068,
        0.0,
        0.11912060709304068,
        0.23824121418608135
    ],
    "yvalues": [
        -12.0,
        -6.0,
        0.0,
        6.0,
        12.0
    ],
    "flux": [
        [
            0.0,
            0.0,
            0.0,
            0.0,
            0.0
        ],
        [
            0.0,
            25415.0,
            48373.0,
            40949.0,
            40699.0
        ],
        [
            0.0,
            44172.0,
            84106.0,
            67114.0,
            66769.0
        ],
        [
            0.0,
            25686.0,
            48826.0,
            41112.0,
            41190.0
        ],
        [
            0.0,
            0.0,
            0.0,
            0.0,
            0.0
        ]
    ],
    "sim_time": 110.07008028030396
}