{
    "dni": 1000.0,
    "generated_rays": 64984666,
    "power_per_ray": 0.0167248279560148,
    "num_rays": 376686.0,
    "avg_flux": 352.5843091402139,
    "peak_flux": 1969.1212992943633,
    "min_flux": 0.0,
    "radius": 0.0,
    "bin_size_x": 0.11912060709304066,
    "bin_size_y": 6.0,
    "xvalues": [
        -0.23824121418608132,
        -0.11912060709304068,
        0.0,
        0.11912060709304068,
        0.23824121418608135
    ],
    "yvalues": [
        -12.0,
        -6.0,
        0.0,
        6.0,
        12.0
    ],
    "flux": [
        [
            0.0,
            0.0,
            0.0,
            0.0,
            0.0
        ],
        [
            0.0,
            0.0,
            5318.0,
            46882.0,
            46939.0
        ],
        [
            0.0,
            0.0,
            10371.0,
            82727.0,
            84149.0
        ],
        [
            0.0,
            0.0,
            6315.0,
            46788.0,
            47197.0
        ],
        [
            0.0,
            0.0,
            0.0,
            0.0,
            0.0
        ]
    ],
    "sim_time": 193.1363046169281
}