{
    "dni": 1000.0,
    "generated_rays": 14299196,
    "power_per_ray": 0.07207724062457152,
    "num_rays": 749686.0,
    "avg_flux": 3024.1226117250826,
    "peak_flux": 7406.455401759044,
    "min_flux": 0.0,
    "radius": 0.0,
    "bin_size_x": 0.11912060709304066,
    "bin_size_y": 6.0,
    "xvalues": [
        -0.23824121418608132,
        -0.11912060709304068,
        0.0,
        0.11912060709304068,
        0.23824121418608135
    ],
    "yvalues": [
        -12.0,
        -6.0,
        0.0,
        6.0,
        12.0
    ],
    "flux": [
        [
            0.0,
            0.0,
            0.0,
            0.0,
            0.0
        ],
        [
            32531.0,
            41916.0,
            41705.0,
            41611.0,
            41712.0
        ],
        [
            57512.0,
            72778.0,
            73443.0,
            73108.0,
            73280.0
        ],
        [
            32378.0,
            42100.0,
            42085.0,
            41599.0,
            41928.0
        ],
        [
            0.0,
            0.0,
            0.0,
            0.0,
            0.0
        ]
    ],
    "sim_time": 57.48827624320984
}