{
    "dni": 1000.0,
    "generated_rays": 71617530,
    "power_per_ray": 0.014081118243227454,
    "num_rays": 878374.0,
    "avg_flux": 692.210942484318,
    "peak_flux": 2333.6213824158326,
    "min_flux": 0.0,
    "radius": 0.0,
    "bin_size_x": 0.11912060709304066,
    "bin_size_y": 6.0,
    "xvalues": [
        -0.23824121418608132,
        -0.11912060709304068,
        0.0,
        0.11912060709304068,
        0.23824121418608135
    ],
    "yvalues": [
        -12.0,
        -6.0,
        0.0,
        6.0,
        12.0
    ],
    "flux": [
        [
            0.0,
            0.0,
            0.0,
            0.0,
            0.0
        ],
        [
            110357.0,
            118449.0,
            117448.0,
            117001.0,
            117261.0
        ],
        [
            50955.0,
            51805.0,
            52194.0,
            51939.0,
            52169.0
        ],
        [
            7777.0,
            7812.0,
            7731.0,
            7713.0,
            7763.0
        ],
        [
            0.0,
            0.0,
            0.0,
            0.0,
            0.0
        ]
    ],
    "sim_time": 58.57044076919556
}