{
    "dni": 1000.0,
    "generated_rays": 70929303,
    "power_per_ray": 0.01413737529952389,
    "num_rays": 884211.0,
    "avg_flux": 699.5947528039771,
    "peak_flux": 2341.6589823002096,
    "min_flux": 0.0,
    "radius": 0.0,
    "bin_size_x": 0.11912060709304066,
    "bin_size_y": 6.0,
    "xvalues": [
        -0.23824121418608132,
        -0.11912060709304068,
        0.0,
        0.11912060709304068,
        0.23824121418608135
    ],
    "yvalues": [
        -12.0,
        -6.0,
        0.0,
        6.0,
        12.0
    ],
    "flux": [
        [
            0.0,
            0.0,
            0.0,
            0.0,
            0.0
        ],
        [
            114356.0,
            118384.0,
            117947.0,
            117286.0,
            117290.0
        ],
        [
            51798.0,
            51852.0,
            52242.0,
            52124.0,
            52188.0
        ],
        [
            7708.0,
            7790.0,
            7694.0,
            7750.0,
            7802.0
        ],
        [
            0.0,
            0.0,
            0.0,
            0.0,
            0.0
        ]
    ],
    "sim_time": 58.39528703689575
}