{"ns": [[5.099019513592785, 0.63578], [7.365250408522912, 0.62743], [9.631481303453038, 0.61897], [11.897712198383166, 0.60638], [14.163943093313293, 0.58806], [16.43017398824342, 0.56481], [18.696404883173546, 0.53863], [20.96263577810367, 0.51118], [23.2288666730338, 0.48384], [25.495097567963928, 0.45796]], "ew": [[5.099019513592785, 0.67311], [7.365250408522912, 0.66431], [9.631481303453038, 0.65541], [11.897712198383166, 0.64192], [14.163943093313293, 0.62253], [16.43017398824342, 0.59792], [18.696404883173546, 0.5702], [20.96263577810367, 0.54104], [23.2288666730338, 0.51235], [25.495097567963928, 0.48488]]}