{"ns": [[-85.0, 0.6284075343371551], [-82.5, 0.6283991110031997], [-80.0, 0.628382676511208], [-77.5, 0.6283534136934392], [-75.0, 0.6283143115427035], [-72.5, 0.6282661793765165], [-70.0, 0.6282170493682095], [-67.5, 0.6281637648990293], [-65.0, 0.6281108894283318], [-62.5, 0.6280609734125541], [-60.0, 0.6280116458301094], [-57.5, 0.6279776833710231], [-55.0, 0.6279526701697774], [-52.5, 0.6279369784049954], [-50.0, 0.6279311633260269], [-47.5, 0.6279415931413624], [-45.0, 0.6279670162876692], [-42.5, 0.6280067389968663], [-40.0, 0.6280580877737141], [-37.5, 0.628121695369117], [-35.0, 0.6281950087569528], [-32.5, 0.6282793020799812], [-30.0, 0.628370093051007], [-27.5, 0.628465016319448], [-25.0, 0.6285618545216466], [-22.5, 0.6286578393335122], [-20.0, 0.6287442814898084], [-17.5, 0.6288361528200004], [-15.0, 0.6289131613900056], [-12.5, 0.6289786846605874], [-10.0, 0.6290287600526119], [-7.5, 0.6290668062862462], [-5.0, 0.6290860871811663], [-2.5, 0.6290874389907563], [0.0, 0.6290701123912796], [2.5, 0.629034245510105], [5.0, 0.6289800714885502], [7.5, 0.6289062355105686], [10.0, 0.6288174023381751], [12.5, 0.6287199913748515], [15.0, 0.6286066883312211], [17.5, 0.6284792157753937], [20.0, 0.6283548719965014], [22.5, 0.6282220746607151], [25.0, 0.6280887033047732], [27.5, 0.6279578176375129], [30.0, 0.6278324421596977], [32.5, 0.6277129410810388], [35.0, 0.6276093441487718], [37.5, 0.6275165667086502], [40.0, 0.6274390713197009], [42.5, 0.6273783882683006], [45.0, 0.6273356219433076], [47.5, 0.6273114102443396], [50.0, 0.6273058634132748], [52.5, 0.6273182332913094], [55.0, 0.627348811145506], [57.5, 0.6273951119411529], [60.0, 0.6274557824784135], [62.5, 0.6275286652148444], [65.0, 0.6276113401597343], [67.5, 0.6277011126564292], [70.0, 0.6277951678502119], [72.5, 0.6278904807945584], [75.0, 0.6279843596500015], [77.5, 0.6280739045949133], [80.0, 0.6281549876715117], [82.5, 0.6282299047089449], [85.0, 0.6282921842981135]], "ew": [[-85.0, 0.5916537455167828], [-82.5, 0.5918966114568595], [-80.0, 0.5921189893646973], [-77.5, 0.5923198801954627], [-75.0, 0.5924989698078811], [-72.5, 0.5926565477578146], [-70.0, 0.5927936238037429], [-67.5, 0.592910568827297], [-65.0, 0.5930087491716168], [-62.5, 0.5930893921888032], [-60.0, 0.5931497718323826], [-57.5, 0.5932033502176115], [-55.0, 0.5932396694360976], [-52.5, 0.5932634316215508], [-50.0, 0.5932755969185474], [-47.5, 0.5932774301667976], [-45.0, 0.5932693502123589], [-42.5, 0.5932515203283255], [-40.0, 0.5932238986446383], [-37.5, 0.593186387169119], [-35.0, 0.5931385210531155], [-32.5, 0.5930797086592199], [-30.0, 0.5930090814647054], [-27.5, 0.5929256836495052], [-25.0, 0.592828554890102], [-22.5, 0.5927166338913313], [-20.0, 0.5925784613320356], [-17.5, 0.5924445763368159], [-15.0, 0.5922828945220229], [-12.5, 0.5921033554669376], [-10.0, 0.5919055697466237], [-7.5, 0.5916900714759666], [-5.0, 0.5914569124994407], [-2.5, 0.5912071569645303], [0.0, 0.5909419329992388], [2.5, 0.5906630544708733], [5.0, 0.5903725060270233], [7.5, 0.5900717372319602], [10.0, 0.5897602561809335], [12.5, 0.5894586673098522], [15.0, 0.5891506036526082], [17.5, 0.5888383726147938], [20.0, 0.5885515136534897], [22.5, 0.5882683126578648], [25.0, 0.5880012721776944], [27.5, 0.5877542351211195], [30.0, 0.5875309725742849], [32.5, 0.5873336338296997], [35.0, 0.5871691537312891], [37.5, 0.5870364187913263], [40.0, 0.5869389805934156], [42.5, 0.5868785542561368], [45.0, 0.5868562952679154], [47.5, 0.5868728261288236], [50.0, 0.5869281368277824], [52.5, 0.58702158654117], [55.0, 0.5871519457765458], [57.5, 0.587317406335876], [60.0, 0.5875156098348351], [62.5, 0.5877436584853342], [65.0, 0.5879982327754233], [67.5, 0.5882756036201694], [70.0, 0.5885718412733143], [72.5, 0.5888825810323534], [75.0, 0.5892036503285706], [77.5, 0.5895306092779867], [80.0, 0.5898588903682506], [82.5, 0.5901850357329741], [85.0, 0.5905045258743485]]}