{
    "dni": 1000.0,
    "generated_rays": 6497453,
    "power_per_ray": 0.1823301272906632,
    "num_rays": 937071.0,
    "avg_flux": 16733.243282592357,
    "peak_flux": 34067.51626560816,
    "min_flux": 3969.60313756405,
    "radius": 0.0,
    "bin_size_x": 0.06807059529144252,
    "bin_size_y": 6.0,
    "xvalues": [
        -0.13614119058288504,
        -0.0680705952914425,
        2.7755575615628914e-17,
        0.06807059529144252,
        0.13614119058288507
    ],
    "yvalues": [
        -12.0,
        -6.0,
        0.0,
        6.0,
        12.0
    ],
    "flux": [
        [
            8973.0,
            9014.0,
            8892.0,
            8996.0,
            9191.0
        ],
        [
            32886.0,
            33111.0,
            33026.0,
            33143.0,
            32831.0
        ],
        [
            76277.0,
            76312.0,
            75845.0,
            75816.0,
            75680.0
        ],
        [
            53946.0,
            54315.0,
            54256.0,
            54607.0,
            53742.0
        ],
        [
            15346.0,
            15268.0,
            15230.0,
            15311.0,
            15057.0
        ]
    ],
    "sim_time": 17.1653835773468
}