{
    "dni": 1000.0,
    "generated_rays": 5406931,
    "power_per_ray": 0.22130591360968296,
    "num_rays": 940823.0,
    "avg_flux": 20391.545244909175,
    "peak_flux": 42639.56871835597,
    "min_flux": 5837.934140339135,
    "radius": 0.0,
    "bin_size_x": 0.06807059529144252,
    "bin_size_y": 6.0,
    "xvalues": [
        -0.13614119058288504,
        -0.0680705952914425,
        2.7755575615628914e-17,
        0.06807059529144252,
        0.13614119058288507
    ],
    "yvalues": [
        -12.0,
        -6.0,
        0.0,
        6.0,
        12.0
    ],
    "flux": [
        [
            12364.0,
            11991.0,
            12169.0,
            12027.0,
            11967.0
        ],
        [
            48379.0,
            48756.0,
            48957.0,
            49030.0,
            48951.0
        ],
        [
            78392.0,
            78692.0,
            78357.0,
            78150.0,
            78430.0
        ],
        [
            37796.0,
            37990.0,
            38039.0,
            38068.0,
            37764.0
        ],
        [
            10851.0,
            11149.0,
            10836.0,
            10944.0,
            10774.0
        ]
    ],
    "sim_time": 15.335098505020142
}