{
    "dni": 1000.0,
    "generated_rays": 5335402,
    "power_per_ray": 0.2757075194746465,
    "num_rays": 795142.0,
    "avg_flux": 21470.51674921662,
    "peak_flux": 57964.76798185051,
    "min_flux": 514.3903152802601,
    "radius": 0.0,
    "bin_size_x": 0.06807059529144252,
    "bin_size_y": 6.0,
    "xvalues": [
        -0.13614119058288504,
        -0.0680705952914425,
        2.7755575615628914e-17,
        0.06807059529144252,
        0.13614119058288507
    ],
    "yvalues": [
        -12.0,
        -6.0,
        0.0,
        6.0,
        12.0
    ],
    "flux": [
        [
            762.0,
            8929.0,
            8961.0,
            8948.0,
            8815.0
        ],
        [
            6944.0,
            43605.0,
            43466.0,
            43134.0,
            43356.0
        ],
        [
            15771.0,
            85867.0,
            85002.0,
            85097.0,
            85127.0
        ],
        [
            6961.0,
            44602.0,
            43436.0,
            43305.0,
            43589.0
        ],
        [
            848.0,
            9927.0,
            9623.0,
            9494.0,
            9573.0
        ]
    ],
    "sim_time": 14.114590883255005
}