{
    "dni": 1000.0,
    "generated_rays": 7266060,
    "power_per_ray": 0.22889943174370353,
    "num_rays": 648605.0,
    "avg_flux": 14540.327855267937,
    "peak_flux": 46536.08834091311,
    "min_flux": 0.0,
    "radius": 0.0,
    "bin_size_x": 0.06807059529144252,
    "bin_size_y": 6.0,
    "xvalues": [
        -0.13614119058288504,
        -0.0680705952914425,
        2.7755575615628914e-17,
        0.06807059529144252,
        0.13614119058288507
    ],
    "yvalues": [
        -12.0,
        -6.0,
        0.0,
        6.0,
        12.0
    ],
    "flux": [
        [
            0.0,
            2620.0,
            9693.0,
            9830.0,
            10083.0
        ],
        [
            0.0,
            17898.0,
            44715.0,
            43246.0,
            43194.0
        ],
        [
            0.0,
            38180.0,
            83034.0,
            81086.0,
            80321.0
        ],
        [
            0.0,
            17939.0,
            44889.0,
            43904.0,
            44380.0
        ],
        [
            0.0,
            2574.0,
            10375.0,
            10413.0,
            10231.0
        ]
    ],
    "sim_time": 17.029255628585815
}