{
    "dni": 1000.0,
    "generated_rays": 6477505,
    "power_per_ray": 0.241579718871602,
    "num_rays": 705323.0,
    "avg_flux": 16687.747117449377,
    "peak_flux": 48701.174733501946,
    "min_flux": 0.0,
    "radius": 0.0,
    "bin_size_x": 0.06807059529144252,
    "bin_size_y": 6.0,
    "xvalues": [
        -0.13614119058288504,
        -0.0680705952914425,
        2.7755575615628914e-17,
        0.06807059529144252,
        0.13614119058288507
    ],
    "yvalues": [
        -12.0,
        -6.0,
        0.0,
        6.0,
        12.0
    ],
    "flux": [
        [
            0.0,
            5801.0,
            9758.0,
            9763.0,
            9911.0
        ],
        [
            0.0,
            30973.0,
            44073.0,
            43260.0,
            43309.0
        ],
        [
            0.0,
            61588.0,
            82336.0,
            81371.0,
            81484.0
        ],
        [
            0.0,
            31299.0,
            44706.0,
            43926.0,
            43794.0
        ],
        [
            0.0,
            6090.0,
            10901.0,
            10612.0,
            10368.0
        ]
    ],
    "sim_time": 14.312658309936523
}