{
    "dni": 1000.0,
    "generated_rays": 4472687,
    "power_per_ray": 0.3168378255706411,
    "num_rays": 879740.0,
    "avg_flux": 27298.61133862763,
    "peak_flux": 71400.76009978195,
    "min_flux": 2947.1043852571884,
    "radius": 0.0,
    "bin_size_x": 0.06807059529144252,
    "bin_size_y": 6.0,
    "xvalues": [
        -0.13614119058288504,
        -0.0680705952914425,
        2.7755575615628914e-17,
        0.06807059529144252,
        0.13614119058288507
    ],
    "yvalues": [
        -12.0,
        -6.0,
        0.0,
        6.0,
        12.0
    ],
    "flux": [
        [
            4193.0,
            7906.0,
            7863.0,
            7982.0,
            7899.0
        ],
        [
            25120.0,
            42647.0,
            42917.0,
            43053.0,
            42853.0
        ],
        [
            54784.0,
            91584.0,
            92040.0,
            91792.0,
            91321.0
        ],
        [
            24548.0,
            42160.0,
            42365.0,
            42075.0,
            42228.0
        ],
        [
            3799.0,
            7051.0,
            7217.0,
            7161.0,
            7182.0
        ]
    ],
    "sim_time": 15.969700574874878
}