{
    "dni": 1000.0,
    "generated_rays": 8207166,
    "power_per_ray": 0.20554934443723194,
    "num_rays": 584877.0,
    "avg_flux": 11774.15724677118,
    "peak_flux": 38916.740503604815,
    "min_flux": 0.0,
    "radius": 0.0,
    "bin_size_x": 0.06807059529144252,
    "bin_size_y": 6.0,
    "xvalues": [
        -0.13614119058288504,
        -0.0680705952914425,
        2.7755575615628914e-17,
        0.06807059529144252,
        0.13614119058288507
    ],
    "yvalues": [
        -12.0,
        -6.0,
        0.0,
        6.0,
        12.0
    ],
    "flux": [
        [
            0.0,
            881.0,
            9905.0,
            11650.0,
            11583.0
        ],
        [
            0.0,
            7564.0,
            41973.0,
            44278.0,
            44053.0
        ],
        [
            0.0,
            15921.0,
            74214.0,
            77327.0,
            75813.0
        ],
        [
            0.0,
            7528.0,
            41191.0,
            44049.0,
            43803.0
        ],
        [
            0.0,
            813.0,
            9799.0,
            11341.0,
            11191.0
        ]
    ],
    "sim_time": 16.716532468795776
}