{
    "dni": 1000.0,
    "generated_rays": 18330435,
    "power_per_ray": 0.0957361338643582,
    "num_rays": 53284.0,
    "avg_flux": 499.5993874680432,
    "peak_flux": 3816.3321200394166,
    "min_flux": 0.0,
    "radius": 0.0,
    "bin_size_x": 0.06807059529144252,
    "bin_size_y": 6.0,
    "xvalues": [
        -0.13614119058288504,
        -0.0680705952914425,
        2.7755575615628914e-17,
        0.06807059529144252,
        0.13614119058288507
    ],
    "yvalues": [
        -12.0,
        -6.0,
        0.0,
        6.0,
        12.0
    ],
    "flux": [
        [
            0.0,
            0.0,
            0.0,
            0.0,
            6138.0
        ],
        [
            0.0,
            0.0,
            0.0,
            1.0,
            12850.0
        ],
        [
            0.0,
            0.0,
            0.0,
            1.0,
            16281.0
        ],
        [
            0.0,
            0.0,
            0.0,
            0.0,
            12189.0
        ],
        [
            0.0,
            0.0,
            0.0,
            0.0,
            5824.0
        ]
    ],
    "sim_time": 17.43507480621338
}