{
    "dni": 1000.0,
    "generated_rays": 4944085,
    "power_per_ray": 0.29948584626142044,
    "num_rays": 830565.0,
    "avg_flux": 24361.224875942607,
    "peak_flux": 66136.79592990216,
    "min_flux": 1384.418816281075,
    "radius": 0.0,
    "bin_size_x": 0.06807059529144252,
    "bin_size_y": 6.0,
    "xvalues": [
        -0.13614119058288504,
        -0.0680705952914425,
        2.7755575615628914e-17,
        0.06807059529144252,
        0.13614119058288507
    ],
    "yvalues": [
        -12.0,
        -6.0,
        0.0,
        6.0,
        12.0
    ],
    "flux": [
        [
            2036.0,
            8425.0,
            8296.0,
            8251.0,
            8427.0
        ],
        [
            14123.0,
            43514.0,
            42690.0,
            43492.0,
            43151.0
        ],
        [
            32109.0,
            90194.0,
            90004.0,
            90017.0,
            89850.0
        ],
        [
            13862.0,
            42867.0,
            42280.0,
            42325.0,
            42296.0
        ],
        [
            1888.0,
            7585.0,
            7614.0,
            7570.0,
            7699.0
        ]
    ],
    "sim_time": 16.304229736328125
}