{
    "dni": 1000.0,
    "generated_rays": 4852328,
    "power_per_ray": 0.29767523540316937,
    "num_rays": 838433.0,
    "avg_flux": 24443.32383424511,
    "peak_flux": 65244.25514602699,
    "min_flux": 1760.876253187082,
    "radius": 0.0,
    "bin_size_x": 0.06807059529144252,
    "bin_size_y": 6.0,
    "xvalues": [
        -0.13614119058288504,
        -0.0680705952914425,
        2.7755575615628914e-17,
        0.06807059529144252,
        0.13614119058288507
    ],
    "yvalues": [
        -12.0,
        -6.0,
        0.0,
        6.0,
        12.0
    ],
    "flux": [
        [
            2416.0,
            7856.0,
            8005.0,
            8000.0,
            8027.0
        ],
        [
            15885.0,
            42803.0,
            42543.0,
            42836.0,
            42518.0
        ],
        [
            34961.0,
            89518.0,
            88836.0,
            88897.0,
            88841.0
        ],
        [
            16054.0,
            43809.0,
            43195.0,
            42834.0,
            43035.0
        ],
        [
            2632.0,
            8743.0,
            8754.0,
            8705.0,
            8730.0
        ]
    ],
    "sim_time": 14.020709753036499
}