{
    "dni": 1000.0,
    "generated_rays": 4361075,
    "power_per_ray": 0.3361737666659449,
    "num_rays": 891600.0,
    "avg_flux": 29355.066758371388,
    "peak_flux": 79853.94674265811,
    "min_flux": 2838.8746424860624,
    "radius": 0.0,
    "bin_size_x": 0.06807059529144252,
    "bin_size_y": 6.0,
    "xvalues": [
        -0.13614119058288504,
        -0.0680705952914425,
        2.7755575615628914e-17,
        0.06807059529144252,
        0.13614119058288507
    ],
    "yvalues": [
        -12.0,
        -6.0,
        0.0,
        6.0,
        12.0
    ],
    "flux": [
        [
            3508.0,
            6138.0,
            6198.0,
            6181.0,
            6171.0
        ],
        [
            26349.0,
            41796.0,
            42195.0,
            42388.0,
            42248.0
        ],
        [
            62472.0,
            96713.0,
            97016.0,
            96934.0,
            96762.0
        ],
        [
            25832.0,
            41694.0,
            41388.0,
            41353.0,
            41269.0
        ],
        [
            3449.0,
            5836.0,
            6030.0,
            5782.0,
            5898.0
        ]
    ],
    "sim_time": 16.792832851409912
}