{
    "dni": 1000.0,
    "generated_rays": 8896853,
    "power_per_ray": 0.1890327955899703,
    "num_rays": 537065.0,
    "avg_flux": 9942.902945474932,
    "peak_flux": 33816.12644210827,
    "min_flux": 0.0,
    "radius": 0.0,
    "bin_size_x": 0.06807059529144252,
    "bin_size_y": 6.0,
    "xvalues": [
        -0.13614119058288504,
        -0.0680705952914425,
        2.7755575615628914e-17,
        0.06807059529144252,
        0.13614119058288507
    ],
    "yvalues": [
        -12.0,
        -6.0,
        0.0,
        6.0,
        12.0
    ],
    "flux": [
        [
            0.0,
            316.0,
            8509.0,
            12605.0,
            12544.0
        ],
        [
            0.0,
            2659.0,
            36157.0,
            44209.0,
            43846.0
        ],
        [
            0.0,
            5240.0,
            62891.0,
            73063.0,
            71890.0
        ],
        [
            0.0,
            2480.0,
            36497.0,
            44892.0,
            43758.0
        ],
        [
            0.0,
            282.0,
            8887.0,
            13303.0,
            13037.0
        ]
    ],
    "sim_time": 14.874166011810303
}