{
    "dni": 1000.0,
    "generated_rays": 5053556,
    "power_per_ray": 0.2531516859294302,
    "num_rays": 912885.0,
    "avg_flux": 22633.206582102604,
    "peak_flux": 50227.00729484279,
    "min_flux": 5148.2775451164225,
    "radius": 0.0,
    "bin_size_x": 0.06807059529144252,
    "bin_size_y": 6.0,
    "xvalues": [
        -0.13614119058288504,
        -0.0680705952914425,
        2.7755575615628914e-17,
        0.06807059529144252,
        0.13614119058288507
    ],
    "yvalues": [
        -12.0,
        -6.0,
        0.0,
        6.0,
        12.0
    ],
    "flux": [
        [
            8306.0,
            10210.0,
            10361.0,
            10297.0,
            10390.0
        ],
        [
            36873.0,
            45276.0,
            45503.0,
            45268.0,
            45687.0
        ],
        [
            66044.0,
            80741.0,
            80664.0,
            81034.0,
            80304.0
        ],
        [
            33643.0,
            41781.0,
            41495.0,
            41776.0,
            41709.0
        ],
        [
            9043.0,
            11722.0,
            11626.0,
            11558.0,
            11574.0
        ]
    ],
    "sim_time": 14.557775259017944
}