{
    "dni": 1000.0,
    "generated_rays": 3909798,
    "power_per_ray": 0.3403138970903369,
    "num_rays": 962518.0,
    "avg_flux": 32080.24945251466,
    "peak_flux": 80282.44756850747,
    "min_flux": 5036.92159368581,
    "radius": 0.0,
    "bin_size_x": 0.06807059529144252,
    "bin_size_y": 6.0,
    "xvalues": [
        -0.13614119058288504,
        -0.0680705952914425,
        2.7755575615628914e-17,
        0.06807059529144252,
        0.13614119058288507
    ],
    "yvalues": [
        -12.0,
        -6.0,
        0.0,
        6.0,
        12.0
    ],
    "flux": [
        [
            6103.0,
            6097.0,
            6045.0,
            6164.0,
            6123.0
        ],
        [
            41142.0,
            40809.0,
            41153.0,
            41027.0,
            40870.0
        ],
        [
            95670.0,
            95920.0,
            96350.0,
            96077.0,
            96206.0
        ],
        [
            43016.0,
            42638.0,
            42368.0,
            42387.0,
            42507.0
        ],
        [
            6715.0,
            6943.0,
            6803.0,
            6682.0,
            6703.0
        ]
    ],
    "sim_time": 14.359012603759766
}