{
    "dni": 1000.0,
    "generated_rays": 11340263,
    "power_per_ray": 0.15218175018923896,
    "num_rays": 378604.0,
    "avg_flux": 5642.8299769244495,
    "peak_flux": 23829.37749695258,
    "min_flux": 0.0,
    "radius": 0.0,
    "bin_size_x": 0.06807059529144252,
    "bin_size_y": 6.0,
    "xvalues": [
        -0.13614119058288504,
        -0.0680705952914425,
        2.7755575615628914e-17,
        0.06807059529144252,
        0.13614119058288507
    ],
    "yvalues": [
        -12.0,
        -6.0,
        0.0,
        6.0,
        12.0
    ],
    "flux": [
        [
            0.0,
            0.0,
            1945.0,
            12367.0,
            16010.0
        ],
        [
            0.0,
            0.0,
            9447.0,
            37841.0,
            43506.0
        ],
        [
            0.0,
            0.0,
            15668.0,
            57290.0,
            63953.0
        ],
        [
            0.0,
            0.0,
            9467.0,
            37650.0,
            43389.0
        ],
        [
            0.0,
            0.0,
            1996.0,
            12277.0,
            15798.0
        ]
    ],
    "sim_time": 17.359111070632935
}