{
    "dni": 1000.0,
    "generated_rays": 11933577,
    "power_per_ray": 0.09990905801426955,
    "num_rays": 886880.0,
    "avg_flux": 8677.985454397285,
    "peak_flux": 17233.807089114176,
    "min_flux": 1273.25326679308,
    "radius": 0.0,
    "bin_size_x": 0.06807059529144252,
    "bin_size_y": 6.0,
    "xvalues": [
        -0.13614119058288504,
        -0.0680705952914425,
        2.7755575615628914e-17,
        0.06807059529144252,
        0.13614119058288507
    ],
    "yvalues": [
        -12.0,
        -6.0,
        0.0,
        6.0,
        12.0
    ],
    "flux": [
        [
            5205.0,
            5617.0,
            5579.0,
            5694.0,
            5573.0
        ],
        [
            17640.0,
            18368.0,
            18412.0,
            18384.0,
            18165.0
        ],
        [
            53089.0,
            57477.0,
            57178.0,
            57364.0,
            57199.0
        ],
        [
            65168.0,
            70451.0,
            70155.0,
            70142.0,
            70012.0
        ],
        [
            26058.0,
            28726.0,
            28231.0,
            28432.0,
            28561.0
        ]
    ],
    "sim_time": 18.653558015823364
}