{
    "dni": 1000.0,
    "generated_rays": 7998057,
    "power_per_ray": 0.20962948054598957,
    "num_rays": 598287.0,
    "avg_flux": 12283.188503586309,
    "peak_flux": 39955.61880210416,
    "min_flux": 0.0,
    "radius": 0.0,
    "bin_size_x": 0.06807059529144252,
    "bin_size_y": 6.0,
    "xvalues": [
        -0.13614119058288504,
        -0.0680705952914425,
        2.7755575615628914e-17,
        0.06807059529144252,
        0.13614119058288507
    ],
    "yvalues": [
        -12.0,
        -6.0,
        0.0,
        6.0,
        12.0
    ],
    "flux": [
        [
            0.0,
            1127.0,
            9858.0,
            11001.0,
            11100.0
        ],
        [
            0.0,
            9346.0,
            42464.0,
            44088.0,
            43466.0
        ],
        [
            0.0,
            19526.0,
            75897.0,
            77846.0,
            76445.0
        ],
        [
            0.0,
            9018.0,
            42986.0,
            44743.0,
            44571.0
        ],
        [
            0.0,
            1173.0,
            10520.0,
            11655.0,
            11457.0
        ]
    ],
    "sim_time": 14.673805475234985
}