{
    "dni": 1000.0,
    "generated_rays": 4683139,
    "power_per_ray": 0.30940604361828594,
    "num_rays": 856157.0,
    "avg_flux": 25943.669113115837,
    "peak_flux": 69101.74541065407,
    "min_flux": 2207.5347102114315,
    "radius": 0.0,
    "bin_size_x": 0.06807059529144252,
    "bin_size_y": 6.0,
    "xvalues": [
        -0.13614119058288504,
        -0.0680705952914425,
        2.7755575615628914e-17,
        0.06807059529144252,
        0.13614119058288507
    ],
    "yvalues": [
        -12.0,
        -6.0,
        0.0,
        6.0,
        12.0
    ],
    "flux": [
        [
            3214.0,
            8127.0,
            8048.0,
            8171.0,
            8128.0
        ],
        [
            20005.0,
            42944.0,
            42976.0,
            43175.0,
            43024.0
        ],
        [
            44039.0,
            90745.0,
            91107.0,
            91216.0,
            90557.0
        ],
        [
            19308.0,
            42406.0,
            42204.0,
            41997.0,
            42346.0
        ],
        [
            2914.0,
            7333.0,
            7438.0,
            7328.0,
            7407.0
        ]
    ],
    "sim_time": 16.7275173664093
}