{
    "dni": 1000.0,
    "generated_rays": 6019604,
    "power_per_ray": 0.23575556005527723,
    "num_rays": 833845.0,
    "avg_flux": 19252.91374664053,
    "peak_flux": 45767.64941756663,
    "min_flux": 2347.029342798733,
    "radius": 0.0,
    "bin_size_x": 0.06807059529144252,
    "bin_size_y": 6.0,
    "xvalues": [
        -0.13614119058288504,
        -0.0680705952914425,
        2.7755575615628914e-17,
        0.06807059529144252,
        0.13614119058288507
    ],
    "yvalues": [
        -12.0,
        -6.0,
        0.0,
        6.0,
        12.0
    ],
    "flux": [
        [
            4116.0,
            10555.0,
            10591.0,
            10688.0,
            10686.0
        ],
        [
            19212.0,
            45367.0,
            45280.0,
            45875.0,
            45137.0
        ],
        [
            34125.0,
            79244.0,
            79044.0,
            79163.0,
            79288.0
        ],
        [
            16854.0,
            41675.0,
            41729.0,
            41666.0,
            41713.0
        ],
        [
            4066.0,
            11902.0,
            12253.0,
            11796.0,
            11820.0
        ]
    ],
    "sim_time": 15.661906719207764
}