{
    "dni": 1000.0,
    "generated_rays": 5994397,
    "power_per_ray": 0.26915405815079935,
    "num_rays": 732226.0,
    "avg_flux": 19301.68707351805,
    "peak_flux": 58194.9452901549,
    "min_flux": 0.0,
    "radius": 0.0,
    "bin_size_x": 0.06807059529144252,
    "bin_size_y": 6.0,
    "xvalues": [
        -0.13614119058288504,
        -0.0680705952914425,
        2.7755575615628914e-17,
        0.06807059529144252,
        0.13614119058288507
    ],
    "yvalues": [
        -12.0,
        -6.0,
        0.0,
        6.0,
        12.0
    ],
    "flux": [
        [
            3.0,
            5575.0,
            7884.0,
            8180.0,
            8182.0
        ],
        [
            37.0,
            35644.0,
            43579.0,
            43740.0,
            43532.0
        ],
        [
            112.0,
            78095.0,
            88161.0,
            87973.0,
            88307.0
        ],
        [
            44.0,
            35251.0,
            43022.0,
            42961.0,
            43120.0
        ],
        [
            0.0,
            5458.0,
            7772.0,
            7906.0,
            7688.0
        ]
    ],
    "sim_time": 16.303353786468506
}