{
    "dni": 1000.0,
    "generated_rays": 7698219,
    "power_per_ray": 0.2058075256698911,
    "num_rays": 644603.0,
    "avg_flux": 12992.800381367866,
    "peak_flux": 37808.65142632025,
    "min_flux": 0.0,
    "radius": 0.0,
    "bin_size_x": 0.06807059529144252,
    "bin_size_y": 6.0,
    "xvalues": [
        -0.13614119058288504,
        -0.0680705952914425,
        2.7755575615628914e-17,
        0.06807059529144252,
        0.13614119058288507
    ],
    "yvalues": [
        -12.0,
        -6.0,
        0.0,
        6.0,
        12.0
    ],
    "flux": [
        [
            0.0,
            3790.0,
            11817.0,
            11814.0,
            11722.0
        ],
        [
            0.0,
            19168.0,
            43976.0,
            44124.0,
            43545.0
        ],
        [
            0.0,
            35015.0,
            74899.0,
            75031.0,
            74465.0
        ],
        [
            0.0,
            18683.0,
            44783.0,
            44654.0,
            44601.0
        ],
        [
            0.0,
            3853.0,
            13021.0,
            12883.0,
            12759.0
        ]
    ],
    "sim_time": 14.616807699203491
}