{
    "dni": 1000.0,
    "generated_rays": 5990690,
    "power_per_ray": 0.2693206089310209,
    "num_rays": 732188.0,
    "avg_flux": 19312.62852119021,
    "peak_flux": 58228.318283919536,
    "min_flux": 0.6594149494798539,
    "radius": 0.0,
    "bin_size_x": 0.06807059529144252,
    "bin_size_y": 6.0,
    "xvalues": [
        -0.13614119058288504,
        -0.0680705952914425,
        2.7755575615628914e-17,
        0.06807059529144252,
        0.13614119058288507
    ],
    "yvalues": [
        -12.0,
        -6.0,
        0.0,
        6.0,
        12.0
    ],
    "flux": [
        [
            1.0,
            5442.0,
            7796.0,
            7961.0,
            7946.0
        ],
        [
            39.0,
            35119.0,
            42841.0,
            42954.0,
            43286.0
        ],
        [
            128.0,
            78335.0,
            87987.0,
            88095.0,
            88303.0
        ],
        [
            28.0,
            35670.0,
            43669.0,
            43286.0,
            43402.0
        ],
        [
            1.0,
            5663.0,
            8021.0,
            8271.0,
            7944.0
        ]
    ],
    "sim_time": 14.977044582366943
}