{
    "dni": 1000.0,
    "generated_rays": 4060850,
    "power_per_ray": 0.34008868096604594,
    "num_rays": 941687.0,
    "avg_flux": 31365.191616311506,
    "peak_flux": 80772.2289137858,
    "min_flux": 4320.80880635074,
    "radius": 0.0,
    "bin_size_x": 0.06807059529144252,
    "bin_size_y": 6.0,
    "xvalues": [
        -0.13614119058288504,
        -0.0680705952914425,
        2.7755575615628914e-17,
        0.06807059529144252,
        0.13614119058288507
    ],
    "yvalues": [
        -12.0,
        -6.0,
        0.0,
        6.0,
        12.0
    ],
    "flux": [
        [
            5189.0,
            5934.0,
            6070.0,
            5972.0,
            6053.0
        ],
        [
            36496.0,
            41056.0,
            41402.0,
            41392.0,
            41479.0
        ],
        [
            86117.0,
            96475.0,
            97002.0,
            96660.0,
            96639.0
        ],
        [
            37410.0,
            42319.0,
            42459.0,
            41781.0,
            42361.0
        ],
        [
            5572.0,
            6520.0,
            6499.0,
            6413.0,
            6417.0
        ]
    ],
    "sim_time": 14.146565675735474
}