{
    "dni": 1000.0,
    "generated_rays": 5149520,
    "power_per_ray": 0.3007802409356531,
    "num_rays": 812429.0,
    "avg_flux": 23932.271030967142,
    "peak_flux": 68945.6929134467,
    "min_flux": 672.3714765005003,
    "radius": 0.0,
    "bin_size_x": 0.06807059529144252,
    "bin_size_y": 6.0,
    "xvalues": [
        -0.13614119058288504,
        -0.0680705952914425,
        2.7755575615628914e-17,
        0.06807059529144252,
        0.13614119058288507
    ],
    "yvalues": [
        -12.0,
        -6.0,
        0.0,
        6.0,
        12.0
    ],
    "flux": [
        [
            913.0,
            6944.0,
            6960.0,
            7061.0,
            6896.0
        ],
        [
            9359.0,
            42441.0,
            42034.0,
            42155.0,
            41982.0
        ],
        [
            23650.0,
            93620.0,
            92260.0,
            91795.0,
            92091.0
        ],
        [
            9427.0,
            43800.0,
            42997.0,
            42948.0,
            42535.0
        ],
        [
            925.0,
            7346.0,
            7421.0,
            7504.0,
            7365.0
        ]
    ],
    "sim_time": 14.138836860656738
}