{
    "dni": 1000.0,
    "generated_rays": 11234272,
    "power_per_ray": 0.15371561334002998,
    "num_rays": 396163.0,
    "avg_flux": 5964.047399801118,
    "peak_flux": 24351.077133309533,
    "min_flux": 0.0,
    "radius": 0.0,
    "bin_size_x": 0.06807059529144252,
    "bin_size_y": 6.0,
    "xvalues": [
        -0.13614119058288504,
        -0.0680705952914425,
        2.7755575615628914e-17,
        0.06807059529144252,
        0.13614119058288507
    ],
    "yvalues": [
        -12.0,
        -6.0,
        0.0,
        6.0,
        12.0
    ],
    "flux": [
        [
            0.0,
            0.0,
            2527.0,
            13079.0,
            16038.0
        ],
        [
            0.0,
            0.0,
            11596.0,
            39456.0,
            43933.0
        ],
        [
            0.0,
            0.0,
            19522.0,
            60004.0,
            64701.0
        ],
        [
            0.0,
            0.0,
            11561.0,
            38815.0,
            43774.0
        ],
        [
            0.0,
            0.0,
            2524.0,
            12942.0,
            15691.0
        ]
    ],
    "sim_time": 16.92539143562317
}