{
    "dni": 1000.0,
    "generated_rays": 4696323,
    "power_per_ray": 0.3147204016845447,
    "num_rays": 851017.0,
    "avg_flux": 26230.847640223947,
    "peak_flux": 71337.38756067777,
    "min_flux": 1954.945096961875,
    "radius": 0.0,
    "bin_size_x": 0.06807059529144252,
    "bin_size_y": 6.0,
    "xvalues": [
        -0.13614119058288504,
        -0.0680705952914425,
        2.7755575615628914e-17,
        0.06807059529144252,
        0.13614119058288507
    ],
    "yvalues": [
        -12.0,
        -6.0,
        0.0,
        6.0,
        12.0
    ],
    "flux": [
        [
            2762.0,
            7635.0,
            7793.0,
            7579.0,
            7644.0
        ],
        [
            18167.0,
            43124.0,
            42810.0,
            43568.0,
            43024.0
        ],
        [
            41334.0,
            92444.0,
            92210.0,
            92105.0,
            92577.0
        ],
        [
            17686.0,
            41867.0,
            42032.0,
            41903.0,
            42455.0
        ],
        [
            2537.0,
            6859.0,
            6851.0,
            7089.0,
            6962.0
        ]
    ],
    "sim_time": 16.90619444847107
}