{
    "dni": 1000.0,
    "generated_rays": 7828418,
    "power_per_ray": 0.20216993571158498,
    "num_rays": 675807.0,
    "avg_flux": 13380.996317961808,
    "peak_flux": 36996.34898737604,
    "min_flux": 0.0,
    "radius": 0.0,
    "bin_size_x": 0.06807059529144252,
    "bin_size_y": 6.0,
    "xvalues": [
        -0.13614119058288504,
        -0.0680705952914425,
        2.7755575615628914e-17,
        0.06807059529144252,
        0.13614119058288507
    ],
    "yvalues": [
        -12.0,
        -6.0,
        0.0,
        6.0,
        12.0
    ],
    "flux": [
        [
            0.0,
            6256.0,
            11772.0,
            11858.0,
            12024.0
        ],
        [
            0.0,
            27340.0,
            43818.0,
            44026.0,
            44342.0
        ],
        [
            0.0,
            47720.0,
            74198.0,
            74740.0,
            74044.0
        ],
        [
            0.0,
            26131.0,
            44086.0,
            43715.0,
            44014.0
        ],
        [
            0.0,
            6194.0,
            13306.0,
            13240.0,
            12983.0
        ]
    ],
    "sim_time": 14.434812784194946
}