{
    "dni": 1000.0,
    "generated_rays": 14306003,
    "power_per_ray": 0.0953112580195761,
    "num_rays": 808375.0,
    "avg_flux": 7545.816993049548,
    "peak_flux": 15967.448155726897,
    "min_flux": 885.3820835512598,
    "radius": 0.0,
    "bin_size_x": 0.06807059529144252,
    "bin_size_y": 6.0,
    "xvalues": [
        -0.13614119058288504,
        -0.0680705952914425,
        2.7755575615628914e-17,
        0.06807059529144252,
        0.13614119058288507
    ],
    "yvalues": [
        -12.0,
        -6.0,
        0.0,
        6.0,
        12.0
    ],
    "flux": [
        [
            14218.0,
            28531.0,
            28525.0,
            28412.0,
            28208.0
        ],
        [
            36927.0,
            67806.0,
            67813.0,
            67975.0,
            68423.0
        ],
        [
            33754.0,
            56347.0,
            56328.0,
            55960.0,
            55476.0
        ],
        [
            13188.0,
            18545.0,
            18735.0,
            18492.0,
            18290.0
        ],
        [
            3794.0,
            5733.0,
            5682.0,
            5638.0,
            5575.0
        ]
    ],
    "sim_time": 17.683460235595703
}