{
    "dni": 1000.0,
    "generated_rays": 18712878,
    "power_per_ray": 0.09298096518883035,
    "num_rays": 33261.0,
    "avg_flux": 302.88554305566913,
    "peak_flux": 2320.51978320438,
    "min_flux": 0.0,
    "radius": 0.0,
    "bin_size_x": 0.06807059529144252,
    "bin_size_y": 6.0,
    "xvalues": [
        -0.13614119058288504,
        -0.0680705952914425,
        2.7755575615628914e-17,
        0.06807059529144252,
        0.13614119058288507
    ],
    "yvalues": [
        -12.0,
        -6.0,
        0.0,
        6.0,
        12.0
    ],
    "flux": [
        [
            0.0,
            0.0,
            0.0,
            0.0,
            3483.0
        ],
        [
            0.0,
            0.0,
            0.0,
            0.0,
            7932.0
        ],
        [
            0.0,
            0.0,
            0.0,
            0.0,
            10193.0
        ],
        [
            0.0,
            0.0,
            0.0,
            0.0,
            7882.0
        ],
        [
            0.0,
            0.0,
            0.0,
            0.0,
            3771.0
        ]
    ],
    "sim_time": 18.652403593063354
}