{
    "dni": 1000.0,
    "generated_rays": 11088735,
    "power_per_ray": 0.14839009220919389,
    "num_rays": 410307.0,
    "avg_flux": 5962.975476992968,
    "peak_flux": 22603.476991019135,
    "min_flux": 0.0,
    "radius": 0.0,
    "bin_size_x": 0.06807059529144252,
    "bin_size_y": 6.0,
    "xvalues": [
        -0.13614119058288504,
        -0.0680705952914425,
        2.7755575615628914e-17,
        0.06807059529144252,
        0.13614119058288507
    ],
    "yvalues": [
        -12.0,
        -6.0,
        0.0,
        6.0,
        12.0
    ],
    "flux": [
        [
            0.0,
            0.0,
            3888.0,
            14750.0,
            16453.0
        ],
        [
            0.0,
            0.0,
            14478.0,
            40433.0,
            42720.0
        ],
        [
            0.0,
            0.0,
            23151.0,
            58427.0,
            62213.0
        ],
        [
            0.0,
            0.0,
            14260.0,
            40337.0,
            43301.0
        ],
        [
            0.0,
            0.0,
            3683.0,
            15022.0,
            17191.0
        ]
    ],
    "sim_time": 15.351446390151978
}