{
    "dni": 1000.0,
    "generated_rays": 10134280,
    "power_per_ray": 0.1656346252708124,
    "num_rays": 467181.0,
    "avg_flux": 7578.539067893377,
    "peak_flux": 27491.165433437804,
    "min_flux": 0.0,
    "radius": 0.0,
    "bin_size_x": 0.06807059529144252,
    "bin_size_y": 6.0,
    "xvalues": [
        -0.13614119058288504,
        -0.0680705952914425,
        2.7755575615628914e-17,
        0.06807059529144252,
        0.13614119058288507
    ],
    "yvalues": [
        -12.0,
        -6.0,
        0.0,
        6.0,
        12.0
    ],
    "flux": [
        [
            0.0,
            0.0,
            5539.0,
            14180.0,
            14677.0
        ],
        [
            0.0,
            0.0,
            23481.0,
            43138.0,
            44038.0
        ],
        [
            0.0,
            0.0,
            39713.0,
            67047.0,
            67788.0
        ],
        [
            0.0,
            0.0,
            23542.0,
            43958.0,
            44312.0
        ],
        [
            0.0,
            0.0,
            5602.0,
            15011.0,
            15155.0
        ]
    ],
    "sim_time": 15.092720985412598
}