{
    "dni": 1000.0,
    "generated_rays": 5864083,
    "power_per_ray": 0.2720362957007068,
    "num_rays": 750008.0,
    "avg_flux": 19982.137386669336,
    "peak_flux": 58454.45512552826,
    "min_flux": 18.649795963067778,
    "radius": 0.0,
    "bin_size_x": 0.06807059529144252,
    "bin_size_y": 6.0,
    "xvalues": [
        -0.13614119058288504,
        -0.0680705952914425,
        2.7755575615628914e-17,
        0.06807059529144252,
        0.13614119058288507
    ],
    "yvalues": [
        -12.0,
        -6.0,
        0.0,
        6.0,
        12.0
    ],
    "flux": [
        [
            35.0,
            6719.0,
            8558.0,
            8680.0,
            8534.0
        ],
        [
            888.0,
            39532.0,
            44031.0,
            43656.0,
            43786.0
        ],
        [
            2510.0,
            82997.0,
            87317.0,
            87761.0,
            87753.0
        ],
        [
            945.0,
            38554.0,
            42575.0,
            42530.0,
            42407.0
        ],
        [
            28.0,
            6401.0,
            8015.0,
            7872.0,
            7924.0
        ]
    ],
    "sim_time": 16.565686225891113
}