{
    "dni": 1000.0,
    "generated_rays": 20741648,
    "power_per_ray": 0.05776071028325201,
    "num_rays": 816055.0,
    "avg_flux": 4616.375712928419,
    "peak_flux": 9323.347350203294,
    "min_flux": 808.2355723384426,
    "radius": 0.0,
    "bin_size_x": 0.06807059529144252,
    "bin_size_y": 6.0,
    "xvalues": [
        -0.13614119058288504,
        -0.0680705952914425,
        2.7755575615628914e-17,
        0.06807059529144252,
        0.13614119058288507
    ],
    "yvalues": [
        -12.0,
        -6.0,
        0.0,
        6.0,
        12.0
    ],
    "flux": [
        [
            35906.0,
            41387.0,
            41583.0,
            41559.0,
            41489.0
        ],
        [
            58888.0,
            65868.0,
            65925.0,
            65660.0,
            65452.0
        ],
        [
            37103.0,
            38488.0,
            38623.0,
            38486.0,
            38660.0
        ],
        [
            14993.0,
            14231.0,
            14298.0,
            14204.0,
            14090.0
        ],
        [
            5807.0,
            5801.0,
            5866.0,
            5973.0,
            5715.0
        ]
    ],
    "sim_time": 19.9228298664093
}