{
    "dni": 1000.0,
    "generated_rays": 4744611,
    "power_per_ray": 0.27833410489017407,
    "num_rays": 898520.0,
    "avg_flux": 24493.07799304243,
    "peak_flux": 57070.872560636875,
    "min_flux": 4315.837792423587,
    "radius": 0.0,
    "bin_size_x": 0.06807059529144252,
    "bin_size_y": 6.0,
    "xvalues": [
        -0.13614119058288504,
        -0.0680705952914425,
        2.7755575615628914e-17,
        0.06807059529144252,
        0.13614119058288507
    ],
    "yvalues": [
        -12.0,
        -6.0,
        0.0,
        6.0,
        12.0
    ],
    "flux": [
        [
            7472.0,
            11005.0,
            11034.0,
            11143.0,
            11107.0
        ],
        [
            30525.0,
            43833.0,
            43620.0,
            43991.0,
            43495.0
        ],
        [
            59671.0,
            83205.0,
            82906.0,
            83745.0,
            82865.0
        ],
        [
            30953.0,
            43925.0,
            43651.0,
            43546.0,
            43639.0
        ],
        [
            6333.0,
            9144.0,
            9355.0,
            9177.0,
            9180.0
        ]
    ],
    "sim_time": 16.24771785736084
}