{
    "dni": 1000.0,
    "generated_rays": 3897226,
    "power_per_ray": 0.33080137239497276,
    "num_rays": 960989.0,
    "avg_flux": 31133.99931305696,
    "peak_flux": 75791.58345513367,
    "min_flux": 5479.290224779637,
    "radius": 0.0,
    "bin_size_x": 0.06807059529144252,
    "bin_size_y": 6.0,
    "xvalues": [
        -0.13614119058288504,
        -0.0680705952914425,
        2.7755575615628914e-17,
        0.06807059529144252,
        0.13614119058288507
    ],
    "yvalues": [
        -12.0,
        -6.0,
        0.0,
        6.0,
        12.0
    ],
    "flux": [
        [
            6765.0,
            6777.0,
            6798.0,
            6773.0,
            6957.0
        ],
        [
            41848.0,
            42264.0,
            41899.0,
            42118.0,
            41991.0
        ],
        [
            92576.0,
            93576.0,
            93179.0,
            93162.0,
            92737.0
        ],
        [
            42594.0,
            42675.0,
            42761.0,
            42309.0,
            42761.0
        ],
        [
            7762.0,
            7721.0,
            7788.0,
            7613.0,
            7585.0
        ]
    ],
    "sim_time": 14.088593482971191
}