{
    "dni": 1000.0,
    "generated_rays": 4376305,
    "power_per_ray": 0.3313271817876583,
    "num_rays": 894567.0,
    "avg_flux": 29028.134861191797,
    "peak_flux": 77736.52010061024,
    "min_flux": 3016.168867561376,
    "radius": 0.0,
    "bin_size_x": 0.06807059529144252,
    "bin_size_y": 6.0,
    "xvalues": [
        -0.13614119058288504,
        -0.0680705952914425,
        2.7755575615628914e-17,
        0.06807059529144252,
        0.13614119058288507
    ],
    "yvalues": [
        -12.0,
        -6.0,
        0.0,
        6.0,
        12.0
    ],
    "flux": [
        [
            3718.0,
            6163.0,
            6297.0,
            6135.0,
            6134.0
        ],
        [
            26408.0,
            41407.0,
            41650.0,
            41541.0,
            41485.0
        ],
        [
            63394.0,
            95797.0,
            95778.0,
            95658.0,
            95825.0
        ],
        [
            27154.0,
            42494.0,
            42423.0,
            41962.0,
            42698.0
        ],
        [
            3918.0,
            6590.0,
            6757.0,
            6571.0,
            6610.0
        ]
    ],
    "sim_time": 14.386841058731079
}