{
    "dni": 1000.0,
    "generated_rays": 4031568,
    "power_per_ray": 0.34552374172764583,
    "num_rays": 941950.0,
    "avg_flux": 31875.348146717508,
    "peak_flux": 82931.06396641074,
    "min_flux": 4268.037884181481,
    "radius": 0.0,
    "bin_size_x": 0.06807059529144252,
    "bin_size_y": 6.0,
    "xvalues": [
        -0.13614119058288504,
        -0.0680705952914425,
        2.7755575615628914e-17,
        0.06807059529144252,
        0.13614119058288507
    ],
    "yvalues": [
        -12.0,
        -6.0,
        0.0,
        6.0,
        12.0
    ],
    "flux": [
        [
            5045.0,
            5760.0,
            5755.0,
            5781.0,
            5876.0
        ],
        [
            36517.0,
            41021.0,
            41465.0,
            41812.0,
            41545.0
        ],
        [
            86394.0,
            97198.0,
            98028.0,
            97861.0,
            97203.0
        ],
        [
            36834.0,
            42175.0,
            41979.0,
            41499.0,
            42212.0
        ],
        [
            5382.0,
            6231.0,
            6264.0,
            6088.0,
            6025.0
        ]
    ],
    "sim_time": 14.367488622665405
}