{
    "dni": 1000.0,
    "generated_rays": 4002881,
    "power_per_ray": 0.330034544967327,
    "num_rays": 942473.0,
    "avg_flux": 30463.339455873684,
    "peak_flux": 75366.19831631705,
    "min_flux": 4890.4353330797685,
    "radius": 0.0,
    "bin_size_x": 0.06807059529144252,
    "bin_size_y": 6.0,
    "xvalues": [
        -0.13614119058288504,
        -0.0680705952914425,
        2.7755575615628914e-17,
        0.06807059529144252,
        0.13614119058288507
    ],
    "yvalues": [
        -12.0,
        -6.0,
        0.0,
        6.0,
        12.0
    ],
    "flux": [
        [
            6052.0,
            6673.0,
            6838.0,
            6807.0,
            7000.0
        ],
        [
            37556.0,
            42278.0,
            41867.0,
            42139.0,
            42359.0
        ],
        [
            83775.0,
            93267.0,
            92949.0,
            93062.0,
            92938.0
        ],
        [
            38384.0,
            42798.0,
            42710.0,
            42497.0,
            42802.0
        ],
        [
            6919.0,
            7725.0,
            7792.0,
            7666.0,
            7620.0
        ]
    ],
    "sim_time": 14.006032466888428
}