{
    "dni": 1000.0,
    "generated_rays": 4162285,
    "power_per_ray": 0.3362186847486501,
    "num_rays": 919977.0,
    "avg_flux": 30293.39914096448,
    "peak_flux": 79011.77011897501,
    "min_flux": 3787.5927726339237,
    "radius": 0.0,
    "bin_size_x": 0.06807059529144252,
    "bin_size_y": 6.0,
    "xvalues": [
        -0.13614119058288504,
        -0.0680705952914425,
        2.7755575615628914e-17,
        0.06807059529144252,
        0.13614119058288507
    ],
    "yvalues": [
        -12.0,
        -6.0,
        0.0,
        6.0,
        12.0
    ],
    "flux": [
        [
            4601.0,
            6195.0,
            6153.0,
            6223.0,
            6245.0
        ],
        [
            32045.0,
            40968.0,
            41240.0,
            41269.0,
            41155.0
        ],
        [
            74770.0,
            95583.0,
            95757.0,
            95668.0,
            95980.0
        ],
        [
            33347.0,
            42633.0,
            42386.0,
            42310.0,
            42714.0
        ],
        [
            5067.0,
            6970.0,
            6938.0,
            6867.0,
            6893.0
        ]
    ],
    "sim_time": 14.336385488510132
}