{
    "dni": 1000.0,
    "generated_rays": 17108187,
    "power_per_ray": 0.08652267844870588,
    "num_rays": 738218.0,
    "avg_flux": 6255.525200524334,
    "peak_flux": 14154.030558135682,
    "min_flux": 417.3355514574603,
    "radius": 0.0,
    "bin_size_x": 0.06807059529144252,
    "bin_size_y": 6.0,
    "xvalues": [
        -0.13614119058288504,
        -0.0680705952914425,
        2.7755575615628914e-17,
        0.06807059529144252,
        0.13614119058288507
    ],
    "yvalues": [
        -12.0,
        -6.0,
        0.0,
        6.0,
        12.0
    ],
    "flux": [
        [
            1970.0,
            6410.0,
            6003.0,
            6002.0,
            5978.0
        ],
        [
            7317.0,
            21079.0,
            19106.0,
            19184.0,
            19074.0
        ],
        [
            13909.0,
            57139.0,
            54206.0,
            54051.0,
            54198.0
        ],
        [
            11706.0,
            66813.0,
            65202.0,
            65250.0,
            65147.0
        ],
        [
            3534.0,
            28761.0,
            28760.0,
            28704.0,
            28715.0
        ]
    ],
    "sim_time": 20.318209886550903
}