{
    "dni": 1000.0,
    "generated_rays": 6752892,
    "power_per_ray": 0.22034320435015806,
    "num_rays": 784262.0,
    "avg_flux": 16924.273140278925,
    "peak_flux": 42038.66857111572,
    "min_flux": 595.06495513386,
    "radius": 0.0,
    "bin_size_x": 0.06807059529144252,
    "bin_size_y": 6.0,
    "xvalues": [
        -0.13614119058288504,
        -0.0680705952914425,
        2.7755575615628914e-17,
        0.06807059529144252,
        0.13614119058288507
    ],
    "yvalues": [
        -12.0,
        -6.0,
        0.0,
        6.0,
        12.0
    ],
    "flux": [
        [
            1103.0,
            12382.0,
            12325.0,
            12199.0,
            12290.0
        ],
        [
            6690.0,
            41750.0,
            41511.0,
            41855.0,
            41471.0
        ],
        [
            15114.0,
            77184.0,
            77922.0,
            76777.0,
            77332.0
        ],
        [
            8272.0,
            45644.0,
            45500.0,
            45147.0,
            45438.0
        ],
        [
            1375.0,
            11431.0,
            11241.0,
            11115.0,
            11194.0
        ]
    ],
    "sim_time": 16.74189829826355
}