{
    "dni": 1000.0,
    "generated_rays": 19802149,
    "power_per_ray": 0.08705478375359901,
    "num_rays": 287579.0,
    "avg_flux": 2451.878822751487,
    "peak_flux": 10264.581946807952,
    "min_flux": 0.0,
    "radius": 0.0,
    "bin_size_x": 0.06807059529144252,
    "bin_size_y": 6.0,
    "xvalues": [
        -0.13614119058288504,
        -0.0680705952914425,
        2.7755575615628914e-17,
        0.06807059529144252,
        0.13614119058288507
    ],
    "yvalues": [
        -12.0,
        -6.0,
        0.0,
        6.0,
        12.0
    ],
    "flux": [
        [
            0.0,
            0.0,
            844.0,
            13729.0,
            21801.0
        ],
        [
            0.0,
            0.0,
            1788.0,
            29856.0,
            40926.0
        ],
        [
            0.0,
            0.0,
            1908.0,
            37340.0,
            48157.0
        ],
        [
            0.0,
            0.0,
            1044.0,
            25664.0,
            35439.0
        ],
        [
            0.0,
            0.0,
            274.0,
            10896.0,
            17913.0
        ]
    ],
    "sim_time": 17.92441701889038
}