{
    "dni": 1000.0,
    "generated_rays": 20081938,
    "power_per_ray": 0.0575314926719914,
    "num_rays": 831477.0,
    "avg_flux": 4684.951236053325,
    "peak_flux": 9422.421580237426,
    "min_flux": 806.5776557151111,
    "radius": 0.0,
    "bin_size_x": 0.06807059529144252,
    "bin_size_y": 6.0,
    "xvalues": [
        -0.13614119058288504,
        -0.0680705952914425,
        2.7755575615628914e-17,
        0.06807059529144252,
        0.13614119058288507
    ],
    "yvalues": [
        -12.0,
        -6.0,
        0.0,
        6.0,
        12.0
    ],
    "flux": [
        [
            5726.0,
            5932.0,
            5763.0,
            5887.0,
            5778.0
        ],
        [
            14529.0,
            14153.0,
            14257.0,
            14393.0,
            14171.0
        ],
        [
            38565.0,
            38490.0,
            38633.0,
            38877.0,
            38476.0
        ],
        [
            64780.0,
            66891.0,
            66354.0,
            66317.0,
            66481.0
        ],
        [
            40066.0,
            41470.0,
            41591.0,
            42041.0,
            41856.0
        ]
    ],
    "sim_time": 20.882258653640747
}