{
    "dni": 1000.0,
    "generated_rays": 4359253,
    "power_per_ray": 0.30987318796886165,
    "num_rays": 890449.0,
    "avg_flux": 27023.540210699746,
    "peak_flux": 67674.2496250146,
    "min_flux": 3689.58458161649,
    "radius": 0.0,
    "bin_size_x": 0.06807059529144252,
    "bin_size_y": 6.0,
    "xvalues": [
        -0.13614119058288504,
        -0.0680705952914425,
        2.7755575615628914e-17,
        0.06807059529144252,
        0.13614119058288507
    ],
    "yvalues": [
        -12.0,
        -6.0,
        0.0,
        6.0,
        12.0
    ],
    "flux": [
        [
            4863.0,
            8008.0,
            7966.0,
            8082.0,
            8076.0
        ],
        [
            27390.0,
            43070.0,
            42982.0,
            43043.0,
            42837.0
        ],
        [
            58024.0,
            89197.0,
            88594.0,
            89189.0,
            87922.0
        ],
        [
            27736.0,
            43290.0,
            42887.0,
            43427.0,
            43397.0
        ],
        [
            5496.0,
            8614.0,
            8787.0,
            8716.0,
            8856.0
        ]
    ],
    "sim_time": 13.935351371765137
}