{
    "dni": 1000.0,
    "generated_rays": 6739764,
    "power_per_ray": 0.2377177656892398,
    "num_rays": 687513.0,
    "avg_flux": 16006.329266703935,
    "peak_flux": 48200.83954386388,
    "min_flux": 0.0,
    "radius": 0.0,
    "bin_size_x": 0.06807059529144252,
    "bin_size_y": 6.0,
    "xvalues": [
        -0.13614119058288504,
        -0.0680705952914425,
        2.7755575615628914e-17,
        0.06807059529144252,
        0.13614119058288507
    ],
    "yvalues": [
        -12.0,
        -6.0,
        0.0,
        6.0,
        12.0
    ],
    "flux": [
        [
            0.0,
            5144.0,
            10470.0,
            10406.0,
            10322.0
        ],
        [
            0.0,
            27356.0,
            44593.0,
            43379.0,
            43722.0
        ],
        [
            0.0,
            54732.0,
            82814.0,
            81535.0,
            81936.0
        ],
        [
            0.0,
            26774.0,
            43783.0,
            43218.0,
            43322.0
        ],
        [
            0.0,
            4661.0,
            9837.0,
            9780.0,
            9729.0
        ]
    ],
    "sim_time": 16.082083463668823
}