{
    "dni": 1000.0,
    "generated_rays": 21114435,
    "power_per_ray": 0.0745832439807821,
    "num_rays": 652550.0,
    "avg_flux": 4766.55112253027,
    "peak_flux": 11120.917815147151,
    "min_flux": 0.0,
    "radius": 0.0,
    "bin_size_x": 0.06807059529144252,
    "bin_size_y": 6.0,
    "xvalues": [
        -0.13614119058288504,
        -0.0680705952914425,
        2.7755575615628914e-17,
        0.06807059529144252,
        0.13614119058288507
    ],
    "yvalues": [
        -12.0,
        -6.0,
        0.0,
        6.0,
        12.0
    ],
    "flux": [
        [
            0.0,
            7255.0,
            6733.0,
            6610.0,
            6614.0
        ],
        [
            0.0,
            23339.0,
            20200.0,
            20172.0,
            20200.0
        ],
        [
            0.0,
            48707.0,
            51519.0,
            51250.0,
            51608.0
        ],
        [
            0.0,
            48598.0,
            60444.0,
            60800.0,
            60899.0
        ],
        [
            0.0,
            20185.0,
            29236.0,
            29212.0,
            28969.0
        ]
    ],
    "sim_time": 21.365864276885986
}