{
    "dni": 1000.0,
    "generated_rays": 4843422,
    "power_per_ray": 0.3131629040995817,
    "num_rays": 841637.0,
    "avg_flux": 25813.347255075765,
    "peak_flux": 72293.97727122318,
    "min_flux": 1538.1207870400774,
    "radius": 0.0,
    "bin_size_x": 0.06807059529144252,
    "bin_size_y": 6.0,
    "xvalues": [
        -0.13614119058288504,
        -0.0680705952914425,
        2.7755575615628914e-17,
        0.06807059529144252,
        0.13614119058288507
    ],
    "yvalues": [
        -12.0,
        -6.0,
        0.0,
        6.0,
        12.0
    ],
    "flux": [
        [
            2075.0,
            6925.0,
            6997.0,
            7059.0,
            6989.0
        ],
        [
            16131.0,
            42818.0,
            42883.0,
            42753.0,
            42613.0
        ],
        [
            38082.0,
            94285.0,
            93574.0,
            93962.0,
            93378.0
        ],
        [
            15710.0,
            41777.0,
            41924.0,
            41791.0,
            41753.0
        ],
        [
            2006.0,
            6531.0,
            6620.0,
            6404.0,
            6597.0
        ]
    ],
    "sim_time": 16.29944372177124
}