{
    "dni": 1000.0,
    "generated_rays": 7116849,
    "power_per_ray": 0.22870096718726587,
    "num_rays": 626546.0,
    "avg_flux": 14033.634305073336,
    "peak_flux": 45754.91235686795,
    "min_flux": 0.0,
    "radius": 0.0,
    "bin_size_x": 0.06807059529144252,
    "bin_size_y": 6.0,
    "xvalues": [
        -0.13614119058288504,
        -0.0680705952914425,
        2.7755575615628914e-17,
        0.06807059529144252,
        0.13614119058288507
    ],
    "yvalues": [
        -12.0,
        -6.0,
        0.0,
        6.0,
        12.0
    ],
    "flux": [
        [
            0.0,
            1635.0,
            9559.0,
            9858.0,
            10053.0
        ],
        [
            0.0,
            13668.0,
            43312.0,
            44020.0,
            44189.0
        ],
        [
            0.0,
            30011.0,
            81139.0,
            81298.0,
            81711.0
        ],
        [
            0.0,
            13550.0,
            43261.0,
            44026.0,
            44185.0
        ],
        [
            0.0,
            1681.0,
            9579.0,
            10028.0,
            9783.0
        ]
    ],
    "sim_time": 14.64454960823059
}