{
    "dni": 1000.0,
    "generated_rays": 5963085,
    "power_per_ray": 0.24720992844498726,
    "num_rays": 796156.0,
    "avg_flux": 19275.83826255448,
    "peak_flux": 48733.982966578595,
    "min_flux": 783.8354088271661,
    "radius": 0.0,
    "bin_size_x": 0.06807059529144252,
    "bin_size_y": 6.0,
    "xvalues": [
        -0.13614119058288504,
        -0.0680705952914425,
        2.7755575615628914e-17,
        0.06807059529144252,
        0.13614119058288507
    ],
    "yvalues": [
        -12.0,
        -6.0,
        0.0,
        6.0,
        12.0
    ],
    "flux": [
        [
            1295.0,
            11654.0,
            11634.0,
            11723.0,
            11779.0
        ],
        [
            8255.0,
            44121.0,
            43863.0,
            43850.0,
            43897.0
        ],
        [
            17402.0,
            80331.0,
            80225.0,
            79829.0,
            80515.0
        ],
        [
            8793.0,
            43868.0,
            44055.0,
            43803.0,
            43738.0
        ],
        [
            1358.0,
            10067.0,
            10052.0,
            10124.0,
            9925.0
        ]
    ],
    "sim_time": 16.484980583190918
}