{
    "dni": 1000.0,
    "generated_rays": 5981667,
    "power_per_ray": 0.269045949282217,
    "num_rays": 742939.0,
    "avg_flux": 19576.218645557565,
    "peak_flux": 57994.368888885794,
    "min_flux": 5.9286821599760575,
    "radius": 0.0,
    "bin_size_x": 0.06807059529144252,
    "bin_size_y": 6.0,
    "xvalues": [
        -0.13614119058288504,
        -0.0680705952914425,
        2.7755575615628914e-17,
        0.06807059529144252,
        0.13614119058288507
    ],
    "yvalues": [
        -12.0,
        -6.0,
        0.0,
        6.0,
        12.0
    ],
    "flux": [
        [
            9.0,
            6221.0,
            8335.0,
            8485.0,
            8560.0
        ],
        [
            469.0,
            38133.0,
            43661.0,
            43311.0,
            43380.0
        ],
        [
            1221.0,
            81753.0,
            87561.0,
            87794.0,
            88038.0
        ],
        [
            412.0,
            37610.0,
            42809.0,
            42829.0,
            42462.0
        ],
        [
            11.0,
            6027.0,
            7988.0,
            7925.0,
            7935.0
        ]
    ],
    "sim_time": 16.287354230880737
}