{
    "dni": 1000.0,
    "generated_rays": 4941234,
    "power_per_ray": 0.299658644017546,
    "num_rays": 830672.0,
    "avg_flux": 24378.421066894516,
    "peak_flux": 66556.47742617631,
    "min_flux": 1431.4404332128445,
    "radius": 0.0,
    "bin_size_x": 0.06807059529144252,
    "bin_size_y": 6.0,
    "xvalues": [
        -0.13614119058288504,
        -0.0680705952914425,
        2.7755575615628914e-17,
        0.06807059529144252,
        0.13614119058288507
    ],
    "yvalues": [
        -12.0,
        -6.0,
        0.0,
        6.0,
        12.0
    ],
    "flux": [
        [
            1951.0,
            7515.0,
            7459.0,
            7740.0,
            7609.0
        ],
        [
            13902.0,
            42594.0,
            42242.0,
            42380.0,
            42440.0
        ],
        [
            31726.0,
            90714.0,
            90324.0,
            90053.0,
            89693.0
        ],
        [
            13991.0,
            43611.0,
            43148.0,
            42938.0,
            43014.0
        ],
        [
            2072.0,
            8506.0,
            8393.0,
            8260.0,
            8397.0
        ]
    ],
    "sim_time": 14.481112480163574
}