{
    "dni": 1000.0,
    "generated_rays": 12484320,
    "power_per_ray": 0.09939310972849816,
    "num_rays": 865814.0,
    "avg_flux": 8428.107666560338,
    "peak_flux": 17057.686485556183,
    "min_flux": 1169.091433903698,
    "radius": 0.0,
    "bin_size_x": 0.06807059529144252,
    "bin_size_y": 6.0,
    "xvalues": [
        -0.13614119058288504,
        -0.0680705952914425,
        2.7755575615628914e-17,
        0.06807059529144252,
        0.13614119058288507
    ],
    "yvalues": [
        -12.0,
        -6.0,
        0.0,
        6.0,
        12.0
    ],
    "flux": [
        [
            4804.0,
            5626.0,
            5641.0,
            5618.0,
            5619.0
        ],
        [
            16372.0,
            18235.0,
            18498.0,
            18445.0,
            18198.0
        ],
        [
            48141.0,
            57230.0,
            56687.0,
            57410.0,
            56699.0
        ],
        [
            57611.0,
            70093.0,
            69589.0,
            70052.0,
            68982.0
        ],
        [
            22666.0,
            28412.0,
            28292.0,
            28364.0,
            28530.0
        ]
    ],
    "sim_time": 19.10835599899292
}