{
    "dni": 1000.0,
    "generated_rays": 14078814,
    "power_per_ray": 0.12359975448134812,
    "num_rays": 221244.0,
    "avg_flux": 2678.1709942343878,
    "peak_flux": 14998.466923990081,
    "min_flux": 0.0,
    "radius": 0.0,
    "bin_size_x": 0.06807059529144252,
    "bin_size_y": 6.0,
    "xvalues": [
        -0.13614119058288504,
        -0.0680705952914425,
        2.7755575615628914e-17,
        0.06807059529144252,
        0.13614119058288507
    ],
    "yvalues": [
        -12.0,
        -6.0,
        0.0,
        6.0,
        12.0
    ],
    "flux": [
        [
            0.0,
            0.0,
            0.0,
            5254.0,
            15572.0
        ],
        [
            0.0,
            0.0,
            0.0,
            16255.0,
            36502.0
        ],
        [
            0.0,
            0.0,
            0.0,
            23942.0,
            49561.0
        ],
        [
            0.0,
            0.0,
            0.0,
            16628.0,
            36438.0
        ],
        [
            0.0,
            0.0,
            0.0,
            5481.0,
            15611.0
        ]
    ],
    "sim_time": 17.849228620529175
}