{
    "dni": 1000.0,
    "generated_rays": 12664180,
    "power_per_ray": 0.09925391845509347,
    "num_rays": 858555.0,
    "avg_flux": 8345.742396244874,
    "peak_flux": 17078.513851206415,
    "min_flux": 1144.1245814630647,
    "radius": 0.0,
    "bin_size_x": 0.06807059529144252,
    "bin_size_y": 6.0,
    "xvalues": [
        -0.13614119058288504,
        -0.0680705952914425,
        2.7755575615628914e-17,
        0.06807059529144252,
        0.13614119058288507
    ],
    "yvalues": [
        -12.0,
        -6.0,
        0.0,
        6.0,
        12.0
    ],
    "flux": [
        [
            21735.0,
            28658.0,
            28502.0,
            28028.0,
            28087.0
        ],
        [
            54537.0,
            69361.0,
            69814.0,
            69632.0,
            70277.0
        ],
        [
            46325.0,
            57175.0,
            57060.0,
            56705.0,
            56406.0
        ],
        [
            15994.0,
            18436.0,
            18352.0,
            18325.0,
            18106.0
        ],
        [
            4708.0,
            5682.0,
            5580.0,
            5554.0,
            5516.0
        ]
    ],
    "sim_time": 17.108678579330444
}