{
    "dni": 1000.0,
    "generated_rays": 5721385,
    "power_per_ray": 0.22037908204543988,
    "num_rays": 911328.0,
    "avg_flux": 19669.543285410826,
    "peak_flux": 42465.85000420039,
    "min_flux": 4858.420012932749,
    "radius": 0.0,
    "bin_size_x": 0.06807059529144252,
    "bin_size_y": 6.0,
    "xvalues": [
        -0.13614119058288504,
        -0.0680705952914425,
        2.7755575615628914e-17,
        0.06807059529144252,
        0.13614119058288507
    ],
    "yvalues": [
        -12.0,
        -6.0,
        0.0,
        6.0,
        12.0
    ],
    "flux": [
        [
            9004.0,
            11022.0,
            11069.0,
            10969.0,
            11068.0
        ],
        [
            32091.0,
            38217.0,
            37923.0,
            38056.0,
            37837.0
        ],
        [
            66772.0,
            78701.0,
            78465.0,
            78221.0,
            77471.0
        ],
        [
            41240.0,
            48805.0,
            48244.0,
            49035.0,
            48752.0
        ],
        [
            10132.0,
            12082.0,
            11955.0,
            12116.0,
            12081.0
        ]
    ],
    "sim_time": 16.682933568954468
}