{
    "dni": 1000.0,
    "generated_rays": 4825315,
    "power_per_ray": 0.2879806531542962,
    "num_rays": 856938.0,
    "avg_flux": 24169.179452218912,
    "peak_flux": 60108.61374868304,
    "min_flux": 2565.86952692682,
    "radius": 0.0,
    "bin_size_x": 0.06807059529144252,
    "bin_size_y": 6.0,
    "xvalues": [
        -0.13614119058288504,
        -0.0680705952914425,
        2.7755575615628914e-17,
        0.06807059529144252,
        0.13614119058288507
    ],
    "yvalues": [
        -12.0,
        -6.0,
        0.0,
        6.0,
        12.0
    ],
    "flux": [
        [
            3639.0,
            8683.0,
            8746.0,
            8745.0,
            8820.0
        ],
        [
            20499.0,
            43268.0,
            43342.0,
            43452.0,
            42954.0
        ],
        [
            41918.0,
            85248.0,
            85029.0,
            85205.0,
            84957.0
        ],
        [
            20753.0,
            44231.0,
            43880.0,
            44432.0,
            44391.0
        ],
        [
            4328.0,
            10165.0,
            10020.0,
            10027.0,
            10206.0
        ]
    ],
    "sim_time": 14.009043216705322
}