{
    "dni": 1000.0,
    "generated_rays": 15313584,
    "power_per_ray": 0.09223267000146887,
    "num_rays": 782201.0,
    "avg_flux": 7065.653571260265,
    "peak_flux": 15236.481622144756,
    "min_flux": 743.4192604135251,
    "radius": 0.0,
    "bin_size_x": 0.06807059529144252,
    "bin_size_y": 6.0,
    "xvalues": [
        -0.13614119058288504,
        -0.0680705952914425,
        2.7755575615628914e-17,
        0.06807059529144252,
        0.13614119058288507
    ],
    "yvalues": [
        -12.0,
        -6.0,
        0.0,
        6.0,
        12.0
    ],
    "flux": [
        [
            3292.0,
            5776.0,
            5826.0,
            5816.0,
            5663.0
        ],
        [
            11729.0,
            18860.0,
            18711.0,
            19091.0,
            18468.0
        ],
        [
            27605.0,
            55304.0,
            55178.0,
            55216.0,
            55400.0
        ],
        [
            27642.0,
            67419.0,
            67031.0,
            67470.0,
            66719.0
        ],
        [
            10080.0,
            28464.0,
            28393.0,
            28329.0,
            28719.0
        ]
    ],
    "sim_time": 19.448853492736816
}