{
    "dni": 1000.0,
    "generated_rays": 4262586,
    "power_per_ray": 0.2847003683161082,
    "num_rays": 954529.0,
    "avg_flux": 26614.992538740637,
    "peak_flux": 58573.510942184526,
    "min_flux": 6276.430386578634,
    "radius": 0.0,
    "bin_size_x": 0.06807059529144252,
    "bin_size_y": 6.0,
    "xvalues": [
        -0.13614119058288504,
        -0.0680705952914425,
        2.7755575615628914e-17,
        0.06807059529144252,
        0.13614119058288507
    ],
    "yvalues": [
        -12.0,
        -6.0,
        0.0,
        6.0,
        12.0
    ],
    "flux": [
        [
            10811.0,
            10876.0,
            10941.0,
            10979.0,
            10756.0
        ],
        [
            43573.0,
            43865.0,
            43822.0,
            43846.0,
            43544.0
        ],
        [
            83423.0,
            83666.0,
            84028.0,
            83749.0,
            83524.0
        ],
        [
            43746.0,
            43560.0,
            43415.0,
            43262.0,
            43687.0
        ],
        [
            9130.0,
            9134.0,
            9139.0,
            9049.0,
            9004.0
        ]
    ],
    "sim_time": 16.100645065307617
}