{
    "dni": 1000.0,
    "generated_rays": 12044345,
    "power_per_ray": 0.09986711603130938,
    "num_rays": 882106.0,
    "avg_flux": 8627.64917085903,
    "peak_flux": 17194.784905214845,
    "min_flux": 1256.580532527966,
    "radius": 0.0,
    "bin_size_x": 0.06807059529144252,
    "bin_size_y": 6.0,
    "xvalues": [
        -0.13614119058288504,
        -0.0680705952914425,
        2.7755575615628914e-17,
        0.06807059529144252,
        0.13614119058288507
    ],
    "yvalues": [
        -12.0,
        -6.0,
        0.0,
        6.0,
        12.0
    ],
    "flux": [
        [
            5139.0,
            5615.0,
            5600.0,
            5689.0,
            5550.0
        ],
        [
            17314.0,
            18312.0,
            18445.0,
            18417.0,
            18168.0
        ],
        [
            52059.0,
            57459.0,
            57093.0,
            57324.0,
            57078.0
        ],
        [
            63562.0,
            70321.0,
            70047.0,
            70163.0,
            69674.0
        ],
        [
            25216.0,
            28682.0,
            28293.0,
            28371.0,
            28515.0
        ]
    ],
    "sim_time": 18.8196063041687
}