{
    "dni": 1000.0,
    "generated_rays": 4045396,
    "power_per_ray": 0.3462589285651919,
    "num_rays": 940867.0,
    "avg_flux": 31906.444375628194,
    "peak_flux": 83238.92824735865,
    "min_flux": 4114.342796455919,
    "radius": 0.0,
    "bin_size_x": 0.06807059529144252,
    "bin_size_y": 6.0,
    "xvalues": [
        -0.13614119058288504,
        -0.0680705952914425,
        2.7755575615628914e-17,
        0.06807059529144252,
        0.13614119058288507
    ],
    "yvalues": [
        -12.0,
        -6.0,
        0.0,
        6.0,
        12.0
    ],
    "flux": [
        [
            4853.0,
            5546.0,
            5729.0,
            5625.0,
            5714.0
        ],
        [
            36293.0,
            41163.0,
            41546.0,
            41707.0,
            41303.0
        ],
        [
            86574.0,
            98040.0,
            98183.0,
            97981.0,
            97488.0
        ],
        [
            36823.0,
            42202.0,
            41993.0,
            41749.0,
            41645.0
        ],
        [
            5076.0,
            5912.0,
            5958.0,
            5916.0,
            5848.0
        ]
    ],
    "sim_time": 14.295304298400879
}