{
    "dni": 1000.0,
    "generated_rays": 21655262,
    "power_per_ray": 0.05753857646192091,
    "num_rays": 797399.0,
    "avg_flux": 4493.492198378273,
    "peak_flux": 9227.05461835867,
    "min_flux": 787.9399731354594,
    "radius": 0.0,
    "bin_size_x": 0.06807059529144252,
    "bin_size_y": 6.0,
    "xvalues": [
        -0.13614119058288504,
        -0.0680705952914425,
        2.7755575615628914e-17,
        0.06807059529144252,
        0.13614119058288507
    ],
    "yvalues": [
        -12.0,
        -6.0,
        0.0,
        6.0,
        12.0
    ],
    "flux": [
        [
            5593.0,
            5805.0,
            5716.0,
            5708.0,
            5738.0
        ],
        [
            15284.0,
            14012.0,
            14025.0,
            14271.0,
            14145.0
        ],
        [
            35991.0,
            37801.0,
            38178.0,
            38233.0,
            38052.0
        ],
        [
            52991.0,
            65496.0,
            65078.0,
            65371.0,
            64766.0
        ],
        [
            31192.0,
            40733.0,
            40800.0,
            41391.0,
            41029.0
        ]
    ],
    "sim_time": 22.22105073928833
}