{
    "dni": 1000.0,
    "generated_rays": 4299104,
    "power_per_ray": 0.302846711728283,
    "num_rays": 912197.0,
    "avg_flux": 27055.81959587906,
    "peak_flux": 64257.78286815468,
    "min_flux": 4516.485944332731,
    "radius": 0.0,
    "bin_size_x": 0.06807059529144252,
    "bin_size_y": 6.0,
    "xvalues": [
        -0.13614119058288504,
        -0.0680705952914425,
        2.7755575615628914e-17,
        0.06807059529144252,
        0.13614119058288507
    ],
    "yvalues": [
        -12.0,
        -6.0,
        0.0,
        6.0,
        12.0
    ],
    "flux": [
        [
            7157.0,
            9800.0,
            9899.0,
            9805.0,
            9772.0
        ],
        [
            33539.0,
            43978.0,
            44801.0,
            44692.0,
            43999.0
        ],
        [
            65923.0,
            86659.0,
            86579.0,
            86316.0,
            86376.0
        ],
        [
            32404.0,
            43005.0,
            42577.0,
            42948.0,
            42459.0
        ],
        [
            6091.0,
            8198.0,
            8379.0,
            8333.0,
            8508.0
        ]
    ],
    "sim_time": 16.06399893760681
}