{
    "dni": 1000.0,
    "generated_rays": 11163360,
    "power_per_ray": 0.1459690007613847,
    "num_rays": 619223.0,
    "avg_flux": 8852.315959284691,
    "peak_flux": 23976.63365058033,
    "min_flux": 0.0,
    "radius": 0.0,
    "bin_size_x": 0.06807059529144252,
    "bin_size_y": 6.0,
    "xvalues": [
        -0.13614119058288504,
        -0.0680705952914425,
        2.7755575615628914e-17,
        0.06807059529144252,
        0.13614119058288507
    ],
    "yvalues": [
        -12.0,
        -6.0,
        0.0,
        6.0,
        12.0
    ],
    "flux": [
        [
            0.0,
            5290.0,
            15641.0,
            15614.0,
            15557.0
        ],
        [
            0.0,
            20287.0,
            47427.0,
            47307.0,
            47382.0
        ],
        [
            0.0,
            30187.0,
            67087.0,
            66483.0,
            66861.0
        ],
        [
            0.0,
            15240.0,
            38633.0,
            38297.0,
            38363.0
        ],
        [
            0.0,
            3496.0,
            13429.0,
            13426.0,
            13216.0
        ]
    ],
    "sim_time": 15.676586389541626
}