{
    "dni": 1000.0,
    "generated_rays": 11422059,
    "power_per_ray": 0.1502670264828767,
    "num_rays": 368780.0,
    "avg_flux": 5427.255218311258,
    "peak_flux": 23464.43874417124,
    "min_flux": 0.0,
    "radius": 0.0,
    "bin_size_x": 0.06807059529144252,
    "bin_size_y": 6.0,
    "xvalues": [
        -0.13614119058288504,
        -0.0680705952914425,
        2.7755575615628914e-17,
        0.06807059529144252,
        0.13614119058288507
    ],
    "yvalues": [
        -12.0,
        -6.0,
        0.0,
        6.0,
        12.0
    ],
    "flux": [
        [
            0.0,
            0.0,
            1654.0,
            11653.0,
            16399.0
        ],
        [
            0.0,
            0.0,
            8041.0,
            36615.0,
            43275.0
        ],
        [
            0.0,
            0.0,
            13535.0,
            55795.0,
            63776.0
        ],
        [
            0.0,
            0.0,
            7968.0,
            36595.0,
            43477.0
        ],
        [
            0.0,
            0.0,
            1715.0,
            11869.0,
            16413.0
        ]
    ],
    "sim_time": 15.593525886535645
}