{
    "dni": 1000.0,
    "generated_rays": 4271116,
    "power_per_ray": 0.3305791705099016,
    "num_rays": 899147.0,
    "avg_flux": 29110.882915385526,
    "peak_flux": 76179.36995369653,
    "min_flux": 3391.3976083850957,
    "radius": 0.0,
    "bin_size_x": 0.06807059529144252,
    "bin_size_y": 6.0,
    "xvalues": [
        -0.13614119058288504,
        -0.0680705952914425,
        2.7755575615628914e-17,
        0.06807059529144252,
        0.13614119058288507
    ],
    "yvalues": [
        -12.0,
        -6.0,
        0.0,
        6.0,
        12.0
    ],
    "flux": [
        [
            4717.0,
            7287.0,
            7363.0,
            7329.0,
            7134.0
        ],
        [
            28684.0,
            43149.0,
            42813.0,
            43150.0,
            42820.0
        ],
        [
            64037.0,
            93737.0,
            94118.0,
            93986.0,
            94013.0
        ],
        [
            27679.0,
            41533.0,
            41616.0,
            41592.0,
            41883.0
        ],
        [
            4190.0,
            6554.0,
            6601.0,
            6538.0,
            6624.0
        ]
    ],
    "sim_time": 16.161670446395874
}