{
    "dni": 1000.0,
    "generated_rays": 11652025,
    "power_per_ray": 0.09986153858027197,
    "num_rays": 899131.0,
    "avg_flux": 8793.675121226808,
    "peak_flux": 17303.607269942342,
    "min_flux": 1345.9991242197625,
    "radius": 0.0,
    "bin_size_x": 0.06807059529144252,
    "bin_size_y": 6.0,
    "xvalues": [
        -0.13614119058288504,
        -0.0680705952914425,
        2.7755575615628914e-17,
        0.06807059529144252,
        0.13614119058288507
    ],
    "yvalues": [
        -12.0,
        -6.0,
        0.0,
        6.0,
        12.0
    ],
    "flux": [
        [
            5505.0,
            5523.0,
            5519.0,
            5693.0,
            5573.0
        ],
        [
            18204.0,
            18502.0,
            18564.0,
            18302.0,
            18320.0
        ],
        [
            56272.0,
            57674.0,
            57495.0,
            57377.0,
            57254.0
        ],
        [
            69453.0,
            70770.0,
            70296.0,
            70370.0,
            70328.0
        ],
        [
            27939.0,
            28811.0,
            28278.0,
            28635.0,
            28474.0
        ]
    ],
    "sim_time": 18.5900719165802
}