{
    "dni": 1000.0,
    "generated_rays": 6545887,
    "power_per_ray": 0.2501155328624868,
    "num_rays": 699882.0,
    "avg_flux": 17144.09955540862,
    "peak_flux": 52442.231884353976,
    "min_flux": 0.0,
    "radius": 0.0,
    "bin_size_x": 0.06807059529144252,
    "bin_size_y": 6.0,
    "xvalues": [
        -0.13614119058288504,
        -0.0680705952914425,
        2.7755575615628914e-17,
        0.06807059529144252,
        0.13614119058288507
    ],
    "yvalues": [
        -12.0,
        -6.0,
        0.0,
        6.0,
        12.0
    ],
    "flux": [
        [
            0.0,
            4631.0,
            8652.0,
            8903.0,
            8931.0
        ],
        [
            0.0,
            28824.0,
            43533.0,
            43013.0,
            43151.0
        ],
        [
            0.0,
            61821.0,
            85635.0,
            84632.0,
            84583.0
        ],
        [
            0.0,
            29259.0,
            44214.0,
            43454.0,
            44250.0
        ],
        [
            0.0,
            4793.0,
            9325.0,
            9210.0,
            9068.0
        ]
    ],
    "sim_time": 14.710206985473633
}