{
    "dni": 1000.0,
    "generated_rays": 4208732,
    "power_per_ray": 0.34102639933576834,
    "num_rays": 915576.0,
    "avg_flux": 30579.58533210184,
    "peak_flux": 81746.42419590057,
    "min_flux": 3429.2717633200914,
    "radius": 0.0,
    "bin_size_x": 0.06807059529144252,
    "bin_size_y": 6.0,
    "xvalues": [
        -0.13614119058288504,
        -0.0680705952914425,
        2.7755575615628914e-17,
        0.06807059529144252,
        0.13614119058288507
    ],
    "yvalues": [
        -12.0,
        -6.0,
        0.0,
        6.0,
        12.0
    ],
    "flux": [
        [
            4127.0,
            5753.0,
            5950.0,
            5840.0,
            5951.0
        ],
        [
            31475.0,
            41500.0,
            41936.0,
            41986.0,
            42115.0
        ],
        [
            74501.0,
            97416.0,
            97902.0,
            97216.0,
            97192.0
        ],
        [
            31284.0,
            41755.0,
            41497.0,
            41382.0,
            41703.0
        ],
        [
            4107.0,
            5632.0,
            5812.0,
            5747.0,
            5797.0
        ]
    ],
    "sim_time": 16.19126272201538
}