{
    "dni": 1000.0,
    "generated_rays": 21617876,
    "power_per_ray": 0.05763808379648077,
    "num_rays": 797591.0,
    "avg_flux": 4502.347080164113,
    "peak_flux": 9210.835792660379,
    "min_flux": 797.2055431871435,
    "radius": 0.0,
    "bin_size_x": 0.06807059529144252,
    "bin_size_y": 6.0,
    "xvalues": [
        -0.13614119058288504,
        -0.0680705952914425,
        2.7755575615628914e-17,
        0.06807059529144252,
        0.13614119058288507
    ],
    "yvalues": [
        -12.0,
        -6.0,
        0.0,
        6.0,
        12.0
    ],
    "flux": [
        [
            31234.0,
            40968.0,
            40986.0,
            41322.0,
            40893.0
        ],
        [
            52809.0,
            65268.0,
            65030.0,
            64970.0,
            64920.0
        ],
        [
            35851.0,
            38046.0,
            38271.0,
            38360.0,
            38009.0
        ],
        [
            15262.0,
            14169.0,
            14190.0,
            14170.0,
            14043.0
        ],
        [
            5649.0,
            5793.0,
            5762.0,
            5925.0,
            5691.0
        ]
    ],
    "sim_time": 20.384244441986084
}