{
    "dni": 1000.0,
    "generated_rays": 6893589,
    "power_per_ray": 0.23660996624888608,
    "num_rays": 671573.0,
    "avg_flux": 15562.359849440929,
    "peak_flux": 47840.07524152186,
    "min_flux": 0.0,
    "radius": 0.0,
    "bin_size_x": 0.06807059529144252,
    "bin_size_y": 6.0,
    "xvalues": [
        -0.13614119058288504,
        -0.0680705952914425,
        2.7755575615628914e-17,
        0.06807059529144252,
        0.13614119058288507
    ],
    "yvalues": [
        -12.0,
        -6.0,
        0.0,
        6.0,
        12.0
    ],
    "flux": [
        [
            0.0,
            3994.0,
            10441.0,
            10206.0,
            10312.0
        ],
        [
            0.0,
            23515.0,
            44463.0,
            43518.0,
            44370.0
        ],
        [
            0.0,
            47637.0,
            82579.0,
            82014.0,
            81471.0
        ],
        [
            0.0,
            23050.0,
            43852.0,
            43398.0,
            44000.0
        ],
        [
            0.0,
            3741.0,
            9598.0,
            9797.0,
            9617.0
        ]
    ],
    "sim_time": 16.486881971359253
}