{
    "dni": 1000.0,
    "generated_rays": 6181043,
    "power_per_ray": 0.21550064810975644,
    "num_rays": 875904.0,
    "avg_flux": 18486.482440155552,
    "peak_flux": 41234.017361870596,
    "min_flux": 3548.9072116489433,
    "radius": 0.0,
    "bin_size_x": 0.06807059529144252,
    "bin_size_y": 6.0,
    "xvalues": [
        -0.13614119058288504,
        -0.0680705952914425,
        2.7755575615628914e-17,
        0.06807059529144252,
        0.13614119058288507
    ],
    "yvalues": [
        -12.0,
        -6.0,
        0.0,
        6.0,
        12.0
    ],
    "flux": [
        [
            8079.0,
            12211.0,
            12318.0,
            12256.0,
            12427.0
        ],
        [
            32542.0,
            48766.0,
            48767.0,
            48433.0,
            48767.0
        ],
        [
            52426.0,
            77968.0,
            77702.0,
            78148.0,
            76943.0
        ],
        [
            24907.0,
            38298.0,
            37984.0,
            37893.0,
            38287.0
        ],
        [
            6726.0,
            11056.0,
            11039.0,
            11032.0,
            10929.0
        ]
    ],
    "sim_time": 14.570026636123657
}