{
    "dni": 1000.0,
    "generated_rays": 6907378,
    "power_per_ray": 0.2263141298084976,
    "num_rays": 677085.0,
    "avg_flux": 15007.351502786145,
    "peak_flux": 43857.1913697142,
    "min_flux": 0.0,
    "radius": 0.0,
    "bin_size_x": 0.06807059529144252,
    "bin_size_y": 6.0,
    "xvalues": [
        -0.13614119058288504,
        -0.0680705952914425,
        2.7755575615628914e-17,
        0.06807059529144252,
        0.13614119058288507
    ],
    "yvalues": [
        -12.0,
        -6.0,
        0.0,
        6.0,
        12.0
    ],
    "flux": [
        [
            0.0,
            4989.0,
            10916.0,
            10991.0,
            10817.0
        ],
        [
            0.0,
            25044.0,
            44751.0,
            43758.0,
            43634.0
        ],
        [
            0.0,
            48305.0,
            79148.0,
            78826.0,
            77627.0
        ],
        [
            0.0,
            25234.0,
            45540.0,
            43980.0,
            44022.0
        ],
        [
            0.0,
            5086.0,
            11718.0,
            11469.0,
            11230.0
        ]
    ],
    "sim_time": 14.703534364700317
}