{
    "dni": 1000.0,
    "generated_rays": 4920981,
    "power_per_ray": 0.2549429883114761,
    "num_rays": 924755.0,
    "avg_flux": 23089.73521254706,
    "peak_flux": 50750.95110923775,
    "min_flux": 5561.730965060863,
    "radius": 0.0,
    "bin_size_x": 0.06807059529144252,
    "bin_size_y": 6.0,
    "xvalues": [
        -0.13614119058288504,
        -0.0680705952914425,
        2.7755575615628914e-17,
        0.06807059529144252,
        0.13614119058288507
    ],
    "yvalues": [
        -12.0,
        -6.0,
        0.0,
        6.0,
        12.0
    ],
    "flux": [
        [
            9995.0,
            11525.0,
            11494.0,
            11626.0,
            11477.0
        ],
        [
            36275.0,
            41701.0,
            41723.0,
            41753.0,
            41334.0
        ],
        [
            70942.0,
            81304.0,
            80663.0,
            80833.0,
            80981.0
        ],
        [
            39971.0,
            45488.0,
            44982.0,
            45281.0,
            45103.0
        ],
        [
            8910.0,
            10482.0,
            10260.0,
            10324.0,
            10328.0
        ]
    ],
    "sim_time": 16.352452754974365
}