{
    "dni": 1000.0,
    "generated_rays": 11761958,
    "power_per_ray": 0.14173353401288546,
    "num_rays": 365918.0,
    "avg_flux": 5079.320086926183,
    "peak_flux": 20861.805537419204,
    "min_flux": 0.0,
    "radius": 0.0,
    "bin_size_x": 0.06807059529144252,
    "bin_size_y": 6.0,
    "xvalues": [
        -0.13614119058288504,
        -0.0680705952914425,
        2.7755575615628914e-17,
        0.06807059529144252,
        0.13614119058288507
    ],
    "yvalues": [
        -12.0,
        -6.0,
        0.0,
        6.0,
        12.0
    ],
    "flux": [
        [
            0.0,
            0.0,
            2189.0,
            12927.0,
            17094.0
        ],
        [
            0.0,
            0.0,
            8444.0,
            36220.0,
            42069.0
        ],
        [
            0.0,
            0.0,
            13218.0,
            52905.0,
            60116.0
        ],
        [
            0.0,
            0.0,
            8237.0,
            36542.0,
            42970.0
        ],
        [
            0.0,
            0.0,
            2047.0,
            13457.0,
            17483.0
        ]
    ],
    "sim_time": 15.543980598449707
}