{
    "dni": 1000.0,
    "generated_rays": 20597756,
    "power_per_ray": 0.05768684849530083,
    "num_rays": 819240.0,
    "avg_flux": 4628.466820262155,
    "peak_flux": 9368.910854011927,
    "min_flux": 799.7161740248378,
    "radius": 0.0,
    "bin_size_x": 0.06807059529144252,
    "bin_size_y": 6.0,
    "xvalues": [
        -0.13614119058288504,
        -0.0680705952914425,
        2.7755575615628914e-17,
        0.06807059529144252,
        0.13614119058288507
    ],
    "yvalues": [
        -12.0,
        -6.0,
        0.0,
        6.0,
        12.0
    ],
    "flux": [
        [
            5732.0,
            5920.0,
            5662.0,
            5866.0,
            5712.0
        ],
        [
            14868.0,
            14047.0,
            14243.0,
            14467.0,
            13975.0
        ],
        [
            37678.0,
            38191.0,
            38480.0,
            38595.0,
            38397.0
        ],
        [
            60488.0,
            66332.0,
            65914.0,
            65828.0,
            66200.0
        ],
        [
            36820.0,
            41195.0,
            41375.0,
            41795.0,
            41460.0
        ]
    ],
    "sim_time": 21.227867364883423
}