{
    "dni": 1000.0,
    "generated_rays": 5104611,
    "power_per_ray": 0.2699911776922968,
    "num_rays": 863803.0,
    "avg_flux": 22840.913737237744,
    "peak_flux": 54764.58919590821,
    "min_flux": 3082.507839077301,
    "radius": 0.0,
    "bin_size_x": 0.06807059529144252,
    "bin_size_y": 6.0,
    "xvalues": [
        -0.13614119058288504,
        -0.0680705952914425,
        2.7755575615628914e-17,
        0.06807059529144252,
        0.13614119058288507
    ],
    "yvalues": [
        -12.0,
        -6.0,
        0.0,
        6.0,
        12.0
    ],
    "flux": [
        [
            4663.0,
            9287.0,
            9483.0,
            9494.0,
            9292.0
        ],
        [
            23456.0,
            43571.0,
            43759.0,
            43802.0,
            43952.0
        ],
        [
            44983.0,
            82448.0,
            82306.0,
            82844.0,
            82404.0
        ],
        [
            23244.0,
            43846.0,
            43733.0,
            43793.0,
            43575.0
        ],
        [
            5328.0,
            11177.0,
            11245.0,
            10916.0,
            11202.0
        ]
    ],
    "sim_time": 14.103383302688599
}