{
    "dni": 1000.0,
    "generated_rays": 9099579,
    "power_per_ray": 0.1780797689521078,
    "num_rays": 534176.0,
    "avg_flux": 9316.400446965572,
    "peak_flux": 30543.888349103676,
    "min_flux": 0.0,
    "radius": 0.0,
    "bin_size_x": 0.06807059529144252,
    "bin_size_y": 6.0,
    "xvalues": [
        -0.13614119058288504,
        -0.0680705952914425,
        2.7755575615628914e-17,
        0.06807059529144252,
        0.13614119058288507
    ],
    "yvalues": [
        -12.0,
        -6.0,
        0.0,
        6.0,
        12.0
    ],
    "flux": [
        [
            0.0,
            300.0,
            10037.0,
            14385.0,
            14652.0
        ],
        [
            0.0,
            2118.0,
            36187.0,
            44450.0,
            44759.0
        ],
        [
            0.0,
            4304.0,
            59387.0,
            69629.0,
            70052.0
        ],
        [
            0.0,
            2528.0,
            35426.0,
            44118.0,
            43984.0
        ],
        [
            0.0,
            395.0,
            9469.0,
            13923.0,
            14073.0
        ]
    ],
    "sim_time": 17.20378017425537
}