{
    "dni": 1000.0,
    "generated_rays": 8300356,
    "power_per_ray": 0.20088567807567626,
    "num_rays": 561401.0,
    "avg_flux": 11045.143165905834,
    "peak_flux": 37506.496787329794,
    "min_flux": 0.0,
    "radius": 0.0,
    "bin_size_x": 0.06807059529144252,
    "bin_size_y": 6.0,
    "xvalues": [
        -0.13614119058288504,
        -0.0680705952914425,
        2.7755575615628914e-17,
        0.06807059529144252,
        0.13614119058288507
    ],
    "yvalues": [
        -12.0,
        -6.0,
        0.0,
        6.0,
        12.0
    ],
    "flux": [
        [
            0.0,
            465.0,
            8858.0,
            11689.0,
            11706.0
        ],
        [
            0.0,
            4676.0,
            39263.0,
            44545.0,
            44120.0
        ],
        [
            0.0,
            10039.0,
            71031.0,
            76255.0,
            75103.0
        ],
        [
            0.0,
            4660.0,
            38879.0,
            43984.0,
            43752.0
        ],
        [
            0.0,
            462.0,
            8798.0,
            11613.0,
            11503.0
        ]
    ],
    "sim_time": 16.49932336807251
}