{
    "dni": 1000.0,
    "generated_rays": 4529750,
    "power_per_ray": 0.32395986592771736,
    "num_rays": 872155.0,
    "avg_flux": 27671.587676341667,
    "peak_flux": 74910.99871379114,
    "min_flux": 2432.731550106916,
    "radius": 0.0,
    "bin_size_x": 0.06807059529144252,
    "bin_size_y": 6.0,
    "xvalues": [
        -0.13614119058288504,
        -0.0680705952914425,
        2.7755575615628914e-17,
        0.06807059529144252,
        0.13614119058288507
    ],
    "yvalues": [
        -12.0,
        -6.0,
        0.0,
        6.0,
        12.0
    ],
    "flux": [
        [
            3375.0,
            7077.0,
            7275.0,
            7188.0,
            7261.0
        ],
        [
            22792.0,
            42806.0,
            43078.0,
            42847.0,
            42711.0
        ],
        [
            52366.0,
            93946.0,
            94439.0,
            94442.0,
            93972.0
        ],
        [
            22042.0,
            41599.0,
            41384.0,
            41140.0,
            41546.0
        ],
        [
            3067.0,
            6437.0,
            6523.0,
            6301.0,
            6541.0
        ]
    ],
    "sim_time": 16.53203296661377
}