{
    "dni": 1000.0,
    "generated_rays": 4836429,
    "power_per_ray": 0.31361570681587675,
    "num_rays": 841739.0,
    "avg_flux": 25853.803717474446,
    "peak_flux": 72110.55645241652,
    "min_flux": 1581.0418031681997,
    "radius": 0.0,
    "bin_size_x": 0.06807059529144252,
    "bin_size_y": 6.0,
    "xvalues": [
        -0.13614119058288504,
        -0.0680705952914425,
        2.7755575615628914e-17,
        0.06807059529144252,
        0.13614119058288507
    ],
    "yvalues": [
        -12.0,
        -6.0,
        0.0,
        6.0,
        12.0
    ],
    "flux": [
        [
            2059.0,
            6450.0,
            6642.0,
            6537.0,
            6652.0
        ],
        [
            15882.0,
            41794.0,
            41934.0,
            41972.0,
            41610.0
        ],
        [
            38153.0,
            93910.0,
            93891.0,
            93362.0,
            93608.0
        ],
        [
            16137.0,
            42911.0,
            42785.0,
            42404.0,
            42737.0
        ],
        [
            2101.0,
            7058.0,
            7139.0,
            6919.0,
            7092.0
        ]
    ],
    "sim_time": 14.253997325897217
}