{
    "dni": 1000.0,
    "generated_rays": 3860540,
    "power_per_ray": 0.3397055049727768,
    "num_rays": 962358.0,
    "avg_flux": 32017.5751810699,
    "peak_flux": 79060.9781199257,
    "min_flux": 5263.301592178023,
    "radius": 0.0,
    "bin_size_x": 0.06807059529144252,
    "bin_size_y": 6.0,
    "xvalues": [
        -0.13614119058288504,
        -0.0680705952914425,
        2.7755575615628914e-17,
        0.06807059529144252,
        0.13614119058288507
    ],
    "yvalues": [
        -12.0,
        -6.0,
        0.0,
        6.0,
        12.0
    ],
    "flux": [
        [
            6356.0,
            6416.0,
            6373.0,
            6498.0,
            6328.0
        ],
        [
            41610.0,
            41641.0,
            41821.0,
            41798.0,
            41325.0
        ],
        [
            94830.0,
            94444.0,
            95054.0,
            94741.0,
            94671.0
        ],
        [
            42719.0,
            42667.0,
            42762.0,
            42163.0,
            42335.0
        ],
        [
            7101.0,
            7224.0,
            7074.0,
            7160.0,
            7247.0
        ]
    ],
    "sim_time": 14.554623126983643
}