{
    "dni": 1000.0,
    "generated_rays": 9113428,
    "power_per_ray": 0.1778091543469101,
    "num_rays": 533574.0,
    "avg_flux": 9291.759661695933,
    "peak_flux": 30299.821999137588,
    "min_flux": 0.0,
    "radius": 0.0,
    "bin_size_x": 0.06807059529144252,
    "bin_size_y": 6.0,
    "xvalues": [
        -0.13614119058288504,
        -0.0680705952914425,
        2.7755575615628914e-17,
        0.06807059529144252,
        0.13614119058288507
    ],
    "yvalues": [
        -12.0,
        -6.0,
        0.0,
        6.0,
        12.0
    ],
    "flux": [
        [
            0.0,
            398.0,
            9739.0,
            13998.0,
            14063.0
        ],
        [
            0.0,
            2482.0,
            35534.0,
            44026.0,
            43989.0
        ],
        [
            0.0,
            4402.0,
            58984.0,
            69598.0,
            69524.0
        ],
        [
            0.0,
            2027.0,
            36117.0,
            44858.0,
            44522.0
        ],
        [
            0.0,
            277.0,
            9858.0,
            14623.0,
            14555.0
        ]
    ],
    "sim_time": 14.784196853637695
}