{
    "dni": 1000.0,
    "generated_rays": 5822440,
    "power_per_ray": 0.2725586239202602,
    "num_rays": 729049.0,
    "avg_flux": 19461.03074900168,
    "peak_flux": 59663.13625983117,
    "min_flux": 0.0,
    "radius": 0.0,
    "bin_size_x": 0.06807059529144252,
    "bin_size_y": 6.0,
    "xvalues": [
        -0.13614119058288504,
        -0.0680705952914425,
        2.7755575615628914e-17,
        0.06807059529144252,
        0.13614119058288507
    ],
    "yvalues": [
        -12.0,
        -6.0,
        0.0,
        6.0,
        12.0
    ],
    "flux": [
        [
            0.0,
            5343.0,
            7765.0,
            7876.0,
            7870.0
        ],
        [
            5.0,
            34351.0,
            43457.0,
            43457.0,
            43524.0
        ],
        [
            13.0,
            75561.0,
            88879.0,
            88800.0,
            89404.0
        ],
        [
            2.0,
            34146.0,
            43133.0,
            43284.0,
            43361.0
        ],
        [
            0.0,
            5311.0,
            7876.0,
            7971.0,
            7660.0
        ]
    ],
    "sim_time": 13.961682081222534
}