{
    "dni": 1000.0,
    "generated_rays": 5341063,
    "power_per_ray": 0.2492389077554468,
    "num_rays": 885043.0,
    "avg_flux": 21603.762945626833,
    "peak_flux": 49253.57612863124,
    "min_flux": 4103.295038952762,
    "radius": 0.0,
    "bin_size_x": 0.06807059529144252,
    "bin_size_y": 6.0,
    "xvalues": [
        -0.13614119058288504,
        -0.0680705952914425,
        2.7755575615628914e-17,
        0.06807059529144252,
        0.13614119058288507
    ],
    "yvalues": [
        -12.0,
        -6.0,
        0.0,
        6.0,
        12.0
    ],
    "flux": [
        [
            7488.0,
            11627.0,
            11859.0,
            11623.0,
            11716.0
        ],
        [
            27570.0,
            41578.0,
            41595.0,
            41662.0,
            41646.0
        ],
        [
            55076.0,
            80711.0,
            80106.0,
            80431.0,
            79844.0
        ],
        [
            30660.0,
            45558.0,
            45295.0,
            45347.0,
            45223.0
        ],
        [
            6724.0,
            10664.0,
            10242.0,
            10388.0,
            10410.0
        ]
    ],
    "sim_time": 16.29568839073181
}