{
    "dni": 1000.0,
    "generated_rays": 12316431,
    "power_per_ray": 0.09960583118107373,
    "num_rays": 871997.0,
    "avg_flux": 8506.461622724766,
    "peak_flux": 17120.044548709913,
    "min_flux": 1206.4681887557933,
    "radius": 0.0,
    "bin_size_x": 0.06807059529144252,
    "bin_size_y": 6.0,
    "xvalues": [
        -0.13614119058288504,
        -0.0680705952914425,
        2.7755575615628914e-17,
        0.06807059529144252,
        0.13614119058288507
    ],
    "yvalues": [
        -12.0,
        -6.0,
        0.0,
        6.0,
        12.0
    ],
    "flux": [
        [
            4947.0,
            5629.0,
            5648.0,
            5600.0,
            5595.0
        ],
        [
            16627.0,
            18327.0,
            18390.0,
            18420.0,
            18218.0
        ],
        [
            49573.0,
            57217.0,
            56969.0,
            57363.0,
            56800.0
        ],
        [
            59836.0,
            70199.0,
            69861.0,
            70055.0,
            69426.0
        ],
        [
            23602.0,
            28515.0,
            28300.0,
            28421.0,
            28459.0
        ]
    ],
    "sim_time": 18.879910230636597
}