{
    "dni": 1000.0,
    "generated_rays": 4724166,
    "power_per_ray": 0.2553331976411513,
    "num_rays": 947944.0,
    "avg_flux": 23704.95627061374,
    "peak_flux": 50651.70679917262,
    "min_flux": 6340.450134621995,
    "radius": 0.0,
    "bin_size_x": 0.06807059529144252,
    "bin_size_y": 6.0,
    "xvalues": [
        -0.13614119058288504,
        -0.0680705952914425,
        2.7755575615628914e-17,
        0.06807059529144252,
        0.13614119058288507
    ],
    "yvalues": [
        -12.0,
        -6.0,
        0.0,
        6.0,
        12.0
    ],
    "flux": [
        [
            10346.0,
            10142.0,
            10342.0,
            10229.0,
            10354.0
        ],
        [
            45096.0,
            45391.0,
            45703.0,
            45108.0,
            45337.0
        ],
        [
            80748.0,
            80744.0,
            81021.0,
            81009.0,
            80350.0
        ],
        [
            41510.0,
            41644.0,
            41678.0,
            41870.0,
            41662.0
        ],
        [
            11375.0,
            11619.0,
            11534.0,
            11537.0,
            11595.0
        ]
    ],
    "sim_time": 14.235780477523804
}