{
    "dni": 1000.0,
    "generated_rays": 4288206,
    "power_per_ray": 0.32301237935582416,
    "num_rays": 901355.0,
    "avg_flux": 28514.399592337202,
    "peak_flux": 73326.85436379496,
    "min_flux": 3640.401987106305,
    "radius": 0.0,
    "bin_size_x": 0.06807059529144252,
    "bin_size_y": 6.0,
    "xvalues": [
        -0.13614119058288504,
        -0.0680705952914425,
        2.7755575615628914e-17,
        0.06807059529144252,
        0.13614119058288507
    ],
    "yvalues": [
        -12.0,
        -6.0,
        0.0,
        6.0,
        12.0
    ],
    "flux": [
        [
            5035.0,
            7775.0,
            7724.0,
            7856.0,
            7717.0
        ],
        [
            29675.0,
            42430.0,
            42771.0,
            43099.0,
            42731.0
        ],
        [
            64667.0,
            92225.0,
            92421.0,
            92716.0,
            91934.0
        ],
        [
            29269.0,
            42215.0,
            41998.0,
            42161.0,
            42372.0
        ],
        [
            4603.0,
            6933.0,
            7010.0,
            6966.0,
            7052.0
        ]
    ],
    "sim_time": 16.240458250045776
}