{
    "dni": 1000.0,
    "generated_rays": 4814961,
    "power_per_ray": 0.3169471413187727,
    "num_rays": 839250.0,
    "avg_flux": 26051.17889870233,
    "peak_flux": 73486.5188260803,
    "min_flux": 1402.2782326468605,
    "radius": 0.0,
    "bin_size_x": 0.06807059529144252,
    "bin_size_y": 6.0,
    "xvalues": [
        -0.13614119058288504,
        -0.0680705952914425,
        2.7755575615628914e-17,
        0.06807059529144252,
        0.13614119058288507
    ],
    "yvalues": [
        -12.0,
        -6.0,
        0.0,
        6.0,
        12.0
    ],
    "flux": [
        [
            1807.0,
            6450.0,
            6450.0,
            6452.0,
            6532.0
        ],
        [
            14896.0,
            41788.0,
            41969.0,
            42100.0,
            42052.0
        ],
        [
            36208.0,
            94696.0,
            94616.0,
            94491.0,
            94605.0
        ],
        [
            15169.0,
            42322.0,
            42630.0,
            42405.0,
            42598.0
        ],
        [
            1813.0,
            6856.0,
            6903.0,
            6724.0,
            6718.0
        ]
    ],
    "sim_time": 14.159661531448364
}