{
    "dni": 1000.0,
    "generated_rays": 8190612,
    "power_per_ray": 0.1978301505258145,
    "num_rays": 587331.0,
    "avg_flux": 11379.537144832755,
    "peak_flux": 36303.90312299261,
    "min_flux": 0.0,
    "radius": 0.0,
    "bin_size_x": 0.06807059529144252,
    "bin_size_y": 6.0,
    "xvalues": [
        -0.13614119058288504,
        -0.0680705952914425,
        2.7755575615628914e-17,
        0.06807059529144252,
        0.13614119058288507
    ],
    "yvalues": [
        -12.0,
        -6.0,
        0.0,
        6.0,
        12.0
    ],
    "flux": [
        [
            0.0,
            1146.0,
            10897.0,
            12168.0,
            12101.0
        ],
        [
            0.0,
            8274.0,
            41539.0,
            44177.0,
            43828.0
        ],
        [
            0.0,
            16025.0,
            71494.0,
            74950.0,
            73376.0
        ],
        [
            0.0,
            7946.0,
            42136.0,
            44985.0,
            43710.0
        ],
        [
            0.0,
            1175.0,
            11540.0,
            12976.0,
            12888.0
        ]
    ],
    "sim_time": 14.665539264678955
}