{
    "dni": 1000.0,
    "generated_rays": 10252859,
    "power_per_ray": 0.13431848082756864,
    "num_rays": 831140.0,
    "avg_flux": 10933.498443985733,
    "peak_flux": 22757.841408301032,
    "min_flux": 1220.7674466418125,
    "radius": 0.0,
    "bin_size_x": 0.06807059529144252,
    "bin_size_y": 6.0,
    "xvalues": [
        -0.13614119058288504,
        -0.0680705952914425,
        2.7755575615628914e-17,
        0.06807059529144252,
        0.13614119058288507
    ],
    "yvalues": [
        -12.0,
        -6.0,
        0.0,
        6.0,
        12.0
    ],
    "flux": [
        [
            3712.0,
            7084.0,
            7041.0,
            7026.0,
            6982.0
        ],
        [
            14577.0,
            26128.0,
            25917.0,
            26105.0,
            26364.0
        ],
        [
            37395.0,
            68559.0,
            69086.0,
            69200.0,
            68364.0
        ],
        [
            31832.0,
            60897.0,
            60811.0,
            61359.0,
            61271.0
        ],
        [
            9898.0,
            20254.0,
            20414.0,
            20469.0,
            20395.0
        ]
    ],
    "sim_time": 18.14666199684143
}