{
    "dni": 1000.0,
    "generated_rays": 4930064,
    "power_per_ray": 0.25447328910212846,
    "num_rays": 925308.0,
    "avg_flux": 23060.977522366782,
    "peak_flux": 50551.52852616929,
    "min_flux": 5606.936736842723,
    "radius": 0.0,
    "bin_size_x": 0.06807059529144252,
    "bin_size_y": 6.0,
    "xvalues": [
        -0.13614119058288504,
        -0.0680705952914425,
        2.7755575615628914e-17,
        0.06807059529144252,
        0.13614119058288507
    ],
    "yvalues": [
        -12.0,
        -6.0,
        0.0,
        6.0,
        12.0
    ],
    "flux": [
        [
            8999.0,
            10157.0,
            10285.0,
            10286.0,
            10366.0
        ],
        [
            39949.0,
            45262.0,
            45803.0,
            45182.0,
            45615.0
        ],
        [
            70932.0,
            80806.0,
            81134.0,
            81036.0,
            80209.0
        ],
        [
            36449.0,
            41675.0,
            41518.0,
            41643.0,
            41624.0
        ],
        [
            9926.0,
            11603.0,
            11641.0,
            11568.0,
            11640.0
        ]
    ],
    "sim_time": 14.456952095031738
}