{
    "dni": 1000.0,
    "generated_rays": 9865621,
    "power_per_ray": 0.13645324178997606,
    "num_rays": 847161.0,
    "avg_flux": 11321.37053433117,
    "peak_flux": 23245.49281857757,
    "min_flux": 1364.7877626786062,
    "radius": 0.0,
    "bin_size_x": 0.06807059529144252,
    "bin_size_y": 6.0,
    "xvalues": [
        -0.13614119058288504,
        -0.0680705952914425,
        2.7755575615628914e-17,
        0.06807059529144252,
        0.13614119058288507
    ],
    "yvalues": [
        -12.0,
        -6.0,
        0.0,
        6.0,
        12.0
    ],
    "flux": [
        [
            11443.0,
            20090.0,
            20336.0,
            20356.0,
            19979.0
        ],
        [
            37169.0,
            61431.0,
            61757.0,
            61475.0,
            61398.0
        ],
        [
            42809.0,
            69577.0,
            68980.0,
            68875.0,
            68842.0
        ],
        [
            16535.0,
            25826.0,
            26024.0,
            26012.0,
            25979.0
        ],
        [
            4085.0,
            7029.0,
            7110.0,
            7032.0,
            7012.0
        ]
    ],
    "sim_time": 16.045188903808594
}