{
    "dni": 1000.0,
    "generated_rays": 4416580,
    "power_per_ray": 0.3133074379079909,
    "num_rays": 883873.0,
    "avg_flux": 27121.25393550687,
    "peak_flux": 69755.97693665964,
    "min_flux": 3205.0022724573473,
    "radius": 0.0,
    "bin_size_x": 0.06807059529144252,
    "bin_size_y": 6.0,
    "xvalues": [
        -0.13614119058288504,
        -0.0680705952914425,
        2.7755575615628914e-17,
        0.06807059529144252,
        0.13614119058288507
    ],
    "yvalues": [
        -12.0,
        -6.0,
        0.0,
        6.0,
        12.0
    ],
    "flux": [
        [
            4178.0,
            7497.0,
            7612.0,
            7661.0,
            7679.0
        ],
        [
            25853.0,
            42301.0,
            42335.0,
            42462.0,
            42426.0
        ],
        [
            55945.0,
            90933.0,
            90458.0,
            90265.0,
            90208.0
        ],
        [
            26247.0,
            43182.0,
            42982.0,
            42839.0,
            42899.0
        ],
        [
            4672.0,
            8321.0,
            8359.0,
            8276.0,
            8283.0
        ]
    ],
    "sim_time": 14.232945203781128
}