{
    "dni": 1000.0,
    "generated_rays": 3966070,
    "power_per_ray": 0.3072311504763227,
    "num_rays": 958408.0,
    "avg_flux": 28837.982215866665,
    "peak_flux": 65641.66837403688,
    "min_flux": 6180.37573469651,
    "radius": 0.0,
    "bin_size_x": 0.06807059529144252,
    "bin_size_y": 6.0,
    "xvalues": [
        -0.13614119058288504,
        -0.0680705952914425,
        2.7755575615628914e-17,
        0.06807059529144252,
        0.13614119058288507
    ],
    "yvalues": [
        -12.0,
        -6.0,
        0.0,
        6.0,
        12.0
    ],
    "flux": [
        [
            8287.0,
            8268.0,
            8470.0,
            8330.0,
            8216.0
        ],
        [
            42470.0,
            43044.0,
            43126.0,
            42833.0,
            42490.0
        ],
        [
            86635.0,
            87262.0,
            86763.0,
            86446.0,
            86564.0
        ],
        [
            43834.0,
            44384.0,
            44255.0,
            44246.0,
            43938.0
        ],
        [
            9586.0,
            9718.0,
            9692.0,
            9714.0,
            9837.0
        ]
    ],
    "sim_time": 14.113263368606567
}