{
    "dni": 1000.0,
    "generated_rays": 4465120,
    "power_per_ray": 0.3236538800597085,
    "num_rays": 875875.0,
    "avg_flux": 27763.36742598703,
    "peak_flux": 74049.38221075873,
    "min_flux": 2707.790109735912,
    "radius": 0.0,
    "bin_size_x": 0.06807059529144252,
    "bin_size_y": 6.0,
    "xvalues": [
        -0.13614119058288504,
        -0.0680705952914425,
        2.7755575615628914e-17,
        0.06807059529144252,
        0.13614119058288507
    ],
    "yvalues": [
        -12.0,
        -6.0,
        0.0,
        6.0,
        12.0
    ],
    "flux": [
        [
            3803.0,
            7454.0,
            7572.0,
            7540.0,
            7380.0
        ],
        [
            23777.0,
            43025.0,
            42775.0,
            43199.0,
            42998.0
        ],
        [
            53045.0,
            92990.0,
            93444.0,
            93183.0,
            93078.0
        ],
        [
            22775.0,
            41807.0,
            41857.0,
            41613.0,
            42124.0
        ],
        [
            3417.0,
            6706.0,
            6738.0,
            6743.0,
            6832.0
        ]
    ],
    "sim_time": 16.214324235916138
}