{
    "dni": 1000.0,
    "generated_rays": 6603871,
    "power_per_ray": 0.24636913279281275,
    "num_rays": 683983.0,
    "avg_flux": 16503.680023515328,
    "peak_flux": 51542.7080530251,
    "min_flux": 0.0,
    "radius": 0.0,
    "bin_size_x": 0.06807059529144252,
    "bin_size_y": 6.0,
    "xvalues": [
        -0.13614119058288504,
        -0.0680705952914425,
        2.7755575615628914e-17,
        0.06807059529144252,
        0.13614119058288507
    ],
    "yvalues": [
        -12.0,
        -6.0,
        0.0,
        6.0,
        12.0
    ],
    "flux": [
        [
            0.0,
            3902.0,
            8897.0,
            8938.0,
            8907.0
        ],
        [
            0.0,
            25450.0,
            44123.0,
            43678.0,
            43948.0
        ],
        [
            0.0,
            55162.0,
            85446.0,
            84122.0,
            84509.0
        ],
        [
            0.0,
            25253.0,
            43999.0,
            43329.0,
            43941.0
        ],
        [
            0.0,
            3844.0,
            8978.0,
            8930.0,
            8627.0
        ]
    ],
    "sim_time": 16.882474184036255
}