{
    "dni": 1000.0,
    "generated_rays": 3959541,
    "power_per_ray": 0.3193500767462106,
    "num_rays": 943828.0,
    "avg_flux": 29519.505247430905,
    "peak_flux": 70420.29060364077,
    "min_flux": 5563.282712408163,
    "radius": 0.0,
    "bin_size_x": 0.06807059529144252,
    "bin_size_y": 6.0,
    "xvalues": [
        -0.13614119058288504,
        -0.0680705952914425,
        2.7755575615628914e-17,
        0.06807059529144252,
        0.13614119058288507
    ],
    "yvalues": [
        -12.0,
        -6.0,
        0.0,
        6.0,
        12.0
    ],
    "flux": [
        [
            7115.0,
            7680.0,
            7768.0,
            8067.0,
            7731.0
        ],
        [
            38963.0,
            43026.0,
            42914.0,
            43062.0,
            42742.0
        ],
        [
            82560.0,
            89238.0,
            90062.0,
            89492.0,
            89073.0
        ],
        [
            39133.0,
            43507.0,
            43005.0,
            43203.0,
            43282.0
        ],
        [
            7877.0,
            8513.0,
            8591.0,
            8612.0,
            8612.0
        ]
    ],
    "sim_time": 13.990439653396606
}