{
    "dni": 1000.0,
    "generated_rays": 3933431,
    "power_per_ray": 0.3477378302625919,
    "num_rays": 963705.0,
    "avg_flux": 32820.50389779586,
    "peak_flux": 83814.11386790883,
    "min_flux": 4782.396334820287,
    "radius": 0.0,
    "bin_size_x": 0.06807059529144252,
    "bin_size_y": 6.0,
    "xvalues": [
        -0.13614119058288504,
        -0.0680705952914425,
        2.7755575615628914e-17,
        0.06807059529144252,
        0.13614119058288507
    ],
    "yvalues": [
        -12.0,
        -6.0,
        0.0,
        6.0,
        12.0
    ],
    "flux": [
        [
            5776.0,
            5920.0,
            5841.0,
            5878.0,
            5917.0
        ],
        [
            41544.0,
            41999.0,
            42104.0,
            42475.0,
            42069.0
        ],
        [
            97976.0,
            98441.0,
            98366.0,
            97821.0,
            97188.0
        ],
        [
            41286.0,
            41575.0,
            41335.0,
            40993.0,
            40835.0
        ],
        [
            5773.0,
            5628.0,
            5672.0,
            5617.0,
            5676.0
        ]
    ],
    "sim_time": 16.79962158203125
}