{
    "dni": 1000.0,
    "generated_rays": 6211352,
    "power_per_ray": 0.24431886220336435,
    "num_rays": 745165.0,
    "avg_flux": 17830.29947799476,
    "peak_flux": 48366.24115780767,
    "min_flux": 30.508185213265943,
    "radius": 0.0,
    "bin_size_x": 0.06807059529144252,
    "bin_size_y": 6.0,
    "xvalues": [
        -0.13614119058288504,
        -0.0680705952914425,
        2.7755575615628914e-17,
        0.06807059529144252,
        0.13614119058288507
    ],
    "yvalues": [
        -12.0,
        -6.0,
        0.0,
        6.0,
        12.0
    ],
    "flux": [
        [
            51.0,
            9068.0,
            11508.0,
            11429.0,
            11246.0
        ],
        [
            827.0,
            39831.0,
            45030.0,
            44683.0,
            44492.0
        ],
        [
            2147.0,
            74616.0,
            80853.0,
            79876.0,
            80210.0
        ],
        [
            1050.0,
            38960.0,
            43933.0,
            43509.0,
            43582.0
        ],
        [
            85.0,
            8304.0,
            9997.0,
            9921.0,
            9957.0
        ]
    ],
    "sim_time": 16.17585325241089
}