{
    "dni": 1000.0,
    "generated_rays": 9551189,
    "power_per_ray": 0.16545217860046596,
    "num_rays": 692028.0,
    "avg_flux": 11213.607457797301,
    "peak_flux": 28653.90187652727,
    "min_flux": 0.0,
    "radius": 0.0,
    "bin_size_x": 0.06807059529144252,
    "bin_size_y": 6.0,
    "xvalues": [
        -0.13614119058288504,
        -0.0680705952914425,
        2.7755575615628914e-17,
        0.06807059529144252,
        0.13614119058288507
    ],
    "yvalues": [
        -12.0,
        -6.0,
        0.0,
        6.0,
        12.0
    ],
    "flux": [
        [
            0.0,
            10037.0,
            14269.0,
            14236.0,
            14665.0
        ],
        [
            0.0,
            37147.0,
            47963.0,
            48199.0,
            48327.0
        ],
        [
            0.0,
            56396.0,
            70549.0,
            70733.0,
            70443.0
        ],
        [
            0.0,
            28554.0,
            38729.0,
            38407.0,
            38369.0
        ],
        [
            0.0,
            7652.0,
            12540.0,
            12507.0,
            12306.0
        ]
    ],
    "sim_time": 15.199049234390259
}