{
    "dni": 1000.0,
    "generated_rays": 6693927,
    "power_per_ray": 0.18225282458682993,
    "num_rays": 922157.0,
    "avg_flux": 16459.943018758513,
    "peak_flux": 34007.55667038222,
    "min_flux": 3655.555757036756,
    "radius": 0.0,
    "bin_size_x": 0.06807059529144252,
    "bin_size_y": 6.0,
    "xvalues": [
        -0.13614119058288504,
        -0.0680705952914425,
        2.7755575615628914e-17,
        0.06807059529144252,
        0.13614119058288507
    ],
    "yvalues": [
        -12.0,
        -6.0,
        0.0,
        6.0,
        12.0
    ],
    "flux": [
        [
            13921.0,
            15070.0,
            15305.0,
            15252.0,
            15229.0
        ],
        [
            49892.0,
            54296.0,
            54378.0,
            54484.0,
            54686.0
        ],
        [
            70042.0,
            76210.0,
            76082.0,
            75482.0,
            75596.0
        ],
        [
            30249.0,
            33124.0,
            32768.0,
            32798.0,
            32888.0
        ],
        [
            8192.0,
            8943.0,
            8890.0,
            9095.0,
            9285.0
        ]
    ],
    "sim_time": 14.991977214813232
}