{
    "dni": 1000.0,
    "generated_rays": 4448607,
    "power_per_ray": 0.2990881334246895,
    "num_rays": 895241.0,
    "avg_flux": 26223.360077760655,
    "peak_flux": 63197.395302235505,
    "min_flux": 3903.885450245857,
    "radius": 0.0,
    "bin_size_x": 0.06807059529144252,
    "bin_size_y": 6.0,
    "xvalues": [
        -0.13614119058288504,
        -0.0680705952914425,
        2.7755575615628914e-17,
        0.06807059529144252,
        0.13614119058288507
    ],
    "yvalues": [
        -12.0,
        -6.0,
        0.0,
        6.0,
        12.0
    ],
    "flux": [
        [
            6361.0,
            9834.0,
            9993.0,
            9826.0,
            9987.0
        ],
        [
            29546.0,
            44018.0,
            44629.0,
            44821.0,
            44183.0
        ],
        [
            58580.0,
            86236.0,
            86300.0,
            86015.0,
            85945.0
        ],
        [
            28558.0,
            43158.0,
            42913.0,
            42753.0,
            42510.0
        ],
        [
            5331.0,
            8416.0,
            8403.0,
            8376.0,
            8549.0
        ]
    ],
    "sim_time": 16.138009548187256
}