{
    "dni": 1000.0,
    "generated_rays": 4821220,
    "power_per_ray": 0.2551818936421942,
    "num_rays": 937210.0,
    "avg_flux": 23422.646397850895,
    "peak_flux": 50652.9317367551,
    "min_flux": 6008.674427506429,
    "radius": 0.0,
    "bin_size_x": 0.06807059529144252,
    "bin_size_y": 6.0,
    "xvalues": [
        -0.13614119058288504,
        -0.0680705952914425,
        2.7755575615628914e-17,
        0.06807059529144252,
        0.13614119058288507
    ],
    "yvalues": [
        -12.0,
        -6.0,
        0.0,
        6.0,
        12.0
    ],
    "flux": [
        [
            9617.0,
            10143.0,
            10318.0,
            10163.0,
            10363.0
        ],
        [
            42603.0,
            45460.0,
            45642.0,
            45171.0,
            45395.0
        ],
        [
            76157.0,
            80797.0,
            81071.0,
            80850.0,
            80459.0
        ],
        [
            39057.0,
            41601.0,
            41524.0,
            42026.0,
            41874.0
        ],
        [
            10626.0,
            11593.0,
            11558.0,
            11500.0,
            11642.0
        ]
    ],
    "sim_time": 14.336259603500366
}