{
    "dni": 1000.0,
    "generated_rays": 9549952,
    "power_per_ray": 0.13820758525313254,
    "num_rays": 860580.0,
    "avg_flux": 11648.562124649941,
    "peak_flux": 23676.3271914111,
    "min_flux": 1551.5308670175923,
    "radius": 0.0,
    "bin_size_x": 0.06807059529144252,
    "bin_size_y": 6.0,
    "xvalues": [
        -0.13614119058288504,
        -0.0680705952914425,
        2.7755575615628914e-17,
        0.06807059529144252,
        0.13614119058288507
    ],
    "yvalues": [
        -12.0,
        -6.0,
        0.0,
        6.0,
        12.0
    ],
    "flux": [
        [
            4585.0,
            7050.0,
            6941.0,
            6979.0,
            6910.0
        ],
        [
            17873.0,
            26139.0,
            25951.0,
            26090.0,
            26059.0
        ],
        [
            47538.0,
            69441.0,
            69798.0,
            69967.0,
            68723.0
        ],
        [
            41005.0,
            61287.0,
            61268.0,
            61714.0,
            61456.0
        ],
        [
            12965.0,
            20233.0,
            20203.0,
            20224.0,
            20181.0
        ]
    ],
    "sim_time": 18.387075185775757
}