{
    "dni": 1000.0,
    "generated_rays": 5642446,
    "power_per_ray": 0.27345367543809496,
    "num_rays": 769705.0,
    "avg_flux": 20613.76235969142,
    "peak_flux": 58321.81198082383,
    "min_flux": 119.84667705110283,
    "radius": 0.0,
    "bin_size_x": 0.06807059529144252,
    "bin_size_y": 6.0,
    "xvalues": [
        -0.13614119058288504,
        -0.0680705952914425,
        2.7755575615628914e-17,
        0.06807059529144252,
        0.13614119058288507
    ],
    "yvalues": [
        -12.0,
        -6.0,
        0.0,
        6.0,
        12.0
    ],
    "flux": [
        [
            179.0,
            8150.0,
            8929.0,
            8982.0,
            9051.0
        ],
        [
            2827.0,
            42560.0,
            42913.0,
            43396.0,
            43476.0
        ],
        [
            7685.0,
            85886.0,
            86900.0,
            86476.0,
            87108.0
        ],
        [
            2990.0,
            41484.0,
            42717.0,
            42760.0,
            42563.0
        ],
        [
            185.0,
            7416.0,
            8360.0,
            8327.0,
            8385.0
        ]
    ],
    "sim_time": 16.3130202293396
}