{
    "dni": 1000.0,
    "generated_rays": 5153993,
    "power_per_ray": 0.30051920254896825,
    "num_rays": 812689.0,
    "avg_flux": 23919.15326088156,
    "peak_flux": 68859.36805980947,
    "min_flux": 686.5040006817643,
    "radius": 0.0,
    "bin_size_x": 0.06807059529144252,
    "bin_size_y": 6.0,
    "xvalues": [
        -0.13614119058288504,
        -0.0680705952914425,
        2.7755575615628914e-17,
        0.06807059529144252,
        0.13614119058288507
    ],
    "yvalues": [
        -12.0,
        -6.0,
        0.0,
        6.0,
        12.0
    ],
    "flux": [
        [
            933.0,
            7297.0,
            7328.0,
            7359.0,
            7459.0
        ],
        [
            9626.0,
            43297.0,
            42956.0,
            43044.0,
            42819.0
        ],
        [
            23845.0,
            93584.0,
            91960.0,
            92150.0,
            92418.0
        ],
        [
            9249.0,
            42306.0,
            42262.0,
            42110.0,
            41983.0
        ],
        [
            950.0,
            6958.0,
            6969.0,
            6836.0,
            6991.0
        ]
    ],
    "sim_time": 16.328557014465332
}