{
    "dni": 1000.0,
    "generated_rays": 9472124,
    "power_per_ray": 0.1803497856884643,
    "num_rays": 504126.0,
    "avg_flux": 8904.384795492122,
    "peak_flux": 32058.371129079234,
    "min_flux": 0.0,
    "radius": 0.0,
    "bin_size_x": 0.06807059529144252,
    "bin_size_y": 6.0,
    "xvalues": [
        -0.13614119058288504,
        -0.0680705952914425,
        2.7755575615628914e-17,
        0.06807059529144252,
        0.13614119058288507
    ],
    "yvalues": [
        -12.0,
        -6.0,
        0.0,
        6.0,
        12.0
    ],
    "flux": [
        [
            0.0,
            24.0,
            6921.0,
            13608.0,
            13461.0
        ],
        [
            0.0,
            270.0,
            30985.0,
            45008.0,
            43995.0
        ],
        [
            0.0,
            710.0,
            54169.0,
            72600.0,
            70108.0
        ],
        [
            0.0,
            293.0,
            30453.0,
            44640.0,
            43353.0
        ],
        [
            0.0,
            36.0,
            6905.0,
            13415.0,
            13172.0
        ]
    ],
    "sim_time": 16.785766124725342
}