{
    "dni": 1000.0,
    "generated_rays": 6006152,
    "power_per_ray": 0.2176193882292779,
    "num_rays": 888623.0,
    "avg_flux": 18939.317610735074,
    "peak_flux": 41723.60508410824,
    "min_flux": 3976.4930496092234,
    "radius": 0.0,
    "bin_size_x": 0.06807059529144252,
    "bin_size_y": 6.0,
    "xvalues": [
        -0.13614119058288504,
        -0.0680705952914425,
        2.7755575615628914e-17,
        0.06807059529144252,
        0.13614119058288507
    ],
    "yvalues": [
        -12.0,
        -6.0,
        0.0,
        6.0,
        12.0
    ],
    "flux": [
        [
            8831.0,
            12181.0,
            12233.0,
            12221.0,
            12328.0
        ],
        [
            35612.0,
            48644.0,
            48837.0,
            48464.0,
            48909.0
        ],
        [
            57248.0,
            78306.0,
            78068.0,
            78213.0,
            77455.0
        ],
        [
            27419.0,
            38154.0,
            37906.0,
            38025.0,
            38237.0
        ],
        [
            7463.0,
            11003.0,
            10976.0,
            10969.0,
            10921.0
        ]
    ],
    "sim_time": 14.905399322509766
}