{
    "dni": 1000.0,
    "generated_rays": 5331838,
    "power_per_ray": 0.2642137254530892,
    "num_rays": 844765.0,
    "avg_flux": 21859.512841216303,
    "peak_flux": 53220.72593958154,
    "min_flux": 2415.5658955183303,
    "radius": 0.0,
    "bin_size_x": 0.06807059529144252,
    "bin_size_y": 6.0,
    "xvalues": [
        -0.13614119058288504,
        -0.0680705952914425,
        2.7755575615628914e-17,
        0.06807059529144252,
        0.13614119058288507
    ],
    "yvalues": [
        -12.0,
        -6.0,
        0.0,
        6.0,
        12.0
    ],
    "flux": [
        [
            4321.0,
            11449.0,
            11210.0,
            11408.0,
            11540.0
        ],
        [
            18710.0,
            43706.0,
            43754.0,
            43885.0,
            43974.0
        ],
        [
            36805.0,
            82269.0,
            81877.0,
            81922.0,
            81457.0
        ],
        [
            19343.0,
            43975.0,
            43850.0,
            43740.0,
            43693.0
        ],
        [
            3734.0,
            9540.0,
            9511.0,
            9675.0,
            9417.0
        ]
    ],
    "sim_time": 16.2989284992218
}