{
    "dni": 1000.0,
    "generated_rays": 11427218,
    "power_per_ray": 0.14867414865893272,
    "num_rays": 363433.0,
    "avg_flux": 5291.868110179888,
    "peak_flux": 23144.72449621715,
    "min_flux": 0.0,
    "radius": 0.0,
    "bin_size_x": 0.06807059529144252,
    "bin_size_y": 6.0,
    "xvalues": [
        -0.13614119058288504,
        -0.0680705952914425,
        2.7755575615628914e-17,
        0.06807059529144252,
        0.13614119058288507
    ],
    "yvalues": [
        -12.0,
        -6.0,
        0.0,
        6.0,
        12.0
    ],
    "flux": [
        [
            0.0,
            0.0,
            1530.0,
            11637.0,
            16545.0
        ],
        [
            0.0,
            0.0,
            7178.0,
            36029.0,
            43607.0
        ],
        [
            0.0,
            0.0,
            12558.0,
            54809.0,
            63581.0
        ],
        [
            0.0,
            0.0,
            7201.0,
            35913.0,
            43326.0
        ],
        [
            0.0,
            0.0,
            1503.0,
            11557.0,
            16459.0
        ]
    ],
    "sim_time": 17.089404582977295
}