{"dx": [[-200.0, 0.31736737660529335], [-160.0, 0.3801809548718443], [-120.0, 0.4329703521028794], [-80.0, 0.4722297540968563], [-40.0, 0.4959502786416417], [0.0, 0.5039759206074422], [40.0, 0.4959914480418821], [80.0, 0.4718820944333005], [120.0, 0.4325738437210253], [160.0, 0.3799961495573856], [200.0, 0.3171607601780084]], "dy": [[-200.0, 0.4419803029211783], [-160.0, 0.4626932326656864], [-120.0, 0.47980281217037796], [-80.0, 0.49256182497734585], [-40.0, 0.5008964580947606], [0.0, 0.5040067749002866], [40.0, 0.5020489598426537], [80.0, 0.49499095228923207], [120.0, 0.48285674428546443], [160.0, 0.46569746599488443], [200.0, 0.4443819322776502]]}