{"ns": [[-85.0, 0.7053374991266315], [-82.5, 0.7053032219736616], [-80.0, 0.7052586330790557], [-77.5, 0.7052002342365632], [-75.0, 0.7051314160961574], [-72.5, 0.7050533716005069], [-70.0, 0.7049746103554461], [-67.5, 0.7048925566904256], [-65.0, 0.7048122795821038], [-62.5, 0.7047368407659693], [-60.0, 0.7046644161509447], [-57.5, 0.7046107597054156], [-55.0, 0.7045678807495587], [-52.5, 0.7045385781713138], [-50.0, 0.7045233889130146], [-47.5, 0.7045279640755701], [-45.0, 0.7045511671440339], [-42.5, 0.7045932205678853], [-40.0, 0.704650937624824], [-37.5, 0.704724799365754], [-35.0, 0.704812310641941], [-32.5, 0.7049137595964492], [-30.0, 0.7050247438050484], [-27.5, 0.7051426071652485], [-25.0, 0.7052645273271874], [-22.5, 0.7053872443926791], [-20.0, 0.7055047507174823], [-17.5, 0.7056219465123287], [-15.0, 0.7057275710772887], [-12.5, 0.7058213288464183], [-10.0, 0.7058987884959902], [-7.5, 0.7059629420026827], [-5.0, 0.7060067316419694], [-2.5, 0.7060306498199799], [0.0, 0.7060337059869345], [2.5, 0.7060158852015412], [5.0, 0.7059773242350991], [7.5, 0.7059168816920799], [10.0, 0.7058406661909703], [12.5, 0.705749562262211], [15.0, 0.7056425531979148], [17.5, 0.7055220564870686], [20.0, 0.7053978407370701], [22.5, 0.7052664175829251], [25.0, 0.7051333495393524], [27.5, 0.7050020075462615], [30.0, 0.7048757086518279], [32.5, 0.7047553924180023], [35.0, 0.7046505239999435], [37.5, 0.7045570444093905], [40.0, 0.7044793166480869], [42.5, 0.7044189845103078], [45.0, 0.7043772268051498], [47.5, 0.7043546840526651], [50.0, 0.7043514063483096], [52.5, 0.7043666597319949], [55.0, 0.7044001814004154], [57.5, 0.7044496561914257], [60.0, 0.7045133407935485], [62.5, 0.7045887940808994], [65.0, 0.7046732705708664], [67.5, 0.7047637605214285], [70.0, 0.7048571102599414], [72.5, 0.7049500149806629], [75.0, 0.7050394524897013], [77.5, 0.7051223073250196], [80.0, 0.7051944840399055], [82.5, 0.7052574508959857], [85.0, 0.7053053359847303]], "ew": [[-85.0, 0.6528395016502492], [-82.5, 0.6530077958209017], [-80.0, 0.6531543056794956], [-77.5, 0.6532788485756975], [-75.0, 0.653381875988083], [-72.5, 0.653464576926804], [-70.0, 0.65352850716861], [-67.5, 0.6535750665205317], [-65.0, 0.6536062744624053], [-62.5, 0.6536240713606506], [-60.0, 0.653629766747202], [-57.5, 0.6536275193592592], [-55.0, 0.6536168993193102], [-52.5, 0.6536002560421638], [-50.0, 0.6535787508564249], [-47.5, 0.6535538692071889], [-45.0, 0.6535263180299379], [-42.5, 0.6534961787146115], [-40.0, 0.6534636016124736], [-37.5, 0.653428335378323], [-35.0, 0.6533898037580026], [-32.5, 0.6533470791223491], [-30.0, 0.6532990662365995], [-27.5, 0.6532444049052137], [-25.0, 0.6531817064895248], [-22.5, 0.6531094170552078], [-20.0, 0.6530244751431649], [-17.5, 0.6529301369393223], [-15.0, 0.6528204774160509], [-12.5, 0.652695955995417], [-10.0, 0.6525556715014977], [-7.5, 0.6523994062158137], [-5.0, 0.6522269163215079], [-2.5, 0.6520385904716368], [0.0, 0.6518351627870647], [2.5, 0.6516180254990733], [5.0, 0.6513887203127907], [7.5, 0.6511493037425291], [10.0, 0.6509020652928998], [12.5, 0.6506523424588775], [15.0, 0.6504004467734977], [17.5, 0.6501497779595812], [20.0, 0.6499079257105561], [22.5, 0.6496748203886364], [25.0, 0.649455577494089], [27.5, 0.6492539034274568], [30.0, 0.6490734190515717], [32.5, 0.6489171156268522], [35.0, 0.6487888515026613], [37.5, 0.6486902958537438], [40.0, 0.6486238499647232], [42.5, 0.6485910228663674], [45.0, 0.6485927779274153], [47.5, 0.6486295046161487], [50.0, 0.648700943893935], [52.5, 0.6488062077213896], [55.0, 0.6489437897487376], [57.5, 0.6491116415599898], [60.0, 0.6493071476798614], [62.5, 0.6495271859175], [65.0, 0.6497682422588881], [67.5, 0.6500264121427515], [70.0, 0.650297662405022], [72.5, 0.6505775844435344], [75.0, 0.6508620278044656], [77.5, 0.6511466544712124], [80.0, 0.6514270731663849], [82.5, 0.6517000634877547], [85.0, 0.6519615116518754]]}