{"ns": [25649.591541512193, 23612.80229313844, 21884.0061969968, 20316.329475452545, 18899.890885760964, 17741.148621132375, 16863.59671255731, 16322.342213608916, 16302.008908306012, 16832.113573520895, 17684.495715278645, 18864.504806002784, 20259.987205710808, 21807.4344218048, 23565.376706852476, 25491.43393460359], "ew": [27255.91095328253, 24682.110444171758, 22375.915821273597, 20378.262890443253, 18705.804772644253, 17399.63182285593, 16492.041832315816, 15682.41431005247, 15586.046550631785, 16273.472297245638, 16929.50208668911, 17864.374337828776, 18985.35227334605, 20255.741547379937, 21679.975300695478, 23243.972151970538]}