{"ns": [27004.40780273742, 24550.27801451114, 22961.73397405103, 21487.54945459161, 20095.515820263718, 18971.49593889507, 17969.77066932772, 17164.154109302217, 16597.91988391117, 16064.038925147921, 16040.244654481594, 16545.58015946684, 17075.826164817903, 17845.30489569155, 18830.96503725459, 19902.46276549812, 21236.41485019285, 22662.84830894795, 24145.251783563435, 26321.070010452786], "ew": [29599.32782246699, 26562.294958929873, 24206.335680899596, 22182.972573313276, 20378.76117407724, 18939.43972900559, 17784.664811562412, 16924.66195137492, 16341.381697102686, 15554.773350993362, 15467.389111801946, 16177.392114334438, 16596.5163796176, 17192.604165773366, 17942.1058442688, 18686.631131546725, 19660.636334985502, 20668.99528531179, 21742.78859106385, 22996.75513296847]}