{"ns": {"ns_data": [[11175.823235896316, 0.42702040564432997], [12315.757205957741, 0.5011751036692141], [13455.691176019163, 0.5538157260968425], [14597.860310727769, 0.5917743396454194], [15737.79428078919, 0.6193225916562667], [16877.728250850618, 0.6384996192670774], [18017.662220912043, 0.6508573032542306], [19157.596190973465, 0.6584441762334813], [20299.765325682067, 0.662885028787683], [21439.699295743492, 0.6656137566786843], [22579.633265804918, 0.6672185467901693], [23719.56723586634, 0.6681967295941053], [24859.50120592777, 0.6687040309528314], [26001.67034063637, 0.6682568231707722], [27141.604310697792, 0.6661336176972572], [28281.538280759218, 0.6620220881070746], [29421.472250820643, 0.6559382349202435], [30561.406220882065, 0.6482301012486646], [31703.57535559067, 0.639372382863624], [32843.50932565209, 0.6298330788783355], [33983.443295713514, 0.6198434464652446], [35123.37726577494, 0.6095641645441928], [36263.311235836365, 0.5991622868612899], [37405.48037054497, 0.5888460562619714], [38545.41434060639, 0.5788292538639922], [39685.34831066782, 0.569155976251611], [40825.28228072924, 0.5598918856695165], [41967.45141543784, 0.5510777547484726], [43107.38538549927, 0.542736385750842], [44247.31935556069, 0.5348157528699548], [45387.25332562212, 0.5273045442148858], [46527.18729568354, 0.5202011648624457], [47669.356430392145, 0.5134331969767151], [48809.29040045357, 0.5070524156610795], [49949.224370514996, 0.5009833794683359], [51089.15834057642, 0.49522454447185243], [52229.09231063784, 0.48977709995786245], [53371.26144534644, 0.4845868231709615], [54511.19541540787, 0.4796815269020991], [55651.12938546929, 0.4750007552481428], [56791.06335553072, 0.47055315602434367], [57930.99732559214, 0.4662986764328185], [59073.166460300745, 0.46225971095308205], [60213.100430362174, 0.4584010696907607], [61353.034400423596, 0.45471762462533943], [62492.96837048502, 0.4512145960735968], [63632.90234054645, 0.4478486511445444], [64775.07147525505, 0.44461049281935044], [65915.00544531646, 0.44154037323022444], [67054.9394153779, 0.43859282942013406]], "ns_opt": [25040.009707310113, 0.6687166080679479]}, "ew": {"ew_data": [[11175.823235896316, 0.42567060860696304], [12315.757205957741, 0.4961749138511546], [13455.691176019163, 0.5456427614528648], [14597.860310727769, 0.581136216074824], [15737.79428078919, 0.6065374007144456], [16877.728250850618, 0.6240130127108405], [18017.662220912043, 0.6351745687906222], [19157.596190973465, 0.6419220275809648], [20299.765325682067, 0.6456213863021131], [21439.699295743492, 0.6475418054478466], [22579.633265804918, 0.6482614420832846], [23719.56723586634, 0.648206592851918], [24859.50120592777, 0.6474275551024266], [26001.67034063637, 0.6454249203494915], [27141.604310697792, 0.6416100825676834], [28281.538280759218, 0.6358854003730279], [29421.472250820643, 0.6284796938674332], [30561.406220882065, 0.619787195262373], [31703.57535559067, 0.6102471413917827], [32843.50932565209, 0.600273844249402], [33983.443295713514, 0.590068271084963], [35123.37726577494, 0.5797138032688963], [36263.311235836365, 0.5693789582710015], [37405.48037054497, 0.55922508474859], [38545.41434060639, 0.5493897405828019], [39685.34831066782, 0.5399532048760175], [40825.28228072924, 0.5309067694996132], [41967.45141543784, 0.522346059205515], [43107.38538549927, 0.5141960237010708], [44247.31935556069, 0.506475833206476], [45387.25332562212, 0.4991309153124877], [46527.18729568354, 0.4921661830554642], [47669.356430392145, 0.48552928379685234], [48809.29040045357, 0.4792910890237998], [49949.224370514996, 0.4733668171680473], [51089.15834057642, 0.46773474065813253], [52229.09231063784, 0.46240580526537517], [53371.26144534644, 0.4573411813596347], [54511.19541540787, 0.45255549219120245], [55651.12938546929, 0.44798998308060806], [56791.06335553072, 0.4436775516967557], [57930.99732559214, 0.4395493370932253], [59073.166460300745, 0.43563578518723006], [60213.100430362174, 0.4318937315150227], [61353.034400423596, 0.4283271436896856], [62492.96837048502, 0.4249538761777885], [63632.90234054645, 0.421717840404813], [64775.07147525505, 0.4185895723605444], [65915.00544531646, 0.41565006128791226], [67054.9394153779, 0.41282900182252713]], "ew_opt": [23045.30047425613, 0.648316289409672]}}