{"ns": {"ns_data": [[11175.823235896316, 0.4013004709762442], [12315.757205957741, 0.47517871996323824], [13455.691176019163, 0.528090701298321], [14597.860310727769, 0.5681644489990931], [15737.79428078919, 0.5988172998091671], [16877.728250850618, 0.620701661419113], [18017.662220912043, 0.6350364203714187], [19157.596190973465, 0.6440631517260809], [20299.765325682067, 0.649827325360665], [21439.699295743492, 0.653452199901947], [22579.633265804918, 0.6556718484267781], [23719.56723586634, 0.6570366282000204], [24859.50120592777, 0.6575790501767633], [26001.67034063637, 0.6569471200490377], [27141.604310697792, 0.654761216425273], [28281.538280759218, 0.6505081390318262], [29421.472250820643, 0.6441035895092214], [30561.406220882065, 0.6359483649540403], [31703.57535559067, 0.6266650012311614], [32843.50932565209, 0.6169241127691194], [33983.443295713514, 0.6068834347109848], [35123.37726577494, 0.5966788607326204], [36263.311235836365, 0.5864295050571682], [37405.48037054497, 0.5762722821810461], [38545.41434060639, 0.5664138180729962], [39685.34831066782, 0.5569341455852406], [40825.28228072924, 0.5478924744823124], [41967.45141543784, 0.5392827806962024], [43107.38538549927, 0.5311449325793569], [44247.31935556069, 0.5234208772611457], [45387.25332562212, 0.5160931819412262], [46527.18729568354, 0.5091656055773107], [47669.356430392145, 0.5025332815397436], [48809.29040045357, 0.4962774244180176], [49949.224370514996, 0.4902910547327585], [51089.15834057642, 0.4846537837804057], [52229.09231063784, 0.4793031535195136], [53371.26144534644, 0.474186682243707], [54511.19541540787, 0.4693613298373415], [55651.12938546929, 0.4647444464856568], [56791.06335553072, 0.4603734681925661], [57930.99732559214, 0.45619983824132176], [59073.166460300745, 0.45218335188596837], [60213.100430362174, 0.44840310436721065], [61353.034400423596, 0.4447853341725178], [62492.96837048502, 0.44132176562203973], [63632.90234054645, 0.43800302525450413], [64775.07147525505, 0.43482578184105775], [65915.00544531646, 0.4317888920256548], [67054.9394153779, 0.42890086309476366]], "ns_opt": [24875.536663960585, 0.657579168442004]}, "ew": {"ew_data": [[11175.823235896316, 0.39418494453581654], [12315.757205957741, 0.4629856860406141], [13455.691176019163, 0.5123029296418085], [14597.860310727769, 0.5498380864745754], [15737.79428078919, 0.5783447061086603], [16877.728250850618, 0.5985956654870438], [18017.662220912043, 0.611909739705754], [19157.596190973465, 0.6202694536124296], [20299.765325682067, 0.6255131260209581], [21439.699295743492, 0.6285346954746904], [22579.633265804918, 0.6299527282510415], [23719.56723586634, 0.6303102806922624], [24859.50120592777, 0.6296978079229477], [26001.67034063637, 0.6277780455780376], [27141.604310697792, 0.6242692913684985], [28281.538280759218, 0.6188197528783272], [29421.472250820643, 0.6114519984195294], [30561.406220882065, 0.602622056636123], [31703.57535559067, 0.592977562187428], [32843.50932565209, 0.5831482864458937], [33983.443295713514, 0.5731650170085739], [35123.37726577494, 0.5631601463105309], [36263.311235836365, 0.5531615360824614], [37405.48037054497, 0.5432773569699584], [38545.41434060639, 0.533728221227235], [39685.34831066782, 0.5245802598953544], [40825.28228072924, 0.5158595437699708], [41967.45141543784, 0.5075793862855343], [43107.38538549927, 0.4997655903832761], [44247.31935556069, 0.49235586301664885], [45387.25332562212, 0.48530373358561363], [46527.18729568354, 0.4786876647311711], [47669.356430392145, 0.4723026500501726], [48809.29040045357, 0.4663083982132043], [49949.224370514996, 0.46056563833345937], [51089.15834057642, 0.45513511398368206], [52229.09231063784, 0.4500055646931529], [53371.26144534644, 0.44506147575098876], [54511.19541540787, 0.4404721678753968], [55651.12938546929, 0.43606339185918286], [56791.06335553072, 0.4318747503261005], [57930.99732559214, 0.4278993383783492], [59073.166460300745, 0.42406080591276035], [60213.100430362174, 0.42048430601562264], [61353.034400423596, 0.4170366947627201], [62492.96837048502, 0.41375452093499565], [63632.90234054645, 0.4105973782502717], [64775.07147525505, 0.40757188825700785], [65915.00544531646, 0.40471483762873334], [67054.9394153779, 0.40197230277152424]], "ew_opt": [23604.528981961277, 0.6303148887564582]}}