{
    "dni": 1000.0,
    "generated_rays": 6929036,
    "power_per_ray": 0.1814295397074206,
    "num_rays": 895467.0,
    "avg_flux": 15911.340762003389,
    "peak_flux": 31368.085495280877,
    "min_flux": 3821.1724506529317,
    "radius": 0.0,
    "bin_size_x": 0.06807059529144252,
    "bin_size_y": 6.0,
    "xvalues": [
        -0.13614119058288504,
        -0.0680705952914425,
        2.7755575615628914e-17,
        0.06807059529144252,
        0.13614119058288507
    ],
    "yvalues": [
        -12.0,
        -6.0,
        0.0,
        6.0,
        12.0
    ],
    "flux": [
        [
            8602.0,
            10345.0,
            10288.0,
            10498.0,
            10315.0
        ],
        [
            28289.0,
            33779.0,
            34078.0,
            33991.0,
            33689.0
        ],
        [
            58621.0,
            70261.0,
            70295.0,
            70614.0,
            69906.0
        ],
        [
            44770.0,
            53741.0,
            53500.0,
            53310.0,
            53409.0
        ],
        [
            14309.0,
            17387.0,
            17087.0,
            17180.0,
            17203.0
        ]
    ],
    "sim_time": 17.387087106704712
}