{
    "dni": 1000.0,
    "generated_rays": 19792239,
    "power_per_ray": 0.08709837219788762,
    "num_rays": 267114.0,
    "avg_flux": 2278.5359318667347,
    "peak_flux": 8575.836905224816,
    "min_flux": 0.0,
    "radius": 0.0,
    "bin_size_x": 0.06807059529144252,
    "bin_size_y": 6.0,
    "xvalues": [
        -0.13614119058288504,
        -0.0680705952914425,
        2.7755575615628914e-17,
        0.06807059529144252,
        0.13614119058288507
    ],
    "yvalues": [
        -12.0,
        -6.0,
        0.0,
        6.0,
        12.0
    ],
    "flux": [
        [
            0.0,
            0.0,
            933.0,
            15694.0,
            23393.0
        ],
        [
            0.0,
            0.0,
            1514.0,
            26628.0,
            35661.0
        ],
        [
            0.0,
            0.0,
            1695.0,
            30936.0,
            40214.0
        ],
        [
            0.0,
            0.0,
            1075.0,
            24135.0,
            32332.0
        ],
        [
            0.0,
            0.0,
            412.0,
            12903.0,
            19589.0
        ]
    ],
    "sim_time": 12.325386762619019
}