{
    "dni": 1000.0,
    "generated_rays": 5100926,
    "power_per_ray": 0.2701862241387256,
    "num_rays": 854389.0,
    "avg_flux": 22608.30704430778,
    "peak_flux": 49851.24439622648,
    "min_flux": 3848.80687789118,
    "radius": 0.0,
    "bin_size_x": 0.06807059529144252,
    "bin_size_y": 6.0,
    "xvalues": [
        -0.13614119058288504,
        -0.0680705952914425,
        2.7755575615628914e-17,
        0.06807059529144252,
        0.13614119058288507
    ],
    "yvalues": [
        -12.0,
        -6.0,
        0.0,
        6.0,
        12.0
    ],
    "flux": [
        [
            5818.0,
            11613.0,
            11592.0,
            11541.0,
            11608.0
        ],
        [
            23953.0,
            44422.0,
            44385.0,
            44521.0,
            44092.0
        ],
        [
            41228.0,
            75357.0,
            74948.0,
            75283.0,
            75221.0
        ],
        [
            23295.0,
            44199.0,
            43922.0,
            44457.0,
            44164.0
        ],
        [
            6530.0,
            13082.0,
            13213.0,
            12879.0,
            13066.0
        ]
    ],
    "sim_time": 8.949605226516724
}