{
    "dni": 1000.0,
    "generated_rays": 6836825,
    "power_per_ray": 0.22686805281416947,
    "num_rays": 687794.0,
    "avg_flux": 15282.025456972924,
    "peak_flux": 38329.26728815251,
    "min_flux": 0.0,
    "radius": 0.0,
    "bin_size_x": 0.06807059529144252,
    "bin_size_y": 6.0,
    "xvalues": [
        -0.13614119058288504,
        -0.0680705952914425,
        2.7755575615628914e-17,
        0.06807059529144252,
        0.13614119058288507
    ],
    "yvalues": [
        -12.0,
        -6.0,
        0.0,
        6.0,
        12.0
    ],
    "flux": [
        [
            0.0,
            9293.0,
            15119.0,
            14707.0,
            14948.0
        ],
        [
            0.0,
            31436.0,
            44532.0,
            44370.0,
            44615.0
        ],
        [
            0.0,
            50819.0,
            69003.0,
            68491.0,
            68387.0
        ],
        [
            0.0,
            31190.0,
            43652.0,
            43721.0,
            43549.0
        ],
        [
            0.0,
            8673.0,
            13761.0,
            13842.0,
            13686.0
        ]
    ],
    "sim_time": 16.667683839797974
}