{
    "dni": 1000.0,
    "generated_rays": 8203110,
    "power_per_ray": 0.20565097761550669,
    "num_rays": 567524.0,
    "avg_flux": 11430.473018054656,
    "peak_flux": 32476.276277236262,
    "min_flux": 0.0,
    "radius": 0.0,
    "bin_size_x": 0.06807059529144252,
    "bin_size_y": 6.0,
    "xvalues": [
        -0.13614119058288504,
        -0.0680705952914425,
        2.7755575615628914e-17,
        0.06807059529144252,
        0.13614119058288507
    ],
    "yvalues": [
        -12.0,
        -6.0,
        0.0,
        6.0,
        12.0
    ],
    "flux": [
        [
            0.0,
            1646.0,
            13810.0,
            15372.0,
            15376.0
        ],
        [
            0.0,
            7791.0,
            40858.0,
            43392.0,
            42950.0
        ],
        [
            0.0,
            13188.0,
            61790.0,
            64498.0,
            62972.0
        ],
        [
            0.0,
            7943.0,
            41449.0,
            43654.0,
            43230.0
        ],
        [
            0.0,
            1715.0,
            14175.0,
            15966.0,
            15749.0
        ]
    ],
    "sim_time": 9.343154191970825
}