{
    "dni": 1000.0,
    "generated_rays": 12472569,
    "power_per_ray": 0.0994867527007214,
    "num_rays": 855187.0,
    "avg_flux": 8332.504141972506,
    "peak_flux": 16169.805257575792,
    "min_flux": 1371.8830889498186,
    "radius": 0.0,
    "bin_size_x": 0.06807059529144252,
    "bin_size_y": 6.0,
    "xvalues": [
        -0.13614119058288504,
        -0.0680705952914425,
        2.7755575615628914e-17,
        0.06807059529144252,
        0.13614119058288507
    ],
    "yvalues": [
        -12.0,
        -6.0,
        0.0,
        6.0,
        12.0
    ],
    "flux": [
        [
            24464.0,
            30390.0,
            30159.0,
            29885.0,
            29805.0
        ],
        [
            54379.0,
            66311.0,
            66382.0,
            65994.0,
            66015.0
        ],
        [
            46072.0,
            54184.0,
            54493.0,
            54231.0,
            54147.0
        ],
        [
            17382.0,
            20015.0,
            19729.0,
            19810.0,
            19820.0
        ],
        [
            5632.0,
            6407.0,
            6657.0,
            6431.0,
            6393.0
        ]
    ],
    "sim_time": 12.028553247451782
}