{
    "dni": 1000.0,
    "generated_rays": 11348178,
    "power_per_ray": 0.15207560816778426,
    "num_rays": 356652.0,
    "avg_flux": 5311.943144910826,
    "peak_flux": 18968.512698035636,
    "min_flux": 0.0,
    "radius": 0.0,
    "bin_size_x": 0.06807059529144252,
    "bin_size_y": 6.0,
    "xvalues": [
        -0.13614119058288504,
        -0.0680705952914425,
        2.7755575615628914e-17,
        0.06807059529144252,
        0.13614119058288507
    ],
    "yvalues": [
        -12.0,
        -6.0,
        0.0,
        6.0,
        12.0
    ],
    "flux": [
        [
            0.0,
            0.0,
            3304.0,
            16449.0,
            20448.0
        ],
        [
            0.0,
            0.0,
            9038.0,
            35260.0,
            39553.0
        ],
        [
            0.0,
            0.0,
            12654.0,
            45634.0,
            50943.0
        ],
        [
            0.0,
            0.0,
            9139.0,
            34755.0,
            39751.0
        ],
        [
            0.0,
            0.0,
            3327.0,
            16361.0,
            20036.0
        ]
    ],
    "sim_time": 17.09270453453064
}