{
    "dni": 1000.0,
    "generated_rays": 8283402,
    "power_per_ray": 0.20306791153904116,
    "num_rays": 548529.0,
    "avg_flux": 10909.129262220697,
    "peak_flux": 31671.097830479164,
    "min_flux": 0.0,
    "radius": 0.0,
    "bin_size_x": 0.06807059529144252,
    "bin_size_y": 6.0,
    "xvalues": [
        -0.13614119058288504,
        -0.0680705952914425,
        2.7755575615628914e-17,
        0.06807059529144252,
        0.13614119058288507
    ],
    "yvalues": [
        -12.0,
        -6.0,
        0.0,
        6.0,
        12.0
    ],
    "flux": [
        [
            0.0,
            1162.0,
            12989.0,
            15977.0,
            15986.0
        ],
        [
            0.0,
            5392.0,
            38947.0,
            42919.0,
            43320.0
        ],
        [
            0.0,
            9267.0,
            58491.0,
            63699.0,
            62558.0
        ],
        [
            0.0,
            5398.0,
            39704.0,
            43486.0,
            42857.0
        ],
        [
            0.0,
            1135.0,
            13286.0,
            16072.0,
            15884.0
        ]
    ],
    "sim_time": 9.205465078353882
}