{
    "dni": 1000.0,
    "generated_rays": 20351844,
    "power_per_ray": 0.08422631681381326,
    "num_rays": 83498.0,
    "avg_flux": 688.7681796826104,
    "peak_flux": 4287.375283120994,
    "min_flux": 0.0,
    "radius": 0.0,
    "bin_size_x": 0.06807059529144252,
    "bin_size_y": 6.0,
    "xvalues": [
        -0.13614119058288504,
        -0.0680705952914425,
        2.7755575615628914e-17,
        0.06807059529144252,
        0.13614119058288507
    ],
    "yvalues": [
        -12.0,
        -6.0,
        0.0,
        6.0,
        12.0
    ],
    "flux": [
        [
            0.0,
            0.0,
            0.0,
            308.0,
            11490.0
        ],
        [
            0.0,
            0.0,
            0.0,
            627.0,
            17724.0
        ],
        [
            0.0,
            0.0,
            0.0,
            844.0,
            20790.0
        ],
        [
            0.0,
            0.0,
            0.0,
            847.0,
            18112.0
        ],
        [
            0.0,
            0.0,
            0.0,
            584.0,
            12172.0
        ]
    ],
    "sim_time": 19.20611834526062
}