{
    "dni": 1000.0,
    "generated_rays": 15359275,
    "power_per_ray": 0.10972055797523246,
    "num_rays": 152658.0,
    "avg_flux": 1640.4264687926343,
    "peak_flux": 8491.569431681664,
    "min_flux": 0.0,
    "radius": 0.0,
    "bin_size_x": 0.06807059529144252,
    "bin_size_y": 6.0,
    "xvalues": [
        -0.13614119058288504,
        -0.0680705952914425,
        2.7755575615628914e-17,
        0.06807059529144252,
        0.13614119058288507
    ],
    "yvalues": [
        -12.0,
        -6.0,
        0.0,
        6.0,
        12.0
    ],
    "flux": [
        [
            0.0,
            0.0,
            0.0,
            4257.0,
            16643.0
        ],
        [
            0.0,
            0.0,
            0.0,
            7966.0,
            26952.0
        ],
        [
            0.0,
            0.0,
            0.0,
            9822.0,
            31609.0
        ],
        [
            0.0,
            0.0,
            0.0,
            8161.0,
            26553.0
        ],
        [
            0.0,
            0.0,
            0.0,
            4484.0,
            16211.0
        ]
    ],
    "sim_time": 18.128501653671265
}