{
    "dni": 1000.0,
    "generated_rays": 21651265,
    "power_per_ray": 0.05754919855213681,
    "num_rays": 786314.0,
    "avg_flux": 4431.84415792465,
    "peak_flux": 8786.596003627854,
    "min_flux": 881.5058949725112,
    "radius": 0.0,
    "bin_size_x": 0.06807059529144252,
    "bin_size_y": 6.0,
    "xvalues": [
        -0.13614119058288504,
        -0.0680705952914425,
        2.7755575615628914e-17,
        0.06807059529144252,
        0.13614119058288507
    ],
    "yvalues": [
        -12.0,
        -6.0,
        0.0,
        6.0,
        12.0
    ],
    "flux": [
        [
            6384.0,
            6529.0,
            6334.0,
            6326.0,
            6256.0
        ],
        [
            15911.0,
            14658.0,
            14807.0,
            14703.0,
            14646.0
        ],
        [
            34736.0,
            37513.0,
            37473.0,
            37930.0,
            37656.0
        ],
        [
            50774.0,
            61960.0,
            61819.0,
            62358.0,
            61826.0
        ],
        [
            31292.0,
            41188.0,
            40858.0,
            41361.0,
            41016.0
        ]
    ],
    "sim_time": 21.586782217025757
}