{
    "dni": 1000.0,
    "generated_rays": 9000533,
    "power_per_ray": 0.17998174336838188,
    "num_rays": 590409.0,
    "avg_flux": 10407.121280039868,
    "peak_flux": 26764.34941469479,
    "min_flux": 0.0,
    "radius": 0.0,
    "bin_size_x": 0.06807059529144252,
    "bin_size_y": 6.0,
    "xvalues": [
        -0.13614119058288504,
        -0.0680705952914425,
        2.7755575615628914e-17,
        0.06807059529144252,
        0.13614119058288507
    ],
    "yvalues": [
        -12.0,
        -6.0,
        0.0,
        6.0,
        12.0
    ],
    "flux": [
        [
            0.0,
            3658.0,
            16722.0,
            17421.0,
            17094.0
        ],
        [
            0.0,
            12566.0,
            41750.0,
            42550.0,
            42619.0
        ],
        [
            0.0,
            20498.0,
            60735.0,
            60662.0,
            60623.0
        ],
        [
            0.0,
            13389.0,
            42352.0,
            42384.0,
            42857.0
        ],
        [
            0.0,
            3881.0,
            15815.0,
            16435.0,
            16398.0
        ]
    ],
    "sim_time": 16.757478713989258
}