{
    "dni": 1000.0,
    "generated_rays": 3938259,
    "power_per_ray": 0.3473115306605322,
    "num_rays": 956153.0,
    "avg_flux": 32523.388457121135,
    "peak_flux": 74972.95263734163,
    "min_flux": 6888.004495689528,
    "radius": 0.0,
    "bin_size_x": 0.06807059529144252,
    "bin_size_y": 6.0,
    "xvalues": [
        -0.13614119058288504,
        -0.0680705952914425,
        2.7755575615628914e-17,
        0.06807059529144252,
        0.13614119058288507
    ],
    "yvalues": [
        -12.0,
        -6.0,
        0.0,
        6.0,
        12.0
    ],
    "flux": [
        [
            8139.0,
            8318.0,
            8101.0,
            8100.0,
            8126.0
        ],
        [
            43344.0,
            43490.0,
            43391.0,
            43096.0,
            43374.0
        ],
        [
            87399.0,
            87596.0,
            87449.0,
            88165.0,
            86950.0
        ],
        [
            43851.0,
            44090.0,
            43888.0,
            43957.0,
            43393.0
        ],
        [
            8405.0,
            8524.0,
            8426.0,
            8373.0,
            8208.0
        ]
    ],
    "sim_time": 8.9605872631073
}