{
    "dni": 1000.0,
    "generated_rays": 11433861,
    "power_per_ray": 0.14858776993091236,
    "num_rays": 341018.0,
    "avg_flux": 4962.603300230966,
    "peak_flux": 18421.05515719806,
    "min_flux": 0.0,
    "radius": 0.0,
    "bin_size_x": 0.06807059529144252,
    "bin_size_y": 6.0,
    "xvalues": [
        -0.13614119058288504,
        -0.0680705952914425,
        2.7755575615628914e-17,
        0.06807059529144252,
        0.13614119058288507
    ],
    "yvalues": [
        -12.0,
        -6.0,
        0.0,
        6.0,
        12.0
    ],
    "flux": [
        [
            0.0,
            0.0,
            2548.0,
            15629.0,
            20640.0
        ],
        [
            0.0,
            0.0,
            7080.0,
            33542.0,
            39703.0
        ],
        [
            0.0,
            0.0,
            9892.0,
            43267.0,
            50634.0
        ],
        [
            0.0,
            0.0,
            7167.0,
            32982.0,
            39040.0
        ],
        [
            0.0,
            0.0,
            2608.0,
            15825.0,
            20461.0
        ]
    ],
    "sim_time": 17.30744504928589
}