{
    "dni": 1000.0,
    "generated_rays": 5504900,
    "power_per_ray": 0.2882985401282962,
    "num_rays": 764392.0,
    "avg_flux": 21582.79912613533,
    "peak_flux": 55938.26529940529,
    "min_flux": 245.64667395443354,
    "radius": 0.0,
    "bin_size_x": 0.06807059529144252,
    "bin_size_y": 6.0,
    "xvalues": [
        -0.13614119058288504,
        -0.0680705952914425,
        2.7755575615628914e-17,
        0.06807059529144252,
        0.13614119058288507
    ],
    "yvalues": [
        -12.0,
        -6.0,
        0.0,
        6.0,
        12.0
    ],
    "flux": [
        [
            370.0,
            9960.0,
            10810.0,
            10910.0,
            10912.0
        ],
        [
            3538.0,
            42960.0,
            44208.0,
            44694.0,
            44400.0
        ],
        [
            7710.0,
            77946.0,
            78527.0,
            78473.0,
            79246.0
        ],
        [
            3523.0,
            42592.0,
            43782.0,
            44266.0,
            43882.0
        ],
        [
            348.0,
            9716.0,
            10444.0,
            10603.0,
            10572.0
        ]
    ],
    "sim_time": 16.9676034450531
}