{
    "dni": 1000.0,
    "generated_rays": 10264366,
    "power_per_ray": 0.13416790136081125,
    "num_rays": 821016.0,
    "avg_flux": 10788.211192809102,
    "peak_flux": 20968.273469609754,
    "min_flux": 1425.369553260798,
    "radius": 0.0,
    "bin_size_x": 0.06807059529144252,
    "bin_size_y": 6.0,
    "xvalues": [
        -0.13614119058288504,
        -0.0680705952914425,
        2.7755575615628914e-17,
        0.06807059529144252,
        0.13614119058288507
    ],
    "yvalues": [
        -12.0,
        -6.0,
        0.0,
        6.0,
        12.0
    ],
    "flux": [
        [
            4339.0,
            8442.0,
            8529.0,
            8499.0,
            8489.0
        ],
        [
            15378.0,
            27396.0,
            27622.0,
            27607.0,
            27570.0
        ],
        [
            34479.0,
            63768.0,
            63747.0,
            63830.0,
            63319.0
        ],
        [
            30943.0,
            58915.0,
            58848.0,
            59005.0,
            59049.0
        ],
        [
            11294.0,
            22225.0,
            22610.0,
            22629.0,
            22484.0
        ]
    ],
    "sim_time": 17.8767831325531
}