{
    "dni": 1000.0,
    "generated_rays": 4846441,
    "power_per_ray": 0.2980368232386178,
    "num_rays": 829225.0,
    "avg_flux": 24204.243030530386,
    "peak_flux": 58388.20289562117,
    "min_flux": 2438.740396395205,
    "radius": 0.0,
    "bin_size_x": 0.06807059529144252,
    "bin_size_y": 6.0,
    "xvalues": [
        -0.13614119058288504,
        -0.0680705952914425,
        2.7755575615628914e-17,
        0.06807059529144252,
        0.13614119058288507
    ],
    "yvalues": [
        -12.0,
        -6.0,
        0.0,
        6.0,
        12.0
    ],
    "flux": [
        [
            3342.0,
            10373.0,
            10467.0,
            10400.0,
            10428.0
        ],
        [
            16592.0,
            43856.0,
            43803.0,
            43565.0,
            43869.0
        ],
        [
            31411.0,
            80014.0,
            79064.0,
            79324.0,
            79776.0
        ],
        [
            16925.0,
            45098.0,
            44256.0,
            44403.0,
            44428.0
        ],
        [
            3591.0,
            11187.0,
            10988.0,
            11058.0,
            11007.0
        ]
    ],
    "sim_time": 8.651714324951172
}