{
    "dni": 1000.0,
    "generated_rays": 4382566,
    "power_per_ray": 0.3344697798160668,
    "num_rays": 882965.0,
    "avg_flux": 28923.414764810608,
    "peak_flux": 70451.61611167747,
    "min_flux": 4093.824511993347,
    "radius": 0.0,
    "bin_size_x": 0.06807059529144252,
    "bin_size_y": 6.0,
    "xvalues": [
        -0.13614119058288504,
        -0.0680705952914425,
        2.7755575615628914e-17,
        0.06807059529144252,
        0.13614119058288507
    ],
    "yvalues": [
        -12.0,
        -6.0,
        0.0,
        6.0,
        12.0
    ],
    "flux": [
        [
            4999.0,
            8597.0,
            8709.0,
            8666.0,
            8682.0
        ],
        [
            27405.0,
            43609.0,
            44636.0,
            43750.0,
            43808.0
        ],
        [
            55388.0,
            86023.0,
            86029.0,
            85510.0,
            85676.0
        ],
        [
            27411.0,
            43834.0,
            43536.0,
            43572.0,
            43868.0
        ],
        [
            5004.0,
            8681.0,
            8610.0,
            8416.0,
            8546.0
        ]
    ],
    "sim_time": 16.051178455352783
}