{
    "dni": 1000.0,
    "generated_rays": 4342254,
    "power_per_ray": 0.33641891022273235,
    "num_rays": 885741.0,
    "avg_flux": 29183.43039641902,
    "peak_flux": 71113.40334941138,
    "min_flux": 4186.048553544475,
    "radius": 0.0,
    "bin_size_x": 0.06807059529144252,
    "bin_size_y": 6.0,
    "xvalues": [
        -0.13614119058288504,
        -0.0680705952914425,
        2.7755575615628914e-17,
        0.06807059529144252,
        0.13614119058288507
    ],
    "yvalues": [
        -12.0,
        -6.0,
        0.0,
        6.0,
        12.0
    ],
    "flux": [
        [
            5082.0,
            8578.0,
            8767.0,
            8513.0,
            8446.0
        ],
        [
            27424.0,
            43026.0,
            43618.0,
            43370.0,
            43447.0
        ],
        [
            55918.0,
            85821.0,
            86018.0,
            86334.0,
            86299.0
        ],
        [
            28138.0,
            44246.0,
            43893.0,
            43855.0,
            44101.0
        ],
        [
            5301.0,
            8777.0,
            8855.0,
            8938.0,
            8976.0
        ]
    ],
    "sim_time": 8.847505331039429
}