{
    "dni": 1000.0,
    "generated_rays": 7001249,
    "power_per_ray": 0.22073713382764718,
    "num_rays": 712667.0,
    "avg_flux": 15406.757281909093,
    "peak_flux": 37082.67105757768,
    "min_flux": 4.8641516843484345,
    "radius": 0.0,
    "bin_size_x": 0.06807059529144252,
    "bin_size_y": 6.0,
    "xvalues": [
        -0.13614119058288504,
        -0.0680705952914425,
        2.7755575615628914e-17,
        0.06807059529144252,
        0.13614119058288507
    ],
    "yvalues": [
        -12.0,
        -6.0,
        0.0,
        6.0,
        12.0
    ],
    "flux": [
        [
            35.0,
            11086.0,
            13705.0,
            13742.0,
            13950.0
        ],
        [
            201.0,
            37620.0,
            44143.0,
            44181.0,
            43943.0
        ],
        [
            261.0,
            60206.0,
            68584.0,
            68003.0,
            68613.0
        ],
        [
            80.0,
            36896.0,
            43840.0,
            43383.0,
            43615.0
        ],
        [
            9.0,
            11337.0,
            15118.0,
            15044.0,
            15072.0
        ]
    ],
    "sim_time": 9.135843276977539
}