{
    "dni": 1000.0,
    "generated_rays": 9464614,
    "power_per_ray": 0.18049288998099228,
    "num_rays": 483713.0,
    "avg_flux": 8550.609056923337,
    "peak_flux": 26301.210533042962,
    "min_flux": 0.0,
    "radius": 0.0,
    "bin_size_x": 0.06807059529144252,
    "bin_size_y": 6.0,
    "xvalues": [
        -0.13614119058288504,
        -0.0680705952914425,
        2.7755575615628914e-17,
        0.06807059529144252,
        0.13614119058288507
    ],
    "yvalues": [
        -12.0,
        -6.0,
        0.0,
        6.0,
        12.0
    ],
    "flux": [
        [
            0.0,
            75.0,
            10431.0,
            17756.0,
            17538.0
        ],
        [
            0.0,
            344.0,
            30044.0,
            42579.0,
            41803.0
        ],
        [
            0.0,
            545.0,
            44148.0,
            59515.0,
            57295.0
        ],
        [
            0.0,
            304.0,
            30480.0,
            42883.0,
            41656.0
        ],
        [
            0.0,
            61.0,
            10497.0,
            18131.0,
            17628.0
        ]
    ],
    "sim_time": 9.579155921936035
}