{
    "dni": 1000.0,
    "generated_rays": 6579367,
    "power_per_ray": 0.24901622848175528,
    "num_rays": 673885.0,
    "avg_flux": 16434.732247402928,
    "peak_flux": 44519.75166286215,
    "min_flux": 0.0,
    "radius": 0.0,
    "bin_size_x": 0.06807059529144252,
    "bin_size_y": 6.0,
    "xvalues": [
        -0.13614119058288504,
        -0.0680705952914425,
        2.7755575615628914e-17,
        0.06807059529144252,
        0.13614119058288507
    ],
    "yvalues": [
        -12.0,
        -6.0,
        0.0,
        6.0,
        12.0
    ],
    "flux": [
        [
            0.0,
            6210.0,
            12905.0,
            12780.0,
            12917.0
        ],
        [
            0.0,
            27058.0,
            44561.0,
            44454.0,
            44481.0
        ],
        [
            0.0,
            47745.0,
            73019.0,
            72223.0,
            72295.0
        ],
        [
            0.0,
            26930.0,
            44418.0,
            43786.0,
            43742.0
        ],
        [
            0.0,
            6305.0,
            12756.0,
            12678.0,
            12622.0
        ]
    ],
    "sim_time": 16.459924459457397
}