{
    "dni": 1000.0,
    "generated_rays": 11563588,
    "power_per_ray": 0.09983841095374822,
    "num_rays": 890850.0,
    "avg_flux": 8710.6675079842,
    "peak_flux": 16391.719156294228,
    "min_flux": 1562.7574052461975,
    "radius": 0.0,
    "bin_size_x": 0.06807059529144252,
    "bin_size_y": 6.0,
    "xvalues": [
        -0.13614119058288504,
        -0.0680705952914425,
        2.7755575615628914e-17,
        0.06807059529144252,
        0.13614119058288507
    ],
    "yvalues": [
        -12.0,
        -6.0,
        0.0,
        6.0,
        12.0
    ],
    "flux": [
        [
            30367.0,
            30581.0,
            30277.0,
            29977.0,
            30129.0
        ],
        [
            66828.0,
            67005.0,
            67056.0,
            66428.0,
            66791.0
        ],
        [
            54770.0,
            54670.0,
            55179.0,
            54659.0,
            54550.0
        ],
        [
            19890.0,
            19942.0,
            19724.0,
            19936.0,
            19712.0
        ],
        [
            6446.0,
            6393.0,
            6599.0,
            6504.0,
            6437.0
        ]
    ],
    "sim_time": 11.20348858833313
}