{
    "dni": 1000.0,
    "generated_rays": 21136367,
    "power_per_ray": 0.07450585321126213,
    "num_rays": 636459.0,
    "avg_flux": 4644.190405167802,
    "peak_flux": 10119.73349957651,
    "min_flux": 0.0,
    "radius": 0.0,
    "bin_size_x": 0.06807059529144252,
    "bin_size_y": 6.0,
    "xvalues": [
        -0.13614119058288504,
        -0.0680705952914425,
        2.7755575615628914e-17,
        0.06807059529144252,
        0.13614119058288507
    ],
    "yvalues": [
        -12.0,
        -6.0,
        0.0,
        6.0,
        12.0
    ],
    "flux": [
        [
            0.0,
            8912.0,
            8205.0,
            8158.0,
            8208.0
        ],
        [
            0.0,
            24095.0,
            21639.0,
            21671.0,
            21972.0
        ],
        [
            0.0,
            44952.0,
            47818.0,
            47615.0,
            47701.0
        ],
        [
            0.0,
            45079.0,
            55205.0,
            55421.0,
            55474.0
        ],
        [
            0.0,
            21995.0,
            30826.0,
            30775.0,
            30738.0
        ]
    ],
    "sim_time": 21.199125051498413
}