{
    "dni": 1000.0,
    "generated_rays": 10147264,
    "power_per_ray": 0.16542268637038407,
    "num_rays": 445046.0,
    "avg_flux": 7210.230747768918,
    "peak_flux": 22613.077798625673,
    "min_flux": 0.0,
    "radius": 0.0,
    "bin_size_x": 0.06807059529144252,
    "bin_size_y": 6.0,
    "xvalues": [
        -0.13614119058288504,
        -0.0680705952914425,
        2.7755575615628914e-17,
        0.06807059529144252,
        0.13614119058288507
    ],
    "yvalues": [
        -12.0,
        -6.0,
        0.0,
        6.0,
        12.0
    ],
    "flux": [
        [
            0.0,
            0.0,
            8492.0,
            19113.0,
            19302.0
        ],
        [
            0.0,
            0.0,
            22463.0,
            40878.0,
            41467.0
        ],
        [
            0.0,
            0.0,
            32673.0,
            54754.0,
            55831.0
        ],
        [
            0.0,
            0.0,
            22734.0,
            40747.0,
            40860.0
        ],
        [
            0.0,
            0.0,
            8495.0,
            18259.0,
            18978.0
        ]
    ],
    "sim_time": 17.189314365386963
}