{
    "dni": 1000.0,
    "generated_rays": 5497643,
    "power_per_ray": 0.22149424284941005,
    "num_rays": 922002.0,
    "avg_flux": 20000.62180753055,
    "peak_flux": 39370.44446111005,
    "min_flux": 6360.813023738719,
    "radius": 0.0,
    "bin_size_x": 0.06807059529144252,
    "bin_size_y": 6.0,
    "xvalues": [
        -0.13614119058288504,
        -0.0680705952914425,
        2.7755575615628914e-17,
        0.06807059529144252,
        0.13614119058288507
    ],
    "yvalues": [
        -12.0,
        -6.0,
        0.0,
        6.0,
        12.0
    ],
    "flux": [
        [
            11729.0,
            12422.0,
            12402.0,
            12245.0,
            12383.0
        ],
        [
            36559.0,
            38861.0,
            38693.0,
            38492.0,
            38537.0
        ],
        [
            68707.0,
            72360.0,
            72464.0,
            72517.0,
            72597.0
        ],
        [
            46759.0,
            48662.0,
            48333.0,
            48793.0,
            48604.0
        ],
        [
            13344.0,
            14164.0,
            14114.0,
            14045.0,
            14216.0
        ]
    ],
    "sim_time": 16.602084398269653
}