{
    "dni": 1000.0,
    "generated_rays": 8061744,
    "power_per_ray": 0.20406942211420814,
    "num_rays": 540678.0,
    "avg_flux": 10806.021458307678,
    "peak_flux": 31401.093838144167,
    "min_flux": 0.0,
    "radius": 0.0,
    "bin_size_x": 0.06807059529144252,
    "bin_size_y": 6.0,
    "xvalues": [
        -0.13614119058288504,
        -0.0680705952914425,
        2.7755575615628914e-17,
        0.06807059529144252,
        0.13614119058288507
    ],
    "yvalues": [
        -12.0,
        -6.0,
        0.0,
        6.0,
        12.0
    ],
    "flux": [
        [
            0.0,
            925.0,
            12713.0,
            16166.0,
            16033.0
        ],
        [
            0.0,
            4640.0,
            37868.0,
            43215.0,
            43516.0
        ],
        [
            0.0,
            8003.0,
            57487.0,
            62846.0,
            62761.0
        ],
        [
            0.0,
            4711.0,
            37868.0,
            43408.0,
            43022.0
        ],
        [
            0.0,
            939.0,
            12655.0,
            16089.0,
            15813.0
        ]
    ],
    "sim_time": 9.120867252349854
}