{
    "dni": 1000.0,
    "generated_rays": 3967293,
    "power_per_ray": 0.346131550398213,
    "num_rays": 955877.0,
    "avg_flux": 32403.535044113876,
    "peak_flux": 74455.51496951556,
    "min_flux": 6890.027166378253,
    "radius": 0.0,
    "bin_size_x": 0.06807059529144252,
    "bin_size_y": 6.0,
    "xvalues": [
        -0.13614119058288504,
        -0.0680705952914425,
        2.7755575615628914e-17,
        0.06807059529144252,
        0.13614119058288507
    ],
    "yvalues": [
        -12.0,
        -6.0,
        0.0,
        6.0,
        12.0
    ],
    "flux": [
        [
            8168.0,
            8254.0,
            8185.0,
            8139.0,
            8130.0
        ],
        [
            43505.0,
            43908.0,
            43476.0,
            43543.0,
            43498.0
        ],
        [
            87169.0,
            87789.0,
            87491.0,
            87855.0,
            87249.0
        ],
        [
            43729.0,
            43771.0,
            43708.0,
            43731.0,
            43208.0
        ],
        [
            8330.0,
            8385.0,
            8263.0,
            8206.0,
            8187.0
        ]
    ],
    "sim_time": 8.975982904434204
}