{
    "dni": 1000.0,
    "generated_rays": 5526172,
    "power_per_ray": 0.2458981910774744,
    "num_rays": 860068.0,
    "avg_flux": 20712.728650614925,
    "peak_flux": 44324.143069451224,
    "min_flux": 4377.024179773301,
    "radius": 0.0,
    "bin_size_x": 0.06807059529144252,
    "bin_size_y": 6.0,
    "xvalues": [
        -0.13614119058288504,
        -0.0680705952914425,
        2.7755575615628914e-17,
        0.06807059529144252,
        0.13614119058288507
    ],
    "yvalues": [
        -12.0,
        -6.0,
        0.0,
        6.0,
        12.0
    ],
    "flux": [
        [
            7488.0,
            13238.0,
            13229.0,
            13444.0,
            13368.0
        ],
        [
            24994.0,
            41692.0,
            42275.0,
            41862.0,
            41951.0
        ],
        [
            44811.0,
            73235.0,
            73303.0,
            73620.0,
            73317.0
        ],
        [
            27560.0,
            46205.0,
            45742.0,
            45783.0,
            45622.0
        ],
        [
            7270.0,
            12631.0,
            12566.0,
            12448.0,
            12414.0
        ]
    ],
    "sim_time": 16.47193717956543
}