{
    "dni": 1000.0,
    "generated_rays": 5011913,
    "power_per_ray": 0.28738757725053155,
    "num_rays": 813849.0,
    "avg_flux": 22906.620335978492,
    "peak_flux": 54981.867023633604,
    "min_flux": 1880.8586162196705,
    "radius": 0.0,
    "bin_size_x": 0.06807059529144252,
    "bin_size_y": 6.0,
    "xvalues": [
        -0.13614119058288504,
        -0.0680705952914425,
        2.7755575615628914e-17,
        0.06807059529144252,
        0.13614119058288507
    ],
    "yvalues": [
        -12.0,
        -6.0,
        0.0,
        6.0,
        12.0
    ],
    "flux": [
        [
            2673.0,
            11434.0,
            11081.0,
            11102.0,
            11076.0
        ],
        [
            13298.0,
            44549.0,
            44094.0,
            43796.0,
            43985.0
        ],
        [
            24663.0,
            78138.0,
            77243.0,
            77137.0,
            77627.0
        ],
        [
            13626.0,
            45295.0,
            44366.0,
            44563.0,
            44457.0
        ],
        [
            2789.0,
            12059.0,
            11565.0,
            11559.0,
            11674.0
        ]
    ],
    "sim_time": 8.735745668411255
}