{
    "dni": 1000.0,
    "generated_rays": 5978228,
    "power_per_ray": 0.26920071906008114,
    "num_rays": 731157.0,
    "avg_flux": 19276.84920858977,
    "peak_flux": 50129.478571609616,
    "min_flux": 21.09188500810608,
    "radius": 0.0,
    "bin_size_x": 0.06807059529144252,
    "bin_size_y": 6.0,
    "xvalues": [
        -0.13614119058288504,
        -0.0680705952914425,
        2.7755575615628914e-17,
        0.06807059529144252,
        0.13614119058288507
    ],
    "yvalues": [
        -12.0,
        -6.0,
        0.0,
        6.0,
        12.0
    ],
    "flux": [
        [
            34.0,
            9161.0,
            11741.0,
            11835.0,
            11885.0
        ],
        [
            451.0,
            39475.0,
            44393.0,
            44466.0,
            44331.0
        ],
        [
            1030.0,
            70828.0,
            76055.0,
            75675.0,
            75963.0
        ],
        [
            483.0,
            39012.0,
            43974.0,
            43424.0,
            43605.0
        ],
        [
            32.0,
            9102.0,
            11427.0,
            11511.0,
            11264.0
        ]
    ],
    "sim_time": 16.794167518615723
}