{
    "dni": 1000.0,
    "generated_rays": 4357788,
    "power_per_ray": 0.30997736105400814,
    "num_rays": 881440.0,
    "avg_flux": 26759.12596891828,
    "peak_flux": 61143.37635879908,
    "min_flux": 4764.754062467921,
    "radius": 0.0,
    "bin_size_x": 0.06807059529144252,
    "bin_size_y": 6.0,
    "xvalues": [
        -0.13614119058288504,
        -0.0680705952914425,
        2.7755575615628914e-17,
        0.06807059529144252,
        0.13614119058288507
    ],
    "yvalues": [
        -12.0,
        -6.0,
        0.0,
        6.0,
        12.0
    ],
    "flux": [
        [
            6773.0,
            10899.0,
            10950.0,
            10992.0,
            10951.0
        ],
        [
            28945.0,
            44098.0,
            44718.0,
            44273.0,
            44409.0
        ],
        [
            52009.0,
            80146.0,
            80460.0,
            80562.0,
            80198.0
        ],
        [
            28177.0,
            44219.0,
            43650.0,
            43866.0,
            43666.0
        ],
        [
            6278.0,
            10402.0,
            10302.0,
            10250.0,
            10247.0
        ]
    ],
    "sim_time": 16.183595418930054
}