{
    "dni": 1000.0,
    "generated_rays": 11826427,
    "power_per_ray": 0.09997358323911373,
    "num_rays": 880090.0,
    "avg_flux": 8617.108018149183,
    "peak_flux": 16402.407457991754,
    "min_flux": 1507.8396922984857,
    "radius": 0.0,
    "bin_size_x": 0.06807059529144252,
    "bin_size_y": 6.0,
    "xvalues": [
        -0.13614119058288504,
        -0.0680705952914425,
        2.7755575615628914e-17,
        0.06807059529144252,
        0.13614119058288507
    ],
    "yvalues": [
        -12.0,
        -6.0,
        0.0,
        6.0,
        12.0
    ],
    "flux": [
        [
            28448.0,
            30413.0,
            30298.0,
            30026.0,
            29998.0
        ],
        [
            63034.0,
            67009.0,
            66869.0,
            66281.0,
            66543.0
        ],
        [
            52145.0,
            54542.0,
            54946.0,
            54531.0,
            54475.0
        ],
        [
            19180.0,
            19987.0,
            19695.0,
            19896.0,
            19652.0
        ],
        [
            6160.0,
            6400.0,
            6623.0,
            6499.0,
            6440.0
        ]
    ],
    "sim_time": 11.063826560974121
}