{
    "dni": 1000.0,
    "generated_rays": 4015367,
    "power_per_ray": 0.3399384625005901,
    "num_rays": 934343.0,
    "avg_flux": 31106.835632263897,
    "peak_flux": 72072.11674591117,
    "min_flux": 6241.555842082269,
    "radius": 0.0,
    "bin_size_x": 0.06807059529144252,
    "bin_size_y": 6.0,
    "xvalues": [
        -0.13614119058288504,
        -0.0680705952914425,
        2.7755575615628914e-17,
        0.06807059529144252,
        0.13614119058288507
    ],
    "yvalues": [
        -12.0,
        -6.0,
        0.0,
        6.0,
        12.0
    ],
    "flux": [
        [
            7499.0,
            8548.0,
            8473.0,
            8378.0,
            8505.0
        ],
        [
            38372.0,
            42863.0,
            43229.0,
            42685.0,
            43001.0
        ],
        [
            76599.0,
            85908.0,
            85954.0,
            86592.0,
            86174.0
        ],
        [
            39533.0,
            44230.0,
            44319.0,
            44357.0,
            44235.0
        ],
        [
            8238.0,
            9237.0,
            9129.0,
            9197.0,
            9088.0
        ]
    ],
    "sim_time": 8.926642656326294
}