{
    "dni": 1000.0,
    "generated_rays": 5609993,
    "power_per_ray": 0.2568067884225498,
    "num_rays": 812009.0,
    "avg_flux": 20422.85880488169,
    "peak_flux": 46489.154941562614,
    "min_flux": 2158.5867360201314,
    "radius": 0.0,
    "bin_size_x": 0.06807059529144252,
    "bin_size_y": 6.0,
    "xvalues": [
        -0.13614119058288504,
        -0.0680705952914425,
        2.7755575615628914e-17,
        0.06807059529144252,
        0.13614119058288507
    ],
    "yvalues": [
        -12.0,
        -6.0,
        0.0,
        6.0,
        12.0
    ],
    "flux": [
        [
            3433.0,
            12033.0,
            12049.0,
            12040.0,
            12230.0
        ],
        [
            14689.0,
            44545.0,
            44914.0,
            44259.0,
            44424.0
        ],
        [
            25167.0,
            73655.0,
            73594.0,
            72873.0,
            73936.0
        ],
        [
            13916.0,
            44269.0,
            44300.0,
            43860.0,
            44076.0
        ],
        [
            3628.0,
            13460.0,
            13781.0,
            13498.0,
            13380.0
        ]
    ],
    "sim_time": 8.879252433776855
}