{
    "dni": 1000.0,
    "generated_rays": 6381502,
    "power_per_ray": 0.21291343358148027,
    "num_rays": 851623.0,
    "avg_flux": 17758.228426497084,
    "peak_flux": 37242.06129910041,
    "min_flux": 3551.654026186606,
    "radius": 0.0,
    "bin_size_x": 0.06807059529144252,
    "bin_size_y": 6.0,
    "xvalues": [
        -0.13614119058288504,
        -0.0680705952914425,
        2.7755575615628914e-17,
        0.06807059529144252,
        0.13614119058288507
    ],
    "yvalues": [
        -12.0,
        -6.0,
        0.0,
        6.0,
        12.0
    ],
    "flux": [
        [
            6813.0,
            12760.0,
            12664.0,
            12592.0,
            12472.0
        ],
        [
            23021.0,
            38442.0,
            38826.0,
            38667.0,
            38560.0
        ],
        [
            42961.0,
            71440.0,
            71208.0,
            71181.0,
            71122.0
        ],
        [
            29277.0,
            48586.0,
            48058.0,
            48447.0,
            48530.0
        ],
        [
            8231.0,
            14591.0,
            14437.0,
            14350.0,
            14387.0
        ]
    ],
    "sim_time": 16.81489372253418
}