{
    "dni": 1000.0,
    "generated_rays": 6700057,
    "power_per_ray": 0.1820860782718781,
    "num_rays": 912174.0,
    "avg_flux": 16266.856063223195,
    "peak_flux": 31431.218696029995,
    "min_flux": 4303.563837006249,
    "radius": 0.0,
    "bin_size_x": 0.06807059529144252,
    "bin_size_y": 6.0,
    "xvalues": [
        -0.13614119058288504,
        -0.0680705952914425,
        2.7755575615628914e-17,
        0.06807059529144252,
        0.13614119058288507
    ],
    "yvalues": [
        -12.0,
        -6.0,
        0.0,
        6.0,
        12.0
    ],
    "flux": [
        [
            15837.0,
            17074.0,
            17069.0,
            16952.0,
            17266.0
        ],
        [
            49630.0,
            53602.0,
            53641.0,
            53598.0,
            53426.0
        ],
        [
            64560.0,
            70435.0,
            70429.0,
            70501.0,
            70485.0
        ],
        [
            31119.0,
            33981.0,
            34088.0,
            33481.0,
            33904.0
        ],
        [
            9653.0,
            10284.0,
            10344.0,
            10295.0,
            10520.0
        ]
    ],
    "sim_time": 9.771543025970459
}