{
    "dni": 1000.0,
    "generated_rays": 5718694,
    "power_per_ray": 0.2750729944647203,
    "num_rays": 748180.0,
    "avg_flux": 20155.948601836997,
    "peak_flux": 51827.119035812255,
    "min_flux": 118.53587886348576,
    "radius": 0.0,
    "bin_size_x": 0.06807059529144252,
    "bin_size_y": 6.0,
    "xvalues": [
        -0.13614119058288504,
        -0.0680705952914425,
        2.7755575615628914e-17,
        0.06807059529144252,
        0.13614119058288507
    ],
    "yvalues": [
        -12.0,
        -6.0,
        0.0,
        6.0,
        12.0
    ],
    "flux": [
        [
            200.0,
            9890.0,
            11272.0,
            11304.0,
            11362.0
        ],
        [
            1867.0,
            40863.0,
            43938.0,
            43924.0,
            44047.0
        ],
        [
            3985.0,
            72954.0,
            76328.0,
            76045.0,
            76952.0
        ],
        [
            1869.0,
            42026.0,
            44523.0,
            44349.0,
            44600.0
        ],
        [
            176.0,
            10235.0,
            11815.0,
            11938.0,
            11718.0
        ]
    ],
    "sim_time": 8.895695447921753
}