{
    "dni": 1000.0,
    "generated_rays": 4077338,
    "power_per_ray": 0.3444105136830463,
    "num_rays": 933596.0,
    "avg_flux": 31490.863914222264,
    "peak_flux": 73875.33322950601,
    "min_flux": 6026.836136694742,
    "radius": 0.0,
    "bin_size_x": 0.06807059529144252,
    "bin_size_y": 6.0,
    "xvalues": [
        -0.13614119058288504,
        -0.0680705952914425,
        2.7755575615628914e-17,
        0.06807059529144252,
        0.13614119058288507
    ],
    "yvalues": [
        -12.0,
        -6.0,
        0.0,
        6.0,
        12.0
    ],
    "flux": [
        [
            7147.0,
            8337.0,
            8378.0,
            8361.0,
            8334.0
        ],
        [
            38556.0,
            43719.0,
            44032.0,
            43949.0,
            43858.0
        ],
        [
            77309.0,
            87164.0,
            87606.0,
            87262.0,
            87146.0
        ],
        [
            38340.0,
            43521.0,
            43430.0,
            43338.0,
            43718.0
        ],
        [
            7293.0,
            8282.0,
            8156.0,
            8243.0,
            8117.0
        ]
    ],
    "sim_time": 16.25020742416382
}