{
    "dni": 1000.0,
    "generated_rays": 4607370,
    "power_per_ray": 0.30690463362183257,
    "num_rays": 853199.0,
    "avg_flux": 25645.01606804002,
    "peak_flux": 60840.858081318904,
    "min_flux": 3472.3909442701215,
    "radius": 0.0,
    "bin_size_x": 0.06807059529144252,
    "bin_size_y": 6.0,
    "xvalues": [
        -0.13614119058288504,
        -0.0680705952914425,
        2.7755575615628914e-17,
        0.06807059529144252,
        0.13614119058288507
    ],
    "yvalues": [
        -12.0,
        -6.0,
        0.0,
        6.0,
        12.0
    ],
    "flux": [
        [
            4621.0,
            10049.0,
            10092.0,
            10078.0,
            10083.0
        ],
        [
            21989.0,
            43373.0,
            43720.0,
            43510.0,
            43767.0
        ],
        [
            41613.0,
            80966.0,
            79907.0,
            80795.0,
            80830.0
        ],
        [
            22311.0,
            44543.0,
            44187.0,
            44648.0,
            44149.0
        ],
        [
            5068.0,
            10676.0,
            10742.0,
            10693.0,
            10789.0
        ]
    ],
    "sim_time": 8.99731707572937
}