{
    "dni": 1000.0,
    "generated_rays": 4473412,
    "power_per_ray": 0.31678647608091404,
    "num_rays": 871368.0,
    "avg_flux": 27034.443375324885,
    "peak_flux": 64074.200934398934,
    "min_flux": 4034.8387374347017,
    "radius": 0.0,
    "bin_size_x": 0.06807059529144252,
    "bin_size_y": 6.0,
    "xvalues": [
        -0.13614119058288504,
        -0.0680705952914425,
        2.7755575615628914e-17,
        0.06807059529144252,
        0.13614119058288507
    ],
    "yvalues": [
        -12.0,
        -6.0,
        0.0,
        6.0,
        12.0
    ],
    "flux": [
        [
            5549.0,
            10222.0,
            10303.0,
            10345.0,
            10200.0
        ],
        [
            25987.0,
            44209.0,
            44277.0,
            44123.0,
            43688.0
        ],
        [
            49519.0,
            82199.0,
            82301.0,
            82505.0,
            82609.0
        ],
        [
            25619.0,
            43738.0,
            43629.0,
            43546.0,
            43575.0
        ],
        [
            5202.0,
            9386.0,
            9660.0,
            9432.0,
            9545.0
        ]
    ],
    "sim_time": 16.683459758758545
}