{
    "dni": 1000.0,
    "generated_rays": 7523966,
    "power_per_ray": 0.21661011519219334,
    "num_rays": 616455.0,
    "avg_flux": 13077.637805192935,
    "peak_flux": 35420.922698956965,
    "min_flux": 0.0,
    "radius": 0.0,
    "bin_size_x": 0.06807059529144252,
    "bin_size_y": 6.0,
    "xvalues": [
        -0.13614119058288504,
        -0.0680705952914425,
        2.7755575615628914e-17,
        0.06807059529144252,
        0.13614119058288507
    ],
    "yvalues": [
        -12.0,
        -6.0,
        0.0,
        6.0,
        12.0
    ],
    "flux": [
        [
            0.0,
            3808.0,
            14700.0,
            14659.0,
            14779.0
        ],
        [
            0.0,
            15745.0,
            43555.0,
            43362.0,
            43383.0
        ],
        [
            0.0,
            26646.0,
            66787.0,
            66530.0,
            66079.0
        ],
        [
            0.0,
            15780.0,
            44383.0,
            43907.0,
            42860.0
        ],
        [
            0.0,
            3858.0,
            15449.0,
            15201.0,
            14984.0
        ]
    ],
    "sim_time": 9.165366411209106
}