{
    "dni": 1000.0,
    "generated_rays": 19992559,
    "power_per_ray": 0.05753931493485095,
    "num_rays": 821755.0,
    "avg_flux": 4630.802237182005,
    "peak_flux": 8959.920885255897,
    "min_flux": 903.7546577606029,
    "radius": 0.0,
    "bin_size_x": 0.06807059529144252,
    "bin_size_y": 6.0,
    "xvalues": [
        -0.13614119058288504,
        -0.0680705952914425,
        2.7755575615628914e-17,
        0.06807059529144252,
        0.13614119058288507
    ],
    "yvalues": [
        -12.0,
        -6.0,
        0.0,
        6.0,
        12.0
    ],
    "flux": [
        [
            40711.0,
            42155.0,
            42063.0,
            41958.0,
            42082.0
        ],
        [
            61732.0,
            63088.0,
            63599.0,
            63103.0,
            62472.0
        ],
        [
            37848.0,
            38001.0,
            38172.0,
            38554.0,
            38033.0
        ],
        [
            15186.0,
            15072.0,
            15253.0,
            15189.0,
            15035.0
        ],
        [
            6448.0,
            6559.0,
            6415.0,
            6548.0,
            6479.0
        ]
    ],
    "sim_time": 13.749828815460205
}