{
    "dni": 1000.0,
    "generated_rays": 8672802,
    "power_per_ray": 0.14141722027738654,
    "num_rays": 894389.0,
    "avg_flux": 12387.336576597865,
    "peak_flux": 22727.593517790003,
    "min_flux": 2467.387245506049,
    "radius": 0.0,
    "bin_size_x": 0.06807059529144252,
    "bin_size_y": 6.0,
    "xvalues": [
        -0.13614119058288504,
        -0.0680705952914425,
        2.7755575615628914e-17,
        0.06807059529144252,
        0.13614119058288507
    ],
    "yvalues": [
        -12.0,
        -6.0,
        0.0,
        6.0,
        12.0
    ],
    "flux": [
        [
            7126.0,
            8118.0,
            8214.0,
            8053.0,
            8216.0
        ],
        [
            24187.0,
            27552.0,
            27360.0,
            27282.0,
            26981.0
        ],
        [
            57443.0,
            65409.0,
            65573.0,
            65639.0,
            64941.0
        ],
        [
            53160.0,
            60411.0,
            60053.0,
            60296.0,
            60409.0
        ],
        [
            19585.0,
            22039.0,
            22168.0,
            22111.0,
            22063.0
        ]
    ],
    "sim_time": 17.572839498519897
}