{
    "dni": 1000.0,
    "generated_rays": 5361877,
    "power_per_ray": 0.270790742488435,
    "num_rays": 799825.0,
    "avg_flux": 21211.822293557492,
    "peak_flux": 50045.65906174183,
    "min_flux": 1418.1879750545268,
    "radius": 0.0,
    "bin_size_x": 0.06807059529144252,
    "bin_size_y": 6.0,
    "xvalues": [
        -0.13614119058288504,
        -0.0680705952914425,
        2.7755575615628914e-17,
        0.06807059529144252,
        0.13614119058288507
    ],
    "yvalues": [
        -12.0,
        -6.0,
        0.0,
        6.0,
        12.0
    ],
    "flux": [
        [
            2196.0,
            13050.0,
            12944.0,
            12814.0,
            12803.0
        ],
        [
            10602.0,
            45060.0,
            44957.0,
            44960.0,
            44695.0
        ],
        [
            19610.0,
            74824.0,
            75482.0,
            75081.0,
            75176.0
        ],
        [
            10645.0,
            44265.0,
            43836.0,
            44211.0,
            43857.0
        ],
        [
            2139.0,
            11724.0,
            11554.0,
            11730.0,
            11610.0
        ]
    ],
    "sim_time": 16.3420467376709
}