{
    "dni": 1000.0,
    "generated_rays": 6551040,
    "power_per_ray": 0.25062975184901054,
    "num_rays": 679216.0,
    "avg_flux": 16672.07764752996,
    "peak_flux": 44727.21945211524,
    "min_flux": 0.0,
    "radius": 0.0,
    "bin_size_x": 0.06807059529144252,
    "bin_size_y": 6.0,
    "xvalues": [
        -0.13614119058288504,
        -0.0680705952914425,
        2.7755575615628914e-17,
        0.06807059529144252,
        0.13614119058288507
    ],
    "yvalues": [
        -12.0,
        -6.0,
        0.0,
        6.0,
        12.0
    ],
    "flux": [
        [
            0.0,
            6606.0,
            12972.0,
            12914.0,
            13030.0
        ],
        [
            0.0,
            28263.0,
            44579.0,
            44341.0,
            44519.0
        ],
        [
            0.0,
            49573.0,
            72887.0,
            72347.0,
            72579.0
        ],
        [
            0.0,
            28220.0,
            44276.0,
            43869.0,
            43699.0
        ],
        [
            0.0,
            6578.0,
            12660.0,
            12699.0,
            12605.0
        ]
    ],
    "sim_time": 16.454113721847534
}