{
    "dni": 1000.0,
    "generated_rays": 5153619,
    "power_per_ray": 0.30054101133649275,
    "num_rays": 803238.0,
    "avg_flux": 23642.706010363538,
    "peak_flux": 60407.17007589136,
    "min_flux": 1073.614173791591,
    "radius": 0.0,
    "bin_size_x": 0.06807059529144252,
    "bin_size_y": 6.0,
    "xvalues": [
        -0.13614119058288504,
        -0.0680705952914425,
        2.7755575615628914e-17,
        0.06807059529144252,
        0.13614119058288507
    ],
    "yvalues": [
        -12.0,
        -6.0,
        0.0,
        6.0,
        12.0
    ],
    "flux": [
        [
            1559.0,
            10396.0,
            10424.0,
            10374.0,
            10385.0
        ],
        [
            10040.0,
            44582.0,
            44548.0,
            44401.0,
            44303.0
        ],
        [
            20728.0,
            82091.0,
            80649.0,
            81156.0,
            81069.0
        ],
        [
            10171.0,
            43840.0,
            43899.0,
            43579.0,
            43572.0
        ],
        [
            1459.0,
            10183.0,
            9895.0,
            9980.0,
            9955.0
        ]
    ],
    "sim_time": 16.3962504863739
}