{
    "dni": 1000.0,
    "generated_rays": 22741598,
    "power_per_ray": 0.07470389831185754,
    "num_rays": 51.0,
    "avg_flux": 0.3731321184615031,
    "peak_flux": 3.292342221719145,
    "min_flux": 0.0,
    "radius": 0.0,
    "bin_size_x": 0.06807059529144252,
    "bin_size_y": 6.0,
    "xvalues": [
        -0.13614119058288504,
        -0.0680705952914425,
        2.7755575615628914e-17,
        0.06807059529144252,
        0.13614119058288507
    ],
    "yvalues": [
        -12.0,
        -6.0,
        0.0,
        6.0,
        12.0
    ],
    "flux": [
        [
            0.0,
            0.0,
            0.0,
            0.0,
            8.0
        ],
        [
            0.0,
            0.0,
            0.0,
            0.0,
            10.0
        ],
        [
            0.0,
            0.0,
            0.0,
            0.0,
            18.0
        ],
        [
            0.0,
            0.0,
            0.0,
            0.0,
            9.0
        ],
        [
            0.0,
            0.0,
            0.0,
            0.0,
            6.0
        ]
    ],
    "sim_time": 13.035030603408813
}