{
    "dni": 1000.0,
    "generated_rays": 3958805,
    "power_per_ray": 0.3077949656448421,
    "num_rays": 949238.0,
    "avg_flux": 28614.477499215558,
    "peak_flux": 59765.599830476924,
    "min_flux": 7703.473443882922,
    "radius": 0.0,
    "bin_size_x": 0.06807059529144252,
    "bin_size_y": 6.0,
    "xvalues": [
        -0.13614119058288504,
        -0.0680705952914425,
        2.7755575615628914e-17,
        0.06807059529144252,
        0.13614119058288507
    ],
    "yvalues": [
        -12.0,
        -6.0,
        0.0,
        6.0,
        12.0
    ],
    "flux": [
        [
            10337.0,
            10401.0,
            10376.0,
            10518.0,
            10222.0
        ],
        [
            43427.0,
            44052.0,
            43715.0,
            43628.0,
            43598.0
        ],
        [
            79156.0,
            79277.0,
            79305.0,
            79299.0,
            79028.0
        ],
        [
            44744.0,
            45058.0,
            44948.0,
            45131.0,
            44832.0
        ],
        [
            11578.0,
            11723.0,
            11649.0,
            11655.0,
            11581.0
        ]
    ],
    "sim_time": 8.980256795883179
}