{
    "dni": 1000.0,
    "generated_rays": 5346098,
    "power_per_ray": 0.2490041724586848,
    "num_rays": 876062.0,
    "avg_flux": 21364.39798501602,
    "peak_flux": 45202.25724335314,
    "min_flux": 4946.264101525776,
    "radius": 0.0,
    "bin_size_x": 0.06807059529144252,
    "bin_size_y": 6.0,
    "xvalues": [
        -0.13614119058288504,
        -0.0680705952914425,
        2.7755575615628914e-17,
        0.06807059529144252,
        0.13614119058288507
    ],
    "yvalues": [
        -12.0,
        -6.0,
        0.0,
        6.0,
        12.0
    ],
    "flux": [
        [
            8113.0,
            12481.0,
            12383.0,
            12601.0,
            12654.0
        ],
        [
            31325.0,
            46043.0,
            45854.0,
            45845.0,
            45707.0
        ],
        [
            50469.0,
            73063.0,
            73464.0,
            74142.0,
            73512.0
        ],
        [
            28134.0,
            42544.0,
            42064.0,
            42101.0,
            42166.0
        ],
        [
            8423.0,
            13269.0,
            13325.0,
            13290.0,
            13090.0
        ]
    ],
    "sim_time": 9.175034761428833
}