{
    "dni": 1000.0,
    "generated_rays": 14373389,
    "power_per_ray": 0.11454241956333336,
    "num_rays": 570318.0,
    "avg_flux": 6397.828936349707,
    "peak_flux": 15425.314787412748,
    "min_flux": 0.0,
    "radius": 0.0,
    "bin_size_x": 0.06807059529144252,
    "bin_size_y": 6.0,
    "xvalues": [
        -0.13614119058288504,
        -0.0680705952914425,
        2.7755575615628914e-17,
        0.06807059529144252,
        0.13614119058288507
    ],
    "yvalues": [
        -12.0,
        -6.0,
        0.0,
        6.0,
        12.0
    ],
    "flux": [
        [
            0.0,
            5511.0,
            22282.0,
            22210.0,
            22190.0
        ],
        [
            0.0,
            15103.0,
            47034.0,
            47210.0,
            46920.0
        ],
        [
            0.0,
            18486.0,
            55002.0,
            54701.0,
            54752.0
        ],
        [
            0.0,
            11293.0,
            33763.0,
            34332.0,
            33793.0
        ],
        [
            0.0,
            3394.0,
            13842.0,
            14194.0,
            14306.0
        ]
    ],
    "sim_time": 11.180555820465088
}