{
    "dni": 1000.0,
    "generated_rays": 4825913,
    "power_per_ray": 0.31675961748198167,
    "num_rays": 828336.0,
    "avg_flux": 25697.184262227274,
    "peak_flux": 65218.15790316229,
    "min_flux": 2008.7170918313532,
    "radius": 0.0,
    "bin_size_x": 0.06807059529144252,
    "bin_size_y": 6.0,
    "xvalues": [
        -0.13614119058288504,
        -0.0680705952914425,
        2.7755575615628914e-17,
        0.06807059529144252,
        0.13614119058288507
    ],
    "yvalues": [
        -12.0,
        -6.0,
        0.0,
        6.0,
        12.0
    ],
    "flux": [
        [
            2590.0,
            9321.0,
            9395.0,
            9251.0,
            9048.0
        ],
        [
            15267.0,
            43660.0,
            43925.0,
            43478.0,
            43791.0
        ],
        [
            31324.0,
            84091.0,
            83147.0,
            83109.0,
            83550.0
        ],
        [
            15582.0,
            44402.0,
            44312.0,
            44237.0,
            44028.0
        ],
        [
            2649.0,
            9486.0,
            9630.0,
            9553.0,
            9510.0
        ]
    ],
    "sim_time": 8.873537063598633
}