{
    "dni": 1000.0,
    "generated_rays": 20685142,
    "power_per_ray": 0.0818337225390225,
    "num_rays": 32729.0,
    "avg_flux": 262.30963051544165,
    "peak_flux": 1651.8077194302462,
    "min_flux": 0.0,
    "radius": 0.0,
    "bin_size_x": 0.06807059529144252,
    "bin_size_y": 6.0,
    "xvalues": [
        -0.13614119058288504,
        -0.0680705952914425,
        2.7755575615628914e-17,
        0.06807059529144252,
        0.13614119058288507
    ],
    "yvalues": [
        -12.0,
        -6.0,
        0.0,
        6.0,
        12.0
    ],
    "flux": [
        [
            0.0,
            0.0,
            0.0,
            0.0,
            5182.0
        ],
        [
            0.0,
            0.0,
            0.0,
            0.0,
            7717.0
        ],
        [
            0.0,
            0.0,
            0.0,
            0.0,
            8244.0
        ],
        [
            0.0,
            0.0,
            0.0,
            0.0,
            7007.0
        ],
        [
            0.0,
            0.0,
            0.0,
            0.0,
            4579.0
        ]
    ],
    "sim_time": 11.960506200790405
}