{
    "dni": 1000.0,
    "generated_rays": 4571419,
    "power_per_ray": 0.3276497315755559,
    "num_rays": 857306.0,
    "avg_flux": 27510.271219211376,
    "peak_flux": 68252.94483706182,
    "min_flux": 3072.5417403348274,
    "radius": 0.0,
    "bin_size_x": 0.06807059529144252,
    "bin_size_y": 6.0,
    "xvalues": [
        -0.13614119058288504,
        -0.0680705952914425,
        2.7755575615628914e-17,
        0.06807059529144252,
        0.13614119058288507
    ],
    "yvalues": [
        -12.0,
        -6.0,
        0.0,
        6.0,
        12.0
    ],
    "flux": [
        [
            3830.0,
            8897.0,
            8920.0,
            8763.0,
            8749.0
        ],
        [
            21452.0,
            43428.0,
            44057.0,
            43289.0,
            43655.0
        ],
        [
            43748.0,
            85079.0,
            84944.0,
            84964.0,
            85009.0
        ],
        [
            21715.0,
            44394.0,
            43903.0,
            44170.0,
            44053.0
        ],
        [
            3916.0,
            9020.0,
            9142.0,
            9118.0,
            9091.0
        ]
    ],
    "sim_time": 8.79844856262207
}