{
    "dni": 1000.0,
    "generated_rays": 6005972,
    "power_per_ray": 0.26703647315580403,
    "num_rays": 718034.0,
    "avg_flux": 18778.668052386816,
    "peak_flux": 49290.361846839325,
    "min_flux": 0.0,
    "radius": 0.0,
    "bin_size_x": 0.06807059529144252,
    "bin_size_y": 6.0,
    "xvalues": [
        -0.13614119058288504,
        -0.0680705952914425,
        2.7755575615628914e-17,
        0.06807059529144252,
        0.13614119058288507
    ],
    "yvalues": [
        -12.0,
        -6.0,
        0.0,
        6.0,
        12.0
    ],
    "flux": [
        [
            1.0,
            8289.0,
            11532.0,
            11668.0,
            11664.0
        ],
        [
            13.0,
            36614.0,
            44002.0,
            44475.0,
            44176.0
        ],
        [
            26.0,
            66268.0,
            75388.0,
            75214.0,
            75324.0
        ],
        [
            8.0,
            36957.0,
            44218.0,
            44237.0,
            44456.0
        ],
        [
            0.0,
            8463.0,
            11659.0,
            11634.0,
            11748.0
        ]
    ],
    "sim_time": 9.019976377487183
}