{
    "dni": 1000.0,
    "generated_rays": 13242539,
    "power_per_ray": 0.09806793922536919,
    "num_rays": 829755.0,
    "avg_flux": 7969.40906848765,
    "peak_flux": 15781.207754616793,
    "min_flux": 1222.4169052211382,
    "radius": 0.0,
    "bin_size_x": 0.06807059529144252,
    "bin_size_y": 6.0,
    "xvalues": [
        -0.13614119058288504,
        -0.0680705952914425,
        2.7755575615628914e-17,
        0.06807059529144252,
        0.13614119058288507
    ],
    "yvalues": [
        -12.0,
        -6.0,
        0.0,
        6.0,
        12.0
    ],
    "flux": [
        [
            20298.0,
            30305.0,
            30077.0,
            29886.0,
            29998.0
        ],
        [
            45782.0,
            65351.0,
            65724.0,
            65389.0,
            64912.0
        ],
        [
            39665.0,
            53782.0,
            53987.0,
            53713.0,
            53954.0
        ],
        [
            15776.0,
            20198.0,
            20039.0,
            19726.0,
            20024.0
        ],
        [
            5091.0,
            6529.0,
            6624.0,
            6579.0,
            6346.0
        ]
    ],
    "sim_time": 11.669734716415405
}