{
    "dni": 1000.0,
    "generated_rays": 18609948,
    "power_per_ray": 0.09411562232341314,
    "num_rays": 36965.0,
    "avg_flux": 340.723133514531,
    "peak_flux": 2237.767042851083,
    "min_flux": 0.0,
    "radius": 0.0,
    "bin_size_x": 0.06807059529144252,
    "bin_size_y": 6.0,
    "xvalues": [
        -0.13614119058288504,
        -0.0680705952914425,
        2.7755575615628914e-17,
        0.06807059529144252,
        0.13614119058288507
    ],
    "yvalues": [
        -12.0,
        -6.0,
        0.0,
        6.0,
        12.0
    ],
    "flux": [
        [
            0.0,
            0.0,
            0.0,
            0.0,
            5461.0
        ],
        [
            0.0,
            0.0,
            0.0,
            0.0,
            8298.0
        ],
        [
            0.0,
            0.0,
            0.0,
            0.0,
            9711.0
        ],
        [
            0.0,
            0.0,
            0.0,
            0.0,
            8387.0
        ],
        [
            0.0,
            0.0,
            0.0,
            0.0,
            5108.0
        ]
    ],
    "sim_time": 11.754148721694946
}