{
    "dni": 1000.0,
    "generated_rays": 4591418,
    "power_per_ray": 0.32315705065146744,
    "num_rays": 860691.0,
    "avg_flux": 27240.187327231855,
    "peak_flux": 66934.90715990136,
    "min_flux": 3367.475588355716,
    "radius": 0.0,
    "bin_size_x": 0.06807059529144252,
    "bin_size_y": 6.0,
    "xvalues": [
        -0.13614119058288504,
        -0.0680705952914425,
        2.7755575615628914e-17,
        0.06807059529144252,
        0.13614119058288507
    ],
    "yvalues": [
        -12.0,
        -6.0,
        0.0,
        6.0,
        12.0
    ],
    "flux": [
        [
            4465.0,
            9491.0,
            9474.0,
            9455.0,
            9398.0
        ],
        [
            22973.0,
            44314.0,
            44342.0,
            43827.0,
            43975.0
        ],
        [
            45386.0,
            84066.0,
            84093.0,
            84596.0,
            84082.0
        ],
        [
            22748.0,
            43326.0,
            43249.0,
            43275.0,
            43570.0
        ],
        [
            4256.0,
            9029.0,
            9112.0,
            9211.0,
            8978.0
        ]
    ],
    "sim_time": 16.116315603256226
}