{
    "dni": 1000.0,
    "generated_rays": 10299537,
    "power_per_ray": 0.14870105752941967,
    "num_rays": 726842.0,
    "avg_flux": 10585.30227274076,
    "peak_flux": 23329.863953675023,
    "min_flux": 190.78074708520415,
    "radius": 0.0,
    "bin_size_x": 0.06807059529144252,
    "bin_size_y": 6.0,
    "xvalues": [
        -0.13614119058288504,
        -0.0680705952914425,
        2.7755575615628914e-17,
        0.06807059529144252,
        0.13614119058288507
    ],
    "yvalues": [
        -12.0,
        -6.0,
        0.0,
        6.0,
        12.0
    ],
    "flux": [
        [
            524.0,
            10763.0,
            11894.0,
            11651.0,
            11994.0
        ],
        [
            2401.0,
            32992.0,
            34300.0,
            34574.0,
            34399.0
        ],
        [
            4486.0,
            62203.0,
            63817.0,
            64078.0,
            63729.0
        ],
        [
            3169.0,
            49630.0,
            51548.0,
            51112.0,
            51390.0
        ],
        [
            699.0,
            17908.0,
            19402.0,
            18939.0,
            19240.0
        ]
    ],
    "sim_time": 17.9434711933136
}