{
    "dni": 1000.0,
    "generated_rays": 6471404,
    "power_per_ray": 0.24180747128279992,
    "num_rays": 691691.0,
    "avg_flux": 16380.646288652599,
    "peak_flux": 42305.57652195707,
    "min_flux": 0.0,
    "radius": 0.0,
    "bin_size_x": 0.06807059529144252,
    "bin_size_y": 6.0,
    "xvalues": [
        -0.13614119058288504,
        -0.0680705952914425,
        2.7755575615628914e-17,
        0.06807059529144252,
        0.13614119058288507
    ],
    "yvalues": [
        -12.0,
        -6.0,
        0.0,
        6.0,
        12.0
    ],
    "flux": [
        [
            0.0,
            8141.0,
            13143.0,
            13236.0,
            13045.0
        ],
        [
            0.0,
            31626.0,
            44405.0,
            43528.0,
            43425.0
        ],
        [
            0.0,
            53482.0,
            71456.0,
            70797.0,
            71289.0
        ],
        [
            0.0,
            31560.0,
            45053.0,
            44185.0,
            43880.0
        ],
        [
            0.0,
            8649.0,
            13937.0,
            13576.0,
            13278.0
        ]
    ],
    "sim_time": 9.03997278213501
}