{
    "dni": 1000.0,
    "generated_rays": 3866652,
    "power_per_ray": 0.33916853395847457,
    "num_rays": 954267.0,
    "avg_flux": 31698.203706433593,
    "peak_flux": 71202.18146476097,
    "min_flux": 7194.043666731486,
    "radius": 0.0,
    "bin_size_x": 0.06807059529144252,
    "bin_size_y": 6.0,
    "xvalues": [
        -0.13614119058288504,
        -0.0680705952914425,
        2.7755575615628914e-17,
        0.06807059529144252,
        0.13614119058288507
    ],
    "yvalues": [
        -12.0,
        -6.0,
        0.0,
        6.0,
        12.0
    ],
    "flux": [
        [
            9355.0,
            9377.0,
            9490.0,
            9402.0,
            9552.0
        ],
        [
            44005.0,
            44117.0,
            44105.0,
            43867.0,
            44117.0
        ],
        [
            85077.0,
            85146.0,
            85596.0,
            85741.0,
            85017.0
        ],
        [
            43069.0,
            43613.0,
            43205.0,
            43435.0,
            43147.0
        ],
        [
            8915.0,
            8663.0,
            8872.0,
            8704.0,
            8680.0
        ]
    ],
    "sim_time": 16.688777208328247
}