{
    "dni": 1000.0,
    "generated_rays": 5481043,
    "power_per_ray": 0.27462546388238374,
    "num_rays": 771924.0,
    "avg_flux": 20761.777844928532,
    "peak_flux": 51387.09731278511,
    "min_flux": 414.87299689868775,
    "radius": 0.0,
    "bin_size_x": 0.06807059529144252,
    "bin_size_y": 6.0,
    "xvalues": [
        -0.13614119058288504,
        -0.0680705952914425,
        2.7755575615628914e-17,
        0.06807059529144252,
        0.13614119058288507
    ],
    "yvalues": [
        -12.0,
        -6.0,
        0.0,
        6.0,
        12.0
    ],
    "flux": [
        [
            637.0,
            11060.0,
            11334.0,
            11426.0,
            11434.0
        ],
        [
            4891.0,
            43514.0,
            43824.0,
            43750.0,
            43870.0
        ],
        [
            9827.0,
            76423.0,
            76046.0,
            75937.0,
            76398.0
        ],
        [
            4939.0,
            44684.0,
            44321.0,
            44381.0,
            44586.0
        ],
        [
            617.0,
            11865.0,
            12182.0,
            11917.0,
            12061.0
        ]
    ],
    "sim_time": 8.755866050720215
}