{
    "dni": 1000.0,
    "generated_rays": 12495642,
    "power_per_ray": 0.09930305202771367,
    "num_rays": 855590.0,
    "avg_flux": 8321.03768356228,
    "peak_flux": 16129.006791058535,
    "min_flux": 1367.161692360555,
    "radius": 0.0,
    "bin_size_x": 0.06807059529144252,
    "bin_size_y": 6.0,
    "xvalues": [
        -0.13614119058288504,
        -0.0680705952914425,
        2.7755575615628914e-17,
        0.06807059529144252,
        0.13614119058288507
    ],
    "yvalues": [
        -12.0,
        -6.0,
        0.0,
        6.0,
        12.0
    ],
    "flux": [
        [
            5623.0,
            6426.0,
            6509.0,
            6497.0,
            6389.0
        ],
        [
            17468.0,
            19825.0,
            19771.0,
            19918.0,
            19804.0
        ],
        [
            45798.0,
            54757.0,
            54222.0,
            54629.0,
            54131.0
        ],
        [
            54419.0,
            66337.0,
            65797.0,
            66311.0,
            65942.0
        ],
        [
            24310.0,
            30233.0,
            30418.0,
            29966.0,
            30090.0
        ]
    ],
    "sim_time": 18.649749755859375
}