{
    "dni": 1000.0,
    "generated_rays": 6475083,
    "power_per_ray": 0.24167008158650577,
    "num_rays": 691956.0,
    "avg_flux": 16377.611337005093,
    "peak_flux": 42561.42030199317,
    "min_flux": 0.0,
    "radius": 0.0,
    "bin_size_x": 0.06807059529144252,
    "bin_size_y": 6.0,
    "xvalues": [
        -0.13614119058288504,
        -0.0680705952914425,
        2.7755575615628914e-17,
        0.06807059529144252,
        0.13614119058288507
    ],
    "yvalues": [
        -12.0,
        -6.0,
        0.0,
        6.0,
        12.0
    ],
    "flux": [
        [
            0.0,
            8317.0,
            14213.0,
            13595.0,
            13731.0
        ],
        [
            0.0,
            31929.0,
            44843.0,
            44038.0,
            44110.0
        ],
        [
            0.0,
            53420.0,
            71929.0,
            70753.0,
            70686.0
        ],
        [
            0.0,
            31813.0,
            44391.0,
            43590.0,
            43429.0
        ],
        [
            0.0,
            7956.0,
            13269.0,
            12985.0,
            12959.0
        ]
    ],
    "sim_time": 16.322740077972412
}