{
    "dni": 1000.0,
    "generated_rays": 16362746,
    "power_per_ray": 0.10481547286623791,
    "num_rays": 114064.0,
    "avg_flux": 1170.9091172996364,
    "peak_flux": 6821.081460563156,
    "min_flux": 0.0,
    "radius": 0.0,
    "bin_size_x": 0.06807059529144252,
    "bin_size_y": 6.0,
    "xvalues": [
        -0.13614119058288504,
        -0.0680705952914425,
        2.7755575615628914e-17,
        0.06807059529144252,
        0.13614119058288507
    ],
    "yvalues": [
        -12.0,
        -6.0,
        0.0,
        6.0,
        12.0
    ],
    "flux": [
        [
            0.0,
            0.0,
            0.0,
            1803.0,
            13851.0
        ],
        [
            0.0,
            0.0,
            0.0,
            3356.0,
            22486.0
        ],
        [
            0.0,
            0.0,
            0.0,
            4133.0,
            26579.0
        ],
        [
            0.0,
            0.0,
            0.0,
            3609.0,
            22476.0
        ],
        [
            0.0,
            0.0,
            0.0,
            2018.0,
            13753.0
        ]
    ],
    "sim_time": 18.253334283828735
}