{
    "dni": 1000.0,
    "generated_rays": 19924874,
    "power_per_ray": 0.057495876276405934,
    "num_rays": 823510.0,
    "avg_flux": 4637.188678377397,
    "peak_flux": 8955.972196138833,
    "min_flux": 904.6209046415087,
    "radius": 0.0,
    "bin_size_x": 0.06807059529144252,
    "bin_size_y": 6.0,
    "xvalues": [
        -0.13614119058288504,
        -0.0680705952914425,
        2.7755575615628914e-17,
        0.06807059529144252,
        0.13614119058288507
    ],
    "yvalues": [
        -12.0,
        -6.0,
        0.0,
        6.0,
        12.0
    ],
    "flux": [
        [
            41157.0,
            42182.0,
            42146.0,
            41889.0,
            42207.0
        ],
        [
            62348.0,
            63106.0,
            63619.0,
            63192.0,
            62447.0
        ],
        [
            37975.0,
            38075.0,
            38208.0,
            38501.0,
            38169.0
        ],
        [
            15157.0,
            15101.0,
            15278.0,
            15161.0,
            15061.0
        ],
        [
            6480.0,
            6566.0,
            6426.0,
            6580.0,
            6479.0
        ]
    ],
    "sim_time": 13.930546522140503
}