{
    "dni": 1000.0,
    "generated_rays": 14313033,
    "power_per_ray": 0.0952644448707573,
    "num_rays": 797865.0,
    "avg_flux": 7444.052847525891,
    "peak_flux": 14989.988917269804,
    "min_flux": 1031.4276754764117,
    "radius": 0.0,
    "bin_size_x": 0.06807059529144252,
    "bin_size_y": 6.0,
    "xvalues": [
        -0.13614119058288504,
        -0.0680705952914425,
        2.7755575615628914e-17,
        0.06807059529144252,
        0.13614119058288507
    ],
    "yvalues": [
        -12.0,
        -6.0,
        0.0,
        6.0,
        12.0
    ],
    "flux": [
        [
            4422.0,
            6676.0,
            6683.0,
            6782.0,
            6657.0
        ],
        [
            13859.0,
            20077.0,
            19989.0,
            19898.0,
            19872.0
        ],
        [
            32147.0,
            53548.0,
            53100.0,
            53268.0,
            53204.0
        ],
        [
            35396.0,
            63877.0,
            64205.0,
            64266.0,
            64178.0
        ],
        [
            15159.0,
            30105.0,
            30094.0,
            30376.0,
            30027.0
        ]
    ],
    "sim_time": 19.077475786209106
}