{
    "dni": 1000.0,
    "generated_rays": 4060840,
    "power_per_ray": 0.34008951844962315,
    "num_rays": 934181.0,
    "avg_flux": 31115.262527531486,
    "peak_flux": 72220.71925937964,
    "min_flux": 6137.745257354693,
    "radius": 0.0,
    "bin_size_x": 0.06807059529144252,
    "bin_size_y": 6.0,
    "xvalues": [
        -0.13614119058288504,
        -0.0680705952914425,
        2.7755575615628914e-17,
        0.06807059529144252,
        0.13614119058288507
    ],
    "yvalues": [
        -12.0,
        -6.0,
        0.0,
        6.0,
        12.0
    ],
    "flux": [
        [
            7371.0,
            8471.0,
            8559.0,
            8472.0,
            8452.0
        ],
        [
            38171.0,
            42974.0,
            43351.0,
            42912.0,
            43415.0
        ],
        [
            76496.0,
            86589.0,
            86668.0,
            86682.0,
            86732.0
        ],
        [
            39059.0,
            43634.0,
            44193.0,
            44184.0,
            44240.0
        ],
        [
            7949.0,
            8842.0,
            8888.0,
            9025.0,
            8852.0
        ]
    ],
    "sim_time": 8.843631267547607
}