{
    "dni": 1000.0,
    "generated_rays": 10540932,
    "power_per_ray": 0.1615949543702669,
    "num_rays": 414312.0,
    "avg_flux": 6556.989690718014,
    "peak_flux": 21262.911946122535,
    "min_flux": 0.0,
    "radius": 0.0,
    "bin_size_x": 0.06807059529144252,
    "bin_size_y": 6.0,
    "xvalues": [
        -0.13614119058288504,
        -0.0680705952914425,
        2.7755575615628914e-17,
        0.06807059529144252,
        0.13614119058288507
    ],
    "yvalues": [
        -12.0,
        -6.0,
        0.0,
        6.0,
        12.0
    ],
    "flux": [
        [
            0.0,
            0.0,
            6530.0,
            18725.0,
            19635.0
        ],
        [
            0.0,
            0.0,
            17396.0,
            39439.0,
            40729.0
        ],
        [
            0.0,
            0.0,
            25046.0,
            52236.0,
            53741.0
        ],
        [
            0.0,
            0.0,
            17626.0,
            39242.0,
            40513.0
        ],
        [
            0.0,
            0.0,
            6533.0,
            17788.0,
            19133.0
        ]
    ],
    "sim_time": 18.166424036026
}