{
    "dni": 1000.0,
    "generated_rays": 20572062,
    "power_per_ray": 0.05775889795175484,
    "num_rays": 807950.0,
    "avg_flux": 4570.38279160233,
    "peak_flux": 8895.686265863029,
    "min_flux": 891.5060683910232,
    "radius": 0.0,
    "bin_size_x": 0.06807059529144252,
    "bin_size_y": 6.0,
    "xvalues": [
        -0.13614119058288504,
        -0.0680705952914425,
        2.7755575615628914e-17,
        0.06807059529144252,
        0.13614119058288507
    ],
    "yvalues": [
        -12.0,
        -6.0,
        0.0,
        6.0,
        12.0
    ],
    "flux": [
        [
            37028.0,
            41804.0,
            41828.0,
            41570.0,
            41752.0
        ],
        [
            57144.0,
            62534.0,
            62903.0,
            62699.0,
            62153.0
        ],
        [
            36736.0,
            37842.0,
            38052.0,
            38103.0,
            37991.0
        ],
        [
            15522.0,
            14949.0,
            15102.0,
            15129.0,
            14925.0
        ],
        [
            6333.0,
            6553.0,
            6304.0,
            6510.0,
            6484.0
        ]
    ],
    "sim_time": 14.049314498901367
}