{
    "dni": 1000.0,
    "generated_rays": 6120402,
    "power_per_ray": 0.25702361767449206,
    "num_rays": 720398.0,
    "avg_flux": 18134.04640997716,
    "peak_flux": 46565.53613788004,
    "min_flux": 1.258613045148457,
    "radius": 0.0,
    "bin_size_x": 0.06807059529144252,
    "bin_size_y": 6.0,
    "xvalues": [
        -0.13614119058288504,
        -0.0680705952914425,
        2.7755575615628914e-17,
        0.06807059529144252,
        0.13614119058288507
    ],
    "yvalues": [
        -12.0,
        -6.0,
        0.0,
        6.0,
        12.0
    ],
    "flux": [
        [
            2.0,
            9642.0,
            12795.0,
            12734.0,
            12667.0
        ],
        [
            82.0,
            37916.0,
            44503.0,
            44346.0,
            44435.0
        ],
        [
            227.0,
            65405.0,
            73995.0,
            73351.0,
            73651.0
        ],
        [
            117.0,
            37416.0,
            43920.0,
            43659.0,
            43795.0
        ],
        [
            12.0,
            9189.0,
            12165.0,
            12056.0,
            12318.0
        ]
    ],
    "sim_time": 15.999624252319336
}