{
    "dni": 1000.0,
    "generated_rays": 34457890,
    "power_per_ray": 0.04519637412847332,
    "num_rays": 607481.0,
    "avg_flux": 2688.9670872214547,
    "peak_flux": 5786.99308399135,
    "min_flux": 0.0,
    "radius": 0.0,
    "bin_size_x": 0.06807059529144252,
    "bin_size_y": 6.0,
    "xvalues": [
        -0.13614119058288504,
        -0.0680705952914425,
        2.7755575615628914e-17,
        0.06807059529144252,
        0.13614119058288507
    ],
    "yvalues": [
        -12.0,
        -6.0,
        0.0,
        6.0,
        12.0
    ],
    "flux": [
        [
            0.0,
            13863.0,
            6967.0,
            6932.0,
            6894.0
        ],
        [
            0.0,
            31614.0,
            15233.0,
            15229.0,
            15521.0
        ],
        [
            0.0,
            51072.0,
            34703.0,
            34396.0,
            34394.0
        ],
        [
            0.0,
            52295.0,
            49569.0,
            49894.0,
            49893.0
        ],
        [
            0.0,
            29743.0,
            36550.0,
            36299.0,
            36420.0
        ]
    ],
    "sim_time": 25.44776701927185
}