{
    "dni": 1000.0,
    "generated_rays": 5066510,
    "power_per_ray": 0.30262319311141483,
    "num_rays": 808182.0,
    "avg_flux": 23953.036442831097,
    "peak_flux": 60494.47115063508,
    "min_flux": 1366.3196903847322,
    "radius": 0.0,
    "bin_size_x": 0.06807059529144252,
    "bin_size_y": 6.0,
    "xvalues": [
        -0.13614119058288504,
        -0.0680705952914425,
        2.7755575615628914e-17,
        0.06807059529144252,
        0.13614119058288507
    ],
    "yvalues": [
        -12.0,
        -6.0,
        0.0,
        6.0,
        12.0
    ],
    "flux": [
        [
            1905.0,
            10336.0,
            10550.0,
            10383.0,
            10422.0
        ],
        [
            11479.0,
            45067.0,
            44700.0,
            44342.0,
            44207.0
        ],
        [
            23045.0,
            81644.0,
            80821.0,
            80709.0,
            81094.0
        ],
        [
            11373.0,
            44022.0,
            43788.0,
            43357.0,
            43642.0
        ],
        [
            1844.0,
            9949.0,
            9863.0,
            9915.0,
            9725.0
        ]
    ],
    "sim_time": 16.32094645500183
}