{
    "dni": 1000.0,
    "generated_rays": 13248655,
    "power_per_ray": 0.09802266794943193,
    "num_rays": 829929.0,
    "avg_flux": 7967.400553332239,
    "peak_flux": 15749.442395396716,
    "min_flux": 1203.37240819419,
    "radius": 0.0,
    "bin_size_x": 0.06807059529144252,
    "bin_size_y": 6.0,
    "xvalues": [
        -0.13614119058288504,
        -0.0680705952914425,
        2.7755575615628914e-17,
        0.06807059529144252,
        0.13614119058288507
    ],
    "yvalues": [
        -12.0,
        -6.0,
        0.0,
        6.0,
        12.0
    ],
    "flux": [
        [
            5014.0,
            6513.0,
            6643.0,
            6649.0,
            6546.0
        ],
        [
            15797.0,
            19912.0,
            19932.0,
            19778.0,
            19955.0
        ],
        [
            39602.0,
            54057.0,
            53906.0,
            54053.0,
            53528.0
        ],
        [
            45917.0,
            65274.0,
            65346.0,
            65622.0,
            65151.0
        ],
        [
            20232.0,
            30092.0,
            30284.0,
            30273.0,
            29853.0
        ]
    ],
    "sim_time": 19.18504500389099
}