{
    "dni": 1000.0,
    "generated_rays": 9531891,
    "power_per_ray": 0.17924881303587345,
    "num_rays": 470022.0,
    "avg_flux": 8251.324500202501,
    "peak_flux": 25614.33570159049,
    "min_flux": 0.0,
    "radius": 0.0,
    "bin_size_x": 0.06807059529144252,
    "bin_size_y": 6.0,
    "xvalues": [
        -0.13614119058288504,
        -0.0680705952914425,
        2.7755575615628914e-17,
        0.06807059529144252,
        0.13614119058288507
    ],
    "yvalues": [
        -12.0,
        -6.0,
        0.0,
        6.0,
        12.0
    ],
    "flux": [
        [
            0.0,
            14.0,
            9263.0,
            18029.0,
            17576.0
        ],
        [
            0.0,
            33.0,
            27561.0,
            42242.0,
            41488.0
        ],
        [
            0.0,
            56.0,
            40262.0,
            58363.0,
            57318.0
        ],
        [
            0.0,
            39.0,
            27959.0,
            42684.0,
            41659.0
        ],
        [
            0.0,
            4.0,
            9437.0,
            17971.0,
            18064.0
        ]
    ],
    "sim_time": 9.680825233459473
}