{
    "dni": 1000.0,
    "generated_rays": 4810923,
    "power_per_ray": 0.3172131677250663,
    "num_rays": 830518.0,
    "avg_flux": 25801.766974881186,
    "peak_flux": 64963.58884093983,
    "min_flux": 2031.0101839850038,
    "radius": 0.0,
    "bin_size_x": 0.06807059529144252,
    "bin_size_y": 6.0,
    "xvalues": [
        -0.13614119058288504,
        -0.0680705952914425,
        2.7755575615628914e-17,
        0.06807059529144252,
        0.13614119058288507
    ],
    "yvalues": [
        -12.0,
        -6.0,
        0.0,
        6.0,
        12.0
    ],
    "flux": [
        [
            2615.0,
            9417.0,
            9520.0,
            9366.0,
            9231.0
        ],
        [
            15713.0,
            43523.0,
            43980.0,
            43445.0,
            43472.0
        ],
        [
            32108.0,
            83582.0,
            83524.0,
            83136.0,
            83643.0
        ],
        [
            16283.0,
            44561.0,
            44182.0,
            44132.0,
            43907.0
        ],
        [
            2903.0,
            9525.0,
            9527.0,
            9584.0,
            9639.0
        ]
    ],
    "sim_time": 8.931890487670898
}