{
    "dni": 1000.0,
    "generated_rays": 5331495,
    "power_per_ray": 0.27590956210595113,
    "num_rays": 784883.0,
    "avg_flux": 21209.032956371557,
    "peak_flux": 51674.66227233006,
    "min_flux": 811.3326629765915,
    "radius": 0.0,
    "bin_size_x": 0.06807059529144252,
    "bin_size_y": 6.0,
    "xvalues": [
        -0.13614119058288504,
        -0.0680705952914425,
        2.7755575615628914e-17,
        0.06807059529144252,
        0.13614119058288507
    ],
    "yvalues": [
        -12.0,
        -6.0,
        0.0,
        6.0,
        12.0
    ],
    "flux": [
        [
            1207.0,
            11792.0,
            11512.0,
            11616.0,
            11477.0
        ],
        [
            7346.0,
            44411.0,
            44140.0,
            43983.0,
            43781.0
        ],
        [
            14110.0,
            76493.0,
            75580.0,
            75397.0,
            76155.0
        ],
        [
            7323.0,
            45456.0,
            44719.0,
            44070.0,
            44561.0
        ],
        [
            1201.0,
            12477.0,
            11984.0,
            11959.0,
            12133.0
        ]
    ],
    "sim_time": 8.917428970336914
}