{
    "dni": 1000.0,
    "generated_rays": 12933947,
    "power_per_ray": 0.09864551739710946,
    "num_rays": 840275.0,
    "avg_flux": 8117.980240559325,
    "peak_flux": 15900.720334324555,
    "min_flux": 1275.98969417378,
    "radius": 0.0,
    "bin_size_x": 0.06807059529144252,
    "bin_size_y": 6.0,
    "xvalues": [
        -0.13614119058288504,
        -0.0680705952914425,
        2.7755575615628914e-17,
        0.06807059529144252,
        0.13614119058288507
    ],
    "yvalues": [
        -12.0,
        -6.0,
        0.0,
        6.0,
        12.0
    ],
    "flux": [
        [
            5283.0,
            6515.0,
            6601.0,
            6609.0,
            6517.0
        ],
        [
            16399.0,
            19919.0,
            19903.0,
            19828.0,
            19975.0
        ],
        [
            42136.0,
            54348.0,
            54058.0,
            54138.0,
            53817.0
        ],
        [
            49305.0,
            65834.0,
            65594.0,
            65826.0,
            65465.0
        ],
        [
            21838.0,
            30131.0,
            30293.0,
            30076.0,
            29867.0
        ]
    ],
    "sim_time": 18.926264762878418
}