{
    "dni": 1000.0,
    "generated_rays": 5378032,
    "power_per_ray": 0.29083444694906624,
    "num_rays": 759043.0,
    "avg_flux": 21620.28505557596,
    "peak_flux": 56836.196104695344,
    "min_flux": 165.91703032467194,
    "radius": 0.0,
    "bin_size_x": 0.06807059529144252,
    "bin_size_y": 6.0,
    "xvalues": [
        -0.13614119058288504,
        -0.0680705952914425,
        2.7755575615628914e-17,
        0.06807059529144252,
        0.13614119058288507
    ],
    "yvalues": [
        -12.0,
        -6.0,
        0.0,
        6.0,
        12.0
    ],
    "flux": [
        [
            233.0,
            9280.0,
            10322.0,
            10688.0,
            10589.0
        ],
        [
            2675.0,
            41996.0,
            44406.0,
            44673.0,
            44112.0
        ],
        [
            5917.0,
            75975.0,
            79469.0,
            79577.0,
            79816.0
        ],
        [
            2623.0,
            41963.0,
            44147.0,
            44509.0,
            44863.0
        ],
        [
            244.0,
            9414.0,
            10513.0,
            10491.0,
            10548.0
        ]
    ],
    "sim_time": 8.83228850364685
}