{
    "dni": 1000.0,
    "generated_rays": 3986657,
    "power_per_ray": 0.3245088593563324,
    "num_rays": 934224.0,
    "avg_flux": 29691.132989736267,
    "peak_flux": 66017.53297346772,
    "min_flux": 6735.315469148575,
    "radius": 0.0,
    "bin_size_x": 0.06807059529144252,
    "bin_size_y": 6.0,
    "xvalues": [
        -0.13614119058288504,
        -0.0680705952914425,
        2.7755575615628914e-17,
        0.06807059529144252,
        0.13614119058288507
    ],
    "yvalues": [
        -12.0,
        -6.0,
        0.0,
        6.0,
        12.0
    ],
    "flux": [
        [
            8477.0,
            9493.0,
            9705.0,
            9363.0,
            9483.0
        ],
        [
            39600.0,
            43507.0,
            43508.0,
            43834.0,
            43456.0
        ],
        [
            75228.0,
            82957.0,
            82342.0,
            83080.0,
            83089.0
        ],
        [
            40153.0,
            44183.0,
            44084.0,
            44216.0,
            44339.0
        ],
        [
            9284.0,
            10194.0,
            10348.0,
            10152.0,
            10149.0
        ]
    ],
    "sim_time": 8.726478815078735
}