{
    "dni": 1000.0,
    "generated_rays": 6894232,
    "power_per_ray": 0.22674566816555644,
    "num_rays": 663906.0,
    "avg_flux": 14743.302784861131,
    "peak_flux": 38336.34909170182,
    "min_flux": 0.0,
    "radius": 0.0,
    "bin_size_x": 0.06807059529144252,
    "bin_size_y": 6.0,
    "xvalues": [
        -0.13614119058288504,
        -0.0680705952914425,
        2.7755575615628914e-17,
        0.06807059529144252,
        0.13614119058288507
    ],
    "yvalues": [
        -12.0,
        -6.0,
        0.0,
        6.0,
        12.0
    ],
    "flux": [
        [
            0.0,
            7174.0,
            15272.0,
            14563.0,
            14544.0
        ],
        [
            0.0,
            25633.0,
            44958.0,
            44334.0,
            43617.0
        ],
        [
            0.0,
            41902.0,
            69053.0,
            68209.0,
            67777.0
        ],
        [
            0.0,
            25612.0,
            44589.0,
            43808.0,
            43431.0
        ],
        [
            0.0,
            6800.0,
            14499.0,
            14002.0,
            14129.0
        ]
    ],
    "sim_time": 16.467235326766968
}