{
    "dni": 1000.0,
    "generated_rays": 4167103,
    "power_per_ray": 0.3056997398515498,
    "num_rays": 919841.0,
    "avg_flux": 27539.561754563725,
    "peak_flux": 59346.038402176266,
    "min_flux": 6465.430830869724,
    "radius": 0.0,
    "bin_size_x": 0.06807059529144252,
    "bin_size_y": 6.0,
    "xvalues": [
        -0.13614119058288504,
        -0.0680705952914425,
        2.7755575615628914e-17,
        0.06807059529144252,
        0.13614119058288507
    ],
    "yvalues": [
        -12.0,
        -6.0,
        0.0,
        6.0,
        12.0
    ],
    "flux": [
        [
            8638.0,
            10454.0,
            10429.0,
            10546.0,
            10369.0
        ],
        [
            36784.0,
            43804.0,
            43829.0,
            43796.0,
            43847.0
        ],
        [
            67041.0,
            78657.0,
            78991.0,
            79288.0,
            78828.0
        ],
        [
            37655.0,
            44965.0,
            45160.0,
            44973.0,
            45252.0
        ],
        [
            9800.0,
            11729.0,
            11675.0,
            11600.0,
            11731.0
        ]
    ],
    "sim_time": 8.649669408798218
}