{
    "dni": 1000.0,
    "generated_rays": 6628960,
    "power_per_ray": 0.20931523226413215,
    "num_rays": 835459.0,
    "avg_flux": 17126.75827043378,
    "peak_flux": 36368.72886350685,
    "min_flux": 2997.0735357898097,
    "radius": 0.0,
    "bin_size_x": 0.06807059529144252,
    "bin_size_y": 6.0,
    "xvalues": [
        -0.13614119058288504,
        -0.0680705952914425,
        2.7755575615628914e-17,
        0.06807059529144252,
        0.13614119058288507
    ],
    "yvalues": [
        -12.0,
        -6.0,
        0.0,
        6.0,
        12.0
    ],
    "flux": [
        [
            5848.0,
            13010.0,
            12714.0,
            12651.0,
            12503.0
        ],
        [
            20014.0,
            38525.0,
            38829.0,
            38678.0,
            38466.0
        ],
        [
            36903.0,
            70964.0,
            70845.0,
            70735.0,
            70770.0
        ],
        [
            25341.0,
            48535.0,
            47988.0,
            48460.0,
            48252.0
        ],
        [
            7162.0,
            14722.0,
            14578.0,
            14508.0,
            14458.0
        ]
    ],
    "sim_time": 17.512508869171143
}