{
    "dni": 1000.0,
    "generated_rays": 11751971,
    "power_per_ray": 0.14185398128119361,
    "num_rays": 344001.0,
    "avg_flux": 4779.147413630891,
    "peak_flux": 16982.595394845946,
    "min_flux": 0.0,
    "radius": 0.0,
    "bin_size_x": 0.06807059529144252,
    "bin_size_y": 6.0,
    "xvalues": [
        -0.13614119058288504,
        -0.0680705952914425,
        2.7755575615628914e-17,
        0.06807059529144252,
        0.13614119058288507
    ],
    "yvalues": [
        -12.0,
        -6.0,
        0.0,
        6.0,
        12.0
    ],
    "flux": [
        [
            0.0,
            0.0,
            3202.0,
            16477.0,
            20593.0
        ],
        [
            0.0,
            0.0,
            8093.0,
            33654.0,
            38818.0
        ],
        [
            0.0,
            0.0,
            10660.0,
            42773.0,
            48896.0
        ],
        [
            0.0,
            0.0,
            7848.0,
            33664.0,
            38643.0
        ],
        [
            0.0,
            0.0,
            3057.0,
            16754.0,
            20869.0
        ]
    ],
    "sim_time": 9.728435516357422
}