{
    "dni": 1000.0,
    "generated_rays": 10831630,
    "power_per_ray": 0.15200135904518788,
    "num_rays": 436233.0,
    "avg_flux": 6494.043287116207,
    "peak_flux": 19610.169845284923,
    "min_flux": 0.0,
    "radius": 0.0,
    "bin_size_x": 0.06807059529144252,
    "bin_size_y": 6.0,
    "xvalues": [
        -0.13614119058288504,
        -0.0680705952914425,
        2.7755575615628914e-17,
        0.06807059529144252,
        0.13614119058288507
    ],
    "yvalues": [
        -12.0,
        -6.0,
        0.0,
        6.0,
        12.0
    ],
    "flux": [
        [
            0.0,
            0.0,
            8786.0,
            19556.0,
            20092.0
        ],
        [
            0.0,
            0.0,
            22117.0,
            39966.0,
            40644.0
        ],
        [
            0.0,
            0.0,
            30822.0,
            52143.0,
            52692.0
        ],
        [
            0.0,
            0.0,
            22188.0,
            39980.0,
            40083.0
        ],
        [
            0.0,
            0.0,
            8918.0,
            18984.0,
            19262.0
        ]
    ],
    "sim_time": 16.98963761329651
}