{
    "dni": 1000.0,
    "generated_rays": 5252436,
    "power_per_ray": 0.28787848526743154,
    "num_rays": 792162.0,
    "avg_flux": 22334.30315199921,
    "peak_flux": 56358.61766367085,
    "min_flux": 926.1765378081429,
    "radius": 0.0,
    "bin_size_x": 0.06807059529144252,
    "bin_size_y": 6.0,
    "xvalues": [
        -0.13614119058288504,
        -0.0680705952914425,
        2.7755575615628914e-17,
        0.06807059529144252,
        0.13614119058288507
    ],
    "yvalues": [
        -12.0,
        -6.0,
        0.0,
        6.0,
        12.0
    ],
    "flux": [
        [
            1314.0,
            10572.0,
            10612.0,
            10765.0,
            10650.0
        ],
        [
            8172.0,
            44065.0,
            43697.0,
            43808.0,
            43839.0
        ],
        [
            16794.0,
            79958.0,
            78300.0,
            77968.0,
            78562.0
        ],
        [
            8358.0,
            44874.0,
            44463.0,
            44274.0,
            44592.0
        ],
        [
            1322.0,
            11595.0,
            11181.0,
            11325.0,
            11102.0
        ]
    ],
    "sim_time": 8.927392482757568
}