{
    "dni": 1000.0,
    "generated_rays": 12041438,
    "power_per_ray": 0.09989122558585785,
    "num_rays": 871481.0,
    "avg_flux": 8525.786579072552,
    "peak_flux": 16354.654397399441,
    "min_flux": 1466.9759840225195,
    "radius": 0.0,
    "bin_size_x": 0.06807059529144252,
    "bin_size_y": 6.0,
    "xvalues": [
        -0.13614119058288504,
        -0.0680705952914425,
        2.7755575615628914e-17,
        0.06807059529144252,
        0.13614119058288507
    ],
    "yvalues": [
        -12.0,
        -6.0,
        0.0,
        6.0,
        12.0
    ],
    "flux": [
        [
            27035.0,
            30315.0,
            30184.0,
            30078.0,
            29960.0
        ],
        [
            60171.0,
            66869.0,
            66605.0,
            66121.0,
            66384.0
        ],
        [
            49972.0,
            54494.0,
            54851.0,
            54559.0,
            54290.0
        ],
        [
            18436.0,
            19987.0,
            19631.0,
            19878.0,
            19697.0
        ],
        [
            5998.0,
            6392.0,
            6675.0,
            6493.0,
            6406.0
        ]
    ],
    "sim_time": 11.39496922492981
}