{
    "dni": 1000.0,
    "generated_rays": 6001737,
    "power_per_ray": 0.21777947348443522,
    "num_rays": 878811.0,
    "avg_flux": 18743.971710830643,
    "peak_flux": 38410.47740042185,
    "min_flux": 4627.813331828434,
    "radius": 0.0,
    "bin_size_x": 0.06807059529144252,
    "bin_size_y": 6.0,
    "xvalues": [
        -0.13614119058288504,
        -0.0680705952914425,
        2.7755575615628914e-17,
        0.06807059529144252,
        0.13614119058288507
    ],
    "yvalues": [
        -12.0,
        -6.0,
        0.0,
        6.0,
        12.0
    ],
    "flux": [
        [
            8679.0,
            12599.0,
            12415.0,
            12388.0,
            12459.0
        ],
        [
            28206.0,
            38422.0,
            38704.0,
            38747.0,
            38607.0
        ],
        [
            52963.0,
            72035.0,
            71963.0,
            71732.0,
            71943.0
        ],
        [
            35907.0,
            48835.0,
            48241.0,
            48471.0,
            48527.0
        ],
        [
            10141.0,
            14363.0,
            14119.0,
            14054.0,
            14291.0
        ]
    ],
    "sim_time": 16.852014780044556
}