{
    "dni": 1000.0,
    "generated_rays": 17813793,
    "power_per_ray": 0.09823693150927731,
    "num_rays": 63623.0,
    "avg_flux": 612.1221913470846,
    "peak_flux": 4025.942363126347,
    "min_flux": 0.0,
    "radius": 0.0,
    "bin_size_x": 0.06807059529144252,
    "bin_size_y": 6.0,
    "xvalues": [
        -0.13614119058288504,
        -0.0680705952914425,
        2.7755575615628914e-17,
        0.06807059529144252,
        0.13614119058288507
    ],
    "yvalues": [
        -12.0,
        -6.0,
        0.0,
        6.0,
        12.0
    ],
    "flux": [
        [
            0.0,
            0.0,
            0.0,
            29.0,
            9151.0
        ],
        [
            0.0,
            0.0,
            0.0,
            72.0,
            14470.0
        ],
        [
            0.0,
            0.0,
            0.0,
            64.0,
            16738.0
        ],
        [
            0.0,
            0.0,
            0.0,
            65.0,
            14263.0
        ],
        [
            0.0,
            0.0,
            0.0,
            26.0,
            8745.0
        ]
    ],
    "sim_time": 11.512233972549438
}