{
    "dni": 1000.0,
    "generated_rays": 4060603,
    "power_per_ray": 0.30687846888878156,
    "num_rays": 935847.0,
    "avg_flux": 28126.808963993662,
    "peak_flux": 60226.30762584355,
    "min_flux": 7041.868318500476,
    "radius": 0.0,
    "bin_size_x": 0.06807059529144252,
    "bin_size_y": 6.0,
    "xvalues": [
        -0.13614119058288504,
        -0.0680705952914425,
        2.7755575615628914e-17,
        0.06807059529144252,
        0.13614119058288507
    ],
    "yvalues": [
        -12.0,
        -6.0,
        0.0,
        6.0,
        12.0
    ],
    "flux": [
        [
            10703.0,
            11745.0,
            11598.0,
            11644.0,
            11697.0
        ],
        [
            41326.0,
            44653.0,
            45132.0,
            44761.0,
            44830.0
        ],
        [
            72755.0,
            79506.0,
            79482.0,
            80155.0,
            79586.0
        ],
        [
            40446.0,
            43845.0,
            43457.0,
            43960.0,
            43524.0
        ],
        [
            9372.0,
            10428.0,
            10412.0,
            10423.0,
            10407.0
        ]
    ],
    "sim_time": 16.559780836105347
}