{
    "dni": 1000.0,
    "generated_rays": 4460868,
    "power_per_ray": 0.3176772824342872,
    "num_rays": 871742.0,
    "avg_flux": 27122.100554397523,
    "peak_flux": 64221.70999203149,
    "min_flux": 4101.409483062022,
    "radius": 0.0,
    "bin_size_x": 0.06807059529144252,
    "bin_size_y": 6.0,
    "xvalues": [
        -0.13614119058288504,
        -0.0680705952914425,
        2.7755575615628914e-17,
        0.06807059529144252,
        0.13614119058288507
    ],
    "yvalues": [
        -12.0,
        -6.0,
        0.0,
        6.0,
        12.0
    ],
    "flux": [
        [
            5273.0,
            9644.0,
            9624.0,
            9515.0,
            9664.0
        ],
        [
            25627.0,
            43333.0,
            43461.0,
            43621.0,
            43634.0
        ],
        [
            49432.0,
            82567.0,
            82343.0,
            82184.0,
            81866.0
        ],
        [
            26122.0,
            44267.0,
            44209.0,
            44451.0,
            44252.0
        ],
        [
            5667.0,
            10307.0,
            10320.0,
            10227.0,
            10132.0
        ]
    ],
    "sim_time": 8.65623140335083
}