{
    "dni": 1000.0,
    "generated_rays": 21296739,
    "power_per_ray": 0.07901820603483643,
    "num_rays": 5640.0,
    "avg_flux": 43.64710686294466,
    "peak_flux": 270.08582083630654,
    "min_flux": 0.0,
    "radius": 0.0,
    "bin_size_x": 0.06807059529144252,
    "bin_size_y": 6.0,
    "xvalues": [
        -0.13614119058288504,
        -0.0680705952914425,
        2.7755575615628914e-17,
        0.06807059529144252,
        0.13614119058288507
    ],
    "yvalues": [
        -12.0,
        -6.0,
        0.0,
        6.0,
        12.0
    ],
    "flux": [
        [
            0.0,
            0.0,
            0.0,
            0.0,
            1009.0
        ],
        [
            0.0,
            0.0,
            0.0,
            0.0,
            1396.0
        ],
        [
            0.0,
            0.0,
            0.0,
            0.0,
            1359.0
        ],
        [
            0.0,
            0.0,
            0.0,
            0.0,
            1123.0
        ],
        [
            0.0,
            0.0,
            0.0,
            0.0,
            753.0
        ]
    ],
    "sim_time": 12.255167245864868
}