{
    "dni": 1000.0,
    "generated_rays": 8296661,
    "power_per_ray": 0.2027433861138013,
    "num_rays": 547795.0,
    "avg_flux": 10877.120800907885,
    "peak_flux": 31165.77712663496,
    "min_flux": 0.0,
    "radius": 0.0,
    "bin_size_x": 0.06807059529144252,
    "bin_size_y": 6.0,
    "xvalues": [
        -0.13614119058288504,
        -0.0680705952914425,
        2.7755575615628914e-17,
        0.06807059529144252,
        0.13614119058288507
    ],
    "yvalues": [
        -12.0,
        -6.0,
        0.0,
        6.0,
        12.0
    ],
    "flux": [
        [
            0.0,
            1116.0,
            13348.0,
            16027.0,
            16220.0
        ],
        [
            0.0,
            5344.0,
            39159.0,
            43379.0,
            43101.0
        ],
        [
            0.0,
            9251.0,
            58941.0,
            62783.0,
            62761.0
        ],
        [
            0.0,
            5304.0,
            39274.0,
            43260.0,
            42603.0
        ],
        [
            0.0,
            1106.0,
            13115.0,
            15907.0,
            15796.0
        ]
    ],
    "sim_time": 16.91338610649109
}