{
    "dni": 1000.0,
    "generated_rays": 6593853,
    "power_per_ray": 0.18232482948042697,
    "num_rays": 920683.0,
    "avg_flux": 16440.125653064068,
    "peak_flux": 31670.191432093816,
    "min_flux": 4501.163455821521,
    "radius": 0.0,
    "bin_size_x": 0.06807059529144252,
    "bin_size_y": 6.0,
    "xvalues": [
        -0.13614119058288504,
        -0.0680705952914425,
        2.7755575615628914e-17,
        0.06807059529144252,
        0.13614119058288507
    ],
    "yvalues": [
        -12.0,
        -6.0,
        0.0,
        6.0,
        12.0
    ],
    "flux": [
        [
            10083.0,
            10430.0,
            10370.0,
            10471.0,
            10313.0
        ],
        [
            32597.0,
            33927.0,
            34098.0,
            33887.0,
            33745.0
        ],
        [
            67643.0,
            70364.0,
            70260.0,
            70944.0,
            70562.0
        ],
        [
            51543.0,
            53721.0,
            53476.0,
            53439.0,
            53632.0
        ],
        [
            16294.0,
            17339.0,
            17030.0,
            17225.0,
            17290.0
        ]
    ],
    "sim_time": 16.87356472015381
}