{
    "dni": 1000.0,
    "generated_rays": 4159283,
    "power_per_ray": 0.33646135361528295,
    "num_rays": 911495.0,
    "avg_flux": 30035.7631368344,
    "peak_flux": 71013.63293055362,
    "min_flux": 5377.798609900628,
    "radius": 0.0,
    "bin_size_x": 0.06807059529144252,
    "bin_size_y": 6.0,
    "xvalues": [
        -0.13614119058288504,
        -0.0680705952914425,
        2.7755575615628914e-17,
        0.06807059529144252,
        0.13614119058288507
    ],
    "yvalues": [
        -12.0,
        -6.0,
        0.0,
        6.0,
        12.0
    ],
    "flux": [
        [
            6897.0,
            9226.0,
            9265.0,
            9256.0,
            9385.0
        ],
        [
            34209.0,
            44352.0,
            44276.0,
            44219.0,
            44425.0
        ],
        [
            66613.0,
            85101.0,
            85592.0,
            85481.0,
            86202.0
        ],
        [
            33438.0,
            43295.0,
            43159.0,
            42741.0,
            43245.0
        ],
        [
            6528.0,
            8569.0,
            8627.0,
            8719.0,
            8675.0
        ]
    ],
    "sim_time": 17.28185224533081
}