{
    "dni": 1000.0,
    "generated_rays": 4467408,
    "power_per_ray": 0.28344369288667304,
    "num_rays": 918014.0,
    "avg_flux": 25483.864916768045,
    "peak_flux": 53400.097108694266,
    "min_flux": 6566.575505451422,
    "radius": 0.0,
    "bin_size_x": 0.06807059529144252,
    "bin_size_y": 6.0,
    "xvalues": [
        -0.13614119058288504,
        -0.0680705952914425,
        2.7755575615628914e-17,
        0.06807059529144252,
        0.13614119058288507
    ],
    "yvalues": [
        -12.0,
        -6.0,
        0.0,
        6.0,
        12.0
    ],
    "flux": [
        [
            9462.0,
            11102.0,
            11043.0,
            11157.0,
            11183.0
        ],
        [
            38203.0,
            44595.0,
            44072.0,
            44373.0,
            44112.0
        ],
        [
            66050.0,
            76638.0,
            76264.0,
            76946.0,
            76586.0
        ],
        [
            38087.0,
            44353.0,
            43789.0,
            44312.0,
            44371.0
        ],
        [
            10701.0,
            12614.0,
            12797.0,
            12479.0,
            12725.0
        ]
    ],
    "sim_time": 8.90230655670166
}