{
    "dni": 1000.0,
    "generated_rays": 20254487,
    "power_per_ray": 0.05758761178095372,
    "num_rays": 816437.0,
    "avg_flux": 4604.69573764373,
    "peak_flux": 8938.959640468265,
    "min_flux": 900.8472505473721,
    "radius": 0.0,
    "bin_size_x": 0.06807059529144252,
    "bin_size_y": 6.0,
    "xvalues": [
        -0.13614119058288504,
        -0.0680705952914425,
        2.7755575615628914e-17,
        0.06807059529144252,
        0.13614119058288507
    ],
    "yvalues": [
        -12.0,
        -6.0,
        0.0,
        6.0,
        12.0
    ],
    "flux": [
        [
            6531.0,
            6604.0,
            6389.0,
            6510.0,
            6480.0
        ],
        [
            15281.0,
            14798.0,
            14974.0,
            15123.0,
            14729.0
        ],
        [
            37583.0,
            38039.0,
            38082.0,
            38296.0,
            38161.0
        ],
        [
            60318.0,
            63212.0,
            63200.0,
            63397.0,
            62751.0
        ],
        [
            38694.0,
            41783.0,
            41614.0,
            41964.0,
            41924.0
        ]
    ],
    "sim_time": 21.327431678771973
}