{
    "dni": 1000.0,
    "generated_rays": 4017848,
    "power_per_ray": 0.33972855228859006,
    "num_rays": 934423.0,
    "avg_flux": 31090.2890992316,
    "peak_flux": 71909.49635840973,
    "min_flux": 6324.2093789819455,
    "radius": 0.0,
    "bin_size_x": 0.06807059529144252,
    "bin_size_y": 6.0,
    "xvalues": [
        -0.13614119058288504,
        -0.0680705952914425,
        2.7755575615628914e-17,
        0.06807059529144252,
        0.13614119058288507
    ],
    "yvalues": [
        -12.0,
        -6.0,
        0.0,
        6.0,
        12.0
    ],
    "flux": [
        [
            8097.0,
            9244.0,
            9158.0,
            9094.0,
            9222.0
        ],
        [
            39294.0,
            44302.0,
            44486.0,
            43795.0,
            44162.0
        ],
        [
            76753.0,
            85524.0,
            86212.0,
            86157.0,
            86450.0
        ],
        [
            38553.0,
            43364.0,
            43105.0,
            42657.0,
            43159.0
        ],
        [
            7603.0,
            8432.0,
            8530.0,
            8564.0,
            8506.0
        ]
    ],
    "sim_time": 19.0383517742157
}