{
    "dni": 1000.0,
    "generated_rays": 5329138,
    "power_per_ray": 0.2643475889519746,
    "num_rays": 834923.0,
    "avg_flux": 21615.782954503407,
    "peak_flux": 48362.33156061844,
    "min_flux": 3046.5531062998484,
    "radius": 0.0,
    "bin_size_x": 0.06807059529144252,
    "bin_size_y": 6.0,
    "xvalues": [
        -0.13614119058288504,
        -0.0680705952914425,
        2.7755575615628914e-17,
        0.06807059529144252,
        0.13614119058288507
    ],
    "yvalues": [
        -12.0,
        -6.0,
        0.0,
        6.0,
        12.0
    ],
    "flux": [
        [
            4707.0,
            11753.0,
            11760.0,
            11966.0,
            11741.0
        ],
        [
            19735.0,
            44315.0,
            44668.0,
            44371.0,
            44321.0
        ],
        [
            33749.0,
            74700.0,
            74410.0,
            74333.0,
            74721.0
        ],
        [
            18931.0,
            44221.0,
            43940.0,
            44203.0,
            44332.0
        ],
        [
            5098.0,
            13175.0,
            13515.0,
            13150.0,
            13108.0
        ]
    ],
    "sim_time": 8.921627521514893
}