{
    "dni": 1000.0,
    "generated_rays": 7818431,
    "power_per_ray": 0.20242818076714045,
    "num_rays": 660914.0,
    "avg_flux": 13102.830288734373,
    "peak_flux": 32316.75540676802,
    "min_flux": 0.0,
    "radius": 0.0,
    "bin_size_x": 0.06807059529144252,
    "bin_size_y": 6.0,
    "xvalues": [
        -0.13614119058288504,
        -0.0680705952914425,
        2.7755575615628914e-17,
        0.06807059529144252,
        0.13614119058288507
    ],
    "yvalues": [
        -12.0,
        -6.0,
        0.0,
        6.0,
        12.0
    ],
    "flux": [
        [
            0.0,
            8148.0,
            14927.0,
            14870.0,
            14896.0
        ],
        [
            0.0,
            27090.0,
            43639.0,
            43873.0,
            43625.0
        ],
        [
            0.0,
            42279.0,
            65190.0,
            65182.0,
            65203.0
        ],
        [
            0.0,
            26147.0,
            43580.0,
            42942.0,
            42936.0
        ],
        [
            0.0,
            8160.0,
            16131.0,
            16236.0,
            15860.0
        ]
    ],
    "sim_time": 9.241352558135986
}