{
    "dni": 1000.0,
    "generated_rays": 5411398,
    "power_per_ray": 0.22112323003769388,
    "num_rays": 930820.0,
    "avg_flux": 20158.084814003047,
    "peak_flux": 39385.708191816884,
    "min_flux": 6610.57496559424,
    "radius": 0.0,
    "bin_size_x": 0.06807059529144252,
    "bin_size_y": 6.0,
    "xvalues": [
        -0.13614119058288504,
        -0.0680705952914425,
        2.7755575615628914e-17,
        0.06807059529144252,
        0.13614119058288507
    ],
    "yvalues": [
        -12.0,
        -6.0,
        0.0,
        6.0,
        12.0
    ],
    "flux": [
        [
            13953.0,
            14194.0,
            14193.0,
            14187.0,
            13956.0
        ],
        [
            48743.0,
            49054.0,
            48689.0,
            48668.0,
            48813.0
        ],
        [
            72001.0,
            72636.0,
            72259.0,
            72617.0,
            72747.0
        ],
        [
            38753.0,
            38639.0,
            38681.0,
            38442.0,
            38061.0
        ],
        [
            12298.0,
            12280.0,
            12455.0,
            12291.0,
            12210.0
        ]
    ],
    "sim_time": 9.480886220932007
}