{
    "dni": 1000.0,
    "generated_rays": 7334170,
    "power_per_ray": 0.22473549804499365,
    "num_rays": 613657.0,
    "avg_flux": 13506.616274211237,
    "peak_flux": 37893.0383635955,
    "min_flux": 0.0,
    "radius": 0.0,
    "bin_size_x": 0.06807059529144252,
    "bin_size_y": 6.0,
    "xvalues": [
        -0.13614119058288504,
        -0.0680705952914425,
        2.7755575615628914e-17,
        0.06807059529144252,
        0.13614119058288507
    ],
    "yvalues": [
        -12.0,
        -6.0,
        0.0,
        6.0,
        12.0
    ],
    "flux": [
        [
            0.0,
            3125.0,
            14201.0,
            14173.0,
            14523.0
        ],
        [
            0.0,
            14915.0,
            44264.0,
            43788.0,
            44282.0
        ],
        [
            0.0,
            25999.0,
            68865.0,
            66841.0,
            67419.0
        ],
        [
            0.0,
            14804.0,
            44098.0,
            43679.0,
            43145.0
        ],
        [
            0.0,
            3235.0,
            14139.0,
            14061.0,
            14101.0
        ]
    ],
    "sim_time": 16.656378269195557
}