{
    "dni": 1000.0,
    "generated_rays": 20944808,
    "power_per_ray": 0.05777583395246249,
    "num_rays": 799940.0,
    "avg_flux": 4526.398945492306,
    "peak_flux": 8853.451646454154,
    "min_flux": 892.7576988587251,
    "radius": 0.0,
    "bin_size_x": 0.06807059529144252,
    "bin_size_y": 6.0,
    "xvalues": [
        -0.13614119058288504,
        -0.0680705952914425,
        2.7755575615628914e-17,
        0.06807059529144252,
        0.13614119058288507
    ],
    "yvalues": [
        -12.0,
        -6.0,
        0.0,
        6.0,
        12.0
    ],
    "flux": [
        [
            34911.0,
            41649.0,
            41602.0,
            41445.0,
            41570.0
        ],
        [
            54521.0,
            62153.0,
            62586.0,
            62368.0,
            62080.0
        ],
        [
            35876.0,
            37611.0,
            37972.0,
            37896.0,
            37844.0
        ],
        [
            15704.0,
            14869.0,
            15072.0,
            15072.0,
            14989.0
        ],
        [
            6358.0,
            6564.0,
            6311.0,
            6468.0,
            6449.0
        ]
    ],
    "sim_time": 14.246153831481934
}