{
    "dni": 1000.0,
    "generated_rays": 7268214,
    "power_per_ray": 0.22883159535694111,
    "num_rays": 633646.0,
    "avg_flux": 14200.769505123135,
    "peak_flux": 39264.98895631529,
    "min_flux": 0.0,
    "radius": 0.0,
    "bin_size_x": 0.06807059529144252,
    "bin_size_y": 6.0,
    "xvalues": [
        -0.13614119058288504,
        -0.0680705952914425,
        2.7755575615628914e-17,
        0.06807059529144252,
        0.13614119058288507
    ],
    "yvalues": [
        -12.0,
        -6.0,
        0.0,
        6.0,
        12.0
    ],
    "flux": [
        [
            0.0,
            4261.0,
            14212.0,
            14004.0,
            14298.0
        ],
        [
            0.0,
            18835.0,
            45203.0,
            43790.0,
            44286.0
        ],
        [
            0.0,
            32242.0,
            70081.0,
            68085.0,
            68533.0
        ],
        [
            0.0,
            18703.0,
            44910.0,
            43447.0,
            42985.0
        ],
        [
            0.0,
            4261.0,
            13934.0,
            13706.0,
            13870.0
        ]
    ],
    "sim_time": 16.300813913345337
}