{
    "dni": 1000.0,
    "generated_rays": 4694881,
    "power_per_ray": 0.31481706586394115,
    "num_rays": 843072.0,
    "avg_flux": 25993.940772388196,
    "peak_flux": 64016.56012439069,
    "min_flux": 2732.5222530850324,
    "radius": 0.0,
    "bin_size_x": 0.06807059529144252,
    "bin_size_y": 6.0,
    "xvalues": [
        -0.13614119058288504,
        -0.0680705952914425,
        2.7755575615628914e-17,
        0.06807059529144252,
        0.13614119058288507
    ],
    "yvalues": [
        -12.0,
        -6.0,
        0.0,
        6.0,
        12.0
    ],
    "flux": [
        [
            3740.0,
            10223.0,
            10265.0,
            10226.0,
            10194.0
        ],
        [
            18977.0,
            44199.0,
            44560.0,
            44522.0,
            44277.0
        ],
        [
            36625.0,
            82600.0,
            82190.0,
            82020.0,
            83051.0
        ],
        [
            18813.0,
            43675.0,
            43469.0,
            43754.0,
            43610.0
        ],
        [
            3545.0,
            9692.0,
            9574.0,
            9665.0,
            9606.0
        ]
    ],
    "sim_time": 17.572664260864258
}