{
    "dni": 1000.0,
    "generated_rays": 5507347,
    "power_per_ray": 0.288170444599234,
    "num_rays": 764399.0,
    "avg_flux": 21573.40711145526,
    "peak_flux": 55899.299705132886,
    "min_flux": 237.07071795779981,
    "radius": 0.0,
    "bin_size_x": 0.06807059529144252,
    "bin_size_y": 6.0,
    "xvalues": [
        -0.13614119058288504,
        -0.0680705952914425,
        2.7755575615628914e-17,
        0.06807059529144252,
        0.13614119058288507
    ],
    "yvalues": [
        -12.0,
        -6.0,
        0.0,
        6.0,
        12.0
    ],
    "flux": [
        [
            340.0,
            9619.0,
            10502.0,
            10584.0,
            10568.0
        ],
        [
            3314.0,
            42758.0,
            43807.0,
            44420.0,
            43600.0
        ],
        [
            7664.0,
            77852.0,
            78447.0,
            78903.0,
            79226.0
        ],
        [
            3456.0,
            43241.0,
            44717.0,
            44450.0,
            44222.0
        ],
        [
            336.0,
            9920.0,
            10841.0,
            10701.0,
            10911.0
        ]
    ],
    "sim_time": 8.907980680465698
}