{
    "dni": 1000.0,
    "generated_rays": 4592591,
    "power_per_ray": 0.3256748465211065,
    "num_rays": 855909.0,
    "avg_flux": 27299.896626199232,
    "peak_flux": 67761.01827125192,
    "min_flux": 3007.773316848622,
    "radius": 0.0,
    "bin_size_x": 0.06807059529144252,
    "bin_size_y": 6.0,
    "xvalues": [
        -0.13614119058288504,
        -0.0680705952914425,
        2.7755575615628914e-17,
        0.06807059529144252,
        0.13614119058288507
    ],
    "yvalues": [
        -12.0,
        -6.0,
        0.0,
        6.0,
        12.0
    ],
    "flux": [
        [
            3772.0,
            8835.0,
            9015.0,
            8848.0,
            8870.0
        ],
        [
            21493.0,
            43387.0,
            44316.0,
            43480.0,
            43836.0
        ],
        [
            43490.0,
            84978.0,
            84953.0,
            84692.0,
            84488.0
        ],
        [
            21717.0,
            44291.0,
            43835.0,
            43977.0,
            43742.0
        ],
        [
            3886.0,
            9007.0,
            9008.0,
            9043.0,
            8950.0
        ]
    ],
    "sim_time": 8.722631216049194
}