{
    "dni": 1000.0,
    "generated_rays": 13887949,
    "power_per_ray": 0.12178332861694569,
    "num_rays": 404155.0,
    "avg_flux": 4820.421207958231,
    "peak_flux": 14492.39351055869,
    "min_flux": 0.0,
    "radius": 0.0,
    "bin_size_x": 0.06807059529144252,
    "bin_size_y": 6.0,
    "xvalues": [
        -0.13614119058288504,
        -0.0680705952914425,
        2.7755575615628914e-17,
        0.06807059529144252,
        0.13614119058288507
    ],
    "yvalues": [
        -12.0,
        -6.0,
        0.0,
        6.0,
        12.0
    ],
    "flux": [
        [
            0.0,
            0.0,
            7168.0,
            18981.0,
            20035.0
        ],
        [
            0.0,
            0.0,
            17156.0,
            36569.0,
            37746.0
        ],
        [
            0.0,
            0.0,
            24261.0,
            48045.0,
            48603.0
        ],
        [
            0.0,
            0.0,
            19147.0,
            38607.0,
            38927.0
        ],
        [
            0.0,
            0.0,
            8368.0,
            20006.0,
            20536.0
        ]
    ],
    "sim_time": 18.162511587142944
}