{
    "dni": 1000.0,
    "generated_rays": 5863897,
    "power_per_ray": 0.27204492456151397,
    "num_rays": 740078.0,
    "avg_flux": 19718.20214172534,
    "peak_flux": 51044.11240189677,
    "min_flux": 64.61027107100055,
    "radius": 0.0,
    "bin_size_x": 0.06807059529144252,
    "bin_size_y": 6.0,
    "xvalues": [
        -0.13614119058288504,
        -0.0680705952914425,
        2.7755575615628914e-17,
        0.06807059529144252,
        0.13614119058288507
    ],
    "yvalues": [
        -12.0,
        -6.0,
        0.0,
        6.0,
        12.0
    ],
    "flux": [
        [
            100.0,
            9409.0,
            11203.0,
            11100.0,
            11250.0
        ],
        [
            1065.0,
            40163.0,
            43504.0,
            44030.0,
            43810.0
        ],
        [
            2201.0,
            71827.0,
            76271.0,
            76049.0,
            76633.0
        ],
        [
            1032.0,
            40878.0,
            44514.0,
            44978.0,
            44688.0
        ],
        [
            97.0,
            9764.0,
            11913.0,
            11885.0,
            11714.0
        ]
    ],
    "sim_time": 8.9296715259552
}