{
    "dni": 1000.0,
    "generated_rays": 13967230,
    "power_per_ray": 0.12021813672854742,
    "num_rays": 483452.0,
    "avg_flux": 5692.100325047519,
    "peak_flux": 15336.641245474004,
    "min_flux": 0.0,
    "radius": 0.0,
    "bin_size_x": 0.06807059529144252,
    "bin_size_y": 6.0,
    "xvalues": [
        -0.13614119058288504,
        -0.0680705952914425,
        2.7755575615628914e-17,
        0.06807059529144252,
        0.13614119058288507
    ],
    "yvalues": [
        -12.0,
        -6.0,
        0.0,
        6.0,
        12.0
    ],
    "flux": [
        [
            0.0,
            617.0,
            16114.0,
            20958.0,
            21122.0
        ],
        [
            0.0,
            1678.0,
            35458.0,
            42510.0,
            42396.0
        ],
        [
            0.0,
            2001.0,
            44286.0,
            52104.0,
            51222.0
        ],
        [
            0.0,
            1132.0,
            30526.0,
            36706.0,
            36637.0
        ],
        [
            0.0,
            261.0,
            12753.0,
            17344.0,
            17627.0
        ]
    ],
    "sim_time": 10.77652907371521
}