{
    "dni": 1000.0,
    "generated_rays": 4604258,
    "power_per_ray": 0.30711206926506346,
    "num_rays": 853228.0,
    "avg_flux": 25663.221690461058,
    "peak_flux": 60669.17974010081,
    "min_flux": 3409.318703340444,
    "radius": 0.0,
    "bin_size_x": 0.06807059529144252,
    "bin_size_y": 6.0,
    "xvalues": [
        -0.13614119058288504,
        -0.0680705952914425,
        2.7755575615628914e-17,
        0.06807059529144252,
        0.13614119058288507
    ],
    "yvalues": [
        -12.0,
        -6.0,
        0.0,
        6.0,
        12.0
    ],
    "flux": [
        [
            4930.0,
            10795.0,
            10744.0,
            10653.0,
            10919.0
        ],
        [
            22467.0,
            44202.0,
            44405.0,
            44472.0,
            44120.0
        ],
        [
            41404.0,
            80683.0,
            80493.0,
            80581.0,
            80619.0
        ],
        [
            22011.0,
            44070.0,
            43583.0,
            43686.0,
            43337.0
        ],
        [
            4534.0,
            10250.0,
            10223.0,
            10061.0,
            9986.0
        ]
    ],
    "sim_time": 16.04254388809204
}