{
    "dni": 1000.0,
    "generated_rays": 12158970,
    "power_per_ray": 0.09986393116954746,
    "num_rays": 866529.0,
    "avg_flux": 8475.024303021439,
    "peak_flux": 16311.308428643475,
    "min_flux": 1443.10211881058,
    "radius": 0.0,
    "bin_size_x": 0.06807059529144252,
    "bin_size_y": 6.0,
    "xvalues": [
        -0.13614119058288504,
        -0.0680705952914425,
        2.7755575615628914e-17,
        0.06807059529144252,
        0.13614119058288507
    ],
    "yvalues": [
        -12.0,
        -6.0,
        0.0,
        6.0,
        12.0
    ],
    "flux": [
        [
            26289.0,
            30250.0,
            30170.0,
            30032.0,
            29860.0
        ],
        [
            58523.0,
            66710.0,
            66631.0,
            66011.0,
            66426.0
        ],
        [
            48865.0,
            54290.0,
            54758.0,
            54363.0,
            54174.0
        ],
        [
            18170.0,
            19962.0,
            19617.0,
            19875.0,
            19745.0
        ],
        [
            5902.0,
            6394.0,
            6688.0,
            6453.0,
            6371.0
        ]
    ],
    "sim_time": 11.295080661773682
}