{
    "dni": 1000.0,
    "generated_rays": 4196046,
    "power_per_ray": 0.31500285235730463,
    "num_rays": 899948.0,
    "avg_flux": 27763.93984896735,
    "peak_flux": 62603.589250175566,
    "min_flux": 5575.475504367613,
    "radius": 0.0,
    "bin_size_x": 0.06807059529144252,
    "bin_size_y": 6.0,
    "xvalues": [
        -0.13614119058288504,
        -0.0680705952914425,
        2.7755575615628914e-17,
        0.06807059529144252,
        0.13614119058288507
    ],
    "yvalues": [
        -12.0,
        -6.0,
        0.0,
        6.0,
        12.0
    ],
    "flux": [
        [
            7229.0,
            10145.0,
            10250.0,
            10213.0,
            10224.0
        ],
        [
            32382.0,
            43621.0,
            43921.0,
            43849.0,
            43693.0
        ],
        [
            59634.0,
            80754.0,
            80815.0,
            81170.0,
            80857.0
        ],
        [
            32878.0,
            44367.0,
            44082.0,
            44613.0,
            44496.0
        ],
        [
            7782.0,
            10786.0,
            10904.0,
            10623.0,
            10660.0
        ]
    ],
    "sim_time": 8.623032093048096
}