{
    "dni": 1000.0,
    "generated_rays": 4558287,
    "power_per_ray": 0.3277280506267458,
    "num_rays": 859360.0,
    "avg_flux": 27582.774067694605,
    "peak_flux": 68395.23978408401,
    "min_flux": 3151.913532684335,
    "radius": 0.0,
    "bin_size_x": 0.06807059529144252,
    "bin_size_y": 6.0,
    "xvalues": [
        -0.13614119058288504,
        -0.0680705952914425,
        2.7755575615628914e-17,
        0.06807059529144252,
        0.13614119058288507
    ],
    "yvalues": [
        -12.0,
        -6.0,
        0.0,
        6.0,
        12.0
    ],
    "flux": [
        [
            3928.0,
            8918.0,
            9010.0,
            8828.0,
            8800.0
        ],
        [
            21869.0,
            43567.0,
            43836.0,
            43445.0,
            43298.0
        ],
        [
            44251.0,
            84686.0,
            85192.0,
            85236.0,
            84987.0
        ],
        [
            22375.0,
            44258.0,
            43867.0,
            44205.0,
            43828.0
        ],
        [
            4215.0,
            9049.0,
            9229.0,
            9195.0,
            9288.0
        ]
    ],
    "sim_time": 8.692805767059326
}