{
    "dni": 1000.0,
    "generated_rays": 5532302,
    "power_per_ray": 0.2456257265751199,
    "num_rays": 860549.0,
    "avg_flux": 20701.349089476385,
    "peak_flux": 44224.512684453046,
    "min_flux": 4342.104296966805,
    "radius": 0.0,
    "bin_size_x": 0.06807059529144252,
    "bin_size_y": 6.0,
    "xvalues": [
        -0.13614119058288504,
        -0.0680705952914425,
        2.7755575615628914e-17,
        0.06807059529144252,
        0.13614119058288507
    ],
    "yvalues": [
        -12.0,
        -6.0,
        0.0,
        6.0,
        12.0
    ],
    "flux": [
        [
            7220.0,
            12656.0,
            12512.0,
            12608.0,
            12843.0
        ],
        [
            27952.0,
            45849.0,
            45833.0,
            45672.0,
            45865.0
        ],
        [
            44500.0,
            72948.0,
            72900.0,
            73536.0,
            73272.0
        ],
        [
            24895.0,
            42519.0,
            42012.0,
            42376.0,
            41903.0
        ],
        [
            7403.0,
            13244.0,
            13445.0,
            13436.0,
            13150.0
        ]
    ],
    "sim_time": 9.17505145072937
}