{
    "dni": 1000.0,
    "generated_rays": 6693146,
    "power_per_ray": 0.18227409103701678,
    "num_rays": 912751.0,
    "avg_flux": 16293.952687972,
    "peak_flux": 31671.64266068481,
    "min_flux": 4265.163934056178,
    "radius": 0.0,
    "bin_size_x": 0.06807059529144252,
    "bin_size_y": 6.0,
    "xvalues": [
        -0.13614119058288504,
        -0.0680705952914425,
        2.7755575615628914e-17,
        0.06807059529144252,
        0.13614119058288507
    ],
    "yvalues": [
        -12.0,
        -6.0,
        0.0,
        6.0,
        12.0
    ],
    "flux": [
        [
            9557.0,
            10404.0,
            10322.0,
            10442.0,
            10326.0
        ],
        [
            31141.0,
            33934.0,
            34135.0,
            33866.0,
            33933.0
        ],
        [
            64652.0,
            70436.0,
            70268.0,
            70967.0,
            70156.0
        ],
        [
            49530.0,
            53555.0,
            53511.0,
            53378.0,
            53717.0
        ],
        [
            15661.0,
            17262.0,
            17091.0,
            17161.0,
            17346.0
        ]
    ],
    "sim_time": 17.524940729141235
}