{
    "dni": 1000.0,
    "generated_rays": 8673385,
    "power_per_ray": 0.14140771461847462,
    "num_rays": 893919.0,
    "avg_flux": 12379.994847292843,
    "peak_flux": 22793.92654064642,
    "min_flux": 2432.5985854724954,
    "radius": 0.0,
    "bin_size_x": 0.06807059529144252,
    "bin_size_y": 6.0,
    "xvalues": [
        -0.13614119058288504,
        -0.0680705952914425,
        2.7755575615628914e-17,
        0.06807059529144252,
        0.13614119058288507
    ],
    "yvalues": [
        -12.0,
        -6.0,
        0.0,
        6.0,
        12.0
    ],
    "flux": [
        [
            19250.0,
            21925.0,
            22163.0,
            21754.0,
            22006.0
        ],
        [
            52854.0,
            60526.0,
            59842.0,
            60167.0,
            60077.0
        ],
        [
            58183.0,
            65700.0,
            65489.0,
            65835.0,
            65516.0
        ],
        [
            24389.0,
            27185.0,
            27453.0,
            26826.0,
            27184.0
        ],
        [
            7026.0,
            8257.0,
            8204.0,
            8096.0,
            8012.0
        ]
    ],
    "sim_time": 10.283303499221802
}