{
    "dni": 1000.0,
    "generated_rays": 12920541,
    "power_per_ray": 0.0987478692882745,
    "num_rays": 840030.0,
    "avg_flux": 8124.033809613476,
    "peak_flux": 15970.651443818022,
    "min_flux": 1291.3367551499819,
    "radius": 0.0,
    "bin_size_x": 0.06807059529144252,
    "bin_size_y": 6.0,
    "xvalues": [
        -0.13614119058288504,
        -0.0680705952914425,
        2.7755575615628914e-17,
        0.06807059529144252,
        0.13614119058288507
    ],
    "yvalues": [
        -12.0,
        -6.0,
        0.0,
        6.0,
        12.0
    ],
    "flux": [
        [
            22058.0,
            30322.0,
            30164.0,
            29827.0,
            29819.0
        ],
        [
            49059.0,
            65793.0,
            66055.0,
            65677.0,
            65456.0
        ],
        [
            42120.0,
            54058.0,
            54285.0,
            53865.0,
            54042.0
        ],
        [
            16403.0,
            20138.0,
            19851.0,
            19887.0,
            19887.0
        ],
        [
            5341.0,
            6456.0,
            6613.0,
            6505.0,
            6349.0
        ]
    ],
    "sim_time": 11.695190191268921
}