{
    "dni": 1000.0,
    "generated_rays": 8608196,
    "power_per_ray": 0.19230796271658984,
    "num_rays": 542870.0,
    "avg_flux": 10224.505238321753,
    "peak_flux": 29235.809436542637,
    "min_flux": 0.0,
    "radius": 0.0,
    "bin_size_x": 0.06807059529144252,
    "bin_size_y": 6.0,
    "xvalues": [
        -0.13614119058288504,
        -0.0680705952914425,
        2.7755575615628914e-17,
        0.06807059529144252,
        0.13614119058288507
    ],
    "yvalues": [
        -12.0,
        -6.0,
        0.0,
        6.0,
        12.0
    ],
    "flux": [
        [
            0.0,
            1190.0,
            13467.0,
            16648.0,
            16458.0
        ],
        [
            0.0,
            5086.0,
            38191.0,
            42893.0,
            42347.0
        ],
        [
            0.0,
            8410.0,
            56507.0,
            62091.0,
            60775.0
        ],
        [
            0.0,
            4892.0,
            38837.0,
            43762.0,
            42167.0
        ],
        [
            0.0,
            1117.0,
            14129.0,
            17191.0,
            16712.0
        ]
    ],
    "sim_time": 9.259645938873291
}