{
    "dni": 1000.0,
    "generated_rays": 5328501,
    "power_per_ray": 0.27606459130251976,
    "num_rays": 785716.0,
    "avg_flux": 21243.471868302113,
    "peak_flux": 51715.86413270389,
    "min_flux": 820.5755911843072,
    "radius": 0.0,
    "bin_size_x": 0.06807059529144252,
    "bin_size_y": 6.0,
    "xvalues": [
        -0.13614119058288504,
        -0.0680705952914425,
        2.7755575615628914e-17,
        0.06807059529144252,
        0.13614119058288507
    ],
    "yvalues": [
        -12.0,
        -6.0,
        0.0,
        6.0,
        12.0
    ],
    "flux": [
        [
            1230.0,
            12410.0,
            11987.0,
            12164.0,
            11938.0
        ],
        [
            7282.0,
            45424.0,
            44528.0,
            44458.0,
            44415.0
        ],
        [
            14214.0,
            76511.0,
            76012.0,
            75763.0,
            75959.0
        ],
        [
            7527.0,
            44559.0,
            44309.0,
            43971.0,
            43700.0
        ],
        [
            1214.0,
            11804.0,
            11379.0,
            11497.0,
            11461.0
        ]
    ],
    "sim_time": 16.09878444671631
}