{
    "dni": 1000.0,
    "generated_rays": 6209991,
    "power_per_ray": 0.24437240784802935,
    "num_rays": 732442.0,
    "avg_flux": 17529.704701684197,
    "peak_flux": 42728.59836892797,
    "min_flux": 59.23475051494642,
    "radius": 0.0,
    "bin_size_x": 0.06807059529144252,
    "bin_size_y": 6.0,
    "xvalues": [
        -0.13614119058288504,
        -0.0680705952914425,
        2.7755575615628914e-17,
        0.06807059529144252,
        0.13614119058288507
    ],
    "yvalues": [
        -12.0,
        -6.0,
        0.0,
        6.0,
        12.0
    ],
    "flux": [
        [
            143.0,
            10988.0,
            12873.0,
            12910.0,
            13001.0
        ],
        [
            1038.0,
            39548.0,
            44209.0,
            43830.0,
            43543.0
        ],
        [
            1974.0,
            65432.0,
            71413.0,
            70786.0,
            71252.0
        ],
        [
            919.0,
            40187.0,
            45069.0,
            44647.0,
            44610.0
        ],
        [
            99.0,
            11752.0,
            14060.0,
            14135.0,
            14024.0
        ]
    ],
    "sim_time": 8.948462009429932
}