{
    "dni": 1000.0,
    "generated_rays": 23373044,
    "power_per_ray": 0.056514730422268324,
    "num_rays": 755326.0,
    "avg_flux": 4180.66421466976,
    "peak_flux": 8396.879179943662,
    "min_flux": 866.7674832023317,
    "radius": 0.0,
    "bin_size_x": 0.06807059529144252,
    "bin_size_y": 6.0,
    "xvalues": [
        -0.13614119058288504,
        -0.0680705952914425,
        2.7755575615628914e-17,
        0.06807059529144252,
        0.13614119058288507
    ],
    "yvalues": [
        -12.0,
        -6.0,
        0.0,
        6.0,
        12.0
    ],
    "flux": [
        [
            6322.0,
            6490.0,
            6495.0,
            6303.0,
            6264.0
        ],
        [
            16319.0,
            14596.0,
            14721.0,
            14717.0,
            14580.0
        ],
        [
            31882.0,
            37020.0,
            36902.0,
            37155.0,
            37199.0
        ],
        [
            41220.0,
            60468.0,
            60232.0,
            60587.0,
            60683.0
        ],
        [
            23991.0,
            40181.0,
            40014.0,
            40523.0,
            40462.0
        ]
    ],
    "sim_time": 22.123337745666504
}