{
    "dni": 1000.0,
    "generated_rays": 4377516,
    "power_per_ray": 0.33485563160691606,
    "num_rays": 883064.0,
    "avg_flux": 28960.028159325102,
    "peak_flux": 70562.40610907917,
    "min_flux": 4066.572175693169,
    "radius": 0.0,
    "bin_size_x": 0.06807059529144252,
    "bin_size_y": 6.0,
    "xvalues": [
        -0.13614119058288504,
        -0.0680705952914425,
        2.7755575615628914e-17,
        0.06807059529144252,
        0.13614119058288507
    ],
    "yvalues": [
        -12.0,
        -6.0,
        0.0,
        6.0,
        12.0
    ],
    "flux": [
        [
            4960.0,
            8538.0,
            8728.0,
            8491.0,
            8509.0
        ],
        [
            27318.0,
            43384.0,
            44407.0,
            43525.0,
            43743.0
        ],
        [
            55282.0,
            86010.0,
            86065.0,
            85593.0,
            85976.0
        ],
        [
            27533.0,
            44106.0,
            43738.0,
            43578.0,
            43800.0
        ],
        [
            5015.0,
            8733.0,
            8750.0,
            8618.0,
            8664.0
        ]
    ],
    "sim_time": 8.781397819519043
}