{
    "dni": 1000.0,
    "generated_rays": 13512087,
    "power_per_ray": 0.12850775448770987,
    "num_rays": 243427.0,
    "avg_flux": 3063.7073191192726,
    "peak_flux": 13384.927447996099,
    "min_flux": 0.0,
    "radius": 0.0,
    "bin_size_x": 0.06807059529144252,
    "bin_size_y": 6.0,
    "xvalues": [
        -0.13614119058288504,
        -0.0680705952914425,
        2.7755575615628914e-17,
        0.06807059529144252,
        0.13614119058288507
    ],
    "yvalues": [
        -12.0,
        -6.0,
        0.0,
        6.0,
        12.0
    ],
    "flux": [
        [
            0.0,
            0.0,
            43.0,
            10492.0,
            20381.0
        ],
        [
            0.0,
            0.0,
            150.0,
            21078.0,
            35330.0
        ],
        [
            0.0,
            0.0,
            216.0,
            26844.0,
            42540.0
        ],
        [
            0.0,
            0.0,
            172.0,
            21000.0,
            34710.0
        ],
        [
            0.0,
            0.0,
            82.0,
            10483.0,
            19906.0
        ]
    ],
    "sim_time": 17.552767992019653
}