{
    "dni": 1000.0,
    "generated_rays": 15310390,
    "power_per_ray": 0.09225191125841821,
    "num_rays": 771380.0,
    "avg_flux": 6969.360656814536,
    "peak_flux": 14295.28463951409,
    "min_flux": 886.5520423784986,
    "radius": 0.0,
    "bin_size_x": 0.06807059529144252,
    "bin_size_y": 6.0,
    "xvalues": [
        -0.13614119058288504,
        -0.0680705952914425,
        2.7755575615628914e-17,
        0.06807059529144252,
        0.13614119058288507
    ],
    "yvalues": [
        -12.0,
        -6.0,
        0.0,
        6.0,
        12.0
    ],
    "flux": [
        [
            11211.0,
            30590.0,
            30202.0,
            30129.0,
            30204.0
        ],
        [
            26461.0,
            63031.0,
            63289.0,
            63121.0,
            62845.0
        ],
        [
            25821.0,
            52589.0,
            52657.0,
            52158.0,
            52631.0
        ],
        [
            12151.0,
            20413.0,
            20289.0,
            20136.0,
            20276.0
        ],
        [
            3925.0,
            6850.0,
            6792.0,
            6764.0,
            6845.0
        ]
    ],
    "sim_time": 12.181875705718994
}