{
    "dni": 1000.0,
    "generated_rays": 10806841,
    "power_per_ray": 0.1308704883858962,
    "num_rays": 798760.0,
    "avg_flux": 10237.813733968227,
    "peak_flux": 20290.163542939554,
    "min_flux": 1096.505790150961,
    "radius": 0.0,
    "bin_size_x": 0.06807059529144252,
    "bin_size_y": 6.0,
    "xvalues": [
        -0.13614119058288504,
        -0.0680705952914425,
        2.7755575615628914e-17,
        0.06807059529144252,
        0.13614119058288507
    ],
    "yvalues": [
        -12.0,
        -6.0,
        0.0,
        6.0,
        12.0
    ],
    "flux": [
        [
            8756.0,
            22710.0,
            22965.0,
            22417.0,
            22409.0
        ],
        [
            24921.0,
            58134.0,
            58523.0,
            58593.0,
            58061.0
        ],
        [
            28212.0,
            62775.0,
            63028.0,
            62959.0,
            63322.0
        ],
        [
            12885.0,
            27896.0,
            27623.0,
            27300.0,
            27312.0
        ],
        [
            3422.0,
            8638.0,
            8681.0,
            8637.0,
            8581.0
        ]
    ],
    "sim_time": 10.587871789932251
}