{
    "dni": 1000.0,
    "generated_rays": 14440248,
    "power_per_ray": 0.11541585576567097,
    "num_rays": 203063.0,
    "avg_flux": 2295.331762464233,
    "peak_flux": 10593.68239305772,
    "min_flux": 0.0,
    "radius": 0.0,
    "bin_size_x": 0.06807059529144252,
    "bin_size_y": 6.0,
    "xvalues": [
        -0.13614119058288504,
        -0.0680705952914425,
        2.7755575615628914e-17,
        0.06807059529144252,
        0.13614119058288507
    ],
    "yvalues": [
        -12.0,
        -6.0,
        0.0,
        6.0,
        12.0
    ],
    "flux": [
        [
            0.0,
            0.0,
            0.0,
            8216.0,
            19055.0
        ],
        [
            0.0,
            0.0,
            0.0,
            15578.0,
            31165.0
        ],
        [
            0.0,
            0.0,
            0.0,
            18381.0,
            37488.0
        ],
        [
            0.0,
            0.0,
            0.0,
            14814.0,
            31385.0
        ],
        [
            0.0,
            0.0,
            0.0,
            7810.0,
            19171.0
        ]
    ],
    "sim_time": 10.34214162826538
}