{
    "dni": 1000.0,
    "generated_rays": 5342747,
    "power_per_ray": 0.24916034923102853,
    "num_rays": 875406.0,
    "avg_flux": 21361.790040185748,
    "peak_flux": 45148.86113683442,
    "min_flux": 5007.321535660158,
    "radius": 0.0,
    "bin_size_x": 0.06807059529144252,
    "bin_size_y": 6.0,
    "xvalues": [
        -0.13614119058288504,
        -0.0680705952914425,
        2.7755575615628914e-17,
        0.06807059529144252,
        0.13614119058288507
    ],
    "yvalues": [
        -12.0,
        -6.0,
        0.0,
        6.0,
        12.0
    ],
    "flux": [
        [
            8533.0,
            13042.0,
            13234.0,
            13331.0,
            13159.0
        ],
        [
            28340.0,
            41841.0,
            42152.0,
            41976.0,
            42097.0
        ],
        [
            50496.0,
            73695.0,
            74008.0,
            73758.0,
            73657.0
        ],
        [
            31244.0,
            46001.0,
            45626.0,
            45787.0,
            45529.0
        ],
        [
            8208.0,
            12582.0,
            12418.0,
            12411.0,
            12281.0
        ]
    ],
    "sim_time": 16.583199739456177
}