{
    "dni": 1000.0,
    "generated_rays": 9113278,
    "power_per_ray": 0.1778120809967009,
    "num_rays": 559432.0,
    "avg_flux": 9742.216167421677,
    "peak_flux": 66437.97441034914,
    "min_flux": 0.0,
    "radius": 0.0,
    "bin_size_x": 0.06807059529144252,
    "bin_size_y": 6.0,
    "xvalues": [
        -0.13614119058288504,
        -0.0680705952914425,
        2.7755575615628914e-17,
        0.06807059529144252,
        0.13614119058288507
    ],
    "yvalues": [
        -12.0,
        -6.0,
        0.0,
        6.0,
        12.0
    ],
    "flux": [
        [
            0.0,
            0.0,
            727.0,
            2284.0,
            2269.0
        ],
        [
            0.0,
            322.0,
            15276.0,
            22437.0,
            22468.0
        ],
        [
            0.0,
            8913.0,
            125261.0,
            152177.0,
            152604.0
        ],
        [
            0.0,
            358.0,
            13769.0,
            19781.0,
            19696.0
        ],
        [
            0.0,
            0.0,
            169.0,
            453.0,
            468.0
        ]
    ],
    "sim_time": 16.757174730300903
}