{
    "dni": 1000.0,
    "generated_rays": 20774979,
    "power_per_ray": 0.057668040045922235,
    "num_rays": 844304.0,
    "avg_flux": 4768.515849804661,
    "peak_flux": 9709.10523283432,
    "min_flux": 472.30279370927383,
    "radius": 0.0,
    "bin_size_x": 0.06807059529144252,
    "bin_size_y": 6.0,
    "xvalues": [
        -0.13614119058288504,
        -0.0680705952914425,
        2.7755575615628914e-17,
        0.06807059529144252,
        0.13614119058288507
    ],
    "yvalues": [
        -12.0,
        -6.0,
        0.0,
        6.0,
        12.0
    ],
    "flux": [
        [
            3439.0,
            3388.0,
            3345.0,
            3451.0,
            3383.0
        ],
        [
            4795.0,
            3512.0,
            3539.0,
            3608.0,
            3499.0
        ],
        [
            53438.0,
            54158.0,
            54199.0,
            54506.0,
            54090.0
        ],
        [
            60946.0,
            68763.0,
            68694.0,
            68601.0,
            68519.0
        ],
        [
            35749.0,
            41794.0,
            41676.0,
            41834.0,
            41378.0
        ]
    ],
    "sim_time": 21.263861179351807
}