{
    "dni": 1000.0,
    "generated_rays": 14182219,
    "power_per_ray": 0.1216862517033667,
    "num_rays": 500468.0,
    "avg_flux": 5964.403548672611,
    "peak_flux": 72706.61650607915,
    "min_flux": 0.0,
    "radius": 0.0,
    "bin_size_x": 0.06807059529144252,
    "bin_size_y": 6.0,
    "xvalues": [
        -0.13614119058288504,
        -0.0680705952914425,
        2.7755575615628914e-17,
        0.06807059529144252,
        0.13614119058288507
    ],
    "yvalues": [
        -12.0,
        -6.0,
        0.0,
        6.0,
        12.0
    ],
    "flux": [
        [
            0.0,
            0.0,
            0.0,
            0.0,
            0.0
        ],
        [
            0.0,
            0.0,
            0.0,
            0.0,
            0.0
        ],
        [
            0.0,
            0.0,
            48863.0,
            205467.0,
            244030.0
        ],
        [
            0.0,
            0.0,
            0.0,
            483.0,
            1625.0
        ],
        [
            0.0,
            0.0,
            0.0,
            0.0,
            0.0
        ]
    ],
    "sim_time": 13.272259712219238
}