{
    "dni": 1000.0,
    "generated_rays": 4153413,
    "power_per_ray": 0.33693687294016633,
    "num_rays": 927417.0,
    "avg_flux": 30603.618939393815,
    "peak_flux": 149321.07766161714,
    "min_flux": 0.0,
    "radius": 0.0,
    "bin_size_x": 0.06807059529144252,
    "bin_size_y": 6.0,
    "xvalues": [
        -0.13614119058288504,
        -0.0680705952914425,
        2.7755575615628914e-17,
        0.06807059529144252,
        0.13614119058288507
    ],
    "yvalues": [
        -12.0,
        -6.0,
        0.0,
        6.0,
        12.0
    ],
    "flux": [
        [
            0.0,
            0.0,
            0.0,
            0.0,
            0.0
        ],
        [
            6526.0,
            8789.0,
            8717.0,
            8771.0,
            8754.0
        ],
        [
            140591.0,
            180717.0,
            180780.0,
            180612.0,
            181002.0
        ],
        [
            3350.0,
            4693.0,
            4676.0,
            4681.0,
            4758.0
        ],
        [
            0.0,
            0.0,
            0.0,
            0.0,
            0.0
        ]
    ],
    "sim_time": 16.612008333206177
}