{
    "dni": 1000.0,
    "generated_rays": 21410823,
    "power_per_ray": 0.0691354163565469,
    "num_rays": 957523.0,
    "avg_flux": 6483.342868046678,
    "peak_flux": 19233.22947211711,
    "min_flux": 256.61910439641565,
    "radius": 0.0,
    "bin_size_x": 0.06807059529144252,
    "bin_size_y": 6.0,
    "xvalues": [
        -0.13614119058288504,
        -0.0680705952914425,
        2.7755575615628914e-17,
        0.06807059529144252,
        0.13614119058288507
    ],
    "yvalues": [
        -12.0,
        -6.0,
        0.0,
        6.0,
        12.0
    ],
    "flux": [
        [
            2452.0,
            27653.0,
            28288.0,
            28361.0,
            28157.0
        ],
        [
            15512.0,
            86865.0,
            87651.0,
            87600.0,
            87769.0
        ],
        [
            22896.0,
            113622.0,
            103057.0,
            103108.0,
            102775.0
        ],
        [
            6748.0,
            3173.0,
            2955.0,
            2924.0,
            2892.0
        ],
        [
            1516.0,
            3101.0,
            2803.0,
            2840.0,
            2805.0
        ]
    ],
    "sim_time": 16.792516469955444
}