{
    "dni": 1000.0,
    "generated_rays": 6554325,
    "power_per_ray": 0.2505041372762172,
    "num_rays": 703937.0,
    "avg_flux": 17270.22072960353,
    "peak_flux": 118559.39050768617,
    "min_flux": 0.0,
    "radius": 0.0,
    "bin_size_x": 0.06807059529144252,
    "bin_size_y": 6.0,
    "xvalues": [
        -0.13614119058288504,
        -0.0680705952914425,
        2.7755575615628914e-17,
        0.06807059529144252,
        0.13614119058288507
    ],
    "yvalues": [
        -12.0,
        -6.0,
        0.0,
        6.0,
        12.0
    ],
    "flux": [
        [
            0.0,
            0.0,
            0.0,
            0.0,
            0.0
        ],
        [
            0.0,
            355.0,
            1233.0,
            1286.0,
            1239.0
        ],
        [
            0.0,
            121363.0,
            193300.0,
            192098.0,
            193063.0
        ],
        [
            0.0,
            0.0,
            0.0,
            0.0,
            0.0
        ],
        [
            0.0,
            0.0,
            0.0,
            0.0,
            0.0
        ]
    ],
    "sim_time": 16.314992904663086
}