{
    "dni": 1000.0,
    "generated_rays": 9465363,
    "power_per_ray": 0.180478607467517,
    "num_rays": 523649.0,
    "avg_flux": 9255.826436963625,
    "peak_flux": 84768.79059520818,
    "min_flux": 0.0,
    "radius": 0.0,
    "bin_size_x": 0.06807059529144252,
    "bin_size_y": 6.0,
    "xvalues": [
        -0.13614119058288504,
        -0.0680705952914425,
        2.7755575615628914e-17,
        0.06807059529144252,
        0.13614119058288507
    ],
    "yvalues": [
        -12.0,
        -6.0,
        0.0,
        6.0,
        12.0
    ],
    "flux": [
        [
            0.0,
            0.0,
            0.0,
            0.0,
            0.0
        ],
        [
            0.0,
            0.0,
            1052.0,
            4664.0,
            4651.0
        ],
        [
            0.0,
            1192.0,
            130771.0,
            191832.0,
            187931.0
        ],
        [
            0.0,
            0.0,
            99.0,
            709.0,
            748.0
        ],
        [
            0.0,
            0.0,
            0.0,
            0.0,
            0.0
        ]
    ],
    "sim_time": 18.14928364753723
}