{
    "dni": 1000.0,
    "generated_rays": 8190642,
    "power_per_ray": 0.20045871001967153,
    "num_rays": 880285.0,
    "avg_flux": 17282.136267909726,
    "peak_flux": 118622.59575541719,
    "min_flux": 0.0,
    "radius": 0.0,
    "bin_size_x": 0.06807059529144252,
    "bin_size_y": 6.0,
    "xvalues": [
        -0.13614119058288504,
        -0.0680705952914425,
        2.7755575615628914e-17,
        0.06807059529144252,
        0.13614119058288507
    ],
    "yvalues": [
        -12.0,
        -6.0,
        0.0,
        6.0,
        12.0
    ],
    "flux": [
        [
            0.0,
            0.0,
            0.0,
            0.0,
            0.0
        ],
        [
            0.0,
            0.0,
            0.0,
            0.0,
            0.0
        ],
        [
            0.0,
            151727.0,
            241687.0,
            240830.0,
            240870.0
        ],
        [
            0.0,
            438.0,
            1542.0,
            1621.0,
            1570.0
        ],
        [
            0.0,
            0.0,
            0.0,
            0.0,
            0.0
        ]
    ],
    "sim_time": 11.507189512252808
}