{
    "dni": 1000.0,
    "generated_rays": 34215764,
    "power_per_ray": 0.049375434483819654,
    "num_rays": 460883.0,
    "avg_flux": 2228.695887827996,
    "peak_flux": 12187.919961642503,
    "min_flux": 0.0,
    "radius": 0.0,
    "bin_size_x": 0.06807059529144252,
    "bin_size_y": 6.0,
    "xvalues": [
        -0.13614119058288504,
        -0.0680705952914425,
        2.7755575615628914e-17,
        0.06807059529144252,
        0.13614119058288507
    ],
    "yvalues": [
        -12.0,
        -6.0,
        0.0,
        6.0,
        12.0
    ],
    "flux": [
        [
            0.0,
            0.0,
            3161.0,
            3004.0,
            2069.0
        ],
        [
            0.0,
            0.0,
            15387.0,
            2932.0,
            2255.0
        ],
        [
            0.0,
            0.0,
            47414.0,
            100816.0,
            76882.0
        ],
        [
            0.0,
            0.0,
            32013.0,
            63924.0,
            65570.0
        ],
        [
            0.0,
            0.0,
            4655.0,
            19352.0,
            21449.0
        ]
    ],
    "sim_time": 26.15388536453247
}