{
    "dni": 1000.0,
    "generated_rays": 4564563,
    "power_per_ray": 0.3281418633655393,
    "num_rays": 871241.0,
    "avg_flux": 27999.42657143145,
    "peak_flux": 155796.52486355632,
    "min_flux": 0.0,
    "radius": 0.0,
    "bin_size_x": 0.06807059529144252,
    "bin_size_y": 6.0,
    "xvalues": [
        -0.13614119058288504,
        -0.0680705952914425,
        2.7755575615628914e-17,
        0.06807059529144252,
        0.13614119058288507
    ],
    "yvalues": [
        -12.0,
        -6.0,
        0.0,
        6.0,
        12.0
    ],
    "flux": [
        [
            0.0,
            0.0,
            0.0,
            0.0,
            0.0
        ],
        [
            0.0,
            0.0,
            0.0,
            0.0,
            0.0
        ],
        [
            96090.0,
            193677.0,
            193675.0,
            193913.0,
            193886.0
        ],
        [
            0.0,
            0.0,
            0.0,
            0.0,
            0.0
        ],
        [
            0.0,
            0.0,
            0.0,
            0.0,
            0.0
        ]
    ],
    "sim_time": 16.68929123878479
}