{
    "dni": 1000.0,
    "generated_rays": 7158514,
    "power_per_ray": 0.2098056680486999,
    "num_rays": 976356.0,
    "avg_flux": 20062.017670167043,
    "peak_flux": 96828.66594563017,
    "min_flux": 0.0,
    "radius": 0.0,
    "bin_size_x": 0.06807059529144252,
    "bin_size_y": 6.0,
    "xvalues": [
        -0.13614119058288504,
        -0.0680705952914425,
        2.7755575615628914e-17,
        0.06807059529144252,
        0.13614119058288507
    ],
    "yvalues": [
        -12.0,
        -6.0,
        0.0,
        6.0,
        12.0
    ],
    "flux": [
        [
            0.0,
            456.0,
            560.0,
            608.0,
            552.0
        ],
        [
            708.0,
            22766.0,
            25041.0,
            24897.0,
            24748.0
        ],
        [
            11981.0,
            182247.0,
            188494.0,
            186733.0,
            187313.0
        ],
        [
            733.0,
            25117.0,
            27961.0,
            27337.0,
            27678.0
        ],
        [
            0.0,
            2076.0,
            2783.0,
            2736.0,
            2831.0
        ]
    ],
    "sim_time": 13.309638261795044
}