{
    "dni": 1000.0,
    "generated_rays": 19132577,
    "power_per_ray": 0.07382239933552984,
    "num_rays": 1010234.0,
    "avg_flux": 7303.975865156487,
    "peak_flux": 18866.82453720869,
    "min_flux": 388.61165111465385,
    "radius": 0.0,
    "bin_size_x": 0.06807059529144252,
    "bin_size_y": 6.0,
    "xvalues": [
        -0.13614119058288504,
        -0.0680705952914425,
        2.7755575615628914e-17,
        0.06807059529144252,
        0.13614119058288507
    ],
    "yvalues": [
        -12.0,
        -6.0,
        0.0,
        6.0,
        12.0
    ],
    "flux": [
        [
            9053.0,
            28339.0,
            28512.0,
            28462.0,
            28711.0
        ],
        [
            34482.0,
            88237.0,
            88713.0,
            87873.0,
            88681.0
        ],
        [
            52024.0,
            104381.0,
            104283.0,
            103639.0,
            103608.0
        ],
        [
            5928.0,
            2960.0,
            2976.0,
            2888.0,
            2905.0
        ],
        [
            2150.0,
            2925.0,
            2782.0,
            2904.0,
            2818.0
        ]
    ],
    "sim_time": 16.078500747680664
}