{
    "dni": 1000.0,
    "generated_rays": 6382479,
    "power_per_ray": 0.2128808417900135,
    "num_rays": 888268.0,
    "avg_flux": 18519.52263827724,
    "peak_flux": 66859.17784327862,
    "min_flux": 1885.2731772012723,
    "radius": 0.0,
    "bin_size_x": 0.06807059529144252,
    "bin_size_y": 6.0,
    "xvalues": [
        -0.13614119058288504,
        -0.0680705952914425,
        2.7755575615628914e-17,
        0.06807059529144252,
        0.13614119058288507
    ],
    "yvalues": [
        -12.0,
        -6.0,
        0.0,
        6.0,
        12.0
    ],
    "flux": [
        [
            3617.0,
            6845.0,
            7194.0,
            7047.0,
            7049.0
        ],
        [
            10714.0,
            18957.0,
            18736.0,
            18779.0,
            18890.0
        ],
        [
            76786.0,
            127926.0,
            128273.0,
            128007.0,
            127595.0
        ],
        [
            18901.0,
            31777.0,
            31713.0,
            31760.0,
            31436.0
        ],
        [
            4240.0,
            7935.0,
            8062.0,
            7909.0,
            8120.0
        ]
    ],
    "sim_time": 17.771146059036255
}