{
    "dni": 1000.0,
    "generated_rays": 6180546,
    "power_per_ray": 0.2395716301138111,
    "num_rays": 1053986.0,
    "avg_flux": 24729.732719004533,
    "peak_flux": 121132.72008205489,
    "min_flux": 0.0,
    "radius": 0.0,
    "bin_size_x": 0.06807059529144252,
    "bin_size_y": 6.0,
    "xvalues": [
        -0.13614119058288504,
        -0.0680705952914425,
        2.7755575615628914e-17,
        0.06807059529144252,
        0.13614119058288507
    ],
    "yvalues": [
        -12.0,
        -6.0,
        0.0,
        6.0,
        12.0
    ],
    "flux": [
        [
            0.0,
            0.0,
            0.0,
            0.0,
            0.0
        ],
        [
            4067.0,
            16563.0,
            16615.0,
            16355.0,
            16679.0
        ],
        [
            71150.0,
            206508.0,
            203628.0,
            204037.0,
            204379.0
        ],
        [
            5540.0,
            21939.0,
            22170.0,
            22167.0,
            21843.0
        ],
        [
            13.0,
            81.0,
            83.0,
            88.0,
            81.0
        ]
    ],
    "sim_time": 12.621680974960327
}