{
    "dni": 1000.0,
    "generated_rays": 14055163,
    "power_per_ray": 0.12286467335232792,
    "num_rays": 523331.0,
    "avg_flux": 6297.27535997524,
    "peak_flux": 72331.95036477328,
    "min_flux": 0.0,
    "radius": 0.0,
    "bin_size_x": 0.06807059529144252,
    "bin_size_y": 6.0,
    "xvalues": [
        -0.13614119058288504,
        -0.0680705952914425,
        2.7755575615628914e-17,
        0.06807059529144252,
        0.13614119058288507
    ],
    "yvalues": [
        -12.0,
        -6.0,
        0.0,
        6.0,
        12.0
    ],
    "flux": [
        [
            0.0,
            0.0,
            0.0,
            0.0,
            0.0
        ],
        [
            0.0,
            0.0,
            0.0,
            437.0,
            878.0
        ],
        [
            0.0,
            0.0,
            60677.0,
            211663.0,
            240444.0
        ],
        [
            0.0,
            0.0,
            19.0,
            3284.0,
            5929.0
        ],
        [
            0.0,
            0.0,
            0.0,
            0.0,
            0.0
        ]
    ],
    "sim_time": 12.832279443740845
}