{
    "dni": 1000.0,
    "generated_rays": 8276086,
    "power_per_ray": 0.1676568249858256,
    "num_rays": 1090098.0,
    "avg_flux": 17899.296930478922,
    "peak_flux": 65832.70372552965,
    "min_flux": 1501.1890874664805,
    "radius": 0.0,
    "bin_size_x": 0.06807059529144252,
    "bin_size_y": 6.0,
    "xvalues": [
        -0.13614119058288504,
        -0.0680705952914425,
        2.7755575615628914e-17,
        0.06807059529144252,
        0.13614119058288507
    ],
    "yvalues": [
        -12.0,
        -6.0,
        0.0,
        6.0,
        12.0
    ],
    "flux": [
        [
            4455.0,
            9893.0,
            9878.0,
            9863.0,
            9881.0
        ],
        [
            20775.0,
            39278.0,
            39152.0,
            39839.0,
            39240.0
        ],
        [
            83311.0,
            160205.0,
            160231.0,
            159463.0,
            160373.0
        ],
        [
            11449.0,
            23550.0,
            23365.0,
            23482.0,
            23677.0
        ],
        [
            3657.0,
            8790.0,
            8953.0,
            8548.0,
            8790.0
        ]
    ],
    "sim_time": 12.250216960906982
}