{
    "dni": 1000.0,
    "generated_rays": 6177077,
    "power_per_ray": 0.21563901056993026,
    "num_rays": 901896.0,
    "avg_flux": 19047.280767297507,
    "peak_flux": 67776.64586875819,
    "min_flux": 2215.399283830407,
    "radius": 0.0,
    "bin_size_x": 0.06807059529144252,
    "bin_size_y": 6.0,
    "xvalues": [
        -0.13614119058288504,
        -0.0680705952914425,
        2.7755575615628914e-17,
        0.06807059529144252,
        0.13614119058288507
    ],
    "yvalues": [
        -12.0,
        -6.0,
        0.0,
        6.0,
        12.0
    ],
    "flux": [
        [
            4196.0,
            6893.0,
            7099.0,
            6959.0,
            7074.0
        ],
        [
            12177.0,
            18905.0,
            18746.0,
            18726.0,
            18875.0
        ],
        [
            85720.0,
            128370.0,
            128207.0,
            127899.0,
            127298.0
        ],
        [
            21042.0,
            31734.0,
            31918.0,
            31612.0,
            31426.0
        ],
        [
            4893.0,
            8011.0,
            8040.0,
            7946.0,
            8130.0
        ]
    ],
    "sim_time": 16.879037857055664
}