{
    "dni": 1000.0,
    "generated_rays": 24920097,
    "power_per_ray": 0.04597085197248539,
    "num_rays": 1081145.0,
    "avg_flux": 4867.60904058485,
    "peak_flux": 9829.585705762755,
    "min_flux": 484.3319282250902,
    "radius": 0.0,
    "bin_size_x": 0.06807059529144252,
    "bin_size_y": 6.0,
    "xvalues": [
        -0.13614119058288504,
        -0.0680705952914425,
        2.7755575615628914e-17,
        0.06807059529144252,
        0.13614119058288507
    ],
    "yvalues": [
        -12.0,
        -6.0,
        0.0,
        6.0,
        12.0
    ],
    "flux": [
        [
            51290.0,
            52724.0,
            52517.0,
            52376.0,
            52540.0
        ],
        [
            84787.0,
            86642.0,
            87330.0,
            86685.0,
            86619.0
        ],
        [
            68954.0,
            68457.0,
            68786.0,
            68623.0,
            68520.0
        ],
        [
            4705.0,
            4402.0,
            4462.0,
            4421.0,
            4524.0
        ],
        [
            4334.0,
            4320.0,
            4303.0,
            4514.0,
            4310.0
        ]
    ],
    "sim_time": 18.88636064529419
}