{
    "dni": 1000.0,
    "generated_rays": 8347312,
    "power_per_ray": 0.14185398331116444,
    "num_rays": 945425.0,
    "avg_flux": 13134.628992911377,
    "peak_flux": 39799.832639466586,
    "min_flux": 703.3245289326372,
    "radius": 0.0,
    "bin_size_x": 0.06807059529144252,
    "bin_size_y": 6.0,
    "xvalues": [
        -0.13614119058288504,
        -0.0680705952914425,
        2.7755575615628914e-17,
        0.06807059529144252,
        0.13614119058288507
    ],
    "yvalues": [
        -12.0,
        -6.0,
        0.0,
        6.0,
        12.0
    ],
    "flux": [
        [
            2025.0,
            2118.0,
            2086.0,
            2038.0,
            2070.0
        ],
        [
            7917.0,
            7887.0,
            7976.0,
            7895.0,
            7836.0
        ],
        [
            111212.0,
            114505.0,
            114591.0,
            114551.0,
            114277.0
        ],
        [
            48161.0,
            49856.0,
            49904.0,
            50088.0,
            50204.0
        ],
        [
            15217.0,
            15847.0,
            15568.0,
            15945.0,
            15651.0
        ]
    ],
    "sim_time": 17.925495147705078
}