{
    "dni": 1000.0,
    "generated_rays": 7647364,
    "power_per_ray": 0.17606949425677457,
    "num_rays": 886877.0,
    "avg_flux": 15293.141303221528,
    "peak_flux": 53201.90571443029,
    "min_flux": 1178.1835356454287,
    "radius": 0.0,
    "bin_size_x": 0.06807059529144252,
    "bin_size_y": 6.0,
    "xvalues": [
        -0.13614119058288504,
        -0.0680705952914425,
        2.7755575615628914e-17,
        0.06807059529144252,
        0.13614119058288507
    ],
    "yvalues": [
        -12.0,
        -6.0,
        0.0,
        6.0,
        12.0
    ],
    "flux": [
        [
            2733.0,
            4775.0,
            4799.0,
            4822.0,
            4762.0
        ],
        [
            8657.0,
            14481.0,
            14272.0,
            14493.0,
            14391.0
        ],
        [
            76430.0,
            122503.0,
            123227.0,
            123411.0,
            122814.0
        ],
        [
            24114.0,
            38876.0,
            38836.0,
            39183.0,
            38357.0
        ],
        [
            6297.0,
            11183.0,
            11240.0,
            11124.0,
            11097.0
        ]
    ],
    "sim_time": 17.45816135406494
}