{
    "dni": 1000.0,
    "generated_rays": 4921000,
    "power_per_ray": 0.2549420039756139,
    "num_rays": 951152.0,
    "avg_flux": 23748.736727138876,
    "peak_flux": 83107.29536002841,
    "min_flux": 2983.0987270961077,
    "radius": 0.0,
    "bin_size_x": 0.06807059529144252,
    "bin_size_y": 6.0,
    "xvalues": [
        -0.13614119058288504,
        -0.0680705952914425,
        2.7755575615628914e-17,
        0.06807059529144252,
        0.13614119058288507
    ],
    "yvalues": [
        -12.0,
        -6.0,
        0.0,
        6.0,
        12.0
    ],
    "flux": [
        [
            6297.0,
            7415.0,
            7450.0,
            7324.0,
            7361.0
        ],
        [
            19788.0,
            22508.0,
            22372.0,
            22494.0,
            22511.0
        ],
        [
            116343.0,
            133140.0,
            132537.0,
            132962.0,
            132194.0
        ],
        [
            23641.0,
            27092.0,
            26852.0,
            26819.0,
            27111.0
        ],
        [
            4779.0,
            5628.0,
            5550.0,
            5437.0,
            5547.0
        ]
    ],
    "sim_time": 17.23986530303955
}