{
    "dni": 1000.0,
    "generated_rays": 4823575,
    "power_per_ray": 0.28808453592516403,
    "num_rays": 876014.0,
    "avg_flux": 24716.11377114672,
    "peak_flux": 103010.37583698054,
    "min_flux": 416.866147080632,
    "radius": 0.0,
    "bin_size_x": 0.06807059529144252,
    "bin_size_y": 6.0,
    "xvalues": [
        -0.13614119058288504,
        -0.0680705952914425,
        2.7755575615628914e-17,
        0.06807059529144252,
        0.13614119058288507
    ],
    "yvalues": [
        -12.0,
        -6.0,
        0.0,
        6.0,
        12.0
    ],
    "flux": [
        [
            1391.0,
            3904.0,
            3948.0,
            3854.0,
            3956.0
        ],
        [
            10923.0,
            23774.0,
            23668.0,
            23647.0,
            23151.0
        ],
        [
            70305.0,
            145997.0,
            146040.0,
            145833.0,
            145273.0
        ],
        [
            9529.0,
            21153.0,
            20731.0,
            20970.0,
            20796.0
        ],
        [
            591.0,
            1636.0,
            1628.0,
            1641.0,
            1675.0
        ]
    ],
    "sim_time": 16.26444172859192
}