{
    "dni": 1000.0,
    "generated_rays": 4877590,
    "power_per_ray": 0.26431243899822865,
    "num_rays": 1217635.0,
    "avg_flux": 31519.8337139725,
    "peak_flux": 132646.25270543367,
    "min_flux": 0.0,
    "radius": 0.0,
    "bin_size_x": 0.06807059529144252,
    "bin_size_y": 6.0,
    "xvalues": [
        -0.13614119058288504,
        -0.0680705952914425,
        2.7755575615628914e-17,
        0.06807059529144252,
        0.13614119058288507
    ],
    "yvalues": [
        -12.0,
        -6.0,
        0.0,
        6.0,
        12.0
    ],
    "flux": [
        [
            0.0,
            0.0,
            0.0,
            0.0,
            0.0
        ],
        [
            16589.0,
            16676.0,
            16642.0,
            16765.0,
            16549.0
        ],
        [
            204785.0,
            204969.0,
            204638.0,
            204726.0,
            204381.0
        ],
        [
            21958.0,
            22252.0,
            22020.0,
            22084.0,
            22177.0
        ],
        [
            95.0,
            77.0,
            96.0,
            71.0,
            85.0
        ]
    ],
    "sim_time": 12.868290424346924
}