{
    "dni": 1000.0,
    "generated_rays": 15576677,
    "power_per_ray": 0.07966111049524131,
    "num_rays": 1114110.0,
    "avg_flux": 8692.078122118872,
    "peak_flux": 20646.91354025045,
    "min_flux": 513.5543549456289,
    "radius": 0.0,
    "bin_size_x": 0.06807059529144252,
    "bin_size_y": 6.0,
    "xvalues": [
        -0.13614119058288504,
        -0.0680705952914425,
        2.7755575615628914e-17,
        0.06807059529144252,
        0.13614119058288507
    ],
    "yvalues": [
        -12.0,
        -6.0,
        0.0,
        6.0,
        12.0
    ],
    "flux": [
        [
            23015.0,
            29121.0,
            29135.0,
            29014.0,
            28999.0
        ],
        [
            73528.0,
            89504.0,
            90223.0,
            89849.0,
            90139.0
        ],
        [
            89025.0,
            105696.0,
            105387.0,
            105258.0,
            105857.0
        ],
        [
            3901.0,
            2992.0,
            3015.0,
            2962.0,
            3027.0
        ],
        [
            2633.0,
            3002.0,
            2944.0,
            2920.0,
            2964.0
        ]
    ],
    "sim_time": 14.860764980316162
}