{
    "dni": 1000.0,
    "generated_rays": 19792771,
    "power_per_ray": 0.08709603112426992,
    "num_rays": 322289.0,
    "avg_flux": 2749.115841167388,
    "peak_flux": 27346.66070201151,
    "min_flux": 0.0,
    "radius": 0.0,
    "bin_size_x": 0.06807059529144252,
    "bin_size_y": 6.0,
    "xvalues": [
        -0.13614119058288504,
        -0.0680705952914425,
        2.7755575615628914e-17,
        0.06807059529144252,
        0.13614119058288507
    ],
    "yvalues": [
        -12.0,
        -6.0,
        0.0,
        6.0,
        12.0
    ],
    "flux": [
        [
            0.0,
            0.0,
            0.0,
            1366.0,
            6050.0
        ],
        [
            0.0,
            0.0,
            390.0,
            11093.0,
            17024.0
        ],
        [
            0.0,
            0.0,
            3786.0,
            89451.0,
            128238.0
        ],
        [
            0.0,
            0.0,
            1624.0,
            22880.0,
            30728.0
        ],
        [
            0.0,
            0.0,
            0.0,
            2262.0,
            7397.0
        ]
    ],
    "sim_time": 20.309356689453125
}