{
    "dni": 1000.0,
    "generated_rays": 7146707,
    "power_per_ray": 0.22010952498926137,
    "num_rays": 964551.0,
    "avg_flux": 20792.81188682922,
    "peak_flux": 116340.89485369732,
    "min_flux": 0.0,
    "radius": 0.0,
    "bin_size_x": 0.06807059529144252,
    "bin_size_y": 6.0,
    "xvalues": [
        -0.13614119058288504,
        -0.0680705952914425,
        2.7755575615628914e-17,
        0.06807059529144252,
        0.13614119058288507
    ],
    "yvalues": [
        -12.0,
        -6.0,
        0.0,
        6.0,
        12.0
    ],
    "flux": [
        [
            0.0,
            0.0,
            0.0,
            0.0,
            0.0
        ],
        [
            0.0,
            8989.0,
            10923.0,
            10947.0,
            11100.0
        ],
        [
            10066.0,
            203292.0,
            215876.0,
            214905.0,
            215642.0
        ],
        [
            36.0,
            13508.0,
            16472.0,
            16459.0,
            16336.0
        ],
        [
            0.0,
            0.0,
            0.0,
            0.0,
            0.0
        ]
    ],
    "sim_time": 12.692771673202515
}