{
    "dni": 1000.0,
    "generated_rays": 4318230,
    "power_per_ray": 0.3319982686412358,
    "num_rays": 904720.0,
    "avg_flux": 29417.05566298162,
    "peak_flux": 147251.10529328947,
    "min_flux": 0.0,
    "radius": 0.0,
    "bin_size_x": 0.06807059529144252,
    "bin_size_y": 6.0,
    "xvalues": [
        -0.13614119058288504,
        -0.0680705952914425,
        2.7755575615628914e-17,
        0.06807059529144252,
        0.13614119058288507
    ],
    "yvalues": [
        -12.0,
        -6.0,
        0.0,
        6.0,
        12.0
    ],
    "flux": [
        [
            0.0,
            0.0,
            0.0,
            0.0,
            0.0
        ],
        [
            5292.0,
            8772.0,
            8740.0,
            8763.0,
            8694.0
        ],
        [
            120155.0,
            181148.0,
            180638.0,
            180797.0,
            180275.0
        ],
        [
            2685.0,
            4704.0,
            4669.0,
            4682.0,
            4706.0
        ],
        [
            0.0,
            0.0,
            0.0,
            0.0,
            0.0
        ]
    ],
    "sim_time": 16.66805624961853
}