{
    "dni": 1000.0,
    "generated_rays": 6759192,
    "power_per_ray": 0.22013783036649168,
    "num_rays": 811005.0,
    "avg_flux": 17485.071231515125,
    "peak_flux": 71589.17518911224,
    "min_flux": 169.2440973451381,
    "radius": 0.0,
    "bin_size_x": 0.06807059529144252,
    "bin_size_y": 6.0,
    "xvalues": [
        -0.13614119058288504,
        -0.0680705952914425,
        2.7755575615628914e-17,
        0.06807059529144252,
        0.13614119058288507
    ],
    "yvalues": [
        -12.0,
        -6.0,
        0.0,
        6.0,
        12.0
    ],
    "flux": [
        [
            356.0,
            7157.0,
            7494.0,
            7430.0,
            7542.0
        ],
        [
            3317.0,
            22171.0,
            22323.0,
            22358.0,
            22339.0
        ],
        [
            24083.0,
            132212.0,
            132392.0,
            131817.0,
            132820.0
        ],
        [
            5058.0,
            26846.0,
            26994.0,
            26890.0,
            26955.0
        ],
        [
            314.0,
            5555.0,
            5538.0,
            5525.0,
            5519.0
        ]
    ],
    "sim_time": 17.10213565826416
}