{
    "dni": 1000.0,
    "generated_rays": 7809885,
    "power_per_ray": 0.20393662605583557,
    "num_rays": 639223.0,
    "avg_flux": 12767.233914453285,
    "peak_flux": 76393.92612233391,
    "min_flux": 0.0,
    "radius": 0.0,
    "bin_size_x": 0.06807059529144252,
    "bin_size_y": 6.0,
    "xvalues": [
        -0.13614119058288504,
        -0.0680705952914425,
        2.7755575615628914e-17,
        0.06807059529144252,
        0.13614119058288507
    ],
    "yvalues": [
        -12.0,
        -6.0,
        0.0,
        6.0,
        12.0
    ],
    "flux": [
        [
            0.0,
            16.0,
            1863.0,
            2271.0,
            2244.0
        ],
        [
            0.0,
            4069.0,
            21305.0,
            22391.0,
            22060.0
        ],
        [
            0.0,
            47029.0,
            150091.0,
            152994.0,
            148962.0
        ],
        [
            0.0,
            3771.0,
            19308.0,
            19776.0,
            19772.0
        ],
        [
            0.0,
            0.0,
            385.0,
            462.0,
            454.0
        ]
    ],
    "sim_time": 17.326934576034546
}