{
    "dni": 1000.0,
    "generated_rays": 4835459,
    "power_per_ray": 0.2556216558612339,
    "num_rays": 1220826.0,
    "avg_flux": 30563.32545179299,
    "peak_flux": 117912.14026028263,
    "min_flux": 335.4684132333568,
    "radius": 0.0,
    "bin_size_x": 0.06807059529144252,
    "bin_size_y": 6.0,
    "xvalues": [
        -0.13614119058288504,
        -0.0680705952914425,
        2.7755575615628914e-17,
        0.06807059529144252,
        0.13614119058288507
    ],
    "yvalues": [
        -12.0,
        -6.0,
        0.0,
        6.0,
        12.0
    ],
    "flux": [
        [
            536.0,
            568.0,
            575.0,
            547.0,
            582.0
        ],
        [
            25150.0,
            25227.0,
            25385.0,
            25124.0,
            25212.0
        ],
        [
            188324.0,
            188293.0,
            187982.0,
            188396.0,
            187216.0
        ],
        [
            27516.0,
            27264.0,
            27611.0,
            27581.0,
            27692.0
        ],
        [
            2803.0,
            2777.0,
            2775.0,
            2882.0,
            2808.0
        ]
    ],
    "sim_time": 11.738200187683105
}