{
    "dni": 1000.0,
    "generated_rays": 4342997,
    "power_per_ray": 0.3363613556698981,
    "num_rays": 899805.0,
    "avg_flux": 29641.7396618636,
    "peak_flux": 159386.05592265684,
    "min_flux": 0.0,
    "radius": 0.0,
    "bin_size_x": 0.06807059529144252,
    "bin_size_y": 6.0,
    "xvalues": [
        -0.13614119058288504,
        -0.0680705952914425,
        2.7755575615628914e-17,
        0.06807059529144252,
        0.13614119058288507
    ],
    "yvalues": [
        -12.0,
        -6.0,
        0.0,
        6.0,
        12.0
    ],
    "flux": [
        [
            0.0,
            0.0,
            0.0,
            0.0,
            0.0
        ],
        [
            700.0,
            1250.0,
            1277.0,
            1294.0,
            1289.0
        ],
        [
            122658.0,
            192183.0,
            192943.0,
            192678.0,
            193533.0
        ],
        [
            0.0,
            0.0,
            0.0,
            0.0,
            0.0
        ],
        [
            0.0,
            0.0,
            0.0,
            0.0,
            0.0
        ]
    ],
    "sim_time": 18.963224411010742
}