{
    "dni": 1000.0,
    "generated_rays": 7967953,
    "power_per_ray": 0.1705215256951294,
    "num_rays": 1109951.0,
    "avg_flux": 18536.69093157161,
    "peak_flux": 66945.45909530958,
    "min_flux": 1872.1214300713975,
    "radius": 0.0,
    "bin_size_x": 0.06807059529144252,
    "bin_size_y": 6.0,
    "xvalues": [
        -0.13614119058288504,
        -0.0680705952914425,
        2.7755575615628914e-17,
        0.06807059529144252,
        0.13614119058288507
    ],
    "yvalues": [
        -12.0,
        -6.0,
        0.0,
        6.0,
        12.0
    ],
    "flux": [
        [
            5341.0,
            9884.0,
            9814.0,
            9832.0,
            9831.0
        ],
        [
            23709.0,
            39433.0,
            39190.0,
            39606.0,
            39299.0
        ],
        [
            95765.0,
            160270.0,
            160344.0,
            159837.0,
            160194.0
        ],
        [
            13338.0,
            23664.0,
            23339.0,
            23695.0,
            23847.0
        ],
        [
            4484.0,
            8892.0,
            8908.0,
            8710.0,
            8725.0
        ]
    ],
    "sim_time": 12.166657209396362
}