{
    "dni": 1000.0,
    "generated_rays": 25751044,
    "power_per_ray": 0.04614258084896184,
    "num_rays": 1060778.0,
    "avg_flux": 4793.75217431595,
    "peak_flux": 9776.14927788632,
    "min_flux": 479.81447306410575,
    "radius": 0.0,
    "bin_size_x": 0.06807059529144252,
    "bin_size_y": 6.0,
    "xvalues": [
        -0.13614119058288504,
        -0.0680705952914425,
        2.7755575615628914e-17,
        0.06807059529144252,
        0.13614119058288507
    ],
    "yvalues": [
        -12.0,
        -6.0,
        0.0,
        6.0,
        12.0
    ],
    "flux": [
        [
            45406.0,
            52461.0,
            52330.0,
            51983.0,
            52265.0
        ],
        [
            77062.0,
            85877.0,
            86532.0,
            85925.0,
            85940.0
        ],
        [
            67554.0,
            67849.0,
            68477.0,
            68190.0,
            67778.0
        ],
        [
            5814.0,
            4375.0,
            4483.0,
            4367.0,
            4495.0
        ],
        [
            4327.0,
            4333.0,
            4255.0,
            4453.0,
            4247.0
        ]
    ],
    "sim_time": 18.938863515853882
}