{
    "dni": 1000.0,
    "generated_rays": 10852637,
    "power_per_ray": 0.113012491881573,
    "num_rays": 1158752.0,
    "avg_flux": 12825.258878382814,
    "peak_flux": 39722.539066709774,
    "min_flux": 642.5070057183266,
    "radius": 0.0,
    "bin_size_x": 0.06807059529144252,
    "bin_size_y": 6.0,
    "xvalues": [
        -0.13614119058288504,
        -0.0680705952914425,
        2.7755575615628914e-17,
        0.06807059529144252,
        0.13614119058288507
    ],
    "yvalues": [
        -12.0,
        -6.0,
        0.0,
        6.0,
        12.0
    ],
    "flux": [
        [
            17020.0,
            19289.0,
            19971.0,
            19568.0,
            19532.0
        ],
        [
            54734.0,
            62072.0,
            62220.0,
            62202.0,
            61904.0
        ],
        [
            125928.0,
            143407.0,
            142522.0,
            143000.0,
            143556.0
        ],
        [
            8876.0,
            9908.0,
            10007.0,
            10075.0,
            10089.0
        ],
        [
            2322.0,
            2590.0,
            2747.0,
            2609.0,
            2604.0
        ]
    ],
    "sim_time": 13.158571243286133
}