{
    "dni": 1000.0,
    "generated_rays": 6900100,
    "power_per_ray": 0.22895431154644882,
    "num_rays": 987073.0,
    "avg_flux": 22133.357111931386,
    "peak_flux": 132203.3934617327,
    "min_flux": 0.0,
    "radius": 0.0,
    "bin_size_x": 0.06807059529144252,
    "bin_size_y": 6.0,
    "xvalues": [
        -0.13614119058288504,
        -0.0680705952914425,
        2.7755575615628914e-17,
        0.06807059529144252,
        0.13614119058288507
    ],
    "yvalues": [
        -12.0,
        -6.0,
        0.0,
        6.0,
        12.0
    ],
    "flux": [
        [
            0.0,
            0.0,
            0.0,
            0.0,
            0.0
        ],
        [
            0.0,
            762.0,
            890.0,
            855.0,
            886.0
        ],
        [
            23023.0,
            232021.0,
            235833.0,
            235205.0,
            234790.0
        ],
        [
            9.0,
            5085.0,
            5879.0,
            5863.0,
            5972.0
        ],
        [
            0.0,
            0.0,
            0.0,
            0.0,
            0.0
        ]
    ],
    "sim_time": 11.32250714302063
}