{
    "dni": 1000.0,
    "generated_rays": 12038630,
    "power_per_ray": 0.09991452512753701,
    "num_rays": 906487.0,
    "avg_flux": 8870.322322632584,
    "peak_flux": 20687.767103547732,
    "min_flux": 547.7368037372393,
    "radius": 0.0,
    "bin_size_x": 0.06807059529144252,
    "bin_size_y": 6.0,
    "xvalues": [
        -0.13614119058288504,
        -0.0680705952914425,
        2.7755575615628914e-17,
        0.06807059529144252,
        0.13614119058288507
    ],
    "yvalues": [
        -12.0,
        -6.0,
        0.0,
        6.0,
        12.0
    ],
    "flux": [
        [
            2239.0,
            2311.0,
            2284.0,
            2311.0,
            2349.0
        ],
        [
            2961.0,
            2415.0,
            2526.0,
            2438.0,
            2487.0
        ],
        [
            77441.0,
            84566.0,
            84494.0,
            84547.0,
            84274.0
        ],
        [
            64563.0,
            71837.0,
            72201.0,
            71944.0,
            72463.0
        ],
        [
            20787.0,
            23267.0,
            23359.0,
            23203.0,
            23220.0
        ]
    ],
    "sim_time": 29.902969121932983
}