{
    "dni": 1000.0,
    "generated_rays": 9115739,
    "power_per_ray": 0.1828067403803811,
    "num_rays": 816448.0,
    "avg_flux": 14617.393107950349,
    "peak_flux": 108423.11617796139,
    "min_flux": 0.0,
    "radius": 0.0,
    "bin_size_x": 0.06807059529144252,
    "bin_size_y": 6.0,
    "xvalues": [
        -0.13614119058288504,
        -0.0680705952914425,
        2.7755575615628914e-17,
        0.06807059529144252,
        0.13614119058288507
    ],
    "yvalues": [
        -12.0,
        -6.0,
        0.0,
        6.0,
        12.0
    ],
    "flux": [
        [
            0.0,
            0.0,
            0.0,
            0.0,
            0.0
        ],
        [
            0.0,
            0.0,
            0.0,
            0.0,
            0.0
        ],
        [
            0.0,
            88953.0,
            242237.0,
            240264.0,
            240298.0
        ],
        [
            0.0,
            15.0,
            1482.0,
            1612.0,
            1587.0
        ],
        [
            0.0,
            0.0,
            0.0,
            0.0,
            0.0
        ]
    ],
    "sim_time": 11.646158695220947
}