{
    "dni": 1000.0,
    "generated_rays": 11946659,
    "power_per_ray": 0.1322767334595225,
    "num_rays": 902705.0,
    "avg_flux": 11694.41500806046,
    "peak_flux": 51812.630332570014,
    "min_flux": 0.0,
    "radius": 0.0,
    "bin_size_x": 0.06807059529144252,
    "bin_size_y": 6.0,
    "xvalues": [
        -0.13614119058288504,
        -0.0680705952914425,
        2.7755575615628914e-17,
        0.06807059529144252,
        0.13614119058288507
    ],
    "yvalues": [
        -12.0,
        -6.0,
        0.0,
        6.0,
        12.0
    ],
    "flux": [
        [
            0.0,
            5792.0,
            9708.0,
            9934.0,
            9708.0
        ],
        [
            0.0,
            30815.0,
            39277.0,
            39230.0,
            39463.0
        ],
        [
            0.0,
            123202.0,
            159979.0,
            158913.0,
            159338.0
        ],
        [
            0.0,
            16366.0,
            23169.0,
            23582.0,
            23353.0
        ],
        [
            0.0,
            4576.0,
            8911.0,
            8670.0,
            8719.0
        ]
    ],
    "sim_time": 12.9462730884552
}