{
    "dni": 1000.0,
    "generated_rays": 5077691,
    "power_per_ray": 0.24540911044118147,
    "num_rays": 1203831.0,
    "avg_flux": 28933.79474320125,
    "peak_flux": 109833.46655187687,
    "min_flux": 1112.208733403308,
    "radius": 0.0,
    "bin_size_x": 0.06807059529144252,
    "bin_size_y": 6.0,
    "xvalues": [
        -0.13614119058288504,
        -0.0680705952914425,
        2.7755575615628914e-17,
        0.06807059529144252,
        0.13614119058288507
    ],
    "yvalues": [
        -12.0,
        -6.0,
        0.0,
        6.0,
        12.0
    ],
    "flux": [
        [
            1851.0,
            2017.0,
            2006.0,
            2016.0,
            2024.0
        ],
        [
            23933.0,
            26439.0,
            26216.0,
            26297.0,
            26286.0
        ],
        [
            167754.0,
            182218.0,
            182791.0,
            182494.0,
            182233.0
        ],
        [
            26967.0,
            28836.0,
            29452.0,
            29217.0,
            29169.0
        ],
        [
            4371.0,
            4762.0,
            4827.0,
            4772.0,
            4883.0
        ]
    ],
    "sim_time": 12.782769918441772
}