{
    "dni": 1000.0,
    "generated_rays": 6259737,
    "power_per_ray": 0.23009936910455558,
    "num_rays": 1049132.0,
    "avg_flux": 23642.573838119373,
    "peak_flux": 107636.79646765276,
    "min_flux": 49.01442153886226,
    "radius": 0.0,
    "bin_size_x": 0.06807059529144252,
    "bin_size_y": 6.0,
    "xvalues": [
        -0.13614119058288504,
        -0.0680705952914425,
        2.7755575615628914e-17,
        0.06807059529144252,
        0.13614119058288507
    ],
    "yvalues": [
        -12.0,
        -6.0,
        0.0,
        6.0,
        12.0
    ],
    "flux": [
        [
            87.0,
            598.0,
            576.0,
            558.0,
            558.0
        ],
        [
            6350.0,
            25225.0,
            25102.0,
            25109.0,
            24902.0
        ],
        [
            59438.0,
            191054.0,
            186402.0,
            187599.0,
            187060.0
        ],
        [
            7058.0,
            27718.0,
            27311.0,
            27460.0,
            27535.0
        ],
        [
            342.0,
            2802.0,
            2768.0,
            2718.0,
            2802.0
        ]
    ],
    "sim_time": 13.146924495697021
}