{
    "dni": 1000.0,
    "generated_rays": 17128330,
    "power_per_ray": 0.08642092735493362,
    "num_rays": 766288.0,
    "avg_flux": 6485.749027405438,
    "peak_flux": 19240.66554647221,
    "min_flux": 259.8402886921718,
    "radius": 0.0,
    "bin_size_x": 0.06807059529144252,
    "bin_size_y": 6.0,
    "xvalues": [
        -0.13614119058288504,
        -0.0680705952914425,
        2.7755575615628914e-17,
        0.06807059529144252,
        0.13614119058288507
    ],
    "yvalues": [
        -12.0,
        -6.0,
        0.0,
        6.0,
        12.0
    ],
    "flux": [
        [
            1228.0,
            2428.0,
            2210.0,
            2221.0,
            2257.0
        ],
        [
            5522.0,
            2603.0,
            2458.0,
            2415.0,
            2356.0
        ],
        [
            18204.0,
            90931.0,
            81874.0,
            82629.0,
            82400.0
        ],
        [
            12340.0,
            69578.0,
            70279.0,
            70021.0,
            70103.0
        ],
        [
            1954.0,
            22075.0,
            22841.0,
            22744.0,
            22617.0
        ]
    ],
    "sim_time": 20.501473665237427
}