{
    "dni": 1000.0,
    "generated_rays": 6595249,
    "power_per_ray": 0.1822862372359257,
    "num_rays": 956392.0,
    "avg_flux": 17074.146651832223,
    "peak_flux": 55263.37298347639,
    "min_flux": 2088.315569973478,
    "radius": 0.0,
    "bin_size_x": 0.06807059529144252,
    "bin_size_y": 6.0,
    "xvalues": [
        -0.13614119058288504,
        -0.0680705952914425,
        2.7755575615628914e-17,
        0.06807059529144252,
        0.13614119058288507
    ],
    "yvalues": [
        -12.0,
        -6.0,
        0.0,
        6.0,
        12.0
    ],
    "flux": [
        [
            4679.0,
            4720.0,
            4834.0,
            4841.0,
            4767.0
        ],
        [
            13878.0,
            14403.0,
            14382.0,
            14483.0,
            14574.0
        ],
        [
            118409.0,
            123526.0,
            122999.0,
            123821.0,
            123679.0
        ],
        [
            37244.0,
            38967.0,
            38725.0,
            39055.0,
            38967.0
        ],
        [
            10538.0,
            11356.0,
            11267.0,
            11156.0,
            11122.0
        ]
    ],
    "sim_time": 17.459982872009277
}