{
    "dni": 1000.0,
    "generated_rays": 20197051,
    "power_per_ray": 0.05746646706150915,
    "num_rays": 858706.0,
    "avg_flux": 4832.904217868054,
    "peak_flux": 9742.283390508046,
    "min_flux": 474.16948333350825,
    "radius": 0.0,
    "bin_size_x": 0.06807059529144252,
    "bin_size_y": 6.0,
    "xvalues": [
        -0.13614119058288504,
        -0.0680705952914425,
        2.7755575615628914e-17,
        0.06807059529144252,
        0.13614119058288507
    ],
    "yvalues": [
        -12.0,
        -6.0,
        0.0,
        6.0,
        12.0
    ],
    "flux": [
        [
            3436.0,
            3370.0,
            3371.0,
            3441.0,
            3392.0
        ],
        [
            4017.0,
            3499.0,
            3567.0,
            3616.0,
            3496.0
        ],
        [
            54251.0,
            54833.0,
            54488.0,
            54928.0,
            54660.0
        ],
        [
            66446.0,
            69240.0,
            69187.0,
            68773.0,
            69222.0
        ],
        [
            39776.0,
            42136.0,
            41946.0,
            41883.0,
            41732.0
        ]
    ],
    "sim_time": 21.31749153137207
}