{
    "dni": 1000.0,
    "generated_rays": 5212838,
    "power_per_ray": 0.27377019514332834,
    "num_rays": 1156107.0,
    "avg_flux": 30997.979635842123,
    "peak_flux": 161941.40975234928,
    "min_flux": 0.0,
    "radius": 0.0,
    "bin_size_x": 0.06807059529144252,
    "bin_size_y": 6.0,
    "xvalues": [
        -0.13614119058288504,
        -0.0680705952914425,
        2.7755575615628914e-17,
        0.06807059529144252,
        0.13614119058288507
    ],
    "yvalues": [
        -12.0,
        -6.0,
        0.0,
        6.0,
        12.0
    ],
    "flux": [
        [
            0.0,
            0.0,
            0.0,
            0.0,
            0.0
        ],
        [
            0.0,
            0.0,
            0.0,
            0.0,
            0.0
        ],
        [
            183478.0,
            240967.0,
            241592.0,
            241142.0,
            241347.0
        ],
        [
            1118.0,
            1570.0,
            1609.0,
            1674.0,
            1610.0
        ],
        [
            0.0,
            0.0,
            0.0,
            0.0,
            0.0
        ]
    ],
    "sim_time": 11.40101170539856
}