{
    "dni": 1000.0,
    "generated_rays": 4407331,
    "power_per_ray": 0.31396492891404676,
    "num_rays": 897488.0,
    "avg_flux": 27596.81620869992,
    "peak_flux": 120138.46501413526,
    "min_flux": 0.0,
    "radius": 0.0,
    "bin_size_x": 0.06807059529144252,
    "bin_size_y": 6.0,
    "xvalues": [
        -0.13614119058288504,
        -0.0680705952914425,
        2.7755575615628914e-17,
        0.06807059529144252,
        0.13614119058288507
    ],
    "yvalues": [
        -12.0,
        -6.0,
        0.0,
        6.0,
        12.0
    ],
    "flux": [
        [
            447.0,
            864.0,
            898.0,
            920.0,
            964.0
        ],
        [
            11764.0,
            20472.0,
            20626.0,
            20397.0,
            20600.0
        ],
        [
            97391.0,
            155295.0,
            155747.0,
            156283.0,
            156077.0
        ],
        [
            9661.0,
            17366.0,
            17164.0,
            17369.0,
            17183.0
        ],
        [
            0.0,
            0.0,
            0.0,
            0.0,
            0.0
        ]
    ],
    "sim_time": 15.830850839614868
}