{
    "dni": 1000.0,
    "generated_rays": 5429805,
    "power_per_ray": 0.26903661523577743,
    "num_rays": 1125271.0,
    "avg_flux": 29649.522897692583,
    "peak_flux": 159203.96599073973,
    "min_flux": 0.0,
    "radius": 0.0,
    "bin_size_x": 0.06807059529144252,
    "bin_size_y": 6.0,
    "xvalues": [
        -0.13614119058288504,
        -0.0680705952914425,
        2.7755575615628914e-17,
        0.06807059529144252,
        0.13614119058288507
    ],
    "yvalues": [
        -12.0,
        -6.0,
        0.0,
        6.0,
        12.0
    ],
    "flux": [
        [
            0.0,
            0.0,
            0.0,
            0.0,
            0.0
        ],
        [
            0.0,
            0.0,
            0.0,
            0.0,
            0.0
        ],
        [
            153831.0,
            240964.0,
            240772.0,
            240780.0,
            241687.0
        ],
        [
            834.0,
            1571.0,
            1591.0,
            1627.0,
            1614.0
        ],
        [
            0.0,
            0.0,
            0.0,
            0.0,
            0.0
        ]
    ],
    "sim_time": 11.191088199615479
}