{
    "dni": 1000.0,
    "generated_rays": 5861775,
    "power_per_ray": 0.2521469454218843,
    "num_rays": 1076645.0,
    "avg_flux": 26587.373191164363,
    "peak_flux": 133344.3277075173,
    "min_flux": 0.0,
    "radius": 0.0,
    "bin_size_x": 0.06807059529144252,
    "bin_size_y": 6.0,
    "xvalues": [
        -0.13614119058288504,
        -0.0680705952914425,
        2.7755575615628914e-17,
        0.06807059529144252,
        0.13614119058288507
    ],
    "yvalues": [
        -12.0,
        -6.0,
        0.0,
        6.0,
        12.0
    ],
    "flux": [
        [
            0.0,
            0.0,
            0.0,
            0.0,
            0.0
        ],
        [
            3685.0,
            10756.0,
            11224.0,
            10988.0,
            11034.0
        ],
        [
            94969.0,
            215745.0,
            214720.0,
            215705.0,
            215989.0
        ],
        [
            5712.0,
            16546.0,
            16533.0,
            16523.0,
            16516.0
        ],
        [
            0.0,
            0.0,
            0.0,
            0.0,
            0.0
        ]
    ],
    "sim_time": 11.719570636749268
}