{
    "dni": 1000.0,
    "generated_rays": 5849704,
    "power_per_ray": 0.24770338972783854,
    "num_rays": 1085484.0,
    "avg_flux": 26333.25644199609,
    "peak_flux": 124151.42906793769,
    "min_flux": 0.0,
    "radius": 0.0,
    "bin_size_x": 0.06807059529144252,
    "bin_size_y": 6.0,
    "xvalues": [
        -0.13614119058288504,
        -0.0680705952914425,
        2.7755575615628914e-17,
        0.06807059529144252,
        0.13614119058288507
    ],
    "yvalues": [
        -12.0,
        -6.0,
        0.0,
        6.0,
        12.0
    ],
    "flux": [
        [
            0.0,
            0.0,
            0.0,
            0.0,
            0.0
        ],
        [
            6508.0,
            16657.0,
            16645.0,
            16345.0,
            16911.0
        ],
        [
            97997.0,
            204706.0,
            203737.0,
            204362.0,
            204506.0
        ],
        [
            8725.0,
            22050.0,
            21987.0,
            22071.0,
            21892.0
        ],
        [
            31.0,
            73.0,
            95.0,
            97.0,
            89.0
        ]
    ],
    "sim_time": 13.329652309417725
}