{
    "dni": 1000.0,
    "generated_rays": 4901549,
    "power_per_ray": 0.2751945351046356,
    "num_rays": 904140.0,
    "avg_flux": 24368.269040321327,
    "peak_flux": 93586.34614347309,
    "min_flux": 1250.5670399173907,
    "radius": 0.0,
    "bin_size_x": 0.06807059529144252,
    "bin_size_y": 6.0,
    "xvalues": [
        -0.13614119058288504,
        -0.0680705952914425,
        2.7755575615628914e-17,
        0.06807059529144252,
        0.13614119058288507
    ],
    "yvalues": [
        -12.0,
        -6.0,
        0.0,
        6.0,
        12.0
    ],
    "flux": [
        [
            3162.0,
            5583.0,
            5681.0,
            5484.0,
            5751.0
        ],
        [
            14959.0,
            24980.0,
            24875.0,
            24879.0,
            24703.0
        ],
        [
            86852.0,
            138894.0,
            138360.0,
            138601.0,
            137553.0
        ],
        [
            14758.0,
            23488.0,
            23598.0,
            23497.0,
            23153.0
        ],
        [
            1856.0,
            3377.0,
            3435.0,
            3302.0,
            3359.0
        ]
    ],
    "sim_time": 16.053773641586304
}