{
    "dni": 1000.0,
    "generated_rays": 11929968,
    "power_per_ray": 0.14321749628643807,
    "num_rays": 637215.0,
    "avg_flux": 8937.812918626007,
    "peak_flux": 85354.66515024731,
    "min_flux": 0.0,
    "radius": 0.0,
    "bin_size_x": 0.06807059529144252,
    "bin_size_y": 6.0,
    "xvalues": [
        -0.13614119058288504,
        -0.0680705952914425,
        2.7755575615628914e-17,
        0.06807059529144252,
        0.13614119058288507
    ],
    "yvalues": [
        -12.0,
        -6.0,
        0.0,
        6.0,
        12.0
    ],
    "flux": [
        [
            0.0,
            0.0,
            0.0,
            0.0,
            0.0
        ],
        [
            0.0,
            0.0,
            0.0,
            0.0,
            0.0
        ],
        [
            0.0,
            2.0,
            149976.0,
            243412.0,
            240594.0
        ],
        [
            0.0,
            0.0,
            77.0,
            1506.0,
            1648.0
        ],
        [
            0.0,
            0.0,
            0.0,
            0.0,
            0.0
        ]
    ],
    "sim_time": 12.587757349014282
}