{
    "dni": 1000.0,
    "generated_rays": 5694011,
    "power_per_ray": 0.26235961130163554,
    "num_rays": 1092810.0,
    "avg_flux": 28079.594485597605,
    "peak_flux": 154868.03001765528,
    "min_flux": 0.0,
    "radius": 0.0,
    "bin_size_x": 0.06807059529144252,
    "bin_size_y": 6.0,
    "xvalues": [
        -0.13614119058288504,
        -0.0680705952914425,
        2.7755575615628914e-17,
        0.06807059529144252,
        0.13614119058288507
    ],
    "yvalues": [
        -12.0,
        -6.0,
        0.0,
        6.0,
        12.0
    ],
    "flux": [
        [
            0.0,
            0.0,
            0.0,
            0.0,
            0.0
        ],
        [
            0.0,
            0.0,
            0.0,
            0.0,
            0.0
        ],
        [
            122280.0,
            240838.0,
            240714.0,
            240928.0,
            241088.0
        ],
        [
            624.0,
            1565.0,
            1571.0,
            1593.0,
            1609.0
        ],
        [
            0.0,
            0.0,
            0.0,
            0.0,
            0.0
        ]
    ],
    "sim_time": 11.196457624435425
}