{
    "dni": 1000.0,
    "generated_rays": 11121877,
    "power_per_ray": 0.1512152125529723,
    "num_rays": 697039.0,
    "avg_flux": 10322.900815095607,
    "peak_flux": 80654.07241782945,
    "min_flux": 0.0,
    "radius": 0.0,
    "bin_size_x": 0.06807059529144252,
    "bin_size_y": 6.0,
    "xvalues": [
        -0.13614119058288504,
        -0.0680705952914425,
        2.7755575615628914e-17,
        0.06807059529144252,
        0.13614119058288507
    ],
    "yvalues": [
        -12.0,
        -6.0,
        0.0,
        6.0,
        12.0
    ],
    "flux": [
        [
            0.0,
            0.0,
            0.0,
            0.0,
            0.0
        ],
        [
            0.0,
            0.0,
            5914.0,
            11080.0,
            11069.0
        ],
        [
            0.0,
            13878.0,
            180619.0,
            217842.0,
            214505.0
        ],
        [
            0.0,
            31.0,
            9518.0,
            16358.0,
            16225.0
        ],
        [
            0.0,
            0.0,
            0.0,
            0.0,
            0.0
        ]
    ],
    "sim_time": 14.355790376663208
}