{
    "dni": 1000.0,
    "generated_rays": 17585352,
    "power_per_ray": 0.09895383122206292,
    "num_rays": 295706.0,
    "avg_flux": 2865.774028670292,
    "peak_flux": 50566.026746302974,
    "min_flux": 0.0,
    "radius": 0.0,
    "bin_size_x": 0.06807059529144252,
    "bin_size_y": 6.0,
    "xvalues": [
        -0.13614119058288504,
        -0.0680705952914425,
        2.7755575615628914e-17,
        0.06807059529144252,
        0.13614119058288507
    ],
    "yvalues": [
        -12.0,
        -6.0,
        0.0,
        6.0,
        12.0
    ],
    "flux": [
        [
            0.0,
            0.0,
            0.0,
            0.0,
            0.0
        ],
        [
            0.0,
            0.0,
            0.0,
            0.0,
            0.0
        ],
        [
            0.0,
            0.0,
            0.0,
            86568.0,
            208707.0
        ],
        [
            0.0,
            0.0,
            0.0,
            0.0,
            431.0
        ],
        [
            0.0,
            0.0,
            0.0,
            0.0,
            0.0
        ]
    ],
    "sim_time": 14.195441961288452
}