{
    "dni": 1000.0,
    "generated_rays": 6334162,
    "power_per_ray": 0.24205939698588613,
    "num_rays": 1034150.0,
    "avg_flux": 24516.285808009652,
    "peak_flux": 134816.45790966466,
    "min_flux": 0.0,
    "radius": 0.0,
    "bin_size_x": 0.06807059529144252,
    "bin_size_y": 6.0,
    "xvalues": [
        -0.13614119058288504,
        -0.0680705952914425,
        2.7755575615628914e-17,
        0.06807059529144252,
        0.13614119058288507
    ],
    "yvalues": [
        -12.0,
        -6.0,
        0.0,
        6.0,
        12.0
    ],
    "flux": [
        [
            0.0,
            0.0,
            0.0,
            0.0,
            0.0
        ],
        [
            690.0,
            5710.0,
            5935.0,
            5777.0,
            5871.0
        ],
        [
            60442.0,
            227474.0,
            224958.0,
            226452.0,
            225394.0
        ],
        [
            1533.0,
            10944.0,
            11039.0,
            10971.0,
            10960.0
        ],
        [
            0.0,
            0.0,
            0.0,
            0.0,
            0.0
        ]
    ],
    "sim_time": 13.296957015991211
}