{
    "dni": 1000.0,
    "generated_rays": 15167898,
    "power_per_ray": 0.10446266221137306,
    "num_rays": 699138.0,
    "avg_flux": 7152.752366416317,
    "peak_flux": 28607.919759177195,
    "min_flux": 0.0,
    "radius": 0.0,
    "bin_size_x": 0.06807059529144252,
    "bin_size_y": 6.0,
    "xvalues": [
        -0.13614119058288504,
        -0.0680705952914425,
        2.7755575615628914e-17,
        0.06807059529144252,
        0.13614119058288507
    ],
    "yvalues": [
        -12.0,
        -6.0,
        0.0,
        6.0,
        12.0
    ],
    "flux": [
        [
            0.0,
            2072.0,
            2022.0,
            2029.0,
            2028.0
        ],
        [
            0.0,
            8098.0,
            7745.0,
            7689.0,
            7715.0
        ],
        [
            0.0,
            87685.0,
            110984.0,
            111850.0,
            111375.0
        ],
        [
            0.0,
            36082.0,
            49207.0,
            48622.0,
            49091.0
        ],
        [
            0.0,
            8870.0,
            15366.0,
            15213.0,
            15395.0
        ]
    ],
    "sim_time": 19.35798954963684
}