{
    "dni": 1000.0,
    "generated_rays": 7924068,
    "power_per_ray": 0.18328462937212214,
    "num_rays": 1046719.0,
    "avg_flux": 18789.07264341949,
    "peak_flux": 74434.66470337455,
    "min_flux": 613.4564841078275,
    "radius": 0.0,
    "bin_size_x": 0.06807059529144252,
    "bin_size_y": 6.0,
    "xvalues": [
        -0.13614119058288504,
        -0.0680705952914425,
        2.7755575615628914e-17,
        0.06807059529144252,
        0.13614119058288507
    ],
    "yvalues": [
        -12.0,
        -6.0,
        0.0,
        6.0,
        12.0
    ],
    "flux": [
        [
            1367.0,
            6924.0,
            6879.0,
            6972.0,
            6890.0
        ],
        [
            10691.0,
            33345.0,
            33535.0,
            33282.0,
            33410.0
        ],
        [
            51985.0,
            165867.0,
            165534.0,
            165081.0,
            165777.0
        ],
        [
            7530.0,
            27934.0,
            28164.0,
            28480.0,
            28298.0
        ],
        [
            1690.0,
            9312.0,
            9189.0,
            9196.0,
            9387.0
        ]
    ],
    "sim_time": 11.78257966041565
}