{
    "dni": 1000.0,
    "generated_rays": 4753822,
    "power_per_ray": 0.29662173156961325,
    "num_rays": 863195.0,
    "avg_flux": 25076.162424807495,
    "peak_flux": 110142.42334753531,
    "min_flux": 86.42494826059267,
    "radius": 0.0,
    "bin_size_x": 0.06807059529144252,
    "bin_size_y": 6.0,
    "xvalues": [
        -0.13614119058288504,
        -0.0680705952914425,
        2.7755575615628914e-17,
        0.06807059529144252,
        0.13614119058288507
    ],
    "yvalues": [
        -12.0,
        -6.0,
        0.0,
        6.0,
        12.0
    ],
    "flux": [
        [
            625.0,
            2179.0,
            2286.0,
            2302.0,
            2223.0
        ],
        [
            8462.0,
            22224.0,
            22174.0,
            22064.0,
            21821.0
        ],
        [
            65923.0,
            151657.0,
            149964.0,
            150481.0,
            149274.0
        ],
        [
            7647.0,
            20123.0,
            19848.0,
            20162.0,
            19853.0
        ],
        [
            119.0,
            468.0,
            423.0,
            445.0,
            448.0
        ]
    ],
    "sim_time": 16.370235204696655
}