{
    "dni": 1000.0,
    "generated_rays": 11489748,
    "power_per_ray": 0.14001315823297183,
    "num_rays": 849604.0,
    "avg_flux": 11650.232505245458,
    "peak_flux": 56670.86035596089,
    "min_flux": 0.0,
    "radius": 0.0,
    "bin_size_x": 0.06807059529144252,
    "bin_size_y": 6.0,
    "xvalues": [
        -0.13614119058288504,
        -0.0680705952914425,
        2.7755575615628914e-17,
        0.06807059529144252,
        0.13614119058288507
    ],
    "yvalues": [
        -12.0,
        -6.0,
        0.0,
        6.0,
        12.0
    ],
    "flux": [
        [
            0.0,
            1912.0,
            6902.0,
            6919.0,
            6727.0
        ],
        [
            0.0,
            17666.0,
            33525.0,
            33343.0,
            33369.0
        ],
        [
            0.0,
            86943.0,
            165228.0,
            165311.0,
            165022.0
        ],
        [
            0.0,
            12175.0,
            28188.0,
            27943.0,
            27999.0
        ],
        [
            0.0,
            2264.0,
            9500.0,
            9390.0,
            9278.0
        ]
    ],
    "sim_time": 12.73656177520752
}