{
    "dni": 1000.0,
    "generated_rays": 26368628,
    "power_per_ray": 0.059721842832375076,
    "num_rays": 857523.0,
    "avg_flux": 5015.660933758571,
    "peak_flux": 14852.099624204197,
    "min_flux": 0.0,
    "radius": 0.0,
    "bin_size_x": 0.06807059529144252,
    "bin_size_y": 6.0,
    "xvalues": [
        -0.13614119058288504,
        -0.0680705952914425,
        2.7755575615628914e-17,
        0.06807059529144252,
        0.13614119058288507
    ],
    "yvalues": [
        -12.0,
        -6.0,
        0.0,
        6.0,
        12.0
    ],
    "flux": [
        [
            0.0,
            16393.0,
            28072.0,
            27931.0,
            27521.0
        ],
        [
            0.0,
            63354.0,
            86232.0,
            86494.0,
            86184.0
        ],
        [
            0.0,
            97963.0,
            101570.0,
            101569.0,
            101217.0
        ],
        [
            0.0,
            11874.0,
            2956.0,
            2911.0,
            2864.0
        ],
        [
            0.0,
            3969.0,
            2816.0,
            2794.0,
            2839.0
        ]
    ],
    "sim_time": 18.590765714645386
}