{
    "dni": 1000.0,
    "generated_rays": 5337389,
    "power_per_ray": 0.2645379574978644,
    "num_rays": 1136311.0,
    "avg_flux": 29439.769084370495,
    "peak_flux": 140070.72321923115,
    "min_flux": 0.0,
    "radius": 0.0,
    "bin_size_x": 0.06807059529144252,
    "bin_size_y": 6.0,
    "xvalues": [
        -0.13614119058288504,
        -0.0680705952914425,
        2.7755575615628914e-17,
        0.06807059529144252,
        0.13614119058288507
    ],
    "yvalues": [
        -12.0,
        -6.0,
        0.0,
        6.0,
        12.0
    ],
    "flux": [
        [
            0.0,
            0.0,
            0.0,
            0.0,
            0.0
        ],
        [
            6764.0,
            10906.0,
            11197.0,
            11046.0,
            10948.0
        ],
        [
            146527.0,
            215581.0,
            215063.0,
            215646.0,
            216257.0
        ],
        [
            10249.0,
            16588.0,
            16455.0,
            16459.0,
            16625.0
        ],
        [
            0.0,
            0.0,
            0.0,
            0.0,
            0.0
        ]
    ],
    "sim_time": 13.133219003677368
}