{
    "dni": 1000.0,
    "generated_rays": 4888135,
    "power_per_ray": 0.2722016871907189,
    "num_rays": 1215806.0,
    "avg_flux": 32411.884855682445,
    "peak_flux": 151599.05857889052,
    "min_flux": 0.0,
    "radius": 0.0,
    "bin_size_x": 0.06807059529144252,
    "bin_size_y": 6.0,
    "xvalues": [
        -0.13614119058288504,
        -0.0680705952914425,
        2.7755575615628914e-17,
        0.06807059529144252,
        0.13614119058288507
    ],
    "yvalues": [
        -12.0,
        -6.0,
        0.0,
        6.0,
        12.0
    ],
    "flux": [
        [
            0.0,
            0.0,
            0.0,
            0.0,
            0.0
        ],
        [
            5772.0,
            5855.0,
            5845.0,
            5960.0,
            5729.0
        ],
        [
            227466.0,
            225696.0,
            226361.0,
            226174.0,
            225788.0
        ],
        [
            10885.0,
            11070.0,
            10996.0,
            11106.0,
            11103.0
        ],
        [
            0.0,
            0.0,
            0.0,
            0.0,
            0.0
        ]
    ],
    "sim_time": 13.046643018722534
}