{
    "dni": 1000.0,
    "generated_rays": 5069132,
    "power_per_ray": 0.30246666177383313,
    "num_rays": 827394.0,
    "avg_flux": 24509.760793699632,
    "peak_flux": 134557.3111978834,
    "min_flux": 0.0,
    "radius": 0.0,
    "bin_size_x": 0.06807059529144252,
    "bin_size_y": 6.0,
    "xvalues": [
        -0.13614119058288504,
        -0.0680705952914425,
        2.7755575615628914e-17,
        0.06807059529144252,
        0.13614119058288507
    ],
    "yvalues": [
        -12.0,
        -6.0,
        0.0,
        6.0,
        12.0
    ],
    "flux": [
        [
            0.0,
            0.0,
            0.0,
            0.0,
            0.0
        ],
        [
            1223.0,
            8918.0,
            8741.0,
            8644.0,
            8800.0
        ],
        [
            48102.0,
            181694.0,
            180604.0,
            181079.0,
            180631.0
        ],
        [
            547.0,
            4734.0,
            4565.0,
            4607.0,
            4505.0
        ],
        [
            0.0,
            0.0,
            0.0,
            0.0,
            0.0
        ]
    ],
    "sim_time": 16.58293604850769
}