{
    "dni": 1000.0,
    "generated_rays": 13171005,
    "power_per_ray": 0.12932660989499936,
    "num_rays": 574327.0,
    "avg_flux": 7274.385615223481,
    "peak_flux": 68806.71512183898,
    "min_flux": 0.0,
    "radius": 0.0,
    "bin_size_x": 0.06807059529144252,
    "bin_size_y": 6.0,
    "xvalues": [
        -0.13614119058288504,
        -0.0680705952914425,
        2.7755575615628914e-17,
        0.06807059529144252,
        0.13614119058288507
    ],
    "yvalues": [
        -12.0,
        -6.0,
        0.0,
        6.0,
        12.0
    ],
    "flux": [
        [
            0.0,
            0.0,
            0.0,
            0.0,
            0.0
        ],
        [
            0.0,
            0.0,
            932.0,
            9801.0,
            11230.0
        ],
        [
            0.0,
            0.0,
            93288.0,
            209340.0,
            217297.0
        ],
        [
            0.0,
            0.0,
            2134.0,
            13976.0,
            16329.0
        ],
        [
            0.0,
            0.0,
            0.0,
            0.0,
            0.0
        ]
    ],
    "sim_time": 14.043336629867554
}