{
    "dni": 1000.0,
    "generated_rays": 13515355,
    "power_per_ray": 0.12847668143475152,
    "num_rays": 282547.0,
    "avg_flux": 3555.201356662566,
    "peak_flux": 54228.878051950036,
    "min_flux": 0.0,
    "radius": 0.0,
    "bin_size_x": 0.06807059529144252,
    "bin_size_y": 6.0,
    "xvalues": [
        -0.13614119058288504,
        -0.0680705952914425,
        2.7755575615628914e-17,
        0.06807059529144252,
        0.13614119058288507
    ],
    "yvalues": [
        -12.0,
        -6.0,
        0.0,
        6.0,
        12.0
    ],
    "flux": [
        [
            0.0,
            0.0,
            0.0,
            0.0,
            0.0
        ],
        [
            0.0,
            0.0,
            0.0,
            887.0,
            6740.0
        ],
        [
            0.0,
            0.0,
            269.0,
            98539.0,
            172392.0
        ],
        [
            0.0,
            0.0,
            0.0,
            129.0,
            3591.0
        ],
        [
            0.0,
            0.0,
            0.0,
            0.0,
            0.0
        ]
    ],
    "sim_time": 17.404410123825073
}