{
    "dni": 1000.0,
    "generated_rays": 5372404,
    "power_per_ray": 0.24234393202333784,
    "num_rays": 1163799.0,
    "avg_flux": 27622.26720042461,
    "peak_flux": 108456.89130372193,
    "min_flux": 861.5648401273872,
    "radius": 0.0,
    "bin_size_x": 0.06807059529144252,
    "bin_size_y": 6.0,
    "xvalues": [
        -0.13614119058288504,
        -0.0680705952914425,
        2.7755575615628914e-17,
        0.06807059529144252,
        0.13614119058288507
    ],
    "yvalues": [
        -12.0,
        -6.0,
        0.0,
        6.0,
        12.0
    ],
    "flux": [
        [
            1452.0,
            2108.0,
            2002.0,
            2047.0,
            1966.0
        ],
        [
            19623.0,
            26292.0,
            26340.0,
            26141.0,
            26231.0
        ],
        [
            138594.0,
            182783.0,
            182197.0,
            182231.0,
            181663.0
        ],
        [
            22211.0,
            28776.0,
            29365.0,
            29366.0,
            29429.0
        ],
        [
            3486.0,
            4831.0,
            4875.0,
            4838.0,
            4952.0
        ]
    ],
    "sim_time": 12.82802128791809
}