{
    "dni": 1000.0,
    "generated_rays": 11527461,
    "power_per_ray": 0.14742276527944229,
    "num_rays": 674801.0,
    "avg_flux": 9742.927324924703,
    "peak_flux": 82940.37207714564,
    "min_flux": 0.0,
    "radius": 0.0,
    "bin_size_x": 0.06807059529144252,
    "bin_size_y": 6.0,
    "xvalues": [
        -0.13614119058288504,
        -0.0680705952914425,
        2.7755575615628914e-17,
        0.06807059529144252,
        0.13614119058288507
    ],
    "yvalues": [
        -12.0,
        -6.0,
        0.0,
        6.0,
        12.0
    ],
    "flux": [
        [
            0.0,
            0.0,
            0.0,
            0.0,
            0.0
        ],
        [
            0.0,
            0.0,
            2095.0,
            5819.0,
            5893.0
        ],
        [
            0.0,
            5917.0,
            173612.0,
            229780.0,
            225337.0
        ],
        [
            0.0,
            0.0,
            4459.0,
            10927.0,
            10962.0
        ],
        [
            0.0,
            0.0,
            0.0,
            0.0,
            0.0
        ]
    ],
    "sim_time": 14.034587860107422
}