{
    "dni": 1000.0,
    "generated_rays": 21305522,
    "power_per_ray": 0.07898563152651863,
    "num_rays": 6219.0,
    "avg_flux": 48.10806000841815,
    "peak_flux": 1169.0513858775032,
    "min_flux": 0.0,
    "radius": 0.0,
    "bin_size_x": 0.06807059529144252,
    "bin_size_y": 6.0,
    "xvalues": [
        -0.13614119058288504,
        -0.0680705952914425,
        2.7755575615628914e-17,
        0.06807059529144252,
        0.13614119058288507
    ],
    "yvalues": [
        -12.0,
        -6.0,
        0.0,
        6.0,
        12.0
    ],
    "flux": [
        [
            0.0,
            0.0,
            0.0,
            0.0,
            0.0
        ],
        [
            0.0,
            0.0,
            0.0,
            0.0,
            55.0
        ],
        [
            0.0,
            0.0,
            0.0,
            0.0,
            6045.0
        ],
        [
            0.0,
            0.0,
            0.0,
            0.0,
            119.0
        ],
        [
            0.0,
            0.0,
            0.0,
            0.0,
            0.0
        ]
    ],
    "sim_time": 19.485307693481445
}