{
    "dni": 1000.0,
    "generated_rays": 13973383,
    "power_per_ray": 0.11661488877386465,
    "num_rays": 816089.0,
    "avg_flux": 9320.532363704133,
    "peak_flux": 45679.04754084659,
    "min_flux": 0.0,
    "radius": 0.0,
    "bin_size_x": 0.06807059529144252,
    "bin_size_y": 6.0,
    "xvalues": [
        -0.13614119058288504,
        -0.0680705952914425,
        2.7755575615628914e-17,
        0.06807059529144252,
        0.13614119058288507
    ],
    "yvalues": [
        -12.0,
        -6.0,
        0.0,
        6.0,
        12.0
    ],
    "flux": [
        [
            0.0,
            1778.0,
            9848.0,
            9889.0,
            9676.0
        ],
        [
            0.0,
            17339.0,
            39266.0,
            39144.0,
            39291.0
        ],
        [
            0.0,
            67149.0,
            159983.0,
            158674.0,
            159298.0
        ],
        [
            0.0,
            8026.0,
            22832.0,
            23245.0,
            23387.0
        ],
        [
            0.0,
            1183.0,
            8746.0,
            8701.0,
            8634.0
        ]
    ],
    "sim_time": 13.631484270095825
}