{
    "dni": 1000.0,
    "generated_rays": 11735441,
    "power_per_ray": 0.0999384622571487,
    "num_rays": 919617.0,
    "avg_flux": 9000.960297373918,
    "peak_flux": 20830.240964304892,
    "min_flux": 546.1551761151269,
    "radius": 0.0,
    "bin_size_x": 0.06807059529144252,
    "bin_size_y": 6.0,
    "xvalues": [
        -0.13614119058288504,
        -0.0680705952914425,
        2.7755575615628914e-17,
        0.06807059529144252,
        0.13614119058288507
    ],
    "yvalues": [
        -12.0,
        -6.0,
        0.0,
        6.0,
        12.0
    ],
    "flux": [
        [
            2260.0,
            2369.0,
            2232.0,
            2405.0,
            2323.0
        ],
        [
            2712.0,
            2439.0,
            2548.0,
            2481.0,
            2466.0
        ],
        [
            82096.0,
            84740.0,
            85128.0,
            84516.0,
            84331.0
        ],
        [
            69306.0,
            71823.0,
            72097.0,
            72303.0,
            72725.0
        ],
        [
            22598.0,
            23436.0,
            23522.0,
            23280.0,
            23481.0
        ]
    ],
    "sim_time": 25.609626054763794
}