{
    "dni": 1000.0,
    "generated_rays": 14446292,
    "power_per_ray": 0.07991602626084476,
    "num_rays": 1160287.0,
    "avg_flux": 9081.309970931876,
    "peak_flux": 20891.23861114652,
    "min_flux": 556.6796591554759,
    "radius": 0.0,
    "bin_size_x": 0.06807059529144252,
    "bin_size_y": 6.0,
    "xvalues": [
        -0.13614119058288504,
        -0.0680705952914425,
        2.7755575615628914e-17,
        0.06807059529144252,
        0.13614119058288507
    ],
    "yvalues": [
        -12.0,
        -6.0,
        0.0,
        6.0,
        12.0
    ],
    "flux": [
        [
            29455.0,
            29118.0,
            29362.0,
            28997.0,
            29407.0
        ],
        [
            90757.0,
            90567.0,
            90659.0,
            90793.0,
            90353.0
        ],
        [
            105766.0,
            106768.0,
            105950.0,
            106128.0,
            106407.0
        ],
        [
            2973.0,
            2982.0,
            3029.0,
            3008.0,
            3115.0
        ],
        [
            2845.0,
            3004.0,
            2983.0,
            2929.0,
            2932.0
        ]
    ],
    "sim_time": 15.119562149047852
}