{
    "dni": 1000.0,
    "generated_rays": 6208480,
    "power_per_ray": 0.24443188242284614,
    "num_rays": 765922.0,
    "avg_flux": 18335.45066436902,
    "peak_flux": 87422.44496821165,
    "min_flux": 0.0,
    "radius": 0.0,
    "bin_size_x": 0.06807059529144252,
    "bin_size_y": 6.0,
    "xvalues": [
        -0.13614119058288504,
        -0.0680705952914425,
        2.7755575615628914e-17,
        0.06807059529144252,
        0.13614119058288507
    ],
    "yvalues": [
        -12.0,
        -6.0,
        0.0,
        6.0,
        12.0
    ],
    "flux": [
        [
            0.0,
            2592.0,
            3812.0,
            3766.0,
            3820.0
        ],
        [
            208.0,
            20479.0,
            24204.0,
            23423.0,
            23522.0
        ],
        [
            3704.0,
            131762.0,
            145594.0,
            145352.0,
            146075.0
        ],
        [
            293.0,
            18500.0,
            20792.0,
            20978.0,
            20953.0
        ],
        [
            0.0,
            1161.0,
            1648.0,
            1585.0,
            1699.0
        ]
    ],
    "sim_time": 16.135338306427002
}