{
    "dni": 1000.0,
    "generated_rays": 7828658,
    "power_per_ray": 0.19055854149977522,
    "num_rays": 803447.0,
    "avg_flux": 14994.598655201056,
    "peak_flux": 59896.03553070194,
    "min_flux": 153.0352456013261,
    "radius": 0.0,
    "bin_size_x": 0.06807059529144252,
    "bin_size_y": 6.0,
    "xvalues": [
        -0.13614119058288504,
        -0.0680705952914425,
        2.7755575615628914e-17,
        0.06807059529144252,
        0.13614119058288507
    ],
    "yvalues": [
        -12.0,
        -6.0,
        0.0,
        6.0,
        12.0
    ],
    "flux": [
        [
            328.0,
            6688.0,
            7072.0,
            7130.0,
            6901.0
        ],
        [
            2882.0,
            18276.0,
            18466.0,
            18735.0,
            18792.0
        ],
        [
            22682.0,
            128375.0,
            128080.0,
            127107.0,
            127557.0
        ],
        [
            6232.0,
            31252.0,
            31782.0,
            31536.0,
            31441.0
        ],
        [
            485.0,
            7778.0,
            7918.0,
            7932.0,
            8020.0
        ]
    ],
    "sim_time": 17.54283905029297
}