{
    "dni": 1000.0,
    "generated_rays": 8871480,
    "power_per_ray": 0.18615276226606292,
    "num_rays": 842949.0,
    "avg_flux": 15368.092897045888,
    "peak_flux": 104607.80358559047,
    "min_flux": 0.0,
    "radius": 0.0,
    "bin_size_x": 0.06807059529144252,
    "bin_size_y": 6.0,
    "xvalues": [
        -0.13614119058288504,
        -0.0680705952914425,
        2.7755575615628914e-17,
        0.06807059529144252,
        0.13614119058288507
    ],
    "yvalues": [
        -12.0,
        -6.0,
        0.0,
        6.0,
        12.0
    ],
    "flux": [
        [
            0.0,
            0.0,
            0.0,
            0.0,
            0.0
        ],
        [
            0.0,
            1037.0,
            5863.0,
            5856.0,
            5676.0
        ],
        [
            0.0,
            109676.0,
            229512.0,
            224883.0,
            225250.0
        ],
        [
            0.0,
            2356.0,
            10928.0,
            10961.0,
            10951.0
        ],
        [
            0.0,
            0.0,
            0.0,
            0.0,
            0.0
        ]
    ],
    "sim_time": 13.700134515762329
}