{
    "dni": 1000.0,
    "generated_rays": 8275146,
    "power_per_ray": 0.16991296700922678,
    "num_rays": 853932.0,
    "avg_flux": 14210.161193479236,
    "peak_flux": 51234.7057968826,
    "min_flux": 713.4767887494816,
    "radius": 0.0,
    "bin_size_x": 0.06807059529144252,
    "bin_size_y": 6.0,
    "xvalues": [
        -0.13614119058288504,
        -0.0680705952914425,
        2.7755575615628914e-17,
        0.06807059529144252,
        0.13614119058288507
    ],
    "yvalues": [
        -12.0,
        -6.0,
        0.0,
        6.0,
        12.0
    ],
    "flux": [
        [
            1715.0,
            4751.0,
            4790.0,
            4772.0,
            4747.0
        ],
        [
            6268.0,
            14386.0,
            14320.0,
            14667.0,
            14301.0
        ],
        [
            56634.0,
            122306.0,
            122768.0,
            122453.0,
            123154.0
        ],
        [
            17952.0,
            38851.0,
            38908.0,
            38959.0,
            38581.0
        ],
        [
            4234.0,
            11056.0,
            11182.0,
            11131.0,
            11046.0
        ]
    ],
    "sim_time": 17.6655695438385
}