{
    "dni": 1000.0,
    "generated_rays": 8200808,
    "power_per_ray": 0.20570870467733657,
    "num_rays": 601960.0,
    "avg_flux": 12127.450072227843,
    "peak_flux": 95448.06469024859,
    "min_flux": 0.0,
    "radius": 0.0,
    "bin_size_x": 0.06807059529144252,
    "bin_size_y": 6.0,
    "xvalues": [
        -0.13614119058288504,
        -0.0680705952914425,
        2.7755575615628914e-17,
        0.06807059529144252,
        0.13614119058288507
    ],
    "yvalues": [
        -12.0,
        -6.0,
        0.0,
        6.0,
        12.0
    ],
    "flux": [
        [
            0.0,
            0.0,
            0.0,
            0.0,
            0.0
        ],
        [
            0.0,
            12.0,
            3328.0,
            4737.0,
            4679.0
        ],
        [
            0.0,
            32654.0,
            177406.0,
            189507.0,
            187723.0
        ],
        [
            0.0,
            0.0,
            483.0,
            717.0,
            714.0
        ],
        [
            0.0,
            0.0,
            0.0,
            0.0,
            0.0
        ]
    ],
    "sim_time": 18.8159122467041
}