{
    "dni": 1000.0,
    "generated_rays": 14318813,
    "power_per_ray": 0.09522598997289998,
    "num_rays": 833310.0,
    "avg_flux": 7771.615077412935,
    "peak_flux": 19498.751032750228,
    "min_flux": 420.61158511397116,
    "radius": 0.0,
    "bin_size_x": 0.06807059529144252,
    "bin_size_y": 6.0,
    "xvalues": [
        -0.13614119058288504,
        -0.0680705952914425,
        2.7755575615628914e-17,
        0.06807059529144252,
        0.13614119058288507
    ],
    "yvalues": [
        -12.0,
        -6.0,
        0.0,
        6.0,
        12.0
    ],
    "flux": [
        [
            1804.0,
            2218.0,
            2230.0,
            2262.0,
            2354.0
        ],
        [
            4293.0,
            2390.0,
            2535.0,
            2407.0,
            2377.0
        ],
        [
            50798.0,
            83630.0,
            83556.0,
            83323.0,
            83359.0
        ],
        [
            36924.0,
            71251.0,
            71068.0,
            71135.0,
            70898.0
        ],
        [
            10738.0,
            22975.0,
            22872.0,
            22992.0,
            22921.0
        ]
    ],
    "sim_time": 19.550530910491943
}