{
    "dni": 1000.0,
    "generated_rays": 6415991,
    "power_per_ray": 0.22987312850250635,
    "num_rays": 1032370.0,
    "avg_flux": 23241.961344794876,
    "peak_flux": 111593.47326431342,
    "min_flux": 0.0,
    "radius": 0.0,
    "bin_size_x": 0.06807059529144252,
    "bin_size_y": 6.0,
    "xvalues": [
        -0.13614119058288504,
        -0.0680705952914425,
        2.7755575615628914e-17,
        0.06807059529144252,
        0.13614119058288507
    ],
    "yvalues": [
        -12.0,
        -6.0,
        0.0,
        6.0,
        12.0
    ],
    "flux": [
        [
            0.0,
            0.0,
            0.0,
            0.0,
            0.0
        ],
        [
            3674.0,
            21478.0,
            21433.0,
            21504.0,
            21259.0
        ],
        [
            50291.0,
            198272.0,
            193942.0,
            194782.0,
            195031.0
        ],
        [
            4155.0,
            25396.0,
            25604.0,
            25408.0,
            25539.0
        ],
        [
            34.0,
            1160.0,
            1145.0,
            1135.0,
            1128.0
        ]
    ],
    "sim_time": 13.478414297103882
}