{
    "dni": 1000.0,
    "generated_rays": 8079129,
    "power_per_ray": 0.1938976662310351,
    "num_rays": 737038.0,
    "avg_flux": 13996.248797465274,
    "peak_flux": 62824.63021292566,
    "min_flux": 0.0,
    "radius": 0.0,
    "bin_size_x": 0.06807059529144252,
    "bin_size_y": 6.0,
    "xvalues": [
        -0.13614119058288504,
        -0.0680705952914425,
        2.7755575615628914e-17,
        0.06807059529144252,
        0.13614119058288507
    ],
    "yvalues": [
        -12.0,
        -6.0,
        0.0,
        6.0,
        12.0
    ],
    "flux": [
        [
            0.0,
            4337.0,
            7498.0,
            7474.0,
            7428.0
        ],
        [
            0.0,
            16546.0,
            22330.0,
            22314.0,
            22333.0
        ],
        [
            0.0,
            107553.0,
            132333.0,
            132282.0,
            132310.0
        ],
        [
            0.0,
            21863.0,
            27062.0,
            26542.0,
            26885.0
        ],
        [
            0.0,
            3364.0,
            5509.0,
            5611.0,
            5464.0
        ]
    ],
    "sim_time": 17.346164226531982
}