{
    "dni": 1000.0,
    "generated_rays": 4815287,
    "power_per_ray": 0.31692568366358626,
    "num_rays": 846124.0,
    "avg_flux": 26262.77675561719,
    "peak_flux": 149931.96030271103,
    "min_flux": 0.0,
    "radius": 0.0,
    "bin_size_x": 0.06807059529144252,
    "bin_size_y": 6.0,
    "xvalues": [
        -0.13614119058288504,
        -0.0680705952914425,
        2.7755575615628914e-17,
        0.06807059529144252,
        0.13614119058288507
    ],
    "yvalues": [
        -12.0,
        -6.0,
        0.0,
        6.0,
        12.0
    ],
    "flux": [
        [
            0.0,
            0.0,
            0.0,
            0.0,
            0.0
        ],
        [
            258.0,
            1277.0,
            1316.0,
            1319.0,
            1295.0
        ],
        [
            69863.0,
            192927.0,
            192771.0,
            193218.0,
            191880.0
        ],
        [
            0.0,
            0.0,
            0.0,
            0.0,
            0.0
        ],
        [
            0.0,
            0.0,
            0.0,
            0.0,
            0.0
        ]
    ],
    "sim_time": 18.38150382041931
}