{
    "dni": 1000.0,
    "generated_rays": 4203397,
    "power_per_ray": 0.3144519679255751,
    "num_rays": 923700.0,
    "avg_flux": 28446.867699556096,
    "peak_flux": 115884.72281764603,
    "min_flux": 240.98380399374955,
    "radius": 0.0,
    "bin_size_x": 0.06807059529144252,
    "bin_size_y": 6.0,
    "xvalues": [
        -0.13614119058288504,
        -0.0680705952914425,
        2.7755575615628914e-17,
        0.06807059529144252,
        0.13614119058288507
    ],
    "yvalues": [
        -12.0,
        -6.0,
        0.0,
        6.0,
        12.0
    ],
    "flux": [
        [
            1526.0,
            2177.0,
            2304.0,
            2246.0,
            2247.0
        ],
        [
            15840.0,
            22024.0,
            22334.0,
            21972.0,
            22284.0
        ],
        [
            111818.0,
            150516.0,
            150073.0,
            149747.0,
            149953.0
        ],
        [
            14276.0,
            20128.0,
            19926.0,
            20231.0,
            20018.0
        ],
        [
            313.0,
            435.0,
            403.0,
            465.0,
            444.0
        ]
    ],
    "sim_time": 15.926192998886108
}