{
    "dni": 1000.0,
    "generated_rays": 17960488,
    "power_per_ray": 0.09166581405722386,
    "num_rays": 779160.0,
    "avg_flux": 6994.927875982637,
    "peak_flux": 34571.772974509,
    "min_flux": 0.0,
    "radius": 0.0,
    "bin_size_x": 0.06807059529144252,
    "bin_size_y": 6.0,
    "xvalues": [
        -0.13614119058288504,
        -0.0680705952914425,
        2.7755575615628914e-17,
        0.06807059529144252,
        0.13614119058288507
    ],
    "yvalues": [
        -12.0,
        -6.0,
        0.0,
        6.0,
        12.0
    ],
    "flux": [
        [
            0.0,
            1473.0,
            12970.0,
            13593.0,
            13566.0
        ],
        [
            0.0,
            15951.0,
            47222.0,
            48009.0,
            48063.0
        ],
        [
            0.0,
            45622.0,
            154037.0,
            151858.0,
            151124.0
        ],
        [
            0.0,
            6241.0,
            16204.0,
            17730.0,
            17827.0
        ],
        [
            0.0,
            889.0,
            5006.0,
            5881.0,
            5894.0
        ]
    ],
    "sim_time": 14.894092321395874
}