{
    "dni": 1000.0,
    "generated_rays": 7534115,
    "power_per_ray": 0.2163183256377353,
    "num_rays": 651386.0,
    "avg_flux": 13800.058430572286,
    "peak_flux": 88072.06925640647,
    "min_flux": 0.0,
    "radius": 0.0,
    "bin_size_x": 0.06807059529144252,
    "bin_size_y": 6.0,
    "xvalues": [
        -0.13614119058288504,
        -0.0680705952914425,
        2.7755575615628914e-17,
        0.06807059529144252,
        0.13614119058288507
    ],
    "yvalues": [
        -12.0,
        -6.0,
        0.0,
        6.0,
        12.0
    ],
    "flux": [
        [
            0.0,
            0.0,
            58.0,
            79.0,
            60.0
        ],
        [
            0.0,
            2909.0,
            17041.0,
            17362.0,
            17520.0
        ],
        [
            0.0,
            62174.0,
            166286.0,
            163976.0,
            162584.0
        ],
        [
            0.0,
            2111.0,
            12936.0,
            13236.0,
            13054.0
        ],
        [
            0.0,
            0.0,
            0.0,
            0.0,
            0.0
        ]
    ],
    "sim_time": 16.3182315826416
}