{
    "dni": 1000.0,
    "generated_rays": 4679342,
    "power_per_ray": 0.30965710770969423,
    "num_rays": 868133.0,
    "avg_flux": 26327.917630843764,
    "peak_flux": 124297.71129980715,
    "min_flux": 0.0,
    "radius": 0.0,
    "bin_size_x": 0.06807059529144252,
    "bin_size_y": 6.0,
    "xvalues": [
        -0.13614119058288504,
        -0.0680705952914425,
        2.7755575615628914e-17,
        0.06807059529144252,
        0.13614119058288507
    ],
    "yvalues": [
        -12.0,
        -6.0,
        0.0,
        6.0,
        12.0
    ],
    "flux": [
        [
            13.0,
            61.0,
            67.0,
            64.0,
            77.0
        ],
        [
            6960.0,
            17809.0,
            17458.0,
            17724.0,
            17540.0
        ],
        [
            78206.0,
            163943.0,
            163610.0,
            163637.0,
            163342.0
        ],
        [
            5023.0,
            13080.0,
            13231.0,
            13193.0,
            13095.0
        ],
        [
            0.0,
            0.0,
            0.0,
            0.0,
            0.0
        ]
    ],
    "sim_time": 15.927875280380249
}