{
    "dni": 1000.0,
    "generated_rays": 6631729,
    "power_per_ray": 0.23254542101957712,
    "num_rays": 1006296.0,
    "avg_flux": 22918.31747011178,
    "peak_flux": 122924.24972106401,
    "min_flux": 0.0,
    "radius": 0.0,
    "bin_size_x": 0.06807059529144252,
    "bin_size_y": 6.0,
    "xvalues": [
        -0.13614119058288504,
        -0.0680705952914425,
        2.7755575615628914e-17,
        0.06807059529144252,
        0.13614119058288507
    ],
    "yvalues": [
        -12.0,
        -6.0,
        0.0,
        6.0,
        12.0
    ],
    "flux": [
        [
            0.0,
            0.0,
            0.0,
            0.0,
            0.0
        ],
        [
            404.0,
            10545.0,
            11031.0,
            11160.0,
            10952.0
        ],
        [
            34266.0,
            214923.0,
            215676.0,
            215377.0,
            215894.0
        ],
        [
            870.0,
            15963.0,
            16444.0,
            16442.0,
            16349.0
        ],
        [
            0.0,
            0.0,
            0.0,
            0.0,
            0.0
        ]
    ],
    "sim_time": 13.467414379119873
}