{
    "dni": 1000.0,
    "generated_rays": 11764850,
    "power_per_ray": 0.1348343710056402,
    "num_rays": 712068.0,
    "avg_flux": 9403.10477009684,
    "peak_flux": 40469.435441640446,
    "min_flux": 0.0,
    "radius": 0.0,
    "bin_size_x": 0.06807059529144252,
    "bin_size_y": 6.0,
    "xvalues": [
        -0.13614119058288504,
        -0.0680705952914425,
        2.7755575615628914e-17,
        0.06807059529144252,
        0.13614119058288507
    ],
    "yvalues": [
        -12.0,
        -6.0,
        0.0,
        6.0,
        12.0
    ],
    "flux": [
        [
            0.0,
            2441.0,
            4633.0,
            4775.0,
            4687.0
        ],
        [
            0.0,
            10193.0,
            14055.0,
            14226.0,
            14558.0
        ],
        [
            0.0,
            92129.0,
            122585.0,
            121912.0,
            121192.0
        ],
        [
            0.0,
            29414.0,
            38410.0,
            38545.0,
            39036.0
        ],
        [
            0.0,
            6322.0,
            10917.0,
            11056.0,
            10982.0
        ]
    ],
    "sim_time": 18.563249349594116
}