{
    "dni": 1000.0,
    "generated_rays": 5184854,
    "power_per_ray": 0.25165092161751,
    "num_rays": 925222.0,
    "avg_flux": 22803.08827464854,
    "peak_flux": 81873.01976603315,
    "min_flux": 2454.7487977533983,
    "radius": 0.0,
    "bin_size_x": 0.06807059529144252,
    "bin_size_y": 6.0,
    "xvalues": [
        -0.13614119058288504,
        -0.0680705952914425,
        2.7755575615628914e-17,
        0.06807059529144252,
        0.13614119058288507
    ],
    "yvalues": [
        -12.0,
        -6.0,
        0.0,
        6.0,
        12.0
    ],
    "flux": [
        [
            5273.0,
            7337.0,
            7524.0,
            7506.0,
            7436.0
        ],
        [
            16596.0,
            22359.0,
            22583.0,
            22438.0,
            22378.0
        ],
        [
            99042.0,
            132878.0,
            132432.0,
            132764.0,
            132062.0
        ],
        [
            20258.0,
            27020.0,
            27040.0,
            26844.0,
            27092.0
        ],
        [
            3984.0,
            5692.0,
            5569.0,
            5535.0,
            5580.0
        ]
    ],
    "sim_time": 17.08516573905945
}