{
    "dni": 1000.0,
    "generated_rays": 10935957,
    "power_per_ray": 0.1572289865500818,
    "num_rays": 436681.0,
    "avg_flux": 6724.284867468829,
    "peak_flux": 70497.96299872399,
    "min_flux": 0.0,
    "radius": 0.0,
    "bin_size_x": 0.06807059529144252,
    "bin_size_y": 6.0,
    "xvalues": [
        -0.13614119058288504,
        -0.0680705952914425,
        2.7755575615628914e-17,
        0.06807059529144252,
        0.13614119058288507
    ],
    "yvalues": [
        -12.0,
        -6.0,
        0.0,
        6.0,
        12.0
    ],
    "flux": [
        [
            0.0,
            0.0,
            0.0,
            0.0,
            0.0
        ],
        [
            0.0,
            0.0,
            377.0,
            6470.0,
            8907.0
        ],
        [
            0.0,
            0.0,
            59543.0,
            170446.0,
            183128.0
        ],
        [
            0.0,
            0.0,
            41.0,
            3270.0,
            4499.0
        ],
        [
            0.0,
            0.0,
            0.0,
            0.0,
            0.0
        ]
    ],
    "sim_time": 17.059783697128296
}