{
    "dni": 1000.0,
    "generated_rays": 13869320,
    "power_per_ray": 0.11864016470406014,
    "num_rays": 547606.0,
    "avg_flux": 6362.8125825130455,
    "peak_flux": 55263.25691157405,
    "min_flux": 0.0,
    "radius": 0.0,
    "bin_size_x": 0.06807059529144252,
    "bin_size_y": 6.0,
    "xvalues": [
        -0.13614119058288504,
        -0.0680705952914425,
        2.7755575615628914e-17,
        0.06807059529144252,
        0.13614119058288507
    ],
    "yvalues": [
        -12.0,
        -6.0,
        0.0,
        6.0,
        12.0
    ],
    "flux": [
        [
            0.0,
            0.0,
            0.0,
            393.0,
            567.0
        ],
        [
            0.0,
            0.0,
            4619.0,
            22173.0,
            24694.0
        ],
        [
            0.0,
            0.0,
            65683.0,
            177949.0,
            190246.0
        ],
        [
            0.0,
            0.0,
            5254.0,
            23895.0,
            27684.0
        ],
        [
            0.0,
            0.0,
            0.0,
            1648.0,
            2801.0
        ]
    ],
    "sim_time": 14.413004875183105
}