{
    "dni": 1000.0,
    "generated_rays": 19967914,
    "power_per_ray": 0.057371946329845845,
    "num_rays": 864514.0,
    "avg_flux": 4857.589447841527,
    "peak_flux": 9763.765241254654,
    "min_flux": 473.5300419852596,
    "radius": 0.0,
    "bin_size_x": 0.06807059529144252,
    "bin_size_y": 6.0,
    "xvalues": [
        -0.13614119058288504,
        -0.0680705952914425,
        2.7755575615628914e-17,
        0.06807059529144252,
        0.13614119058288507
    ],
    "yvalues": [
        -12.0,
        -6.0,
        0.0,
        6.0,
        12.0
    ],
    "flux": [
        [
            3414.0,
            3411.0,
            3371.0,
            3467.0,
            3448.0
        ],
        [
            3774.0,
            3492.0,
            3580.0,
            3634.0,
            3458.0
        ],
        [
            54702.0,
            54880.0,
            54800.0,
            54797.0,
            54645.0
        ],
        [
            68548.0,
            69427.0,
            69485.0,
            69103.0,
            69507.0
        ],
        [
            41441.0,
            42219.0,
            41947.0,
            42109.0,
            41855.0
        ]
    ],
    "sim_time": 21.513694047927856
}