{
    "dni": 1000.0,
    "generated_rays": 5731440,
    "power_per_ray": 0.2609625799204415,
    "num_rays": 1086532.0,
    "avg_flux": 27769.6209033313,
    "peak_flux": 154859.95672140337,
    "min_flux": 0.0,
    "radius": 0.0,
    "bin_size_x": 0.06807059529144252,
    "bin_size_y": 6.0,
    "xvalues": [
        -0.13614119058288504,
        -0.0680705952914425,
        2.7755575615628914e-17,
        0.06807059529144252,
        0.13614119058288507
    ],
    "yvalues": [
        -12.0,
        -6.0,
        0.0,
        6.0,
        12.0
    ],
    "flux": [
        [
            0.0,
            0.0,
            0.0,
            0.0,
            0.0
        ],
        [
            0.0,
            0.0,
            0.0,
            0.0,
            0.0
        ],
        [
            119310.0,
            241179.0,
            242366.0,
            241632.0,
            242045.0
        ],
        [
            0.0,
            0.0,
            0.0,
            0.0,
            0.0
        ],
        [
            0.0,
            0.0,
            0.0,
            0.0,
            0.0
        ]
    ],
    "sim_time": 12.166372299194336
}