{
    "dni": 1000.0,
    "generated_rays": 15374306,
    "power_per_ray": 0.07979471378671292,
    "num_rays": 1121818.0,
    "avg_flux": 8766.893237579397,
    "peak_flux": 20715.926974345577,
    "min_flux": 514.0249155404753,
    "radius": 0.0,
    "bin_size_x": 0.06807059529144252,
    "bin_size_y": 6.0,
    "xvalues": [
        -0.13614119058288504,
        -0.0680705952914425,
        2.7755575615628914e-17,
        0.06807059529144252,
        0.13614119058288507
    ],
    "yvalues": [
        -12.0,
        -6.0,
        0.0,
        6.0,
        12.0
    ],
    "flux": [
        [
            23995.0,
            29044.0,
            29076.0,
            29035.0,
            29094.0
        ],
        [
            76468.0,
            89793.0,
            90187.0,
            90080.0,
            90100.0
        ],
        [
            91843.0,
            105868.0,
            105410.0,
            105500.0,
            106033.0
        ],
        [
            3794.0,
            3003.0,
            3022.0,
            2979.0,
            3051.0
        ],
        [
            2631.0,
            2979.0,
            2984.0,
            2906.0,
            2943.0
        ]
    ],
    "sim_time": 15.071906089782715
}