{
    "dni": 1000.0,
    "generated_rays": 4100883,
    "power_per_ray": 0.322762120166443,
    "num_rays": 936999.0,
    "avg_flux": 29619.033254030866,
    "peak_flux": 123535.52448659531,
    "min_flux": 0.0,
    "radius": 0.0,
    "bin_size_x": 0.06807059529144252,
    "bin_size_y": 6.0,
    "xvalues": [
        -0.13614119058288504,
        -0.0680705952914425,
        2.7755575615628914e-17,
        0.06807059529144252,
        0.13614119058288507
    ],
    "yvalues": [
        -12.0,
        -6.0,
        0.0,
        6.0,
        12.0
    ],
    "flux": [
        [
            683.0,
            872.0,
            889.0,
            908.0,
            944.0
        ],
        [
            16455.0,
            20372.0,
            20534.0,
            20529.0,
            20498.0
        ],
        [
            127262.0,
            155917.0,
            156322.0,
            155944.0,
            156164.0
        ],
        [
            13651.0,
            17080.0,
            17425.0,
            17252.0,
            17298.0
        ],
        [
            0.0,
            0.0,
            0.0,
            0.0,
            0.0
        ]
    ],
    "sim_time": 16.125375986099243
}