{
    "dni": 1000.0,
    "generated_rays": 8251282,
    "power_per_ray": 0.20466196304565967,
    "num_rays": 589866.0,
    "avg_flux": 11823.326746496834,
    "peak_flux": 96872.08111584984,
    "min_flux": 0.0,
    "radius": 0.0,
    "bin_size_x": 0.06807059529144252,
    "bin_size_y": 6.0,
    "xvalues": [
        -0.13614119058288504,
        -0.0680705952914425,
        2.7755575615628914e-17,
        0.06807059529144252,
        0.13614119058288507
    ],
    "yvalues": [
        -12.0,
        -6.0,
        0.0,
        6.0,
        12.0
    ],
    "flux": [
        [
            0.0,
            0.0,
            0.0,
            0.0,
            0.0
        ],
        [
            0.0,
            0.0,
            684.0,
            1285.0,
            1283.0
        ],
        [
            0.0,
            26277.0,
            174580.0,
            193318.0,
            192439.0
        ],
        [
            0.0,
            0.0,
            0.0,
            0.0,
            0.0
        ],
        [
            0.0,
            0.0,
            0.0,
            0.0,
            0.0
        ]
    ],
    "sim_time": 16.85689067840576
}