{
    "dni": 1000.0,
    "generated_rays": 5520505,
    "power_per_ray": 0.28617085667011466,
    "num_rays": 789736.0,
    "avg_flux": 22133.82804480347,
    "peak_flux": 132108.1541397211,
    "min_flux": 0.0,
    "radius": 0.0,
    "bin_size_x": 0.06807059529144252,
    "bin_size_y": 6.0,
    "xvalues": [
        -0.13614119058288504,
        -0.0680705952914425,
        2.7755575615628914e-17,
        0.06807059529144252,
        0.13614119058288507
    ],
    "yvalues": [
        -12.0,
        -6.0,
        0.0,
        6.0,
        12.0
    ],
    "flux": [
        [
            0.0,
            0.0,
            0.0,
            0.0,
            0.0
        ],
        [
            6.0,
            4201.0,
            4734.0,
            4767.0,
            4827.0
        ],
        [
            18467.0,
            185323.0,
            187680.0,
            188434.0,
            188545.0
        ],
        [
            0.0,
            611.0,
            700.0,
            736.0,
            705.0
        ],
        [
            0.0,
            0.0,
            0.0,
            0.0,
            0.0
        ]
    ],
    "sim_time": 16.74007511138916
}