{
    "dni": 1000.0,
    "generated_rays": 7505476,
    "power_per_ray": 0.17414686608178534,
    "num_rays": 1144026.0,
    "avg_flux": 19511.95341278552,
    "peak_flux": 68442.07898261666,
    "min_flux": 2533.170470456064,
    "radius": 0.0,
    "bin_size_x": 0.06807059529144252,
    "bin_size_y": 6.0,
    "xvalues": [
        -0.13614119058288504,
        -0.0680705952914425,
        2.7755575615628914e-17,
        0.06807059529144252,
        0.13614119058288507
    ],
    "yvalues": [
        -12.0,
        -6.0,
        0.0,
        6.0,
        12.0
    ],
    "flux": [
        [
            6987.0,
            10029.0,
            9767.0,
            9763.0,
            9868.0
        ],
        [
            29041.0,
            39301.0,
            39532.0,
            39633.0,
            39638.0
        ],
        [
            116925.0,
            160516.0,
            159910.0,
            160470.0,
            160267.0
        ],
        [
            16795.0,
            23604.0,
            23579.0,
            23584.0,
            23614.0
        ],
        [
            5941.0,
            8842.0,
            8928.0,
            8675.0,
            8817.0
        ]
    ],
    "sim_time": 12.277965545654297
}