{
    "dni": 1000.0,
    "generated_rays": 23372315,
    "power_per_ray": 0.056516493159013824,
    "num_rays": 795565.0,
    "avg_flux": 4403.520951305023,
    "peak_flux": 9299.08340137666,
    "min_flux": 450.27927245248804,
    "radius": 0.0,
    "bin_size_x": 0.06807059529144252,
    "bin_size_y": 6.0,
    "xvalues": [
        -0.13614119058288504,
        -0.0680705952914425,
        2.7755575615628914e-17,
        0.06807059529144252,
        0.13614119058288507
    ],
    "yvalues": [
        -12.0,
        -6.0,
        0.0,
        6.0,
        12.0
    ],
    "flux": [
        [
            3291.0,
            3311.0,
            3254.0,
            3304.0,
            3303.0
        ],
        [
            7468.0,
            3393.0,
            3473.0,
            3486.0,
            3491.0
        ],
        [
            50305.0,
            53245.0,
            52796.0,
            53371.0,
            52833.0
        ],
        [
            42854.0,
            67201.0,
            67137.0,
            66796.0,
            66910.0
        ],
        [
            22025.0,
            40476.0,
            40593.0,
            40636.0,
            40613.0
        ]
    ],
    "sim_time": 22.108968019485474
}