{
    "dni": 1000.0,
    "generated_rays": 6569381,
    "power_per_ray": 0.2301683095628229,
    "num_rays": 1019668.0,
    "avg_flux": 22985.476462140785,
    "peak_flux": 117074.18092640235,
    "min_flux": 0.0,
    "radius": 0.0,
    "bin_size_x": 0.06807059529144252,
    "bin_size_y": 6.0,
    "xvalues": [
        -0.13614119058288504,
        -0.0680705952914425,
        2.7755575615628914e-17,
        0.06807059529144252,
        0.13614119058288507
    ],
    "yvalues": [
        -12.0,
        -6.0,
        0.0,
        6.0,
        12.0
    ],
    "flux": [
        [
            0.0,
            0.0,
            0.0,
            0.0,
            0.0
        ],
        [
            1491.0,
            16395.0,
            16554.0,
            16494.0,
            16649.0
        ],
        [
            41779.0,
            207743.0,
            203676.0,
            203887.0,
            204680.0
        ],
        [
            2111.0,
            21707.0,
            22239.0,
            22022.0,
            21900.0
        ],
        [
            0.0,
            72.0,
            88.0,
            93.0,
            88.0
        ]
    ],
    "sim_time": 12.558513641357422
}