{
    "dni": 1000.0,
    "generated_rays": 4354516,
    "power_per_ray": 0.3102102792303035,
    "num_rays": 905380.0,
    "avg_flux": 27506.55956580028,
    "peak_flux": 114124.0587962758,
    "min_flux": 186.8445750178618,
    "radius": 0.0,
    "bin_size_x": 0.06807059529144252,
    "bin_size_y": 6.0,
    "xvalues": [
        -0.13614119058288504,
        -0.0680705952914425,
        2.7755575615628914e-17,
        0.06807059529144252,
        0.13614119058288507
    ],
    "yvalues": [
        -12.0,
        -6.0,
        0.0,
        6.0,
        12.0
    ],
    "flux": [
        [
            1255.0,
            2207.0,
            2322.0,
            2238.0,
            2248.0
        ],
        [
            13653.0,
            22041.0,
            22278.0,
            22150.0,
            22186.0
        ],
        [
            98213.0,
            150256.0,
            149755.0,
            150084.0,
            149485.0
        ],
        [
            12381.0,
            20346.0,
            20029.0,
            20181.0,
            20064.0
        ],
        [
            246.0,
            459.0,
            409.0,
            452.0,
            442.0
        ]
    ],
    "sim_time": 16.055161237716675
}