{
    "dni": 1000.0,
    "generated_rays": 7828370,
    "power_per_ray": 0.20217117532556775,
    "num_rays": 702941.0,
    "avg_flux": 13918.335569719513,
    "peak_flux": 68536.72598328504,
    "min_flux": 0.0,
    "radius": 0.0,
    "bin_size_x": 0.06807059529144252,
    "bin_size_y": 6.0,
    "xvalues": [
        -0.13614119058288504,
        -0.0680705952914425,
        2.7755575615628914e-17,
        0.06807059529144252,
        0.13614119058288507
    ],
    "yvalues": [
        -12.0,
        -6.0,
        0.0,
        6.0,
        12.0
    ],
    "flux": [
        [
            0.0,
            1789.0,
            5499.0,
            5590.0,
            5607.0
        ],
        [
            0.0,
            13333.0,
            24613.0,
            24710.0,
            24837.0
        ],
        [
            0.0,
            85961.0,
            138457.0,
            137629.0,
            138410.0
        ],
        [
            0.0,
            14554.0,
            23619.0,
            23410.0,
            23522.0
        ],
        [
            0.0,
            1264.0,
            3405.0,
            3397.0,
            3335.0
        ]
    ],
    "sim_time": 16.836549520492554
}