{
    "dni": 1000.0,
    "generated_rays": 35467759,
    "power_per_ray": 0.04891627197390512,
    "num_rays": 206323.0,
    "avg_flux": 988.4397160781904,
    "peak_flux": 11797.07589483306,
    "min_flux": 0.0,
    "radius": 0.0,
    "bin_size_x": 0.06807059529144252,
    "bin_size_y": 6.0,
    "xvalues": [
        -0.13614119058288504,
        -0.0680705952914425,
        2.7755575615628914e-17,
        0.06807059529144252,
        0.13614119058288507
    ],
    "yvalues": [
        -12.0,
        -6.0,
        0.0,
        6.0,
        12.0
    ],
    "flux": [
        [
            0.0,
            0.0,
            0.0,
            420.0,
            3338.0
        ],
        [
            0.0,
            0.0,
            0.0,
            8989.0,
            7034.0
        ],
        [
            0.0,
            0.0,
            0.0,
            24572.0,
            98499.0
        ],
        [
            0.0,
            0.0,
            0.0,
            13956.0,
            40159.0
        ],
        [
            0.0,
            0.0,
            0.0,
            728.0,
            8628.0
        ]
    ],
    "sim_time": 25.01377534866333
}