{
    "dni": 1000.0,
    "generated_rays": 6891797,
    "power_per_ray": 0.23667148939872898,
    "num_rays": 686831.0,
    "avg_flux": 15920.071903710215,
    "peak_flux": 100638.10484636163,
    "min_flux": 0.0,
    "radius": 0.0,
    "bin_size_x": 0.06807059529144252,
    "bin_size_y": 6.0,
    "xvalues": [
        -0.13614119058288504,
        -0.0680705952914425,
        2.7755575615628914e-17,
        0.06807059529144252,
        0.13614119058288507
    ],
    "yvalues": [
        -12.0,
        -6.0,
        0.0,
        6.0,
        12.0
    ],
    "flux": [
        [
            0.0,
            0.0,
            0.0,
            0.0,
            0.0
        ],
        [
            0.0,
            4318.0,
            13080.0,
            13112.0,
            13191.0
        ],
        [
            0.0,
            96222.0,
            173671.0,
            171766.0,
            172331.0
        ],
        [
            0.0,
            2680.0,
            8887.0,
            8773.0,
            8800.0
        ],
        [
            0.0,
            0.0,
            0.0,
            0.0,
            0.0
        ]
    ],
    "sim_time": 16.339431047439575
}