{
    "dni": 1000.0,
    "generated_rays": 6833381,
    "power_per_ray": 0.22698239351519167,
    "num_rays": 723270.0,
    "avg_flux": 16078.362475980013,
    "peak_flux": 80868.09221460615,
    "min_flux": 0.0,
    "radius": 0.0,
    "bin_size_x": 0.06807059529144252,
    "bin_size_y": 6.0,
    "xvalues": [
        -0.13614119058288504,
        -0.0680705952914425,
        2.7755575615628914e-17,
        0.06807059529144252,
        0.13614119058288507
    ],
    "yvalues": [
        -12.0,
        -6.0,
        0.0,
        6.0,
        12.0
    ],
    "flux": [
        [
            0.0,
            1617.0,
            3861.0,
            3888.0,
            3827.0
        ],
        [
            0.0,
            15145.0,
            24419.0,
            23691.0,
            23455.0
        ],
        [
            0.0,
            104918.0,
            145511.0,
            145169.0,
            145312.0
        ],
        [
            0.0,
            13948.0,
            20934.0,
            20809.0,
            21070.0
        ],
        [
            0.0,
            752.0,
            1641.0,
            1576.0,
            1727.0
        ]
    ],
    "sim_time": 16.420255661010742
}