{
    "dni": 1000.0,
    "generated_rays": 6327645,
    "power_per_ray": 0.2244647727711793,
    "num_rays": 1067322.0,
    "avg_flux": 23463.502772667234,
    "peak_flux": 100565.29631758196,
    "min_flux": 275.8932728801372,
    "radius": 0.0,
    "bin_size_x": 0.06807059529144252,
    "bin_size_y": 6.0,
    "xvalues": [
        -0.13614119058288504,
        -0.0680705952914425,
        2.7755575615628914e-17,
        0.06807059529144252,
        0.13614119058288507
    ],
    "yvalues": [
        -12.0,
        -6.0,
        0.0,
        6.0,
        12.0
    ],
    "flux": [
        [
            502.0,
            2064.0,
            1989.0,
            2046.0,
            1956.0
        ],
        [
            9234.0,
            26311.0,
            25874.0,
            26031.0,
            26197.0
        ],
        [
            68005.0,
            182983.0,
            181734.0,
            182048.0,
            182244.0
        ],
        [
            9958.0,
            29788.0,
            29260.0,
            29421.0,
            29421.0
        ],
        [
            1057.0,
            4754.0,
            4846.0,
            4759.0,
            4840.0
        ]
    ],
    "sim_time": 14.379065990447998
}