{
    "dni": 1000.0,
    "generated_rays": 4062885,
    "power_per_ray": 0.3067061045058359,
    "num_rays": 963034.0,
    "avg_flux": 28927.65521657439,
    "peak_flux": 109690.66693984336,
    "min_flux": 1131.6832118953641,
    "radius": 0.0,
    "bin_size_x": 0.06807059529144252,
    "bin_size_y": 6.0,
    "xvalues": [
        -0.13614119058288504,
        -0.0680705952914425,
        2.7755575615628914e-17,
        0.06807059529144252,
        0.13614119058288507
    ],
    "yvalues": [
        -12.0,
        -6.0,
        0.0,
        6.0,
        12.0
    ],
    "flux": [
        [
            3494.0,
            3785.0,
            3864.0,
            3825.0,
            3937.0
        ],
        [
            21556.0,
            23194.0,
            23726.0,
            23486.0,
            23331.0
        ],
        [
            134233.0,
            146069.0,
            145689.0,
            145557.0,
            145577.0
        ],
        [
            19219.0,
            21238.0,
            21014.0,
            21034.0,
            21105.0
        ],
        [
            1507.0,
            1615.0,
            1633.0,
            1655.0,
            1691.0
        ]
    ],
    "sim_time": 16.300684213638306
}