{
    "dni": 1000.0,
    "generated_rays": 19795112,
    "power_per_ray": 0.08618160552115028,
    "num_rays": 449761.0,
    "avg_flux": 3796.1692480033216,
    "peak_flux": 25961.65982755779,
    "min_flux": 0.0,
    "radius": 0.0,
    "bin_size_x": 0.06807059529144252,
    "bin_size_y": 6.0,
    "xvalues": [
        -0.13614119058288504,
        -0.0680705952914425,
        2.7755575615628914e-17,
        0.06807059529144252,
        0.13614119058288507
    ],
    "yvalues": [
        -12.0,
        -6.0,
        0.0,
        6.0,
        12.0
    ],
    "flux": [
        [
            0.0,
            0.0,
            923.0,
            3430.0,
            4756.0
        ],
        [
            0.0,
            0.0,
            7220.0,
            11661.0,
            13940.0
        ],
        [
            0.0,
            0.0,
            50035.0,
            123035.0,
            119731.0
        ],
        [
            0.0,
            0.0,
            18234.0,
            36557.0,
            38210.0
        ],
        [
            0.0,
            0.0,
            1551.0,
            9708.0,
            10770.0
        ]
    ],
    "sim_time": 20.839807987213135
}