{
    "dni": 1000.0,
    "generated_rays": 4692891,
    "power_per_ray": 0.31495056267029553,
    "num_rays": 861559.0,
    "avg_flux": 26575.203841627994,
    "peak_flux": 133571.73908646277,
    "min_flux": 0.0,
    "radius": 0.0,
    "bin_size_x": 0.06807059529144252,
    "bin_size_y": 6.0,
    "xvalues": [
        -0.13614119058288504,
        -0.0680705952914425,
        2.7755575615628914e-17,
        0.06807059529144252,
        0.13614119058288507
    ],
    "yvalues": [
        -12.0,
        -6.0,
        0.0,
        6.0,
        12.0
    ],
    "flux": [
        [
            0.0,
            0.0,
            0.0,
            0.0,
            0.0
        ],
        [
            4544.0,
            13145.0,
            13169.0,
            13252.0,
            13227.0
        ],
        [
            75480.0,
            172313.0,
            172572.0,
            173214.0,
            172231.0
        ],
        [
            3017.0,
            8883.0,
            8850.0,
            8811.0,
            8851.0
        ],
        [
            0.0,
            0.0,
            0.0,
            0.0,
            0.0
        ]
    ],
    "sim_time": 15.987988233566284
}