{
    "dni": 1000.0,
    "generated_rays": 18066906,
    "power_per_ray": 0.09224786913644863,
    "num_rays": 301799.0,
    "avg_flux": 2726.611937534698,
    "peak_flux": 38146.0417471757,
    "min_flux": 0.0,
    "radius": 0.0,
    "bin_size_x": 0.06807059529144252,
    "bin_size_y": 6.0,
    "xvalues": [
        -0.13614119058288504,
        -0.0680705952914425,
        2.7755575615628914e-17,
        0.06807059529144252,
        0.13614119058288507
    ],
    "yvalues": [
        -12.0,
        -6.0,
        0.0,
        6.0,
        12.0
    ],
    "flux": [
        [
            0.0,
            0.0,
            0.0,
            0.0,
            275.0
        ],
        [
            0.0,
            0.0,
            0.0,
            5535.0,
            19935.0
        ],
        [
            0.0,
            0.0,
            0.0,
            78572.0,
            168890.0
        ],
        [
            0.0,
            0.0,
            0.0,
            6031.0,
            21579.0
        ],
        [
            0.0,
            0.0,
            0.0,
            0.0,
            982.0
        ]
    ],
    "sim_time": 15.541803121566772
}