{
    "dni": 1000.0,
    "generated_rays": 18947121,
    "power_per_ray": 0.08362637285266511,
    "num_rays": 874873.0,
    "avg_flux": 7165.350950091984,
    "peak_flux": 28717.5719262739,
    "min_flux": 0.0,
    "radius": 0.0,
    "bin_size_x": 0.06807059529144252,
    "bin_size_y": 6.0,
    "xvalues": [
        -0.13614119058288504,
        -0.0680705952914425,
        2.7755575615628914e-17,
        0.06807059529144252,
        0.13614119058288507
    ],
    "yvalues": [
        -12.0,
        -6.0,
        0.0,
        6.0,
        12.0
    ],
    "flux": [
        [
            0.0,
            11038.0,
            19117.0,
            19383.0,
            19358.0
        ],
        [
            0.0,
            45023.0,
            60757.0,
            61060.0,
            60756.0
        ],
        [
            0.0,
            110225.0,
            140254.0,
            139898.0,
            138808.0
        ],
        [
            0.0,
            10059.0,
            9711.0,
            9523.0,
            9716.0
        ],
        [
            0.0,
            2501.0,
            2575.0,
            2588.0,
            2523.0
        ]
    ],
    "sim_time": 15.489097118377686
}