{
    "dni": 1000.0,
    "generated_rays": 14551742,
    "power_per_ray": 0.07996218899948841,
    "num_rays": 1155413.0,
    "avg_flux": 9048.385947256005,
    "peak_flux": 20896.25806794904,
    "min_flux": 562.483129981801,
    "radius": 0.0,
    "bin_size_x": 0.06807059529144252,
    "bin_size_y": 6.0,
    "xvalues": [
        -0.13614119058288504,
        -0.0680705952914425,
        2.7755575615628914e-17,
        0.06807059529144252,
        0.13614119058288507
    ],
    "yvalues": [
        -12.0,
        -6.0,
        0.0,
        6.0,
        12.0
    ],
    "flux": [
        [
            28787.0,
            29111.0,
            29347.0,
            29017.0,
            29357.0
        ],
        [
            88895.0,
            90481.0,
            90572.0,
            90726.0,
            90218.0
        ],
        [
            104026.0,
            106732.0,
            105810.0,
            106099.0,
            106379.0
        ],
        [
            3063.0,
            2996.0,
            3014.0,
            2973.0,
            3083.0
        ],
        [
            2873.0,
            3008.0,
            2973.0,
            2915.0,
            2958.0
        ]
    ],
    "sim_time": 14.716808557510376
}