{
    "dni": 1000.0,
    "generated_rays": 11236510,
    "power_per_ray": 0.15368499746885156,
    "num_rays": 418004.0,
    "avg_flux": 6291.60000799404,
    "peak_flux": 72203.32128005476,
    "min_flux": 0.0,
    "radius": 0.0,
    "bin_size_x": 0.06807059529144252,
    "bin_size_y": 6.0,
    "xvalues": [
        -0.13614119058288504,
        -0.0680705952914425,
        2.7755575615628914e-17,
        0.06807059529144252,
        0.13614119058288507
    ],
    "yvalues": [
        -12.0,
        -6.0,
        0.0,
        6.0,
        12.0
    ],
    "flux": [
        [
            0.0,
            0.0,
            0.0,
            0.0,
            0.0
        ],
        [
            0.0,
            0.0,
            8.0,
            2598.0,
            4775.0
        ],
        [
            0.0,
            0.0,
            47956.0,
            169715.0,
            191883.0
        ],
        [
            0.0,
            0.0,
            0.0,
            330.0,
            739.0
        ],
        [
            0.0,
            0.0,
            0.0,
            0.0,
            0.0
        ]
    ],
    "sim_time": 21.115838527679443
}