{
    "dni": 1000.0,
    "generated_rays": 4536537,
    "power_per_ray": 0.3042497368526966,
    "num_rays": 885251.0,
    "avg_flux": 26378.240868461668,
    "peak_flux": 112267.9309259216,
    "min_flux": 131.1088717451111,
    "radius": 0.0,
    "bin_size_x": 0.06807059529144252,
    "bin_size_y": 6.0,
    "xvalues": [
        -0.13614119058288504,
        -0.0680705952914425,
        2.7755575615628914e-17,
        0.06807059529144252,
        0.13614119058288507
    ],
    "yvalues": [
        -12.0,
        -6.0,
        0.0,
        6.0,
        12.0
    ],
    "flux": [
        [
            963.0,
            2166.0,
            2309.0,
            2264.0,
            2260.0
        ],
        [
            11270.0,
            22080.0,
            22216.0,
            22035.0,
            22070.0
        ],
        [
            82901.0,
            150708.0,
            150090.0,
            149965.0,
            149614.0
        ],
        [
            10095.0,
            20248.0,
            19885.0,
            20135.0,
            20029.0
        ],
        [
            176.0,
            471.0,
            413.0,
            435.0,
            453.0
        ]
    ],
    "sim_time": 16.285351991653442
}