{
    "dni": 1000.0,
    "generated_rays": 5407065,
    "power_per_ray": 0.2651428979667609,
    "num_rays": 1131604.0,
    "avg_flux": 29384.862644061286,
    "peak_flux": 147061.42132063184,
    "min_flux": 0.0,
    "radius": 0.0,
    "bin_size_x": 0.06807059529144252,
    "bin_size_y": 6.0,
    "xvalues": [
        -0.13614119058288504,
        -0.0680705952914425,
        2.7755575615628914e-17,
        0.06807059529144252,
        0.13614119058288507
    ],
    "yvalues": [
        -12.0,
        -6.0,
        0.0,
        6.0,
        12.0
    ],
    "flux": [
        [
            0.0,
            0.0,
            0.0,
            0.0,
            0.0
        ],
        [
            3390.0,
            5655.0,
            5802.0,
            5899.0,
            5762.0
        ],
        [
            150879.0,
            225729.0,
            225364.0,
            225901.0,
            226532.0
        ],
        [
            6492.0,
            10965.0,
            11033.0,
            11083.0,
            11118.0
        ],
        [
            0.0,
            0.0,
            0.0,
            0.0,
            0.0
        ]
    ],
    "sim_time": 13.512930154800415
}