{
    "dni": 1000.0,
    "generated_rays": 5134961,
    "power_per_ray": 0.25776431245232895,
    "num_rays": 1172107.0,
    "avg_flux": 29589.609990629222,
    "peak_flux": 123717.83584717641,
    "min_flux": 0.0,
    "radius": 0.0,
    "bin_size_x": 0.06807059529144252,
    "bin_size_y": 6.0,
    "xvalues": [
        -0.13614119058288504,
        -0.0680705952914425,
        2.7755575615628914e-17,
        0.06807059529144252,
        0.13614119058288507
    ],
    "yvalues": [
        -12.0,
        -6.0,
        0.0,
        6.0,
        12.0
    ],
    "flux": [
        [
            0.0,
            0.0,
            0.0,
            0.0,
            0.0
        ],
        [
            17023.0,
            21699.0,
            21536.0,
            21574.0,
            21685.0
        ],
        [
            159466.0,
            195085.0,
            195235.0,
            196029.0,
            194468.0
        ],
        [
            20468.0,
            25565.0,
            25483.0,
            25588.0,
            25685.0
        ],
        [
            898.0,
            1170.0,
            1132.0,
            1163.0,
            1155.0
        ]
    ],
    "sim_time": 13.767541408538818
}