{
    "dni": 1000.0,
    "generated_rays": 45797392,
    "power_per_ray": 0.038274640828821004,
    "num_rays": 25167.0,
    "avg_flux": 94.33910796233175,
    "peak_flux": 1306.922954307902,
    "min_flux": 0.0,
    "radius": 0.0,
    "bin_size_x": 0.06807059529144252,
    "bin_size_y": 6.0,
    "xvalues": [
        -0.13614119058288504,
        -0.0680705952914425,
        2.7755575615628914e-17,
        0.06807059529144252,
        0.13614119058288507
    ],
    "yvalues": [
        -12.0,
        -6.0,
        0.0,
        6.0,
        12.0
    ],
    "flux": [
        [
            0.0,
            0.0,
            0.0,
            0.0,
            0.0
        ],
        [
            0.0,
            0.0,
            0.0,
            0.0,
            7971.0
        ],
        [
            0.0,
            0.0,
            0.0,
            0.0,
            13946.0
        ],
        [
            0.0,
            0.0,
            0.0,
            0.0,
            3247.0
        ],
        [
            0.0,
            0.0,
            0.0,
            0.0,
            3.0
        ]
    ],
    "sim_time": 23.868412017822266
}