{
    "dni": 1000.0,
    "generated_rays": 14781142,
    "power_per_ray": 0.07998910260829659,
    "num_rays": 1145431.0,
    "avg_flux": 8973.233096948496,
    "peak_flux": 20856.87524302053,
    "min_flux": 539.7581874244291,
    "radius": 0.0,
    "bin_size_x": 0.06807059529144252,
    "bin_size_y": 6.0,
    "xvalues": [
        -0.13614119058288504,
        -0.0680705952914425,
        2.7755575615628914e-17,
        0.06807059529144252,
        0.13614119058288507
    ],
    "yvalues": [
        -12.0,
        -6.0,
        0.0,
        6.0,
        12.0
    ],
    "flux": [
        [
            27333.0,
            29036.0,
            29289.0,
            29112.0,
            29312.0
        ],
        [
            84993.0,
            90172.0,
            90398.0,
            90649.0,
            90150.0
        ],
        [
            100241.0,
            106495.0,
            105868.0,
            105961.0,
            106341.0
        ],
        [
            3286.0,
            3015.0,
            3040.0,
            3015.0,
            3129.0
        ],
        [
            2756.0,
            3009.0,
            2974.0,
            2925.0,
            2932.0
        ]
    ],
    "sim_time": 15.027820348739624
}