{
    "dni": 1000.0,
    "generated_rays": 5309871,
    "power_per_ray": 0.2549238704560456,
    "num_rays": 1147564.0,
    "avg_flux": 28650.790670431943,
    "peak_flux": 122099.86374922373,
    "min_flux": 0.0,
    "radius": 0.0,
    "bin_size_x": 0.06807059529144252,
    "bin_size_y": 6.0,
    "xvalues": [
        -0.13614119058288504,
        -0.0680705952914425,
        2.7755575615628914e-17,
        0.06807059529144252,
        0.13614119058288507
    ],
    "yvalues": [
        -12.0,
        -6.0,
        0.0,
        6.0,
        12.0
    ],
    "flux": [
        [
            0.0,
            0.0,
            0.0,
            0.0,
            0.0
        ],
        [
            14670.0,
            21597.0,
            21505.0,
            21572.0,
            21683.0
        ],
        [
            141394.0,
            194743.0,
            194896.0,
            195621.0,
            194325.0
        ],
        [
            17537.0,
            25677.0,
            25706.0,
            25620.0,
            25640.0
        ],
        [
            745.0,
            1157.0,
            1161.0,
            1138.0,
            1177.0
        ]
    ],
    "sim_time": 12.842087268829346
}