{
    "dni": 1000.0,
    "generated_rays": 7008195,
    "power_per_ray": 0.17679926935089255,
    "num_rays": 1186330.0,
    "avg_flux": 20541.64271773425,
    "peak_flux": 69483.21077507266,
    "min_flux": 3277.3506742636114,
    "radius": 0.0,
    "bin_size_x": 0.06807059529144252,
    "bin_size_y": 6.0,
    "xvalues": [
        -0.13614119058288504,
        -0.0680705952914425,
        2.7755575615628914e-17,
        0.06807059529144252,
        0.13614119058288507
    ],
    "yvalues": [
        -12.0,
        -6.0,
        0.0,
        6.0,
        12.0
    ],
    "flux": [
        [
            8800.0,
            10124.0,
            9924.0,
            9873.0,
            9936.0
        ],
        [
            35565.0,
            39391.0,
            39309.0,
            39422.0,
            39335.0
        ],
        [
            144859.0,
            160317.0,
            160513.0,
            160370.0,
            160119.0
        ],
        [
            21164.0,
            23592.0,
            23572.0,
            23731.0,
            23580.0
        ],
        [
            7571.0,
            8785.0,
            8904.0,
            8740.0,
            8834.0
        ]
    ],
    "sim_time": 12.2419912815094
}