{
    "dni": 1000.0,
    "generated_rays": 5219150,
    "power_per_ray": 0.2440784999539413,
    "num_rays": 1184272.0,
    "avg_flux": 28309.36834129048,
    "peak_flux": 109243.9245831245,
    "min_flux": 992.6321996737972,
    "radius": 0.0,
    "bin_size_x": 0.06807059529144252,
    "bin_size_y": 6.0,
    "xvalues": [
        -0.13614119058288504,
        -0.0680705952914425,
        2.7755575615628914e-17,
        0.06807059529144252,
        0.13614119058288507
    ],
    "yvalues": [
        -12.0,
        -6.0,
        0.0,
        6.0,
        12.0
    ],
    "flux": [
        [
            1661.0,
            2046.0,
            2003.0,
            1979.0,
            1989.0
        ],
        [
            21875.0,
            26225.0,
            26209.0,
            26365.0,
            26166.0
        ],
        [
            153540.0,
            182801.0,
            182068.0,
            182444.0,
            181534.0
        ],
        [
            24605.0,
            28997.0,
            29437.0,
            29339.0,
            29582.0
        ],
        [
            3943.0,
            4820.0,
            4922.0,
            4827.0,
            4895.0
        ]
    ],
    "sim_time": 12.614124536514282
}