{
    "dni": 1000.0,
    "generated_rays": 8021579,
    "power_per_ray": 0.18813078980202902,
    "num_rays": 985448.0,
    "avg_flux": 18156.945227727578,
    "peak_flux": 79758.88978963663,
    "min_flux": 0.0,
    "radius": 0.0,
    "bin_size_x": 0.06807059529144252,
    "bin_size_y": 6.0,
    "xvalues": [
        -0.13614119058288504,
        -0.0680705952914425,
        2.7755575615628914e-17,
        0.06807059529144252,
        0.13614119058288507
    ],
    "yvalues": [
        -12.0,
        -6.0,
        0.0,
        6.0,
        12.0
    ],
    "flux": [
        [
            0.0,
            3587.0,
            4194.0,
            4154.0,
            4087.0
        ],
        [
            2240.0,
            28842.0,
            29339.0,
            29270.0,
            29288.0
        ],
        [
            14598.0,
            166503.0,
            173153.0,
            172562.0,
            172328.0
        ],
        [
            1754.0,
            29014.0,
            31240.0,
            31222.0,
            30961.0
        ],
        [
            6.0,
            5910.0,
            7082.0,
            7020.0,
            7094.0
        ]
    ],
    "sim_time": 11.69534707069397
}