{
    "dni": 1000.0,
    "generated_rays": 4971586,
    "power_per_ray": 0.3038122597843494,
    "num_rays": 834205.0,
    "avg_flux": 24821.457301134596,
    "peak_flux": 128476.00938342977,
    "min_flux": 0.0,
    "radius": 0.0,
    "bin_size_x": 0.06807059529144252,
    "bin_size_y": 6.0,
    "xvalues": [
        -0.13614119058288504,
        -0.0680705952914425,
        2.7755575615628914e-17,
        0.06807059529144252,
        0.13614119058288507
    ],
    "yvalues": [
        -12.0,
        -6.0,
        0.0,
        6.0,
        12.0
    ],
    "flux": [
        [
            0.0,
            0.0,
            0.0,
            0.0,
            0.0
        ],
        [
            2486.0,
            12991.0,
            13010.0,
            13153.0,
            13307.0
        ],
        [
            52079.0,
            172709.0,
            172526.0,
            172431.0,
            172714.0
        ],
        [
            1568.0,
            8878.0,
            8838.0,
            8798.0,
            8717.0
        ],
        [
            0.0,
            0.0,
            0.0,
            0.0,
            0.0
        ]
    ],
    "sim_time": 16.381376266479492
}