{"ns": [[0.0, 0.54115], [1.1111111111111112, 0.54031], [2.2222222222222223, 0.53695], [3.333333333333333, 0.53133], [4.444444444444445, 0.52386], [5.555555555555555, 0.51411], [6.666666666666666, 0.50324], [7.777777777777778, 0.49098], [8.88888888888889, 0.4778], [10.0, 0.46352], [11.666666666666668, 0.44223], [13.333333333333334, 0.42047], [15.0, 0.39974], [16.666666666666668, 0.38016], [18.333333333333332, 0.36122], [20.0, 0.34301], [21.666666666666668, 0.32628], [23.333333333333336, 0.31087], [25.0, 0.29658]], "ew": [[0.0, 0.59139], [1.1111111111111112, 0.59042], [2.2222222222222223, 0.5865], [3.333333333333333, 0.58004], [4.444444444444445, 0.57201], [5.555555555555555, 0.56109], [6.666666666666666, 0.54912], [7.777777777777778, 0.53578], [8.88888888888889, 0.52115], [10.0, 0.50565], [11.666666666666668, 0.48219], [13.333333333333334, 0.45865], [15.0, 0.4357], [16.666666666666668, 0.41427], [18.333333333333332, 0.39364], [20.0, 0.37377], [21.666666666666668, 0.35573], [23.333333333333336, 0.33887], [25.0, 0.32335]]}