{"ns": [[0.0, 0.57679], [1.1111111111111112, 0.57602], [2.2222222222222223, 0.57587], [3.333333333333333, 0.57516], [4.444444444444445, 0.57447], [5.555555555555555, 0.57364], [6.666666666666666, 0.57192], [7.777777777777778, 0.57009], [8.88888888888889, 0.56786], [10.0, 0.5649], [11.666666666666668, 0.55965], [13.333333333333334, 0.55343], [15.0, 0.54528], [16.666666666666668, 0.53564], [18.333333333333332, 0.52556], [20.0, 0.51318], [21.666666666666668, 0.50081], [23.333333333333336, 0.48713], [25.0, 0.47383]], "ew": [[0.0, 0.63389], [1.1111111111111112, 0.63288], [2.2222222222222223, 0.63266], [3.333333333333333, 0.63203], [4.444444444444445, 0.63101], [5.555555555555555, 0.63002], [6.666666666666666, 0.62845], [7.777777777777778, 0.62622], [8.88888888888889, 0.62401], [10.0, 0.62045], [11.666666666666668, 0.61498], [13.333333333333334, 0.60805], [15.0, 0.59926], [16.666666666666668, 0.58867], [18.333333333333332, 0.57736], [20.0, 0.56404], [21.666666666666668, 0.55039], [23.333333333333336, 0.5352], [25.0, 0.52037]]}