{
    "dni": 1000.0,
    "generated_rays": 14282176,
    "power_per_ray": 0.07072432138354366,
    "num_rays": 829003.0,
    "avg_flux": 3281.3060102538275,
    "peak_flux": 10295.802501585638,
    "min_flux": 0.0,
    "radius": 0.0,
    "bin_size_x": 0.11912060709304066,
    "bin_size_y": 6.0,
    "xvalues": [
        -0.23824121418608132,
        -0.11912060709304068,
        0.0,
        0.11912060709304068,
        0.23824121418608135
    ],
    "yvalues": [
        -12.0,
        -6.0,
        0.0,
        6.0,
        12.0
    ],
    "flux": [
        [
            0.0,
            0.0,
            0.0,
            0.0,
            0.0
        ],
        [
            12805.0,
            13529.0,
            13366.0,
            13575.0,
            13559.0
        ],
        [
            97345.0,
            104047.0,
            103343.0,
            102831.0,
            103230.0
        ],
        [
            48220.0,
            50922.0,
            50603.0,
            50978.0,
            50631.0
        ],
        [
            7.0,
            3.0,
            3.0,
            4.0,
            2.0
        ]
    ],
    "sim_time": 17.357978582382202
}