{
    "dni": 1000.0,
    "generated_rays": 24865019,
    "power_per_ray": 0.040320976270808884,
    "num_rays": 848515.0,
    "avg_flux": 1914.7514447942629,
    "peak_flux": 5261.919257728222,
    "min_flux": 0.0,
    "radius": 0.0,
    "bin_size_x": 0.11912060709304066,
    "bin_size_y": 6.0,
    "xvalues": [
        -0.23824121418608132,
        -0.11912060709304068,
        0.0,
        0.11912060709304068,
        0.23824121418608135
    ],
    "yvalues": [
        -12.0,
        -6.0,
        0.0,
        6.0,
        12.0
    ],
    "flux": [
        [
            0.0,
            0.0,
            0.0,
            0.0,
            0.0
        ],
        [
            4642.0,
            4640.0,
            4689.0,
            4584.0,
            4609.0
        ],
        [
            92843.0,
            92898.0,
            92511.0,
            92654.0,
            93272.0
        ],
        [
            71901.0,
            72245.0,
            72306.0,
            72298.0,
            72409.0
        ],
        [
            2.0,
            3.0,
            1.0,
            2.0,
            6.0
        ]
    ],
    "sim_time": 24.99765968322754
}