{
    "dni": 1000.0,
    "generated_rays": 15120009,
    "power_per_ray": 0.0689827201524269,
    "num_rays": 732307.0,
    "avg_flux": 2827.1922650185234,
    "peak_flux": 6821.699167809547,
    "min_flux": 0.8686497051498454,
    "radius": 0.0,
    "bin_size_x": 0.11912060709304066,
    "bin_size_y": 6.0,
    "xvalues": [
        -0.23824121418608132,
        -0.11912060709304068,
        0.0,
        0.11912060709304068,
        0.23824121418608135
    ],
    "yvalues": [
        -12.0,
        -6.0,
        0.0,
        6.0,
        12.0
    ],
    "flux": [
        [
            18.0,
            15.0,
            14.0,
            16.0,
            18.0
        ],
        [
            29833.0,
            42690.0,
            42540.0,
            42430.0,
            42249.0
        ],
        [
            51593.0,
            70421.0,
            70117.0,
            70436.0,
            70679.0
        ],
        [
            29517.0,
            42496.0,
            42688.0,
            42353.0,
            42112.0
        ],
        [
            12.0,
            19.0,
            9.0,
            13.0,
            19.0
        ]
    ],
    "sim_time": 17.386295795440674
}