{
    "dni": 1000.0,
    "generated_rays": 13974275,
    "power_per_ray": 0.07501333856278289,
    "num_rays": 768640.0,
    "avg_flux": 3226.88374189042,
    "peak_flux": 8588.517494621507,
    "min_flux": 0.2099086530684339,
    "radius": 0.0,
    "bin_size_x": 0.11912060709304066,
    "bin_size_y": 6.0,
    "xvalues": [
        -0.23824121418608132,
        -0.11912060709304068,
        0.0,
        0.11912060709304068,
        0.23824121418608135
    ],
    "yvalues": [
        -12.0,
        -6.0,
        0.0,
        6.0,
        12.0
    ],
    "flux": [
        [
            2.0,
            6.0,
            4.0,
            3.0,
            6.0
        ],
        [
            25136.0,
            41782.0,
            41736.0,
            41168.0,
            41306.0
        ],
        [
            49478.0,
            81684.0,
            81744.0,
            81831.0,
            81695.0
        ],
        [
            26859.0,
            43489.0,
            43663.0,
            43678.0,
            43335.0
        ],
        [
            4.0,
            7.0,
            8.0,
            10.0,
            6.0
        ]
    ],
    "sim_time": 17.092694520950317
}