{
    "dni": 1000.0,
    "generated_rays": 43597786,
    "power_per_ray": 0.02299356975814783,
    "num_rays": 862648.0,
    "avg_flux": 1110.0993885541036,
    "peak_flux": 3205.063119160497,
    "min_flux": 0.0,
    "radius": 0.0,
    "bin_size_x": 0.11912060709304066,
    "bin_size_y": 6.0,
    "xvalues": [
        -0.23824121418608132,
        -0.11912060709304068,
        0.0,
        0.11912060709304068,
        0.23824121418608135
    ],
    "yvalues": [
        -12.0,
        -6.0,
        0.0,
        6.0,
        12.0
    ],
    "flux": [
        [
            0.0,
            3.0,
            0.0,
            2.0,
            0.0
        ],
        [
            98124.0,
            99530.0,
            99625.0,
            99348.0,
            99426.0
        ],
        [
            66671.0,
            67753.0,
            66900.0,
            67584.0,
            67274.0
        ],
        [
            6100.0,
            5996.0,
            6204.0,
            5978.0,
            6130.0
        ],
        [
            0.0,
            0.0,
            0.0,
            0.0,
            0.0
        ]
    ],
    "sim_time": 38.70419502258301
}