{
    "dni": 1000.0,
    "generated_rays": 32545229,
    "power_per_ray": 0.031256810688347715,
    "num_rays": 838080.0,
    "avg_flux": 1466.0608012309162,
    "peak_flux": 3703.9429278903103,
    "min_flux": 0.0,
    "radius": 0.0,
    "bin_size_x": 0.11912060709304066,
    "bin_size_y": 6.0,
    "xvalues": [
        -0.23824121418608132,
        -0.11912060709304068,
        0.0,
        0.11912060709304068,
        0.23824121418608135
    ],
    "yvalues": [
        -12.0,
        -6.0,
        0.0,
        6.0,
        12.0
    ],
    "flux": [
        [
            2.0,
            0.0,
            0.0,
            1.0,
            1.0
        ],
        [
            75593.0,
            84695.0,
            84015.0,
            83984.0,
            84507.0
        ],
        [
            74841.0,
            81426.0,
            81283.0,
            81253.0,
            81017.0
        ],
        [
            5027.0,
            5036.0,
            5176.0,
            5119.0,
            5104.0
        ],
        [
            0.0,
            0.0,
            0.0,
            0.0,
            0.0
        ]
    ],
    "sim_time": 31.05977487564087
}