{
    "dni": 1000.0,
    "generated_rays": 34600225,
    "power_per_ray": 0.029831895383063464,
    "num_rays": 821165.0,
    "avg_flux": 1370.9863177073796,
    "peak_flux": 3526.116070458417,
    "min_flux": 0.0,
    "radius": 0.0,
    "bin_size_x": 0.11912060709304066,
    "bin_size_y": 6.0,
    "xvalues": [
        -0.23824121418608132,
        -0.11912060709304068,
        0.0,
        0.11912060709304068,
        0.23824121418608135
    ],
    "yvalues": [
        -12.0,
        -6.0,
        0.0,
        6.0,
        12.0
    ],
    "flux": [
        [
            3.0,
            0.0,
            0.0,
            1.0,
            2.0
        ],
        [
            67286.0,
            84480.0,
            83715.0,
            84179.0,
            84181.0
        ],
        [
            67602.0,
            81092.0,
            81177.0,
            80922.0,
            80960.0
        ],
        [
            5056.0,
            5138.0,
            5208.0,
            5015.0,
            5148.0
        ],
        [
            0.0,
            0.0,
            0.0,
            0.0,
            0.0
        ]
    ],
    "sim_time": 32.793750286102295
}