{
    "dni": 1000.0,
    "generated_rays": 18332960,
    "power_per_ray": 0.05555990838848023,
    "num_rays": 825205.0,
    "avg_flux": 2565.932423201158,
    "peak_flux": 8201.947696995116,
    "min_flux": 0.0,
    "radius": 0.0,
    "bin_size_x": 0.11912060709304066,
    "bin_size_y": 6.0,
    "xvalues": [
        -0.23824121418608132,
        -0.11912060709304068,
        0.0,
        0.11912060709304068,
        0.23824121418608135
    ],
    "yvalues": [
        -12.0,
        -6.0,
        0.0,
        6.0,
        12.0
    ],
    "flux": [
        [
            3.0,
            5.0,
            1.0,
            4.0,
            3.0
        ],
        [
            52411.0,
            58285.0,
            58377.0,
            58088.0,
            58394.0
        ],
        [
            94712.0,
            105510.0,
            105326.0,
            105318.0,
            105460.0
        ],
        [
            4544.0,
            4642.0,
            4774.0,
            4678.0,
            4670.0
        ],
        [
            0.0,
            0.0,
            0.0,
            0.0,
            0.0
        ]
    ],
    "sim_time": 20.339396238327026
}