{
    "dni": 1000.0,
    "generated_rays": 11820225,
    "power_per_ray": 0.0831127045219537,
    "num_rays": 785767.0,
    "avg_flux": 3654.963491082779,
    "peak_flux": 8247.85195649691,
    "min_flux": 0.4651459645267336,
    "radius": 0.0,
    "bin_size_x": 0.11912060709304066,
    "bin_size_y": 6.0,
    "xvalues": [
        -0.23824121418608132,
        -0.11912060709304068,
        0.0,
        0.11912060709304068,
        0.23824121418608135
    ],
    "yvalues": [
        -12.0,
        -6.0,
        0.0,
        6.0,
        12.0
    ],
    "flux": [
        [
            4.0,
            9.0,
            8.0,
            6.0,
            7.0
        ],
        [
            43157.0,
            43291.0,
            43363.0,
            43189.0,
            43034.0
        ],
        [
            70557.0,
            70864.0,
            70856.0,
            70927.0,
            70691.0
        ],
        [
            43119.0,
            43292.0,
            43298.0,
            42829.0,
            43220.0
        ],
        [
            6.0,
            10.0,
            7.0,
            11.0,
            12.0
        ]
    ],
    "sim_time": 14.997982501983643
}