{
    "dni": 1000.0,
    "generated_rays": 12202581,
    "power_per_ray": 0.08086582377358512,
    "num_rays": 786412.0,
    "avg_flux": 3559.073768865859,
    "peak_flux": 8440.904368590147,
    "min_flux": 0.22628557097716334,
    "radius": 0.0,
    "bin_size_x": 0.11912060709304066,
    "bin_size_y": 6.0,
    "xvalues": [
        -0.23824121418608132,
        -0.11912060709304068,
        0.0,
        0.11912060709304068,
        0.23824121418608135
    ],
    "yvalues": [
        -12.0,
        -6.0,
        0.0,
        6.0,
        12.0
    ],
    "flux": [
        [
            2.0,
            3.0,
            2.0,
            3.0,
            5.0
        ],
        [
            40637.0,
            42151.0,
            42040.0,
            42099.0,
            42184.0
        ],
        [
            71413.0,
            74432.0,
            74604.0,
            74449.0,
            74303.0
        ],
        [
            40487.0,
            42136.0,
            41772.0,
            41449.0,
            42213.0
        ],
        [
            6.0,
            6.0,
            6.0,
            6.0,
            4.0
        ]
    ],
    "sim_time": 15.604758977890015
}