{
    "dni": 1000.0,
    "generated_rays": 71063748,
    "power_per_ray": 0.014143833059414714,
    "num_rays": 881574.0,
    "avg_flux": 697.8269497782487,
    "peak_flux": 2118.53639366946,
    "min_flux": 0.0,
    "radius": 0.0,
    "bin_size_x": 0.11912060709304066,
    "bin_size_y": 6.0,
    "xvalues": [
        -0.23824121418608132,
        -0.11912060709304068,
        0.0,
        0.11912060709304068,
        0.23824121418608135
    ],
    "yvalues": [
        -12.0,
        -6.0,
        0.0,
        6.0,
        12.0
    ],
    "flux": [
        [
            0.0,
            0.0,
            0.0,
            0.0,
            0.0
        ],
        [
            8402.0,
            8331.0,
            8220.0,
            8159.0,
            8279.0
        ],
        [
            60668.0,
            62622.0,
            62363.0,
            62375.0,
            62876.0
        ],
        [
            102446.0,
            106437.0,
            106729.0,
            106609.0,
            107055.0
        ],
        [
            0.0,
            0.0,
            1.0,
            1.0,
            1.0
        ]
    ],
    "sim_time": 59.24650573730469
}