{
    "dni": 1000.0,
    "generated_rays": 30602793,
    "power_per_ray": 0.035607366996812044,
    "num_rays": 662079.0,
    "avg_flux": 1319.384921953868,
    "peak_flux": 4724.807282373437,
    "min_flux": 0.0,
    "radius": 0.0,
    "bin_size_x": 0.11912060709304066,
    "bin_size_y": 6.0,
    "xvalues": [
        -0.23824121418608132,
        -0.11912060709304068,
        0.0,
        0.11912060709304068,
        0.23824121418608135
    ],
    "yvalues": [
        -12.0,
        -6.0,
        0.0,
        6.0,
        12.0
    ],
    "flux": [
        [
            0.0,
            28.0,
            19.0,
            23.0,
            16.0
        ],
        [
            5.0,
            23283.0,
            23818.0,
            23825.0,
            23731.0
        ],
        [
            17.0,
            90199.0,
            94838.0,
            94833.0,
            94598.0
        ],
        [
            39.0,
            46790.0,
            48392.0,
            48624.0,
            48327.0
        ],
        [
            0.0,
            157.0,
            170.0,
            157.0,
            190.0
        ]
    ],
    "sim_time": 28.76795506477356
}