{
    "dni": 1000.0,
    "generated_rays": 27708779,
    "power_per_ray": 0.037353138227104406,
    "num_rays": 811493.0,
    "avg_flux": 1696.4212959756667,
    "peak_flux": 4860.398688766785,
    "min_flux": 0.0,
    "radius": 0.0,
    "bin_size_x": 0.11912060709304066,
    "bin_size_y": 6.0,
    "xvalues": [
        -0.23824121418608132,
        -0.11912060709304068,
        0.0,
        0.11912060709304068,
        0.23824121418608135
    ],
    "yvalues": [
        -12.0,
        -6.0,
        0.0,
        6.0,
        12.0
    ],
    "flux": [
        [
            6.0,
            2.0,
            3.0,
            4.0,
            1.0
        ],
        [
            56336.0,
            71988.0,
            72395.0,
            72055.0,
            71940.0
        ],
        [
            73812.0,
            93000.0,
            92347.0,
            92110.0,
            92642.0
        ],
        [
            4420.0,
            4563.0,
            4671.0,
            4648.0,
            4548.0
        ],
        [
            2.0,
            0.0,
            0.0,
            0.0,
            0.0
        ]
    ],
    "sim_time": 27.173007488250732
}