{
    "dni": 1000.0,
    "generated_rays": 12923003,
    "power_per_ray": 0.0775562953892301,
    "num_rays": 831936.0,
    "avg_flux": 3611.011043652529,
    "peak_flux": 10553.47076161719,
    "min_flux": 0.0,
    "radius": 0.0,
    "bin_size_x": 0.11912060709304066,
    "bin_size_y": 6.0,
    "xvalues": [
        -0.23824121418608132,
        -0.11912060709304068,
        0.0,
        0.11912060709304068,
        0.23824121418608135
    ],
    "yvalues": [
        -12.0,
        -6.0,
        0.0,
        6.0,
        12.0
    ],
    "flux": [
        [
            2.0,
            4.0,
            3.0,
            3.0,
            2.0
        ],
        [
            46836.0,
            48212.0,
            48609.0,
            48289.0,
            48699.0
        ],
        [
            93513.0,
            96781.0,
            96746.0,
            97256.0,
            97208.0
        ],
        [
            21238.0,
            22323.0,
            22310.0,
            21837.0,
            22065.0
        ],
        [
            0.0,
            0.0,
            0.0,
            0.0,
            0.0
        ]
    ],
    "sim_time": 16.5819411277771
}