{
    "dni": 1000.0,
    "generated_rays": 13299595,
    "power_per_ray": 0.0763486441168594,
    "num_rays": 820200.0,
    "avg_flux": 3504.6361517022283,
    "peak_flux": 10388.28506707932,
    "min_flux": 0.0,
    "radius": 0.0,
    "bin_size_x": 0.11912060709304066,
    "bin_size_y": 6.0,
    "xvalues": [
        -0.23824121418608132,
        -0.11912060709304068,
        0.0,
        0.11912060709304068,
        0.23824121418608135
    ],
    "yvalues": [
        -12.0,
        -6.0,
        0.0,
        6.0,
        12.0
    ],
    "flux": [
        [
            2.0,
            3.0,
            3.0,
            4.0,
            2.0
        ],
        [
            43415.0,
            48305.0,
            48553.0,
            48318.0,
            48651.0
        ],
        [
            86805.0,
            97002.0,
            96751.0,
            97248.0,
            96817.0
        ],
        [
            19722.0,
            22354.0,
            22157.0,
            21904.0,
            22184.0
        ],
        [
            0.0,
            0.0,
            0.0,
            0.0,
            0.0
        ]
    ],
    "sim_time": 16.530953407287598
}