{
    "dni": 1000.0,
    "generated_rays": 28607479,
    "power_per_ray": 0.03765392779431715,
    "num_rays": 637927.0,
    "avg_flux": 1344.3214000906871,
    "peak_flux": 4311.592995100608,
    "min_flux": 0.0,
    "radius": 0.0,
    "bin_size_x": 0.11912060709304066,
    "bin_size_y": 6.0,
    "xvalues": [
        -0.23824121418608132,
        -0.11912060709304068,
        0.0,
        0.11912060709304068,
        0.23824121418608135
    ],
    "yvalues": [
        -12.0,
        -6.0,
        0.0,
        6.0,
        12.0
    ],
    "flux": [
        [
            0.0,
            232.0,
            196.0,
            212.0,
            203.0
        ],
        [
            0.0,
            45977.0,
            41914.0,
            40037.0,
            39814.0
        ],
        [
            0.0,
            81840.0,
            75633.0,
            71302.0,
            71011.0
        ],
        [
            0.0,
            45141.0,
            42830.0,
            40609.0,
            40279.0
        ],
        [
            0.0,
            204.0,
            197.0,
            153.0,
            143.0
        ]
    ],
    "sim_time": 26.970777988433838
}