{
    "dni": 1000.0,
    "generated_rays": 15856631,
    "power_per_ray": 0.06372997956998919,
    "num_rays": 830821.0,
    "avg_flux": 2963.282712562745,
    "peak_flux": 9535.105542225618,
    "min_flux": 0.0,
    "radius": 0.0,
    "bin_size_x": 0.11912060709304066,
    "bin_size_y": 6.0,
    "xvalues": [
        -0.23824121418608132,
        -0.11912060709304068,
        0.0,
        0.11912060709304068,
        0.23824121418608135
    ],
    "yvalues": [
        -12.0,
        -6.0,
        0.0,
        6.0,
        12.0
    ],
    "flux": [
        [
            2.0,
            4.0,
            5.0,
            5.0,
            2.0
        ],
        [
            50744.0,
            54306.0,
            54149.0,
            53947.0,
            54218.0
        ],
        [
            100742.0,
            106935.0,
            106788.0,
            106443.0,
            106732.0
        ],
        [
            6864.0,
            7148.0,
            7225.0,
            7243.0,
            7319.0
        ],
        [
            0.0,
            0.0,
            0.0,
            0.0,
            0.0
        ]
    ],
    "sim_time": 18.49906039237976
}