{
    "dni": 1000.0,
    "generated_rays": 29300999,
    "power_per_ray": 0.03679997826602951,
    "num_rays": 620090.0,
    "avg_flux": 1277.097729203643,
    "peak_flux": 3798.35090797634,
    "min_flux": 0.0,
    "radius": 0.0,
    "bin_size_x": 0.11912060709304066,
    "bin_size_y": 6.0,
    "xvalues": [
        -0.23824121418608132,
        -0.11912060709304068,
        0.0,
        0.11912060709304068,
        0.23824121418608135
    ],
    "yvalues": [
        -12.0,
        -6.0,
        0.0,
        6.0,
        12.0
    ],
    "flux": [
        [
            0.0,
            257.0,
            301.0,
            303.0,
            302.0
        ],
        [
            0.0,
            42619.0,
            43091.0,
            41028.0,
            41215.0
        ],
        [
            0.0,
            73771.0,
            72304.0,
            68109.0,
            67924.0
        ],
        [
            0.0,
            42478.0,
            43384.0,
            40832.0,
            41023.0
        ],
        [
            0.0,
            253.0,
            260.0,
            336.0,
            300.0
        ]
    ],
    "sim_time": 27.306168794631958
}