{
    "dni": 1000.0,
    "generated_rays": 22612172,
    "power_per_ray": 0.047367880918966015,
    "num_rays": 682111.0,
    "avg_flux": 1808.2599034148402,
    "peak_flux": 5603.235462927261,
    "min_flux": 0.7952928057522194,
    "radius": 0.0,
    "bin_size_x": 0.11912060709304066,
    "bin_size_y": 6.0,
    "xvalues": [
        -0.23824121418608132,
        -0.11912060709304068,
        0.0,
        0.11912060709304068,
        0.23824121418608135
    ],
    "yvalues": [
        -12.0,
        -6.0,
        0.0,
        6.0,
        12.0
    ],
    "flux": [
        [
            15.0,
            83.0,
            45.0,
            54.0,
            46.0
        ],
        [
            7420.0,
            45596.0,
            38694.0,
            38654.0,
            38540.0
        ],
        [
            13015.0,
            84546.0,
            77729.0,
            77671.0,
            78071.0
        ],
        [
            6768.0,
            46508.0,
            42943.0,
            42871.0,
            42529.0
        ],
        [
            12.0,
            89.0,
            71.0,
            70.0,
            71.0
        ]
    ],
    "sim_time": 24.63418698310852
}