{
    "dni": 1000.0,
    "generated_rays": 16433701,
    "power_per_ray": 0.06466929053898171,
    "num_rays": 740710.0,
    "avg_flux": 2680.8230394435623,
    "peak_flux": 7410.708961656589,
    "min_flux": 0.6333707279537516,
    "radius": 0.0,
    "bin_size_x": 0.11912060709304066,
    "bin_size_y": 6.0,
    "xvalues": [
        -0.23824121418608132,
        -0.11912060709304068,
        0.0,
        0.11912060709304068,
        0.23824121418608135
    ],
    "yvalues": [
        -12.0,
        -6.0,
        0.0,
        6.0,
        12.0
    ],
    "flux": [
        [
            8.0,
            11.0,
            10.0,
            15.0,
            7.0
        ],
        [
            18300.0,
            41665.0,
            41368.0,
            41375.0,
            41061.0
        ],
        [
            36311.0,
            81478.0,
            81531.0,
            81903.0,
            81557.0
        ],
        [
            19758.0,
            43405.0,
            43946.0,
            43588.0,
            43324.0
        ],
        [
            12.0,
            18.0,
            18.0,
            23.0,
            18.0
        ]
    ],
    "sim_time": 18.431987285614014
}