{
    "dni": 1000.0,
    "generated_rays": 12728587,
    "power_per_ray": 0.07894001362976372,
    "num_rays": 771742.0,
    "avg_flux": 3409.5037785851077,
    "peak_flux": 8227.404559120252,
    "min_flux": 0.0,
    "radius": 0.0,
    "bin_size_x": 0.11912060709304066,
    "bin_size_y": 6.0,
    "xvalues": [
        -0.23824121418608132,
        -0.11912060709304068,
        0.0,
        0.11912060709304068,
        0.23824121418608135
    ],
    "yvalues": [
        -12.0,
        -6.0,
        0.0,
        6.0,
        12.0
    ],
    "flux": [
        [
            2.0,
            10.0,
            8.0,
            7.0,
            9.0
        ],
        [
            37584.0,
            41539.0,
            41352.0,
            41575.0,
            41572.0
        ],
        [
            66456.0,
            73648.0,
            74027.0,
            74491.0,
            73954.0
        ],
        [
            37903.0,
            41803.0,
            42076.0,
            41788.0,
            41924.0
        ],
        [
            1.0,
            6.0,
            4.0,
            3.0,
            0.0
        ]
    ],
    "sim_time": 16.002820014953613
}