{
    "dni": 1000.0,
    "generated_rays": 16580768,
    "power_per_ray": 0.061873428872848454,
    "num_rays": 816093.0,
    "avg_flux": 2825.957849016567,
    "peak_flux": 9250.321348143416,
    "min_flux": 0.0,
    "radius": 0.0,
    "bin_size_x": 0.11912060709304066,
    "bin_size_y": 6.0,
    "xvalues": [
        -0.23824121418608132,
        -0.11912060709304068,
        0.0,
        0.11912060709304068,
        0.23824121418608135
    ],
    "yvalues": [
        -12.0,
        -6.0,
        0.0,
        6.0,
        12.0
    ],
    "flux": [
        [
            3.0,
            3.0,
            8.0,
            4.0,
            4.0
        ],
        [
            46026.0,
            54376.0,
            54310.0,
            53997.0,
            54023.0
        ],
        [
            91013.0,
            106854.0,
            106807.0,
            106607.0,
            106409.0
        ],
        [
            6449.0,
            7202.0,
            7354.0,
            7279.0,
            7365.0
        ],
        [
            0.0,
            0.0,
            0.0,
            0.0,
            0.0
        ]
    ],
    "sim_time": 18.691204071044922
}