{
    "dni": 1000.0,
    "generated_rays": 43704236,
    "power_per_ray": 0.023041025437949458,
    "num_rays": 858118.0,
    "avg_flux": 1106.5490205972062,
    "peak_flux": 3227.667829226659,
    "min_flux": 0.0,
    "radius": 0.0,
    "bin_size_x": 0.11912060709304066,
    "bin_size_y": 6.0,
    "xvalues": [
        -0.23824121418608132,
        -0.11912060709304068,
        0.0,
        0.11912060709304068,
        0.23824121418608135
    ],
    "yvalues": [
        -12.0,
        -6.0,
        0.0,
        6.0,
        12.0
    ],
    "flux": [
        [
            0.0,
            0.0,
            0.0,
            0.0,
            0.0
        ],
        [
            5971.0,
            6035.0,
            6037.0,
            6106.0,
            6123.0
        ],
        [
            65304.0,
            67196.0,
            67125.0,
            66787.0,
            67041.0
        ],
        [
            95694.0,
            99610.0,
            99478.0,
            99486.0,
            100121.0
        ],
        [
            0.0,
            1.0,
            1.0,
            0.0,
            2.0
        ]
    ],
    "sim_time": 38.94894099235535
}