{
    "dni": 1000.0,
    "generated_rays": 32408803,
    "power_per_ray": 0.0313883873360557,
    "num_rays": 838050.0,
    "avg_flux": 1472.1795357336507,
    "peak_flux": 3721.6428135754654,
    "min_flux": 0.0,
    "radius": 0.0,
    "bin_size_x": 0.11912060709304066,
    "bin_size_y": 6.0,
    "xvalues": [
        -0.23824121418608132,
        -0.11912060709304068,
        0.0,
        0.11912060709304068,
        0.23824121418608135
    ],
    "yvalues": [
        -12.0,
        -6.0,
        0.0,
        6.0,
        12.0
    ],
    "flux": [
        [
            0.0,
            0.0,
            0.0,
            0.0,
            0.0
        ],
        [
            5169.0,
            5039.0,
            5217.0,
            5060.0,
            5134.0
        ],
        [
            74019.0,
            81428.0,
            81139.0,
            80786.0,
            81608.0
        ],
        [
            76241.0,
            84039.0,
            84476.0,
            83947.0,
            84743.0
        ],
        [
            0.0,
            1.0,
            3.0,
            0.0,
            1.0
        ]
    ],
    "sim_time": 30.43397092819214
}