{
    "dni": 1000.0,
    "generated_rays": 30585600,
    "power_per_ray": 0.03562738286901256,
    "num_rays": 662443.0,
    "avg_flux": 1320.8523678002716,
    "peak_flux": 4736.435824804784,
    "min_flux": 0.0,
    "radius": 0.0,
    "bin_size_x": 0.11912060709304066,
    "bin_size_y": 6.0,
    "xvalues": [
        -0.23824121418608132,
        -0.11912060709304068,
        0.0,
        0.11912060709304068,
        0.23824121418608135
    ],
    "yvalues": [
        -12.0,
        -6.0,
        0.0,
        6.0,
        12.0
    ],
    "flux": [
        [
            0.0,
            139.0,
            155.0,
            155.0,
            148.0
        ],
        [
            45.0,
            46525.0,
            48551.0,
            48753.0,
            48406.0
        ],
        [
            30.0,
            89837.0,
            94646.0,
            95018.0,
            94922.0
        ],
        [
            3.0,
            23221.0,
            23955.0,
            23919.0,
            23914.0
        ],
        [
            0.0,
            29.0,
            28.0,
            19.0,
            25.0
        ]
    ],
    "sim_time": 28.72319459915161
}