{
    "dni": 1000.0,
    "generated_rays": 24618048,
    "power_per_ray": 0.043646675732131324,
    "num_rays": 659093.0,
    "avg_flux": 1609.9771567846713,
    "peak_flux": 5248.969665779823,
    "min_flux": 0.4885432425423032,
    "radius": 0.0,
    "bin_size_x": 0.11912060709304066,
    "bin_size_y": 6.0,
    "xvalues": [
        -0.23824121418608132,
        -0.11912060709304068,
        0.0,
        0.11912060709304068,
        0.23824121418608135
    ],
    "yvalues": [
        -12.0,
        -6.0,
        0.0,
        6.0,
        12.0
    ],
    "flux": [
        [
            8.0,
            127.0,
            115.0,
            109.0,
            113.0
        ],
        [
            4951.0,
            48653.0,
            41276.0,
            40901.0,
            41300.0
        ],
        [
            8534.0,
            85953.0,
            70116.0,
            69803.0,
            70229.0
        ],
        [
            4561.0,
            49064.0,
            41040.0,
            40952.0,
            40816.0
        ],
        [
            10.0,
            122.0,
            113.0,
            108.0,
            119.0
        ]
    ],
    "sim_time": 24.362109661102295
}