{
    "dni": 1000.0,
    "generated_rays": 11858002,
    "power_per_ray": 0.08367447586008661,
    "num_rays": 836104.0,
    "avg_flux": 3915.3910573943645,
    "peak_flux": 10620.347922106195,
    "min_flux": 0.0,
    "radius": 0.0,
    "bin_size_x": 0.11912060709304066,
    "bin_size_y": 6.0,
    "xvalues": [
        -0.23824121418608132,
        -0.11912060709304068,
        0.0,
        0.11912060709304068,
        0.23824121418608135
    ],
    "yvalues": [
        -12.0,
        -6.0,
        0.0,
        6.0,
        12.0
    ],
    "flux": [
        [
            7.0,
            3.0,
            2.0,
            4.0,
            3.0
        ],
        [
            46278.0,
            46432.0,
            46439.0,
            46512.0,
            46177.0
        ],
        [
            90643.0,
            90316.0,
            90716.0,
            90644.0,
            90471.0
        ],
        [
            30323.0,
            30554.0,
            30089.0,
            30102.0,
            30389.0
        ],
        [
            0.0,
            0.0,
            0.0,
            0.0,
            0.0
        ]
    ],
    "sim_time": 15.420313358306885
}