{
    "dni": 1000.0,
    "generated_rays": 18502476,
    "power_per_ray": 0.05792114332530226,
    "num_rays": 730670.0,
    "avg_flux": 2368.5373911525403,
    "peak_flux": 6913.920358238979,
    "min_flux": 0.2431197453521296,
    "radius": 0.0,
    "bin_size_x": 0.11912060709304066,
    "bin_size_y": 6.0,
    "xvalues": [
        -0.23824121418608132,
        -0.11912060709304068,
        0.0,
        0.11912060709304068,
        0.23824121418608135
    ],
    "yvalues": [
        -12.0,
        -6.0,
        0.0,
        6.0,
        12.0
    ],
    "flux": [
        [
            5.0,
            9.0,
            9.0,
            3.0,
            6.0
        ],
        [
            13760.0,
            37056.0,
            36801.0,
            37398.0,
            36789.0
        ],
        [
            31405.0,
            85217.0,
            85315.0,
            84699.0,
            85275.0
        ],
        [
            16560.0,
            45214.0,
            44950.0,
            45129.0,
            44927.0
        ],
        [
            12.0,
            32.0,
            42.0,
            36.0,
            21.0
        ]
    ],
    "sim_time": 20.089109182357788
}