{
    "dni": 1000.0,
    "generated_rays": 29373083,
    "power_per_ray": 0.03609851078568921,
    "num_rays": 763183.0,
    "avg_flux": 1541.841803824732,
    "peak_flux": 5063.675217020563,
    "min_flux": 0.0,
    "radius": 0.0,
    "bin_size_x": 0.11912060709304066,
    "bin_size_y": 6.0,
    "xvalues": [
        -0.23824121418608132,
        -0.11912060709304068,
        0.0,
        0.11912060709304068,
        0.23824121418608135
    ],
    "yvalues": [
        -12.0,
        -6.0,
        0.0,
        6.0,
        12.0
    ],
    "flux": [
        [
            1.0,
            0.0,
            1.0,
            0.0,
            0.0
        ],
        [
            3792.0,
            4522.0,
            4539.0,
            4483.0,
            4576.0
        ],
        [
            52510.0,
            99959.0,
            100257.0,
            99946.0,
            99354.0
        ],
        [
            33196.0,
            63859.0,
            64170.0,
            63640.0,
            64348.0
        ],
        [
            5.0,
            8.0,
            6.0,
            5.0,
            6.0
        ]
    ],
    "sim_time": 28.192620515823364
}