{
    "dni": 1000.0,
    "generated_rays": 31819542,
    "power_per_ray": 0.03166553926381807,
    "num_rays": 848251.0,
    "avg_flux": 1503.2565734039813,
    "peak_flux": 3757.0736928465462,
    "min_flux": 0.0,
    "radius": 0.0,
    "bin_size_x": 0.11912060709304066,
    "bin_size_y": 6.0,
    "xvalues": [
        -0.23824121418608132,
        -0.11912060709304068,
        0.0,
        0.11912060709304068,
        0.23824121418608135
    ],
    "yvalues": [
        -12.0,
        -6.0,
        0.0,
        6.0,
        12.0
    ],
    "flux": [
        [
            2.0,
            0.0,
            1.0,
            0.0,
            1.0
        ],
        [
            80540.0,
            84801.0,
            84269.0,
            84064.0,
            84427.0
        ],
        [
            79327.0,
            81282.0,
            81483.0,
            81390.0,
            81139.0
        ],
        [
            5032.0,
            5074.0,
            5206.0,
            5126.0,
            5087.0
        ],
        [
            0.0,
            0.0,
            0.0,
            0.0,
            0.0
        ]
    ],
    "sim_time": 30.895663738250732
}