{
    "dni": 1000.0,
    "generated_rays": 15132774,
    "power_per_ray": 0.06864132662312603,
    "num_rays": 739844.0,
    "avg_flux": 2842.1544009590584,
    "peak_flux": 7052.045955229167,
    "min_flux": 0.38415590326596666,
    "radius": 0.0,
    "bin_size_x": 0.11912060709304066,
    "bin_size_y": 6.0,
    "xvalues": [
        -0.23824121418608132,
        -0.11912060709304068,
        0.0,
        0.11912060709304068,
        0.23824121418608135
    ],
    "yvalues": [
        -12.0,
        -6.0,
        0.0,
        6.0,
        12.0
    ],
    "flux": [
        [
            13.0,
            16.0,
            17.0,
            9.0,
            27.0
        ],
        [
            30463.0,
            41422.0,
            41183.0,
            41140.0,
            40857.0
        ],
        [
            54545.0,
            73276.0,
            73379.0,
            73289.0,
            73429.0
        ],
        [
            30705.0,
            41580.0,
            41524.0,
            41272.0,
            41662.0
        ],
        [
            6.0,
            10.0,
            4.0,
            12.0,
            4.0
        ]
    ],
    "sim_time": 17.623603343963623
}