{
    "dni": 1000.0,
    "generated_rays": 15719154,
    "power_per_ray": 0.06397439353979134,
    "num_rays": 835614.0,
    "avg_flux": 2991.8080611977425,
    "peak_flux": 9582.504715083325,
    "min_flux": 0.0,
    "radius": 0.0,
    "bin_size_x": 0.11912060709304066,
    "bin_size_y": 6.0,
    "xvalues": [
        -0.23824121418608132,
        -0.11912060709304068,
        0.0,
        0.11912060709304068,
        0.23824121418608135
    ],
    "yvalues": [
        -12.0,
        -6.0,
        0.0,
        6.0,
        12.0
    ],
    "flux": [
        [
            2.0,
            4.0,
            5.0,
            5.0,
            2.0
        ],
        [
            52227.0,
            54338.0,
            54141.0,
            53907.0,
            54269.0
        ],
        [
            103737.0,
            106846.0,
            107056.0,
            106463.0,
            106697.0
        ],
        [
            7025.0,
            7132.0,
            7226.0,
            7180.0,
            7352.0
        ],
        [
            0.0,
            0.0,
            0.0,
            0.0,
            0.0
        ]
    ],
    "sim_time": 18.14539122581482
}