{
    "dni": 1000.0,
    "generated_rays": 13042493,
    "power_per_ray": 0.07793073743838923,
    "num_rays": 761085.0,
    "avg_flux": 3319.43211454422,
    "peak_flux": 7901.088883508996,
    "min_flux": 0.5451809118797867,
    "radius": 0.0,
    "bin_size_x": 0.11912060709304066,
    "bin_size_y": 6.0,
    "xvalues": [
        -0.23824121418608132,
        -0.11912060709304068,
        0.0,
        0.11912060709304068,
        0.23824121418608135
    ],
    "yvalues": [
        -12.0,
        -6.0,
        0.0,
        6.0,
        12.0
    ],
    "flux": [
        [
            5.0,
            6.0,
            13.0,
            12.0,
            11.0
        ],
        [
            36234.0,
            42228.0,
            42269.0,
            42555.0,
            42340.0
        ],
        [
            62251.0,
            72463.0,
            71983.0,
            71897.0,
            71821.0
        ],
        [
            36116.0,
            42226.0,
            42297.0,
            42200.0,
            42104.0
        ],
        [
            12.0,
            7.0,
            12.0,
            7.0,
            16.0
        ]
    ],
    "sim_time": 16.161142587661743
}