{
    "dni": 1000.0,
    "generated_rays": 35896720,
    "power_per_ray": 0.030137399844072356,
    "num_rays": 575149.0,
    "avg_flux": 970.0809851973429,
    "peak_flux": 3505.8499342023842,
    "min_flux": 0.0,
    "radius": 0.0,
    "bin_size_x": 0.11912060709304066,
    "bin_size_y": 6.0,
    "xvalues": [
        -0.23824121418608132,
        -0.11912060709304068,
        0.0,
        0.11912060709304068,
        0.23824121418608135
    ],
    "yvalues": [
        -12.0,
        -6.0,
        0.0,
        6.0,
        12.0
    ],
    "flux": [
        [
            0.0,
            348.0,
            673.0,
            621.0,
            631.0
        ],
        [
            0.0,
            25661.0,
            48121.0,
            40112.0,
            40419.0
        ],
        [
            0.0,
            44683.0,
            83143.0,
            67204.0,
            66849.0
        ],
        [
            0.0,
            25738.0,
            48074.0,
            40444.0,
            40245.0
        ],
        [
            0.0,
            331.0,
            663.0,
            605.0,
            584.0
        ]
    ],
    "sim_time": 32.353567123413086
}