{
    "dni": 1000.0,
    "generated_rays": 16204486,
    "power_per_ray": 0.06481372006087446,
    "num_rays": 718744.0,
    "avg_flux": 2607.132023487633,
    "peak_flux": 6335.3383619513,
    "min_flux": 0.9068361000187943,
    "radius": 0.0,
    "bin_size_x": 0.11912060709304066,
    "bin_size_y": 6.0,
    "xvalues": [
        -0.23824121418608132,
        -0.11912060709304068,
        0.0,
        0.11912060709304068,
        0.23824121418608135
    ],
    "yvalues": [
        -12.0,
        -6.0,
        0.0,
        6.0,
        12.0
    ],
    "flux": [
        [
            18.0,
            24.0,
            17.0,
            27.0,
            21.0
        ],
        [
            27066.0,
            42379.0,
            42202.0,
            42063.0,
            42500.0
        ],
        [
            46375.0,
            69546.0,
            69438.0,
            69369.0,
            69862.0
        ],
        [
            27467.0,
            42899.0,
            42649.0,
            42409.0,
            42291.0
        ],
        [
            10.0,
            27.0,
            35.0,
            27.0,
            23.0
        ]
    ],
    "sim_time": 18.202505350112915
}