{
    "dni": 1000.0,
    "generated_rays": 11921046,
    "power_per_ray": 0.08417985197702439,
    "num_rays": 792293.0,
    "avg_flux": 3732.6375393827834,
    "peak_flux": 9386.561579448837,
    "min_flux": 0.0,
    "radius": 0.0,
    "bin_size_x": 0.11912060709304066,
    "bin_size_y": 6.0,
    "xvalues": [
        -0.23824121418608132,
        -0.11912060709304068,
        0.0,
        0.11912060709304068,
        0.23824121418608135
    ],
    "yvalues": [
        -12.0,
        -6.0,
        0.0,
        6.0,
        12.0
    ],
    "flux": [
        [
            2.0,
            3.0,
            4.0,
            5.0,
            8.0
        ],
        [
            38348.0,
            43138.0,
            43640.0,
            43458.0,
            43152.0
        ],
        [
            70077.0,
            79466.0,
            79696.0,
            79572.0,
            79384.0
        ],
        [
            35462.0,
            39215.0,
            39443.0,
            39124.0,
            39095.0
        ],
        [
            1.0,
            0.0,
            0.0,
            0.0,
            0.0
        ]
    ],
    "sim_time": 15.256349325180054
}