{
    "dni": 1000.0,
    "generated_rays": 17588994,
    "power_per_ray": 0.05990966735845628,
    "num_rays": 779983.0,
    "avg_flux": 2615.1938619516327,
    "peak_flux": 8657.067104940194,
    "min_flux": 0.0,
    "radius": 0.0,
    "bin_size_x": 0.11912060709304066,
    "bin_size_y": 6.0,
    "xvalues": [
        -0.23824121418608132,
        -0.11912060709304068,
        0.0,
        0.11912060709304068,
        0.23824121418608135
    ],
    "yvalues": [
        -12.0,
        -6.0,
        0.0,
        6.0,
        12.0
    ],
    "flux": [
        [
            3.0,
            8.0,
            12.0,
            9.0,
            4.0
        ],
        [
            33415.0,
            51065.0,
            50814.0,
            50717.0,
            50966.0
        ],
        [
            67281.0,
            103279.0,
            102892.0,
            102781.0,
            102161.0
        ],
        [
            9391.0,
            13847.0,
            13817.0,
            13794.0,
            13727.0
        ],
        [
            0.0,
            0.0,
            0.0,
            0.0,
            0.0
        ]
    ],
    "sim_time": 19.50211787223816
}