{
    "dni": 1000.0,
    "generated_rays": 21032449,
    "power_per_ray": 0.05125410341868407,
    "num_rays": 708027.0,
    "avg_flux": 2030.9550108810542,
    "peak_flux": 6122.895056934488,
    "min_flux": 0.28684711329950047,
    "radius": 0.0,
    "bin_size_x": 0.11912060709304066,
    "bin_size_y": 6.0,
    "xvalues": [
        -0.23824121418608132,
        -0.11912060709304068,
        0.0,
        0.11912060709304068,
        0.23824121418608135
    ],
    "yvalues": [
        -12.0,
        -6.0,
        0.0,
        6.0,
        12.0
    ],
    "flux": [
        [
            7.0,
            47.0,
            67.0,
            53.0,
            70.0
        ],
        [
            10546.0,
            45293.0,
            45142.0,
            44949.0,
            44759.0
        ],
        [
            20074.0,
            84748.0,
            85382.0,
            84949.0,
            84965.0
        ],
        [
            8476.0,
            37079.0,
            37023.0,
            36941.0,
            37382.0
        ],
        [
            4.0,
            10.0,
            19.0,
            26.0,
            16.0
        ]
    ],
    "sim_time": 21.773040056228638
}