{
    "dni": 1000.0,
    "generated_rays": 22556658,
    "power_per_ray": 0.047634533419867946,
    "num_rays": 738676.0,
    "avg_flux": 1969.2359123596207,
    "peak_flux": 6814.238833649148,
    "min_flux": 0.06664748524250215,
    "radius": 0.0,
    "bin_size_x": 0.11912060709304066,
    "bin_size_y": 6.0,
    "xvalues": [
        -0.23824121418608132,
        -0.11912060709304068,
        0.0,
        0.11912060709304068,
        0.23824121418608135
    ],
    "yvalues": [
        -12.0,
        -6.0,
        0.0,
        6.0,
        12.0
    ],
    "flux": [
        [
            2.0,
            1.0,
            1.0,
            1.0,
            2.0
        ],
        [
            6529.0,
            14672.0,
            14651.0,
            14417.0,
            14735.0
        ],
        [
            41151.0,
            102243.0,
            102194.0,
            101959.0,
            101669.0
        ],
        [
            20405.0,
            50969.0,
            50844.0,
            50856.0,
            51290.0
        ],
        [
            12.0,
            22.0,
            14.0,
            24.0,
            13.0
        ]
    ],
    "sim_time": 23.287784099578857
}