{
    "dni": 1000.0,
    "generated_rays": 25504570,
    "power_per_ray": 0.03983670155467356,
    "num_rays": 834302.0,
    "avg_flux": 1860.0666216388006,
    "peak_flux": 5182.947394335936,
    "min_flux": 0.0,
    "radius": 0.0,
    "bin_size_x": 0.11912060709304066,
    "bin_size_y": 6.0,
    "xvalues": [
        -0.23824121418608132,
        -0.11912060709304068,
        0.0,
        0.11912060709304068,
        0.23824121418608135
    ],
    "yvalues": [
        -12.0,
        -6.0,
        0.0,
        6.0,
        12.0
    ],
    "flux": [
        [
            0.0,
            0.0,
            0.0,
            0.0,
            0.0
        ],
        [
            4536.0,
            4609.0,
            4683.0,
            4631.0,
            4602.0
        ],
        [
            85458.0,
            92989.0,
            92568.0,
            92334.0,
            92964.0
        ],
        [
            65747.0,
            72302.0,
            72343.0,
            72037.0,
            72488.0
        ],
        [
            2.0,
            2.0,
            0.0,
            2.0,
            5.0
        ]
    ],
    "sim_time": 25.591100215911865
}