{
    "dni": 1000.0,
    "generated_rays": 35456816,
    "power_per_ray": 0.030545143441034563,
    "num_rays": 586484.0,
    "avg_flux": 1002.5826397319356,
    "peak_flux": 3600.5921473311964,
    "min_flux": 0.0,
    "radius": 0.0,
    "bin_size_x": 0.11912060709304066,
    "bin_size_y": 6.0,
    "xvalues": [
        -0.23824121418608132,
        -0.11912060709304068,
        0.0,
        0.11912060709304068,
        0.23824121418608135
    ],
    "yvalues": [
        -12.0,
        -6.0,
        0.0,
        6.0,
        12.0
    ],
    "flux": [
        [
            0.0,
            304.0,
            604.0,
            528.0,
            527.0
        ],
        [
            0.0,
            28178.0,
            48152.0,
            40050.0,
            39864.0
        ],
        [
            0.0,
            49310.0,
            84250.0,
            68418.0,
            68354.0
        ],
        [
            0.0,
            27829.0,
            48379.0,
            39845.0,
            39875.0
        ],
        [
            0.0,
            337.0,
            651.0,
            548.0,
            481.0
        ]
    ],
    "sim_time": 31.875956535339355
}