{
    "dni": 1000.0,
    "generated_rays": 45609863,
    "power_per_ray": 0.02239491566344618,
    "num_rays": 842668.0,
    "avg_flux": 1056.1552840052861,
    "peak_flux": 3105.4801593796105,
    "min_flux": 0.0,
    "radius": 0.0,
    "bin_size_x": 0.11912060709304066,
    "bin_size_y": 6.0,
    "xvalues": [
        -0.23824121418608132,
        -0.11912060709304068,
        0.0,
        0.11912060709304068,
        0.23824121418608135
    ],
    "yvalues": [
        -12.0,
        -6.0,
        0.0,
        6.0,
        12.0
    ],
    "flux": [
        [
            0.0,
            1.0,
            0.0,
            1.0,
            1.0
        ],
        [
            86476.0,
            99090.0,
            99110.0,
            99004.0,
            99044.0
        ],
        [
            60649.0,
            67430.0,
            66831.0,
            67299.0,
            67117.0
        ],
        [
            6274.0,
            5975.0,
            6223.0,
            6046.0,
            6097.0
        ],
        [
            0.0,
            0.0,
            0.0,
            0.0,
            0.0
        ]
    ],
    "sim_time": 40.84640645980835
}