{
    "dni": 1000.0,
    "generated_rays": 45075038,
    "power_per_ray": 0.02258445247449422,
    "num_rays": 846525.0,
    "avg_flux": 1069.9690057846792,
    "peak_flux": 3137.1032434156455,
    "min_flux": 0.0,
    "radius": 0.0,
    "bin_size_x": 0.11912060709304066,
    "bin_size_y": 6.0,
    "xvalues": [
        -0.23824121418608132,
        -0.11912060709304068,
        0.0,
        0.11912060709304068,
        0.23824121418608135
    ],
    "yvalues": [
        -12.0,
        -6.0,
        0.0,
        6.0,
        12.0
    ],
    "flux": [
        [
            0.0,
            1.0,
            0.0,
            2.0,
            0.0
        ],
        [
            88746.0,
            99070.0,
            99225.0,
            99105.0,
            99279.0
        ],
        [
            61647.0,
            67590.0,
            66908.0,
            67251.0,
            67141.0
        ],
        [
            6202.0,
            5993.0,
            6228.0,
            6053.0,
            6084.0
        ],
        [
            0.0,
            0.0,
            0.0,
            0.0,
            0.0
        ]
    ],
    "sim_time": 39.955782413482666
}