{
    "dni": 1000.0,
    "generated_rays": 35445974,
    "power_per_ray": 0.030554486404644126,
    "num_rays": 585969.0,
    "avg_flux": 1002.0086521810499,
    "peak_flux": 3604.0447285659916,
    "min_flux": 0.0,
    "radius": 0.0,
    "bin_size_x": 0.11912060709304066,
    "bin_size_y": 6.0,
    "xvalues": [
        -0.23824121418608132,
        -0.11912060709304068,
        0.0,
        0.11912060709304068,
        0.23824121418608135
    ],
    "yvalues": [
        -12.0,
        -6.0,
        0.0,
        6.0,
        12.0
    ],
    "flux": [
        [
            0.0,
            323.0,
            616.0,
            499.0,
            468.0
        ],
        [
            0.0,
            27500.0,
            48655.0,
            39833.0,
            40016.0
        ],
        [
            0.0,
            49216.0,
            84305.0,
            68476.0,
            68456.0
        ],
        [
            0.0,
            28223.0,
            47680.0,
            39876.0,
            39816.0
        ],
        [
            0.0,
            333.0,
            629.0,
            544.0,
            505.0
        ]
    ],
    "sim_time": 32.037314653396606
}