{
    "dni": 1000.0,
    "generated_rays": 24904292,
    "power_per_ray": 0.04355758864410569,
    "num_rays": 689092.0,
    "avg_flux": 1679.8205116880872,
    "peak_flux": 5501.104290429903,
    "min_flux": 0.24377303925863128,
    "radius": 0.0,
    "bin_size_x": 0.11912060709304066,
    "bin_size_y": 6.0,
    "xvalues": [
        -0.23824121418608132,
        -0.11912060709304068,
        0.0,
        0.11912060709304068,
        0.23824121418608135
    ],
    "yvalues": [
        -12.0,
        -6.0,
        0.0,
        6.0,
        12.0
    ],
    "flux": [
        [
            6.0,
            91.0,
            98.0,
            87.0,
            85.0
        ],
        [
            5567.0,
            46600.0,
            46526.0,
            46635.0,
            46615.0
        ],
        [
            10143.0,
            89839.0,
            90045.0,
            90266.0,
            89938.0
        ],
        [
            3622.0,
            30903.0,
            30687.0,
            30550.0,
            30721.0
        ],
        [
            4.0,
            14.0,
            17.0,
            17.0,
            16.0
        ]
    ],
    "sim_time": 25.14822745323181
}