{
    "dni": 1000.0,
    "generated_rays": 14316313,
    "power_per_ray": 0.0733650330225215,
    "num_rays": 774016.0,
    "avg_flux": 3178.051264497379,
    "peak_flux": 8765.840881657572,
    "min_flux": 0.0,
    "radius": 0.0,
    "bin_size_x": 0.11912060709304066,
    "bin_size_y": 6.0,
    "xvalues": [
        -0.23824121418608132,
        -0.11912060709304068,
        0.0,
        0.11912060709304068,
        0.23824121418608135
    ],
    "yvalues": [
        -12.0,
        -6.0,
        0.0,
        6.0,
        12.0
    ],
    "flux": [
        [
            0.0,
            0.0,
            1.0,
            0.0,
            3.0
        ],
        [
            23088.0,
            37242.0,
            37042.0,
            36943.0,
            36705.0
        ],
        [
            53318.0,
            85327.0,
            85397.0,
            85080.0,
            85073.0
        ],
        [
            28423.0,
            45431.0,
            44853.0,
            45152.0,
            44890.0
        ],
        [
            4.0,
            10.0,
            14.0,
            10.0,
            10.0
        ]
    ],
    "sim_time": 16.99740481376648
}