{
    "dni": 1000.0,
    "generated_rays": 17829435,
    "power_per_ray": 0.0564305971522564,
    "num_rays": 838708.0,
    "avg_flux": 2648.7884523852317,
    "peak_flux": 8330.087040689485,
    "min_flux": 0.0,
    "radius": 0.0,
    "bin_size_x": 0.11912060709304066,
    "bin_size_y": 6.0,
    "xvalues": [
        -0.23824121418608132,
        -0.11912060709304068,
        0.0,
        0.11912060709304068,
        0.23824121418608135
    ],
    "yvalues": [
        -12.0,
        -6.0,
        0.0,
        6.0,
        12.0
    ],
    "flux": [
        [
            0.0,
            0.0,
            0.0,
            0.0,
            0.0
        ],
        [
            4658.0,
            4727.0,
            4795.0,
            4706.0,
            4699.0
        ],
        [
            103029.0,
            105505.0,
            105300.0,
            105296.0,
            105235.0
        ],
        [
            57177.0,
            58004.0,
            58392.0,
            58706.0,
            58462.0
        ],
        [
            1.0,
            5.0,
            3.0,
            5.0,
            3.0
        ]
    ],
    "sim_time": 19.767258882522583
}