{
    "dni": 1000.0,
    "generated_rays": 11628268,
    "power_per_ray": 0.08698444985271511,
    "num_rays": 815947.0,
    "avg_flux": 3972.14792838979,
    "peak_flux": 10376.450075020604,
    "min_flux": 0.0,
    "radius": 0.0,
    "bin_size_x": 0.11912060709304066,
    "bin_size_y": 6.0,
    "xvalues": [
        -0.23824121418608132,
        -0.11912060709304068,
        0.0,
        0.11912060709304068,
        0.23824121418608135
    ],
    "yvalues": [
        -12.0,
        -6.0,
        0.0,
        6.0,
        12.0
    ],
    "flux": [
        [
            0.0,
            0.0,
            0.0,
            0.0,
            1.0
        ],
        [
            32458.0,
            37109.0,
            37315.0,
            36800.0,
            36826.0
        ],
        [
            75085.0,
            85099.0,
            85260.0,
            84803.0,
            85138.0
        ],
        [
            39586.0,
            45111.0,
            45164.0,
            45232.0,
            44938.0
        ],
        [
            5.0,
            6.0,
            4.0,
            6.0,
            1.0
        ]
    ],
    "sim_time": 15.545601606369019
}