{
    "dni": 1000.0,
    "generated_rays": 11942430,
    "power_per_ray": 0.08302940769162456,
    "num_rays": 778107.0,
    "avg_flux": 3615.705958709325,
    "peak_flux": 8177.783420639545,
    "min_flux": 0.6970196821342036,
    "radius": 0.0,
    "bin_size_x": 0.11912060709304066,
    "bin_size_y": 6.0,
    "xvalues": [
        -0.23824121418608132,
        -0.11912060709304068,
        0.0,
        0.11912060709304068,
        0.23824121418608135
    ],
    "yvalues": [
        -12.0,
        -6.0,
        0.0,
        6.0,
        12.0
    ],
    "flux": [
        [
            6.0,
            7.0,
            8.0,
            8.0,
            9.0
        ],
        [
            41452.0,
            43225.0,
            42999.0,
            43104.0,
            42990.0
        ],
        [
            68403.0,
            70371.0,
            70355.0,
            70395.0,
            70311.0
        ],
        [
            41531.0,
            43374.0,
            43321.0,
            43051.0,
            43136.0
        ],
        [
            8.0,
            15.0,
            13.0,
            7.0,
            8.0
        ]
    ],
    "sim_time": 15.30904769897461
}