{
    "dni": 1000.0,
    "generated_rays": 19927575,
    "power_per_ray": 0.052977274389728164,
    "num_rays": 778061.0,
    "avg_flux": 2306.8805135034963,
    "peak_flux": 7888.067817514585,
    "min_flux": 0.0,
    "radius": 0.0,
    "bin_size_x": 0.11912060709304066,
    "bin_size_y": 6.0,
    "xvalues": [
        -0.23824121418608132,
        -0.11912060709304068,
        0.0,
        0.11912060709304068,
        0.23824121418608135
    ],
    "yvalues": [
        -12.0,
        -6.0,
        0.0,
        6.0,
        12.0
    ],
    "flux": [
        [
            5.0,
            9.0,
            5.0,
            8.0,
            8.0
        ],
        [
            34265.0,
            54359.0,
            53801.0,
            53809.0,
            53637.0
        ],
        [
            67128.0,
            106419.0,
            106300.0,
            105925.0,
            105964.0
        ],
        [
            5428.0,
            7604.0,
            7806.0,
            7809.0,
            7771.0
        ],
        [
            0.0,
            0.0,
            1.0,
            0.0,
            0.0
        ]
    ],
    "sim_time": 21.099040508270264
}