{
    "dni": 1000.0,
    "generated_rays": 16205805,
    "power_per_ray": 0.06482519266648147,
    "num_rays": 721345.0,
    "avg_flux": 2617.029901886444,
    "peak_flux": 6393.872659181282,
    "min_flux": 0.9976962798921072,
    "radius": 0.0,
    "bin_size_x": 0.11912060709304066,
    "bin_size_y": 6.0,
    "xvalues": [
        -0.23824121418608132,
        -0.11912060709304068,
        0.0,
        0.11912060709304068,
        0.23824121418608135
    ],
    "yvalues": [
        -12.0,
        -6.0,
        0.0,
        6.0,
        12.0
    ],
    "flux": [
        [
            20.0,
            26.0,
            22.0,
            26.0,
            26.0
        ],
        [
            27169.0,
            42369.0,
            42079.0,
            42035.0,
            42002.0
        ],
        [
            47281.0,
            70253.0,
            70408.0,
            70012.0,
            70495.0
        ],
        [
            27469.0,
            42800.0,
            42542.0,
            42357.0,
            41839.0
        ],
        [
            11.0,
            16.0,
            27.0,
            24.0,
            37.0
        ]
    ],
    "sim_time": 18.364174842834473
}