{
    "dni": 1000.0,
    "generated_rays": 57827476,
    "power_per_ray": 0.018661791562483244,
    "num_rays": 675115.0,
    "avg_flux": 705.1036042748046,
    "peak_flux": 2408.667500749741,
    "min_flux": 0.0,
    "radius": 0.0,
    "bin_size_x": 0.11912060709304066,
    "bin_size_y": 6.0,
    "xvalues": [
        -0.23824121418608132,
        -0.11912060709304068,
        0.0,
        0.11912060709304068,
        0.23824121418608135
    ],
    "yvalues": [
        -12.0,
        -6.0,
        0.0,
        6.0,
        12.0
    ],
    "flux": [
        [
            0.0,
            157.0,
            154.0,
            156.0,
            155.0
        ],
        [
            112.0,
            69714.0,
            72216.0,
            72347.0,
            72678.0
        ],
        [
            86.0,
            92249.0,
            90223.0,
            89748.0,
            90500.0
        ],
        [
            2.0,
            8739.0,
            5263.0,
            5263.0,
            5290.0
        ],
        [
            0.0,
            22.0,
            14.0,
            13.0,
            14.0
        ]
    ],
    "sim_time": 48.67265057563782
}