{
    "dni": 1000.0,
    "generated_rays": 14747928,
    "power_per_ray": 0.06928720534571485,
    "num_rays": 818146.0,
    "avg_flux": 3172.5297180248635,
    "peak_flux": 10086.979881653308,
    "min_flux": 0.0,
    "radius": 0.0,
    "bin_size_x": 0.11912060709304066,
    "bin_size_y": 6.0,
    "xvalues": [
        -0.23824121418608132,
        -0.11912060709304068,
        0.0,
        0.11912060709304068,
        0.23824121418608135
    ],
    "yvalues": [
        -12.0,
        -6.0,
        0.0,
        6.0,
        12.0
    ],
    "flux": [
        [
            0.0,
            0.0,
            0.0,
            0.0,
            0.0
        ],
        [
            11990.0,
            13536.0,
            13391.0,
            13670.0,
            13565.0
        ],
        [
            90533.0,
            104051.0,
            103289.0,
            102872.0,
            103020.0
        ],
        [
            44937.0,
            50855.0,
            50540.0,
            51048.0,
            50828.0
        ],
        [
            7.0,
            4.0,
            4.0,
            3.0,
            3.0
        ]
    ],
    "sim_time": 17.54480242729187
}