{
    "dni": 1000.0,
    "generated_rays": 12441206,
    "power_per_ray": 0.08299919152918538,
    "num_rays": 788597.0,
    "avg_flux": 3663.1172970891134,
    "peak_flux": 9503.540155550989,
    "min_flux": 0.0,
    "radius": 0.0,
    "bin_size_x": 0.11912060709304066,
    "bin_size_y": 6.0,
    "xvalues": [
        -0.23824121418608132,
        -0.11912060709304068,
        0.0,
        0.11912060709304068,
        0.23824121418608135
    ],
    "yvalues": [
        -12.0,
        -6.0,
        0.0,
        6.0,
        12.0
    ],
    "flux": [
        [
            0.0,
            4.0,
            2.0,
            3.0,
            3.0
        ],
        [
            30232.0,
            41742.0,
            41573.0,
            41425.0,
            41306.0
        ],
        [
            59566.0,
            81780.0,
            81837.0,
            81549.0,
            81583.0
        ],
        [
            31989.0,
            43331.0,
            43949.0,
            43439.0,
            43261.0
        ],
        [
            4.0,
            5.0,
            4.0,
            5.0,
            5.0
        ]
    ],
    "sim_time": 15.719511270523071
}