{
    "dni": 1000.0,
    "generated_rays": 71578783,
    "power_per_ray": 0.014088740628880063,
    "num_rays": 878969.0,
    "avg_flux": 693.0547990549746,
    "peak_flux": 2116.434556000708,
    "min_flux": 0.0,
    "radius": 0.0,
    "bin_size_x": 0.11912060709304066,
    "bin_size_y": 6.0,
    "xvalues": [
        -0.23824121418608132,
        -0.11912060709304068,
        0.0,
        0.11912060709304068,
        0.23824121418608135
    ],
    "yvalues": [
        -12.0,
        -6.0,
        0.0,
        6.0,
        12.0
    ],
    "flux": [
        [
            1.0,
            0.0,
            1.0,
            2.0,
            0.0
        ],
        [
            100262.0,
            107367.0,
            106517.0,
            107088.0,
            106772.0
        ],
        [
            60621.0,
            61970.0,
            62130.0,
            61956.0,
            62575.0
        ],
        [
            8402.0,
            8343.0,
            8403.0,
            8181.0,
            8378.0
        ],
        [
            0.0,
            0.0,
            0.0,
            0.0,
            0.0
        ]
    ],
    "sim_time": 59.42474317550659
}