{
    "dni": 1000.0,
    "generated_rays": 31713621,
    "power_per_ray": 0.03170533062733553,
    "num_rays": 850334.0,
    "avg_flux": 1508.841684160054,
    "peak_flux": 3760.37535617074,
    "min_flux": 0.0,
    "radius": 0.0,
    "bin_size_x": 0.11912060709304066,
    "bin_size_y": 6.0,
    "xvalues": [
        -0.23824121418608132,
        -0.11912060709304068,
        0.0,
        0.11912060709304068,
        0.23824121418608135
    ],
    "yvalues": [
        -12.0,
        -6.0,
        0.0,
        6.0,
        12.0
    ],
    "flux": [
        [
            2.0,
            0.0,
            1.0,
            0.0,
            1.0
        ],
        [
            81660.0,
            84769.0,
            84344.0,
            84020.0,
            84454.0
        ],
        [
            80165.0,
            81311.0,
            81484.0,
            81383.0,
            81189.0
        ],
        [
            5061.0,
            5068.0,
            5235.0,
            5126.0,
            5061.0
        ],
        [
            0.0,
            0.0,
            0.0,
            0.0,
            0.0
        ]
    ],
    "sim_time": 29.875403881072998
}