{
    "dni": 1000.0,
    "generated_rays": 14146789,
    "power_per_ray": 0.07375494061965937,
    "num_rays": 788312.0,
    "avg_flux": 3253.9516695798598,
    "peak_flux": 9356.568144364346,
    "min_flux": 0.0,
    "radius": 0.0,
    "bin_size_x": 0.11912060709304066,
    "bin_size_y": 6.0,
    "xvalues": [
        -0.23824121418608132,
        -0.11912060709304068,
        0.0,
        0.11912060709304068,
        0.23824121418608135
    ],
    "yvalues": [
        -12.0,
        -6.0,
        0.0,
        6.0,
        12.0
    ],
    "flux": [
        [
            10.0,
            9.0,
            5.0,
            6.0,
            9.0
        ],
        [
            32962.0,
            46667.0,
            46644.0,
            46597.0,
            46416.0
        ],
        [
            64414.0,
            90670.0,
            90489.0,
            89914.0,
            90565.0
        ],
        [
            21744.0,
            30519.0,
            30463.0,
            30163.0,
            30046.0
        ],
        [
            0.0,
            0.0,
            0.0,
            0.0,
            0.0
        ]
    ],
    "sim_time": 16.99382472038269
}