{
    "dni": 1000.0,
    "generated_rays": 17205220,
    "power_per_ray": 0.06191454818166078,
    "num_rays": 754169.0,
    "avg_flux": 2613.263650855639,
    "peak_flux": 7840.286460473066,
    "min_flux": 0.08662725631972538,
    "radius": 0.0,
    "bin_size_x": 0.11912060709304066,
    "bin_size_y": 6.0,
    "xvalues": [
        -0.23824121418608132,
        -0.11912060709304068,
        0.0,
        0.11912060709304068,
        0.23824121418608135
    ],
    "yvalues": [
        -12.0,
        -6.0,
        0.0,
        6.0,
        12.0
    ],
    "flux": [
        [
            1.0,
            2.0,
            1.0,
            3.0,
            2.0
        ],
        [
            15416.0,
            30568.0,
            30585.0,
            30462.0,
            30318.0
        ],
        [
            45752.0,
            90506.0,
            90335.0,
            90410.0,
            90068.0
        ],
        [
            23778.0,
            46620.0,
            46148.0,
            46586.0,
            46521.0
        ],
        [
            5.0,
            28.0,
            19.0,
            18.0,
            17.0
        ]
    ],
    "sim_time": 19.078503608703613
}