{
    "dni": 1000.0,
    "generated_rays": 41164744,
    "power_per_ray": 0.026118772093600338,
    "num_rays": 703866.0,
    "avg_flux": 1028.8796700571409,
    "peak_flux": 3614.152782240553,
    "min_flux": 0.07308775179204144,
    "radius": 0.0,
    "bin_size_x": 0.11912060709304066,
    "bin_size_y": 6.0,
    "xvalues": [
        -0.23824121418608132,
        -0.11912060709304068,
        0.0,
        0.11912060709304068,
        0.23824121418608135
    ],
    "yvalues": [
        -12.0,
        -6.0,
        0.0,
        6.0,
        12.0
    ],
    "flux": [
        [
            5.0,
            5.0,
            4.0,
            7.0,
            2.0
        ],
        [
            3250.0,
            4983.0,
            5043.0,
            5063.0,
            5039.0
        ],
        [
            17542.0,
            98810.0,
            98899.0,
            98654.0,
            98625.0
        ],
        [
            10341.0,
            64406.0,
            64358.0,
            64459.0,
            64131.0
        ],
        [
            4.0,
            67.0,
            64.0,
            48.0,
            57.0
        ]
    ],
    "sim_time": 37.04776382446289
}