{
    "dni": 1000.0,
    "generated_rays": 14215540,
    "power_per_ray": 0.07281803678691628,
    "num_rays": 739374.0,
    "avg_flux": 3013.1793563497213,
    "peak_flux": 7146.364343094242,
    "min_flux": 0.8150622976598368,
    "radius": 0.0,
    "bin_size_x": 0.11912060709304066,
    "bin_size_y": 6.0,
    "xvalues": [
        -0.23824121418608132,
        -0.11912060709304068,
        0.0,
        0.11912060709304068,
        0.23824121418608135
    ],
    "yvalues": [
        -12.0,
        -6.0,
        0.0,
        6.0,
        12.0
    ],
    "flux": [
        [
            12.0,
            17.0,
            11.0,
            12.0,
            15.0
        ],
        [
            32327.0,
            42521.0,
            42452.0,
            42682.0,
            42724.0
        ],
        [
            54002.0,
            69931.0,
            69596.0,
            69660.0,
            70143.0
        ],
        [
            32093.0,
            43030.0,
            42746.0,
            42653.0,
            42685.0
        ],
        [
            12.0,
            16.0,
            15.0,
            8.0,
            11.0
        ]
    ],
    "sim_time": 16.74713921546936
}