{
    "dni": 1000.0,
    "generated_rays": 16175229,
    "power_per_ray": 0.0646949266551505,
    "num_rays": 729597.0,
    "avg_flux": 2641.6489726780705,
    "peak_flux": 6648.774665675788,
    "min_flux": 0.4525870056822586,
    "radius": 0.0,
    "bin_size_x": 0.11912060709304066,
    "bin_size_y": 6.0,
    "xvalues": [
        -0.23824121418608132,
        -0.11912060709304068,
        0.0,
        0.11912060709304068,
        0.23824121418608135
    ],
    "yvalues": [
        -12.0,
        -6.0,
        0.0,
        6.0,
        12.0
    ],
    "flux": [
        [
            12.0,
            20.0,
            22.0,
            15.0,
            26.0
        ],
        [
            27987.0,
            41416.0,
            41063.0,
            41214.0,
            40429.0
        ],
        [
            50553.0,
            73234.0,
            73453.0,
            73077.0,
            73090.0
        ],
        [
            28387.0,
            41439.0,
            41433.0,
            41347.0,
            41329.0
        ],
        [
            14.0,
            8.0,
            9.0,
            15.0,
            5.0
        ]
    ],
    "sim_time": 18.141806602478027
}