{
    "dni": 1000.0,
    "generated_rays": 26556884,
    "power_per_ray": 0.04052381492266113,
    "num_rays": 651597.0,
    "avg_flux": 1477.7849596606525,
    "peak_flux": 4605.512176364972,
    "min_flux": 0.0,
    "radius": 0.0,
    "bin_size_x": 0.11912060709304066,
    "bin_size_y": 6.0,
    "xvalues": [
        -0.23824121418608132,
        -0.11912060709304068,
        0.0,
        0.11912060709304068,
        0.23824121418608135
    ],
    "yvalues": [
        -12.0,
        -6.0,
        0.0,
        6.0,
        12.0
    ],
    "flux": [
        [
            0.0,
            192.0,
            124.0,
            136.0,
            122.0
        ],
        [
            17.0,
            45151.0,
            40317.0,
            38462.0,
            38335.0
        ],
        [
            19.0,
            81228.0,
            79122.0,
            77303.0,
            77525.0
        ],
        [
            6.0,
            44197.0,
            43686.0,
            42861.0,
            42182.0
        ],
        [
            0.0,
            165.0,
            149.0,
            143.0,
            155.0
        ]
    ],
    "sim_time": 27.715940237045288
}