{
    "dni": 1000.0,
    "generated_rays": 32158787,
    "power_per_ray": 0.03154822542507506,
    "num_rays": 840950.0,
    "avg_flux": 1484.7965614376528,
    "peak_flux": 3740.3737149385765,
    "min_flux": 0.0,
    "radius": 0.0,
    "bin_size_x": 0.11912060709304066,
    "bin_size_y": 6.0,
    "xvalues": [
        -0.23824121418608132,
        -0.11912060709304068,
        0.0,
        0.11912060709304068,
        0.23824121418608135
    ],
    "yvalues": [
        -12.0,
        -6.0,
        0.0,
        6.0,
        12.0
    ],
    "flux": [
        [
            0.0,
            0.0,
            0.0,
            0.0,
            0.0
        ],
        [
            5104.0,
            5020.0,
            5216.0,
            5081.0,
            5192.0
        ],
        [
            75302.0,
            81472.0,
            81030.0,
            80863.0,
            81697.0
        ],
        [
            77673.0,
            84091.0,
            84462.0,
            84004.0,
            84738.0
        ],
        [
            0.0,
            1.0,
            3.0,
            0.0,
            1.0
        ]
    ],
    "sim_time": 30.301570415496826
}