{
    "dni": 1000.0,
    "generated_rays": 32298854,
    "power_per_ray": 0.0314114135960667,
    "num_rays": 840868.0,
    "avg_flux": 1478.2134495037358,
    "peak_flux": 3725.823297923356,
    "min_flux": 0.0,
    "radius": 0.0,
    "bin_size_x": 0.11912060709304066,
    "bin_size_y": 6.0,
    "xvalues": [
        -0.23824121418608132,
        -0.11912060709304068,
        0.0,
        0.11912060709304068,
        0.23824121418608135
    ],
    "yvalues": [
        -12.0,
        -6.0,
        0.0,
        6.0,
        12.0
    ],
    "flux": [
        [
            2.0,
            0.0,
            0.0,
            1.0,
            1.0
        ],
        [
            77042.0,
            84776.0,
            84098.0,
            84055.0,
            84464.0
        ],
        [
            76072.0,
            81303.0,
            81303.0,
            81257.0,
            80997.0
        ],
        [
            5023.0,
            5062.0,
            5197.0,
            5137.0,
            5078.0
        ],
        [
            0.0,
            0.0,
            0.0,
            0.0,
            0.0
        ]
    ],
    "sim_time": 30.89664340019226
}