{
    "dni": 1000.0,
    "generated_rays": 18324014,
    "power_per_ray": 0.05835885648197356,
    "num_rays": 721774.0,
    "avg_flux": 2357.381386050198,
    "peak_flux": 6699.166076170952,
    "min_flux": 0.3266093522418649,
    "radius": 0.0,
    "bin_size_x": 0.11912060709304066,
    "bin_size_y": 6.0,
    "xvalues": [
        -0.23824121418608132,
        -0.11912060709304068,
        0.0,
        0.11912060709304068,
        0.23824121418608135
    ],
    "yvalues": [
        -12.0,
        -6.0,
        0.0,
        6.0,
        12.0
    ],
    "flux": [
        [
            14.0,
            31.0,
            22.0,
            31.0,
            25.0
        ],
        [
            14664.0,
            43812.0,
            43313.0,
            43379.0,
            43555.0
        ],
        [
            26927.0,
            82045.0,
            81576.0,
            81547.0,
            81901.0
        ],
        [
            13666.0,
            41139.0,
            41464.0,
            41415.0,
            41171.0
        ],
        [
            4.0,
            22.0,
            19.0,
            16.0,
            16.0
        ]
    ],
    "sim_time": 19.89005422592163
}