{
    "dni": 1000.0,
    "generated_rays": 16597413,
    "power_per_ray": 0.061811378044590554,
    "num_rays": 816461.0,
    "avg_flux": 2824.3968171545043,
    "peak_flux": 9238.536500596168,
    "min_flux": 0.0,
    "radius": 0.0,
    "bin_size_x": 0.11912060709304066,
    "bin_size_y": 6.0,
    "xvalues": [
        -0.23824121418608132,
        -0.11912060709304068,
        0.0,
        0.11912060709304068,
        0.23824121418608135
    ],
    "yvalues": [
        -12.0,
        -6.0,
        0.0,
        6.0,
        12.0
    ],
    "flux": [
        [
            0.0,
            0.0,
            0.0,
            0.0,
            0.0
        ],
        [
            6468.0,
            7363.0,
            7334.0,
            7345.0,
            7288.0
        ],
        [
            91803.0,
            106825.0,
            106612.0,
            106529.0,
            106591.0
        ],
        [
            46293.0,
            54202.0,
            53841.0,
            54126.0,
            53825.0
        ],
        [
            1.0,
            6.0,
            3.0,
            2.0,
            4.0
        ]
    ],
    "sim_time": 18.898741006851196
}