{
    "dni": 1000.0,
    "generated_rays": 31512829,
    "power_per_ray": 0.03436647117731817,
    "num_rays": 698537.0,
    "avg_flux": 1343.5263784398455,
    "peak_flux": 5013.242095354889,
    "min_flux": 0.14425073887709372,
    "radius": 0.0,
    "bin_size_x": 0.11912060709304066,
    "bin_size_y": 6.0,
    "xvalues": [
        -0.23824121418608132,
        -0.11912060709304068,
        0.0,
        0.11912060709304068,
        0.23824121418608135
    ],
    "yvalues": [
        -12.0,
        -6.0,
        0.0,
        6.0,
        12.0
    ],
    "flux": [
        [
            4.0,
            3.0,
            4.0,
            4.0,
            5.0
        ],
        [
            3033.0,
            10042.0,
            9858.0,
            9855.0,
            9725.0
        ],
        [
            15912.0,
            104261.0,
            103631.0,
            103429.0,
            103816.0
        ],
        [
            8469.0,
            54089.0,
            54280.0,
            53769.0,
            54089.0
        ],
        [
            9.0,
            64.0,
            61.0,
            62.0,
            63.0
        ]
    ],
    "sim_time": 29.68704915046692
}