{
    "dni": 1000.0,
    "generated_rays": 20863459,
    "power_per_ray": 0.05154579846020551,
    "num_rays": 699188.0,
    "avg_flux": 2017.0147781760106,
    "peak_flux": 5896.018279783956,
    "min_flux": 0.7211990116306382,
    "radius": 0.0,
    "bin_size_x": 0.11912060709304066,
    "bin_size_y": 6.0,
    "xvalues": [
        -0.23824121418608132,
        -0.11912060709304068,
        0.0,
        0.11912060709304068,
        0.23824121418608135
    ],
    "yvalues": [
        -12.0,
        -6.0,
        0.0,
        6.0,
        12.0
    ],
    "flux": [
        [
            10.0,
            41.0,
            44.0,
            41.0,
            45.0
        ],
        [
            7724.0,
            41791.0,
            41466.0,
            41150.0,
            41595.0
        ],
        [
            15366.0,
            81753.0,
            81419.0,
            81545.0,
            81718.0
        ],
        [
            8464.0,
            43980.0,
            43580.0,
            43618.0,
            43587.0
        ],
        [
            15.0,
            70.0,
            48.0,
            62.0,
            56.0
        ]
    ],
    "sim_time": 21.568174839019775
}