{
    "dni": 1000.0,
    "generated_rays": 80731470,
    "power_per_ray": 0.012851950376370254,
    "num_rays": 844819.0,
    "avg_flux": 607.6514735766526,
    "peak_flux": 1885.3279237946615,
    "min_flux": 0.0,
    "radius": 0.0,
    "bin_size_x": 0.11912060709304066,
    "bin_size_y": 6.0,
    "xvalues": [
        -0.23824121418608132,
        -0.11912060709304068,
        0.0,
        0.11912060709304068,
        0.23824121418608135
    ],
    "yvalues": [
        -12.0,
        -6.0,
        0.0,
        6.0,
        12.0
    ],
    "flux": [
        [
            2.0,
            4.0,
            0.0,
            3.0,
            2.0
        ],
        [
            78756.0,
            104777.0,
            104376.0,
            104847.0,
            104389.0
        ],
        [
            55316.0,
            62348.0,
            62428.0,
            62220.0,
            62800.0
        ],
        [
            9127.0,
            8361.0,
            8396.0,
            8313.0,
            8354.0
        ],
        [
            0.0,
            0.0,
            0.0,
            0.0,
            0.0
        ]
    ],
    "sim_time": 65.96776723861694
}