{
    "dni": 1000.0,
    "generated_rays": 19360121,
    "power_per_ray": 0.053331602297951204,
    "num_rays": 811169.0,
    "avg_flux": 2421.1283874466976,
    "peak_flux": 7871.728856037229,
    "min_flux": 0.0,
    "radius": 0.0,
    "bin_size_x": 0.11912060709304066,
    "bin_size_y": 6.0,
    "xvalues": [
        -0.23824121418608132,
        -0.11912060709304068,
        0.0,
        0.11912060709304068,
        0.23824121418608135
    ],
    "yvalues": [
        -12.0,
        -6.0,
        0.0,
        6.0,
        12.0
    ],
    "flux": [
        [
            1.0,
            0.0,
            0.0,
            0.0,
            0.0
        ],
        [
            4289.0,
            4788.0,
            4884.0,
            4752.0,
            4816.0
        ],
        [
            85763.0,
            105282.0,
            105100.0,
            105493.0,
            104994.0
        ],
        [
            47413.0,
            58086.0,
            58527.0,
            58278.0,
            58681.0
        ],
        [
            1.0,
            3.0,
            6.0,
            9.0,
            3.0
        ]
    ],
    "sim_time": 20.901343822479248
}