{
    "dni": 1000.0,
    "generated_rays": 71326503,
    "power_per_ray": 0.014112776247297095,
    "num_rays": 880828.0,
    "avg_flux": 695.7054579506898,
    "peak_flux": 2121.1312453730748,
    "min_flux": 0.0,
    "radius": 0.0,
    "bin_size_x": 0.11912060709304066,
    "bin_size_y": 6.0,
    "xvalues": [
        -0.23824121418608132,
        -0.11912060709304068,
        0.0,
        0.11912060709304068,
        0.23824121418608135
    ],
    "yvalues": [
        -12.0,
        -6.0,
        0.0,
        6.0,
        12.0
    ],
    "flux": [
        [
            1.0,
            0.0,
            1.0,
            2.0,
            0.0
        ],
        [
            101369.0,
            107422.0,
            106660.0,
            107204.0,
            106814.0
        ],
        [
            60953.0,
            61996.0,
            62178.0,
            61947.0,
            62549.0
        ],
        [
            8437.0,
            8359.0,
            8377.0,
            8199.0,
            8360.0
        ],
        [
            0.0,
            0.0,
            0.0,
            0.0,
            0.0
        ]
    ],
    "sim_time": 59.127476930618286
}