{
    "dni": 1000.0,
    "generated_rays": 32287155,
    "power_per_ray": 0.0326286315716606,
    "num_rays": 782428.0,
    "avg_flux": 1428.7790929636592,
    "peak_flux": 4229.255725486765,
    "min_flux": 0.0,
    "radius": 0.0,
    "bin_size_x": 0.11912060709304066,
    "bin_size_y": 6.0,
    "xvalues": [
        -0.23824121418608132,
        -0.11912060709304068,
        0.0,
        0.11912060709304068,
        0.23824121418608135
    ],
    "yvalues": [
        -12.0,
        -6.0,
        0.0,
        6.0,
        12.0
    ],
    "flux": [
        [
            1.0,
            0.0,
            0.0,
            0.0,
            0.0
        ],
        [
            4256.0,
            4672.0,
            4781.0,
            4571.0,
            4760.0
        ],
        [
            57956.0,
            92575.0,
            92641.0,
            91773.0,
            92341.0
        ],
        [
            43568.0,
            71906.0,
            71980.0,
            72348.0,
            72277.0
        ],
        [
            7.0,
            5.0,
            2.0,
            3.0,
            5.0
        ]
    ],
    "sim_time": 30.297452688217163
}