{
    "dni": 1000.0,
    "generated_rays": 32529433,
    "power_per_ray": 0.03321602513898283,
    "num_rays": 607330.0,
    "avg_flux": 1129.0007687699797,
    "peak_flux": 3861.3339483486134,
    "min_flux": 0.0,
    "radius": 0.0,
    "bin_size_x": 0.11912060709304066,
    "bin_size_y": 6.0,
    "xvalues": [
        -0.23824121418608132,
        -0.11912060709304068,
        0.0,
        0.11912060709304068,
        0.23824121418608135
    ],
    "yvalues": [
        -12.0,
        -6.0,
        0.0,
        6.0,
        12.0
    ],
    "flux": [
        [
            0.0,
            287.0,
            462.0,
            307.0,
            316.0
        ],
        [
            0.0,
            30965.0,
            45302.0,
            38359.0,
            37848.0
        ],
        [
            0.0,
            55267.0,
            83086.0,
            76893.0,
            76555.0
        ],
        [
            0.0,
            29895.0,
            46048.0,
            42189.0,
            42119.0
        ],
        [
            0.0,
            266.0,
            445.0,
            381.0,
            340.0
        ]
    ],
    "sim_time": 32.18281650543213
}