{
    "dni": 1000.0,
    "generated_rays": 46230099,
    "power_per_ray": 0.022186827650534702,
    "num_rays": 838411.0,
    "avg_flux": 1041.0558291163047,
    "peak_flux": 3081.032845211104,
    "min_flux": 0.0,
    "radius": 0.0,
    "bin_size_x": 0.11912060709304066,
    "bin_size_y": 6.0,
    "xvalues": [
        -0.23824121418608132,
        -0.11912060709304068,
        0.0,
        0.11912060709304068,
        0.23824121418608135
    ],
    "yvalues": [
        -12.0,
        -6.0,
        0.0,
        6.0,
        12.0
    ],
    "flux": [
        [
            0.0,
            0.0,
            0.0,
            0.0,
            0.0
        ],
        [
            6109.0,
            6080.0,
            6085.0,
            6095.0,
            6089.0
        ],
        [
            59388.0,
            67292.0,
            67003.0,
            66942.0,
            66944.0
        ],
        [
            83737.0,
            99105.0,
            99252.0,
            99087.0,
            99197.0
        ],
        [
            0.0,
            2.0,
            1.0,
            1.0,
            2.0
        ]
    ],
    "sim_time": 40.53230333328247
}