{
    "dni": 1000.0,
    "generated_rays": 13133283,
    "power_per_ray": 0.07717954959882269,
    "num_rays": 764512.0,
    "avg_flux": 3302.2381412595705,
    "peak_flux": 8010.771389827759,
    "min_flux": 0.10798516377962578,
    "radius": 0.0,
    "bin_size_x": 0.11912060709304066,
    "bin_size_y": 6.0,
    "xvalues": [
        -0.23824121418608132,
        -0.11912060709304068,
        0.0,
        0.11912060709304068,
        0.23824121418608135
    ],
    "yvalues": [
        -12.0,
        -6.0,
        0.0,
        6.0,
        12.0
    ],
    "flux": [
        [
            8.0,
            12.0,
            7.0,
            11.0,
            7.0
        ],
        [
            35897.0,
            41515.0,
            41486.0,
            41276.0,
            41472.0
        ],
        [
            63918.0,
            73710.0,
            73704.0,
            74184.0,
            73881.0
        ],
        [
            36216.0,
            41796.0,
            42004.0,
            41651.0,
            41737.0
        ],
        [
            4.0,
            8.0,
            3.0,
            4.0,
            1.0
        ]
    ],
    "sim_time": 16.027555465698242
}