{
    "dni": 1000.0,
    "generated_rays": 25069524,
    "power_per_ray": 0.04019289894596683,
    "num_rays": 842582.0,
    "avg_flux": 1895.3235160081244,
    "peak_flux": 5236.376079512039,
    "min_flux": 0.0,
    "radius": 0.0,
    "bin_size_x": 0.11912060709304066,
    "bin_size_y": 6.0,
    "xvalues": [
        -0.23824121418608132,
        -0.11912060709304068,
        0.0,
        0.11912060709304068,
        0.23824121418608135
    ],
    "yvalues": [
        -12.0,
        -6.0,
        0.0,
        6.0,
        12.0
    ],
    "flux": [
        [
            1.0,
            1.0,
            2.0,
            2.0,
            2.0
        ],
        [
            69524.0,
            72039.0,
            72447.0,
            72051.0,
            72126.0
        ],
        [
            90308.0,
            93005.0,
            93115.0,
            92486.0,
            92602.0
        ],
        [
            4563.0,
            4498.0,
            4628.0,
            4619.0,
            4563.0
        ],
        [
            0.0,
            0.0,
            0.0,
            0.0,
            0.0
        ]
    ],
    "sim_time": 25.46659016609192
}