{
    "dni": 1000.0,
    "generated_rays": 15502661,
    "power_per_ray": 0.06670414883189664,
    "num_rays": 805042.0,
    "avg_flux": 3005.3373464304655,
    "peak_flux": 9662.962082641996,
    "min_flux": 0.0,
    "radius": 0.0,
    "bin_size_x": 0.11912060709304066,
    "bin_size_y": 6.0,
    "xvalues": [
        -0.23824121418608132,
        -0.11912060709304068,
        0.0,
        0.11912060709304068,
        0.23824121418608135
    ],
    "yvalues": [
        -12.0,
        -6.0,
        0.0,
        6.0,
        12.0
    ],
    "flux": [
        [
            3.0,
            6.0,
            9.0,
            6.0,
            7.0
        ],
        [
            40651.0,
            51077.0,
            50723.0,
            50888.0,
            50985.0
        ],
        [
            82573.0,
            103537.0,
            103346.0,
            102938.0,
            103161.0
        ],
        [
            11089.0,
            13563.0,
            13574.0,
            13376.0,
            13530.0
        ],
        [
            0.0,
            0.0,
            0.0,
            0.0,
            0.0
        ]
    ],
    "sim_time": 18.108033180236816
}