{
    "dni": 1000.0,
    "generated_rays": 22039586,
    "power_per_ray": 0.046600000742493146,
    "num_rays": 818351.0,
    "avg_flux": 2134.260289536305,
    "peak_flux": 6563.882311150363,
    "min_flux": 0.0,
    "radius": 0.0,
    "bin_size_x": 0.11912060709304066,
    "bin_size_y": 6.0,
    "xvalues": [
        -0.23824121418608132,
        -0.11912060709304068,
        0.0,
        0.11912060709304068,
        0.23824121418608135
    ],
    "yvalues": [
        -12.0,
        -6.0,
        0.0,
        6.0,
        12.0
    ],
    "flux": [
        [
            0.0,
            0.0,
            0.0,
            0.0,
            0.0
        ],
        [
            4097.0,
            4399.0,
            4499.0,
            4390.0,
            4306.0
        ],
        [
            85087.0,
            100302.0,
            100673.0,
            99871.0,
            100563.0
        ],
        [
            53834.0,
            64164.0,
            64104.0,
            64088.0,
            63963.0
        ],
        [
            2.0,
            0.0,
            2.0,
            3.0,
            4.0
        ]
    ],
    "sim_time": 22.8339581489563
}