{
    "dni": 1000.0,
    "generated_rays": 16206417,
    "power_per_ray": 0.0648227446844314,
    "num_rays": 721804.0,
    "avg_flux": 2618.5962583650444,
    "peak_flux": 6391.273106367044,
    "min_flux": 1.1790510775343992,
    "radius": 0.0,
    "bin_size_x": 0.11912060709304066,
    "bin_size_y": 6.0,
    "xvalues": [
        -0.23824121418608132,
        -0.11912060709304068,
        0.0,
        0.11912060709304068,
        0.23824121418608135
    ],
    "yvalues": [
        -12.0,
        -6.0,
        0.0,
        6.0,
        12.0
    ],
    "flux": [
        [
            13.0,
            20.0,
            19.0,
            21.0,
            28.0
        ],
        [
            27309.0,
            42440.0,
            42247.0,
            42163.0,
            42117.0
        ],
        [
            47490.0,
            70469.0,
            70062.0,
            70469.0,
            70372.0
        ],
        [
            27277.0,
            42355.0,
            42489.0,
            42320.0,
            42027.0
        ],
        [
            16.0,
            15.0,
            19.0,
            20.0,
            27.0
        ]
    ],
    "sim_time": 18.281620502471924
}