{
    "dni": 1000.0,
    "generated_rays": 12996861,
    "power_per_ray": 0.07832828144769474,
    "num_rays": 758749.0,
    "avg_flux": 3326.1250464546524,
    "peak_flux": 7804.184607923115,
    "min_flux": 0.876739223762971,
    "radius": 0.0,
    "bin_size_x": 0.11912060709304066,
    "bin_size_y": 6.0,
    "xvalues": [
        -0.23824121418608132,
        -0.11912060709304068,
        0.0,
        0.11912060709304068,
        0.23824121418608135
    ],
    "yvalues": [
        -12.0,
        -6.0,
        0.0,
        6.0,
        12.0
    ],
    "flux": [
        [
            15.0,
            11.0,
            8.0,
            13.0,
            9.0
        ],
        [
            35916.0,
            42342.0,
            42473.0,
            42615.0,
            42596.0
        ],
        [
            61113.0,
            71211.0,
            70820.0,
            71095.0,
            70613.0
        ],
        [
            36440.0,
            42996.0,
            43067.0,
            42551.0,
            42781.0
        ],
        [
            8.0,
            9.0,
            14.0,
            17.0,
            16.0
        ]
    ],
    "sim_time": 16.13903045654297
}