{
    "dni": 1000.0,
    "generated_rays": 31948748,
    "power_per_ray": 0.031605760165750445,
    "num_rays": 846016.0,
    "avg_flux": 1496.4653301060223,
    "peak_flux": 3750.2905298372466,
    "min_flux": 0.0,
    "radius": 0.0,
    "bin_size_x": 0.11912060709304066,
    "bin_size_y": 6.0,
    "xvalues": [
        -0.23824121418608132,
        -0.11912060709304068,
        0.0,
        0.11912060709304068,
        0.23824121418608135
    ],
    "yvalues": [
        -12.0,
        -6.0,
        0.0,
        6.0,
        12.0
    ],
    "flux": [
        [
            2.0,
            0.0,
            1.0,
            0.0,
            1.0
        ],
        [
            79473.0,
            84808.0,
            84161.0,
            84160.0,
            84352.0
        ],
        [
            78347.0,
            81272.0,
            81411.0,
            81449.0,
            81078.0
        ],
        [
            5033.0,
            5069.0,
            5205.0,
            5112.0,
            5082.0
        ],
        [
            0.0,
            0.0,
            0.0,
            0.0,
            0.0
        ]
    ],
    "sim_time": 30.370235919952393
}