{
    "dni": 1000.0,
    "generated_rays": 15088937,
    "power_per_ray": 0.06901740350760832,
    "num_rays": 729467.0,
    "avg_flux": 2817.6439276181773,
    "peak_flux": 6730.205450667286,
    "min_flux": 1.062216769360367,
    "radius": 0.0,
    "bin_size_x": 0.11912060709304066,
    "bin_size_y": 6.0,
    "xvalues": [
        -0.23824121418608132,
        -0.11912060709304068,
        0.0,
        0.11912060709304068,
        0.23824121418608135
    ],
    "yvalues": [
        -12.0,
        -6.0,
        0.0,
        6.0,
        12.0
    ],
    "flux": [
        [
            15.0,
            18.0,
            21.0,
            20.0,
            15.0
        ],
        [
            29809.0,
            42409.0,
            42550.0,
            42689.0,
            42694.0
        ],
        [
            50570.0,
            69425.0,
            69696.0,
            69143.0,
            69635.0
        ],
        [
            29839.0,
            42757.0,
            42906.0,
            42772.0,
            42380.0
        ],
        [
            11.0,
            23.0,
            29.0,
            22.0,
            19.0
        ]
    ],
    "sim_time": 17.582557678222656
}