{
    "dni": 1000.0,
    "generated_rays": 17495821,
    "power_per_ray": 0.0602283955665218,
    "num_rays": 719680.0,
    "avg_flux": 2425.8423334740683,
    "peak_flux": 6261.96169827069,
    "min_flux": 0.7584128015668982,
    "radius": 0.0,
    "bin_size_x": 0.11912060709304066,
    "bin_size_y": 6.0,
    "xvalues": [
        -0.23824121418608132,
        -0.11912060709304068,
        0.0,
        0.11912060709304068,
        0.23824121418608135
    ],
    "yvalues": [
        -12.0,
        -6.0,
        0.0,
        6.0,
        12.0
    ],
    "flux": [
        [
            17.0,
            9.0,
            13.0,
            11.0,
            9.0
        ],
        [
            24947.0,
            41760.0,
            41432.0,
            41329.0,
            41328.0
        ],
        [
            45062.0,
            74310.0,
            73112.0,
            73380.0,
            72970.0
        ],
        [
            25408.0,
            41334.0,
            41327.0,
            40899.0,
            40912.0
        ],
        [
            15.0,
            22.0,
            28.0,
            21.0,
            25.0
        ]
    ],
    "sim_time": 19.414074897766113
}