{
    "dni": 1000.0,
    "generated_rays": 11957186,
    "power_per_ray": 0.08292328953696516,
    "num_rays": 778990.0,
    "avg_flux": 3615.1826787309014,
    "peak_flux": 8221.977679782283,
    "min_flux": 0.5801073631771431,
    "radius": 0.0,
    "bin_size_x": 0.11912060709304066,
    "bin_size_y": 6.0,
    "xvalues": [
        -0.23824121418608132,
        -0.11912060709304068,
        0.0,
        0.11912060709304068,
        0.23824121418608135
    ],
    "yvalues": [
        -12.0,
        -6.0,
        0.0,
        6.0,
        12.0
    ],
    "flux": [
        [
            5.0,
            9.0,
            8.0,
            7.0,
            7.0
        ],
        [
            41612.0,
            43220.0,
            43227.0,
            43103.0,
            42937.0
        ],
        [
            68006.0,
            70670.0,
            70756.0,
            70866.0,
            70807.0
        ],
        [
            41379.0,
            43154.0,
            43396.0,
            42783.0,
            42992.0
        ],
        [
            5.0,
            11.0,
            6.0,
            10.0,
            14.0
        ]
    ],
    "sim_time": 15.35382604598999
}