{
    "dni": 1000.0,
    "generated_rays": 33128486,
    "power_per_ray": 0.03089985774720111,
    "num_rays": 830882.0,
    "avg_flux": 1436.870649070083,
    "peak_flux": 3654.121287079648,
    "min_flux": 0.0,
    "radius": 0.0,
    "bin_size_x": 0.11912060709304066,
    "bin_size_y": 6.0,
    "xvalues": [
        -0.23824121418608132,
        -0.11912060709304068,
        0.0,
        0.11912060709304068,
        0.23824121418608135
    ],
    "yvalues": [
        -12.0,
        -6.0,
        0.0,
        6.0,
        12.0
    ],
    "flux": [
        [
            0.0,
            0.0,
            0.0,
            0.0,
            0.0
        ],
        [
            5131.0,
            5016.0,
            5198.0,
            5035.0,
            5147.0
        ],
        [
            70953.0,
            81211.0,
            81149.0,
            80966.0,
            81499.0
        ],
        [
            72592.0,
            84145.0,
            84330.0,
            83982.0,
            84521.0
        ],
        [
            0.0,
            0.0,
            5.0,
            1.0,
            1.0
        ]
    ],
    "sim_time": 30.996174335479736
}