{
    "dni": 1000.0,
    "generated_rays": 19906261,
    "power_per_ray": 0.05212928338310496,
    "num_rays": 804703.0,
    "avg_flux": 2347.6817179902514,
    "peak_flux": 7684.055857733441,
    "min_flux": 0.0,
    "radius": 0.0,
    "bin_size_x": 0.11912060709304066,
    "bin_size_y": 6.0,
    "xvalues": [
        -0.23824121418608132,
        -0.11912060709304068,
        0.0,
        0.11912060709304068,
        0.23824121418608135
    ],
    "yvalues": [
        -12.0,
        -6.0,
        0.0,
        6.0,
        12.0
    ],
    "flux": [
        [
            1.0,
            0.0,
            0.0,
            0.0,
            0.0
        ],
        [
            4231.0,
            4819.0,
            4928.0,
            4812.0,
            4837.0
        ],
        [
            81866.0,
            105353.0,
            105264.0,
            105164.0,
            104938.0
        ],
        [
            45266.0,
            58234.0,
            58115.0,
            58279.0,
            58572.0
        ],
        [
            1.0,
            3.0,
            6.0,
            7.0,
            7.0
        ]
    ],
    "sim_time": 21.136277437210083
}