{
    "dni": 1000.0,
    "generated_rays": 13504455,
    "power_per_ray": 0.07721271405056104,
    "num_rays": 784114.0,
    "avg_flux": 3388.3625199992084,
    "peak_flux": 9233.457908682038,
    "min_flux": 0.10803156556314542,
    "radius": 0.0,
    "bin_size_x": 0.11912060709304066,
    "bin_size_y": 6.0,
    "xvalues": [
        -0.23824121418608132,
        -0.11912060709304068,
        0.0,
        0.11912060709304068,
        0.23824121418608135
    ],
    "yvalues": [
        -12.0,
        -6.0,
        0.0,
        6.0,
        12.0
    ],
    "flux": [
        [
            9.0,
            7.0,
            10.0,
            12.0,
            7.0
        ],
        [
            31251.0,
            45583.0,
            44998.0,
            44952.0,
            44956.0
        ],
        [
            58791.0,
            84959.0,
            85226.0,
            84813.0,
            85470.0
        ],
        [
            25385.0,
            36818.0,
            37089.0,
            36908.0,
            36862.0
        ],
        [
            1.0,
            3.0,
            1.0,
            1.0,
            2.0
        ]
    ],
    "sim_time": 16.682106971740723
}