{
    "dni": 1000.0,
    "generated_rays": 13938812,
    "power_per_ray": 0.07381003754648814,
    "num_rays": 807911.0,
    "avg_flux": 3337.342586333222,
    "peak_flux": 10056.60767088564,
    "min_flux": 0.0,
    "radius": 0.0,
    "bin_size_x": 0.11912060709304066,
    "bin_size_y": 6.0,
    "xvalues": [
        -0.23824121418608132,
        -0.11912060709304068,
        0.0,
        0.11912060709304068,
        0.23824121418608135
    ],
    "yvalues": [
        -12.0,
        -6.0,
        0.0,
        6.0,
        12.0
    ],
    "flux": [
        [
            0.0,
            0.0,
            0.0,
            0.0,
            0.0
        ],
        [
            18273.0,
            21991.0,
            22015.0,
            22049.0,
            21926.0
        ],
        [
            79898.0,
            97381.0,
            96922.0,
            97108.0,
            97117.0
        ],
        [
            39960.0,
            48583.0,
            48351.0,
            48437.0,
            47872.0
        ],
        [
            8.0,
            7.0,
            3.0,
            3.0,
            7.0
        ]
    ],
    "sim_time": 16.918059825897217
}