{
    "dni": 1000.0,
    "generated_rays": 75469252,
    "power_per_ray": 0.01358664297334826,
    "num_rays": 859625.0,
    "avg_flux": 653.6466556029857,
    "peak_flux": 2010.1179193477074,
    "min_flux": 0.0,
    "radius": 0.0,
    "bin_size_x": 0.11912060709304066,
    "bin_size_y": 6.0,
    "xvalues": [
        -0.23824121418608132,
        -0.11912060709304068,
        0.0,
        0.11912060709304068,
        0.23824121418608135
    ],
    "yvalues": [
        -12.0,
        -6.0,
        0.0,
        6.0,
        12.0
    ],
    "flux": [
        [
            0.0,
            0.0,
            0.0,
            0.0,
            0.0
        ],
        [
            8810.0,
            8337.0,
            8144.0,
            8196.0,
            8311.0
        ],
        [
            57036.0,
            62500.0,
            62660.0,
            62290.0,
            62718.0
        ],
        [
            88540.0,
            105388.0,
            105606.0,
            105343.0,
            105742.0
        ],
        [
            0.0,
            1.0,
            0.0,
            1.0,
            2.0
        ]
    ],
    "sim_time": 62.208295583724976
}