{
    "dni": 1000.0,
    "generated_rays": 12194568,
    "power_per_ray": 0.08205775055464774,
    "num_rays": 771436.0,
    "avg_flux": 3542.756897213828,
    "peak_flux": 8130.762004358951,
    "min_flux": 0.4592418421247943,
    "radius": 0.0,
    "bin_size_x": 0.11912060709304066,
    "bin_size_y": 6.0,
    "xvalues": [
        -0.23824121418608132,
        -0.11912060709304068,
        0.0,
        0.11912060709304068,
        0.23824121418608135
    ],
    "yvalues": [
        -12.0,
        -6.0,
        0.0,
        6.0,
        12.0
    ],
    "flux": [
        [
            7.0,
            10.0,
            8.0,
            10.0,
            6.0
        ],
        [
            39752.0,
            42885.0,
            42730.0,
            42908.0,
            42713.0
        ],
        [
            65534.0,
            70819.0,
            70057.0,
            70809.0,
            70406.0
        ],
        [
            39882.0,
            43457.0,
            43155.0,
            42954.0,
            43294.0
        ],
        [
            8.0,
            8.0,
            7.0,
            4.0,
            13.0
        ]
    ],
    "sim_time": 15.501345872879028
}