{
    "dni": 1000.0,
    "generated_rays": 58073785,
    "power_per_ray": 0.0188889310251909,
    "num_rays": 510580.0,
    "avg_flux": 539.7504617768981,
    "peak_flux": 2426.857955856525,
    "min_flux": 0.0,
    "radius": 0.0,
    "bin_size_x": 0.11912060709304066,
    "bin_size_y": 6.0,
    "xvalues": [
        -0.23824121418608132,
        -0.11912060709304068,
        0.0,
        0.11912060709304068,
        0.23824121418608135
    ],
    "yvalues": [
        -12.0,
        -6.0,
        0.0,
        6.0,
        12.0
    ],
    "flux": [
        [
            0.0,
            53.0,
            338.0,
            276.0,
            314.0
        ],
        [
            0.0,
            1850.0,
            23029.0,
            22184.0,
            22175.0
        ],
        [
            0.0,
            4930.0,
            90709.0,
            91589.0,
            91828.0
        ],
        [
            0.0,
            2831.0,
            50633.0,
            51594.0,
            51280.0
        ],
        [
            0.0,
            58.0,
            1613.0,
            1664.0,
            1632.0
        ]
    ],
    "sim_time": 48.39458608627319
}