{
    "dni": 1000.0,
    "generated_rays": 20338485,
    "power_per_ray": 0.05249024247876818,
    "num_rays": 755263.0,
    "avg_flux": 2218.700244102321,
    "peak_flux": 7555.201595728313,
    "min_flux": 0.0,
    "radius": 0.0,
    "bin_size_x": 0.11912060709304066,
    "bin_size_y": 6.0,
    "xvalues": [
        -0.23824121418608132,
        -0.11912060709304068,
        0.0,
        0.11912060709304068,
        0.23824121418608135
    ],
    "yvalues": [
        -12.0,
        -6.0,
        0.0,
        6.0,
        12.0
    ],
    "flux": [
        [
            4.0,
            13.0,
            17.0,
            15.0,
            17.0
        ],
        [
            25900.0,
            50870.0,
            50854.0,
            50576.0,
            51033.0
        ],
        [
            51576.0,
            102874.0,
            102579.0,
            102597.0,
            101733.0
        ],
        [
            7684.0,
            14128.0,
            14466.0,
            14200.0,
            14126.0
        ],
        [
            1.0,
            0.0,
            0.0,
            0.0,
            0.0
        ]
    ],
    "sim_time": 21.814133644104004
}