{
    "dni": 1000.0,
    "generated_rays": 12946149,
    "power_per_ray": 0.07866752742410954,
    "num_rays": 756512.0,
    "avg_flux": 3330.68195665953,
    "peak_flux": 7750.591905419019,
    "min_flux": 0.3302011689827322,
    "radius": 0.0,
    "bin_size_x": 0.11912060709304066,
    "bin_size_y": 6.0,
    "xvalues": [
        -0.23824121418608132,
        -0.11912060709304068,
        0.0,
        0.11912060709304068,
        0.23824121418608135
    ],
    "yvalues": [
        -12.0,
        -6.0,
        0.0,
        6.0,
        12.0
    ],
    "flux": [
        [
            7.0,
            10.0,
            11.0,
            8.0,
            8.0
        ],
        [
            36069.0,
            42843.0,
            42980.0,
            43152.0,
            42623.0
        ],
        [
            60241.0,
            70185.0,
            70385.0,
            70417.0,
            70402.0
        ],
        [
            36101.0,
            42831.0,
            42995.0,
            42626.0,
            42579.0
        ],
        [
            3.0,
            14.0,
            5.0,
            7.0,
            10.0
        ]
    ],
    "sim_time": 15.674263715744019
}