{
    "dni": 1000.0,
    "generated_rays": 15625851,
    "power_per_ray": 0.06404917263463013,
    "num_rays": 839769.0,
    "avg_flux": 3010.1989888953517,
    "peak_flux": 9590.479518521774,
    "min_flux": 0.0,
    "radius": 0.0,
    "bin_size_x": 0.11912060709304066,
    "bin_size_y": 6.0,
    "xvalues": [
        -0.23824121418608132,
        -0.11912060709304068,
        0.0,
        0.11912060709304068,
        0.23824121418608135
    ],
    "yvalues": [
        -12.0,
        -6.0,
        0.0,
        6.0,
        12.0
    ],
    "flux": [
        [
            2.0,
            4.0,
            5.0,
            5.0,
            2.0
        ],
        [
            53653.0,
            54354.0,
            54037.0,
            53977.0,
            54277.0
        ],
        [
            106441.0,
            106932.0,
            107020.0,
            106564.0,
            106464.0
        ],
        [
            7212.0,
            7135.0,
            7219.0,
            7141.0,
            7325.0
        ],
        [
            0.0,
            0.0,
            0.0,
            0.0,
            0.0
        ]
    ],
    "sim_time": 18.32400393486023
}