{
    "dni": 1000.0,
    "generated_rays": 15704062,
    "power_per_ray": 0.06683962646292334,
    "num_rays": 783997.0,
    "avg_flux": 2932.7176831865995,
    "peak_flux": 9079.39576642313,
    "min_flux": 0.0,
    "radius": 0.0,
    "bin_size_x": 0.11912060709304066,
    "bin_size_y": 6.0,
    "xvalues": [
        -0.23824121418608132,
        -0.11912060709304068,
        0.0,
        0.11912060709304068,
        0.23824121418608135
    ],
    "yvalues": [
        -12.0,
        -6.0,
        0.0,
        6.0,
        12.0
    ],
    "flux": [
        [
            0.0,
            0.0,
            1.0,
            0.0,
            1.0
        ],
        [
            15269.0,
            21983.0,
            22204.0,
            22141.0,
            22323.0
        ],
        [
            65835.0,
            97087.0,
            96771.0,
            97048.0,
            96702.0
        ],
        [
            33182.0,
            48693.0,
            48428.0,
            48226.0,
            48073.0
        ],
        [
            6.0,
            11.0,
            5.0,
            6.0,
            2.0
        ]
    ],
    "sim_time": 18.109572172164917
}