{
    "dni": 1000.0,
    "generated_rays": 45302227,
    "power_per_ray": 0.023939321356998406,
    "num_rays": 530626.0,
    "avg_flux": 710.9224084940474,
    "peak_flux": 2850.148716138296,
    "min_flux": 0.0,
    "radius": 0.0,
    "bin_size_x": 0.11912060709304066,
    "bin_size_y": 6.0,
    "xvalues": [
        -0.23824121418608132,
        -0.11912060709304068,
        0.0,
        0.11912060709304068,
        0.23824121418608135
    ],
    "yvalues": [
        -12.0,
        -6.0,
        0.0,
        6.0,
        12.0
    ],
    "flux": [
        [
            0.0,
            122.0,
            1500.0,
            1440.0,
            1003.0
        ],
        [
            0.0,
            4881.0,
            47761.0,
            47380.0,
            38700.0
        ],
        [
            0.0,
            9107.0,
            85093.0,
            83659.0,
            68496.0
        ],
        [
            0.0,
            5282.0,
            47968.0,
            46239.0,
            37861.0
        ],
        [
            0.0,
            121.0,
            1446.0,
            1409.0,
            1158.0
        ]
    ],
    "sim_time": 38.94952416419983
}