{
    "dni": 1000.0,
    "generated_rays": 30145098,
    "power_per_ray": 0.036006469735185974,
    "num_rays": 619271.0,
    "avg_flux": 1247.9096082265823,
    "peak_flux": 4137.5087891262865,
    "min_flux": 0.0,
    "radius": 0.0,
    "bin_size_x": 0.11912060709304066,
    "bin_size_y": 6.0,
    "xvalues": [
        -0.23824121418608132,
        -0.11912060709304068,
        0.0,
        0.11912060709304068,
        0.23824121418608135
    ],
    "yvalues": [
        -12.0,
        -6.0,
        0.0,
        6.0,
        12.0
    ],
    "flux": [
        [
            0.0,
            240.0,
            339.0,
            282.0,
            297.0
        ],
        [
            0.0,
            31652.0,
            43781.0,
            43377.0,
            43456.0
        ],
        [
            0.0,
            57926.0,
            81078.0,
            82129.0,
            80655.0
        ],
        [
            0.0,
            29082.0,
            41219.0,
            41258.0,
            41578.0
        ],
        [
            0.0,
            169.0,
            266.0,
            266.0,
            221.0
        ]
    ],
    "sim_time": 28.204190254211426
}