{
    "dni": 1000.0,
    "generated_rays": 12415987,
    "power_per_ray": 0.0802053891964939,
    "num_rays": 779573.0,
    "avg_flux": 3499.308104501832,
    "peak_flux": 8351.992211943378,
    "min_flux": 0.11221874361034286,
    "radius": 0.0,
    "bin_size_x": 0.11912060709304066,
    "bin_size_y": 6.0,
    "xvalues": [
        -0.23824121418608132,
        -0.11912060709304068,
        0.0,
        0.11912060709304068,
        0.23824121418608135
    ],
    "yvalues": [
        -12.0,
        -6.0,
        0.0,
        6.0,
        12.0
    ],
    "flux": [
        [
            3.0,
            3.0,
            1.0,
            4.0,
            5.0
        ],
        [
            39212.0,
            42075.0,
            41978.0,
            42070.0,
            42170.0
        ],
        [
            68972.0,
            74331.0,
            74402.0,
            74426.0,
            73913.0
        ],
        [
            39076.0,
            41880.0,
            41762.0,
            41401.0,
            41857.0
        ],
        [
            7.0,
            6.0,
            7.0,
            7.0,
            5.0
        ]
    ],
    "sim_time": 15.68708872795105
}