{
    "dni": 1000.0,
    "generated_rays": 24514678,
    "power_per_ray": 0.044088328698749055,
    "num_rays": 666450.0,
    "avg_flux": 1644.421139119481,
    "peak_flux": 5046.456934887299,
    "min_flux": 0.0,
    "radius": 0.0,
    "bin_size_x": 0.11912060709304066,
    "bin_size_y": 6.0,
    "xvalues": [
        -0.23824121418608132,
        -0.11912060709304068,
        0.0,
        0.11912060709304068,
        0.23824121418608135
    ],
    "yvalues": [
        -12.0,
        -6.0,
        0.0,
        6.0,
        12.0
    ],
    "flux": [
        [
            1.0,
            89.0,
            94.0,
            89.0,
            97.0
        ],
        [
            388.0,
            41008.0,
            41576.0,
            41147.0,
            41274.0
        ],
        [
            955.0,
            80080.0,
            81212.0,
            81645.0,
            81809.0
        ],
        [
            668.0,
            43445.0,
            43549.0,
            43499.0,
            43322.0
        ],
        [
            0.0,
            130.0,
            116.0,
            133.0,
            124.0
        ]
    ],
    "sim_time": 24.192687511444092
}