{
    "dni": 1000.0,
    "generated_rays": 24829193,
    "power_per_ray": 0.04329757264105998,
    "num_rays": 653622.0,
    "avg_flux": 1583.8427240771557,
    "peak_flux": 5124.537718862536,
    "min_flux": 0.6057946045562862,
    "radius": 0.0,
    "bin_size_x": 0.11912060709304066,
    "bin_size_y": 6.0,
    "xvalues": [
        -0.23824121418608132,
        -0.11912060709304068,
        0.0,
        0.11912060709304068,
        0.23824121418608135
    ],
    "yvalues": [
        -12.0,
        -6.0,
        0.0,
        6.0,
        12.0
    ],
    "flux": [
        [
            10.0,
            147.0,
            137.0,
            125.0,
            152.0
        ],
        [
            3917.0,
            48990.0,
            41266.0,
            41343.0,
            41369.0
        ],
        [
            6935.0,
            84592.0,
            69135.0,
            68983.0,
            68991.0
        ],
        [
            3932.0,
            48992.0,
            41329.0,
            41394.0,
            41299.0
        ],
        [
            11.0,
            136.0,
            150.0,
            144.0,
            143.0
        ]
    ],
    "sim_time": 24.991076946258545
}