{
    "dni": 1000.0,
    "generated_rays": 27708622,
    "power_per_ray": 0.03859407192309379,
    "num_rays": 745236.0,
    "avg_flux": 1609.6678531987914,
    "peak_flux": 5656.136745647037,
    "min_flux": 0.0,
    "radius": 0.0,
    "bin_size_x": 0.11912060709304066,
    "bin_size_y": 6.0,
    "xvalues": [
        -0.23824121418608132,
        -0.11912060709304068,
        0.0,
        0.11912060709304068,
        0.23824121418608135
    ],
    "yvalues": [
        -12.0,
        -6.0,
        0.0,
        6.0,
        12.0
    ],
    "flux": [
        [
            10.0,
            15.0,
            17.0,
            11.0,
            11.0
        ],
        [
            24781.0,
            58085.0,
            58082.0,
            58664.0,
            58109.0
        ],
        [
            45243.0,
            104026.0,
            104746.0,
            104268.0,
            103891.0
        ],
        [
            3705.0,
            5366.0,
            5399.0,
            5446.0,
            5358.0
        ],
        [
            1.0,
            0.0,
            0.0,
            0.0,
            2.0
        ]
    ],
    "sim_time": 26.847867488861084
}