{
    "dni": 1000.0,
    "generated_rays": 13136134,
    "power_per_ray": 0.07716279894022661,
    "num_rays": 765917.0,
    "avg_flux": 3307.5888892865537,
    "peak_flux": 8028.4658834738375,
    "min_flux": 0.21592345445306432,
    "radius": 0.0,
    "bin_size_x": 0.11912060709304066,
    "bin_size_y": 6.0,
    "xvalues": [
        -0.23824121418608132,
        -0.11912060709304068,
        0.0,
        0.11912060709304068,
        0.23824121418608135
    ],
    "yvalues": [
        -12.0,
        -6.0,
        0.0,
        6.0,
        12.0
    ],
    "flux": [
        [
            3.0,
            3.0,
            2.0,
            2.0,
            7.0
        ],
        [
            35915.0,
            41806.0,
            41955.0,
            41869.0,
            42047.0
        ],
        [
            63821.0,
            74048.0,
            74066.0,
            74364.0,
            73743.0
        ],
        [
            36142.0,
            41616.0,
            41488.0,
            41386.0,
            41602.0
        ],
        [
            6.0,
            5.0,
            10.0,
            5.0,
            6.0
        ]
    ],
    "sim_time": 16.31246566772461
}