{
    "dni": 1000.0,
    "generated_rays": 17755087,
    "power_per_ray": 0.056445018385946365,
    "num_rays": 841507.0,
    "avg_flux": 2658.307365733004,
    "peak_flux": 8339.797414898836,
    "min_flux": 0.0,
    "radius": 0.0,
    "bin_size_x": 0.11912060709304066,
    "bin_size_y": 6.0,
    "xvalues": [
        -0.23824121418608132,
        -0.11912060709304068,
        0.0,
        0.11912060709304068,
        0.23824121418608135
    ],
    "yvalues": [
        -12.0,
        -6.0,
        0.0,
        6.0,
        12.0
    ],
    "flux": [
        [
            3.0,
            4.0,
            2.0,
            3.0,
            2.0
        ],
        [
            58182.0,
            58323.0,
            58418.0,
            58083.0,
            58360.0
        ],
        [
            104817.0,
            105436.0,
            105601.0,
            105338.0,
            105525.0
        ],
        [
            4743.0,
            4614.0,
            4747.0,
            4657.0,
            4649.0
        ],
        [
            0.0,
            0.0,
            0.0,
            0.0,
            0.0
        ]
    ],
    "sim_time": 19.831074953079224
}