{
    "dni": 1000.0,
    "generated_rays": 15079159,
    "power_per_ray": 0.06816632690992722,
    "num_rays": 812153.0,
    "avg_flux": 3098.343673127708,
    "peak_flux": 9919.03127701784,
    "min_flux": 0.0,
    "radius": 0.0,
    "bin_size_x": 0.11912060709304066,
    "bin_size_y": 6.0,
    "xvalues": [
        -0.23824121418608132,
        -0.11912060709304068,
        0.0,
        0.11912060709304068,
        0.23824121418608135
    ],
    "yvalues": [
        -12.0,
        -6.0,
        0.0,
        6.0,
        12.0
    ],
    "flux": [
        [
            0.0,
            0.0,
            0.0,
            0.0,
            0.0
        ],
        [
            11626.0,
            13538.0,
            13462.0,
            13680.0,
            13592.0
        ],
        [
            86587.0,
            104001.0,
            103415.0,
            102891.0,
            102987.0
        ],
        [
            43186.0,
            50953.0,
            50576.0,
            50920.0,
            50720.0
        ],
        [
            6.0,
            4.0,
            3.0,
            2.0,
            4.0
        ]
    ],
    "sim_time": 17.781107425689697
}