{
    "dni": 1000.0,
    "generated_rays": 35920080,
    "power_per_ray": 0.03011780050965112,
    "num_rays": 575311.0,
    "avg_flux": 969.7231711539965,
    "peak_flux": 3518.192228188196,
    "min_flux": 0.0,
    "radius": 0.0,
    "bin_size_x": 0.11912060709304066,
    "bin_size_y": 6.0,
    "xvalues": [
        -0.23824121418608132,
        -0.11912060709304068,
        0.0,
        0.11912060709304068,
        0.23824121418608135
    ],
    "yvalues": [
        -12.0,
        -6.0,
        0.0,
        6.0,
        12.0
    ],
    "flux": [
        [
            0.0,
            326.0,
            701.0,
            586.0,
            602.0
        ],
        [
            0.0,
            25499.0,
            48400.0,
            40398.0,
            40440.0
        ],
        [
            0.0,
            44467.0,
            83490.0,
            67037.0,
            66689.0
        ],
        [
            0.0,
            25674.0,
            47961.0,
            40534.0,
            40299.0
        ],
        [
            0.0,
            337.0,
            645.0,
            605.0,
            621.0
        ]
    ],
    "sim_time": 32.26860284805298
}