{
    "dni": 1000.0,
    "generated_rays": 12990482,
    "power_per_ray": 0.07836674469388952,
    "num_rays": 758529.0,
    "avg_flux": 3326.7934595331194,
    "peak_flux": 7799.245169599656,
    "min_flux": 0.8771697481660211,
    "radius": 0.0,
    "bin_size_x": 0.11912060709304066,
    "bin_size_y": 6.0,
    "xvalues": [
        -0.23824121418608132,
        -0.11912060709304068,
        0.0,
        0.11912060709304068,
        0.23824121418608135
    ],
    "yvalues": [
        -12.0,
        -6.0,
        0.0,
        6.0,
        12.0
    ],
    "flux": [
        [
            11.0,
            11.0,
            11.0,
            9.0,
            14.0
        ],
        [
            36043.0,
            42818.0,
            42755.0,
            42784.0,
            42771.0
        ],
        [
            60806.0,
            71131.0,
            70873.0,
            71125.0,
            70745.0
        ],
        [
            36060.0,
            42727.0,
            42959.0,
            42432.0,
            42378.0
        ],
        [
            13.0,
            15.0,
            8.0,
            15.0,
            15.0
        ]
    ],
    "sim_time": 15.951838731765747
}