{
    "dni": 1000.0,
    "generated_rays": 15111895,
    "power_per_ray": 0.069019758908408,
    "num_rays": 732323.0,
    "avg_flux": 2828.772067601673,
    "peak_flux": 6845.448168229041,
    "min_flux": 0.9656845639156743,
    "radius": 0.0,
    "bin_size_x": 0.11912060709304066,
    "bin_size_y": 6.0,
    "xvalues": [
        -0.23824121418608132,
        -0.11912060709304068,
        0.0,
        0.11912060709304068,
        0.23824121418608135
    ],
    "yvalues": [
        -12.0,
        -6.0,
        0.0,
        6.0,
        12.0
    ],
    "flux": [
        [
            15.0,
            18.0,
            12.0,
            23.0,
            12.0
        ],
        [
            29859.0,
            42531.0,
            42198.0,
            42196.0,
            42056.0
        ],
        [
            51303.0,
            70342.0,
            70507.0,
            70088.0,
            70887.0
        ],
        [
            29899.0,
            43060.0,
            42638.0,
            42230.0,
            42363.0
        ],
        [
            11.0,
            10.0,
            19.0,
            21.0,
            25.0
        ]
    ],
    "sim_time": 17.85477900505066
}