{
    "dni": 1000.0,
    "generated_rays": 19397906,
    "power_per_ray": 0.05481801703729376,
    "num_rays": 691999.0,
    "avg_flux": 2123.0031140993883,
    "peak_flux": 5682.032766731779,
    "min_flux": 1.610662204572808,
    "radius": 0.0,
    "bin_size_x": 0.11912060709304066,
    "bin_size_y": 6.0,
    "xvalues": [
        -0.23824121418608132,
        -0.11912060709304068,
        0.0,
        0.11912060709304068,
        0.23824121418608135
    ],
    "yvalues": [
        -12.0,
        -6.0,
        0.0,
        6.0,
        12.0
    ],
    "flux": [
        [
            22.0,
            57.0,
            53.0,
            40.0,
            61.0
        ],
        [
            18284.0,
            44514.0,
            42137.0,
            42043.0,
            42309.0
        ],
        [
            31681.0,
            74083.0,
            69425.0,
            69193.0,
            69298.0
        ],
        [
            18137.0,
            44470.0,
            41997.0,
            42394.0,
            41571.0
        ],
        [
            21.0,
            55.0,
            52.0,
            51.0,
            51.0
        ]
    ],
    "sim_time": 20.176836013793945
}