{
    "dni": 1000.0,
    "generated_rays": 64937513,
    "power_per_ray": 0.01673697233568345,
    "num_rays": 375977.0,
    "avg_flux": 352.17621319084617,
    "peak_flux": 1833.652990840053,
    "min_flux": 0.0,
    "radius": 0.0,
    "bin_size_x": 0.11912060709304066,
    "bin_size_y": 6.0,
    "xvalues": [
        -0.23824121418608132,
        -0.11912060709304068,
        0.0,
        0.11912060709304068,
        0.23824121418608135
    ],
    "yvalues": [
        -12.0,
        -6.0,
        0.0,
        6.0,
        12.0
    ],
    "flux": [
        [
            0.0,
            0.0,
            473.0,
            4112.0,
            4143.0
        ],
        [
            0.0,
            0.0,
            5771.0,
            44787.0,
            45093.0
        ],
        [
            0.0,
            0.0,
            10490.0,
            77521.0,
            78303.0
        ],
        [
            0.0,
            0.0,
            5912.0,
            44658.0,
            45723.0
        ],
        [
            0.0,
            0.0,
            479.0,
            4277.0,
            4235.0
        ]
    ],
    "sim_time": 52.699917793273926
}