{
    "dni": 1000.0,
    "generated_rays": 21900933,
    "power_per_ray": 0.049202614448705655,
    "num_rays": 727285.0,
    "avg_flux": 2002.6942621482274,
    "peak_flux": 6671.425264675632,
    "min_flux": 0.0,
    "radius": 0.0,
    "bin_size_x": 0.11912060709304066,
    "bin_size_y": 6.0,
    "xvalues": [
        -0.23824121418608132,
        -0.11912060709304068,
        0.0,
        0.11912060709304068,
        0.23824121418608135
    ],
    "yvalues": [
        -12.0,
        -6.0,
        0.0,
        6.0,
        12.0
    ],
    "flux": [
        [
            0.0,
            3.0,
            2.0,
            3.0,
            1.0
        ],
        [
            8243.0,
            22665.0,
            22770.0,
            22587.0,
            22579.0
        ],
        [
            32620.0,
            96167.0,
            96078.0,
            96313.0,
            96910.0
        ],
        [
            16620.0,
            48665.0,
            48221.0,
            48248.0,
            48463.0
        ],
        [
            13.0,
            29.0,
            31.0,
            31.0,
            23.0
        ]
    ],
    "sim_time": 22.699864864349365
}