{
    "dni": 1000.0,
    "generated_rays": 11944147,
    "power_per_ray": 0.08534285057330775,
    "num_rays": 808984.0,
    "avg_flux": 3863.9270631135187,
    "peak_flux": 10173.816093966663,
    "min_flux": 0.0,
    "radius": 0.0,
    "bin_size_x": 0.11912060709304066,
    "bin_size_y": 6.0,
    "xvalues": [
        -0.23824121418608132,
        -0.11912060709304068,
        0.0,
        0.11912060709304068,
        0.23824121418608135
    ],
    "yvalues": [
        -12.0,
        -6.0,
        0.0,
        6.0,
        12.0
    ],
    "flux": [
        [
            0.0,
            0.0,
            0.0,
            0.0,
            1.0
        ],
        [
            30913.0,
            37189.0,
            37321.0,
            36795.0,
            36875.0
        ],
        [
            71318.0,
            85194.0,
            85203.0,
            85030.0,
            84962.0
        ],
        [
            37703.0,
            45221.0,
            45117.0,
            45098.0,
            45020.0
        ],
        [
            6.0,
            7.0,
            3.0,
            5.0,
            3.0
        ]
    ],
    "sim_time": 15.50928783416748
}