{
    "dni": 1000.0,
    "generated_rays": 25314544,
    "power_per_ray": 0.040019892064683635,
    "num_rays": 837372.0,
    "avg_flux": 1875.4962093062343,
    "peak_flux": 5206.277423334363,
    "min_flux": 0.0,
    "radius": 0.0,
    "bin_size_x": 0.11912060709304066,
    "bin_size_y": 6.0,
    "xvalues": [
        -0.23824121418608132,
        -0.11912060709304068,
        0.0,
        0.11912060709304068,
        0.23824121418608135
    ],
    "yvalues": [
        -12.0,
        -6.0,
        0.0,
        6.0,
        12.0
    ],
    "flux": [
        [
            0.0,
            0.0,
            0.0,
            0.0,
            0.0
        ],
        [
            4520.0,
            4612.0,
            4661.0,
            4638.0,
            4603.0
        ],
        [
            87120.0,
            92928.0,
            92551.0,
            92465.0,
            92980.0
        ],
        [
            67119.0,
            72353.0,
            72216.0,
            72232.0,
            72361.0
        ],
        [
            2.0,
            3.0,
            0.0,
            2.0,
            6.0
        ]
    ],
    "sim_time": 25.43959069252014
}