{
    "dni": 1000.0,
    "generated_rays": 16726945,
    "power_per_ray": 0.06259484413621885,
    "num_rays": 790826.0,
    "avg_flux": 2770.392765051728,
    "peak_flux": 9091.67260980244,
    "min_flux": 0.0,
    "radius": 0.0,
    "bin_size_x": 0.11912060709304066,
    "bin_size_y": 6.0,
    "xvalues": [
        -0.23824121418608132,
        -0.11912060709304068,
        0.0,
        0.11912060709304068,
        0.23824121418608135
    ],
    "yvalues": [
        -12.0,
        -6.0,
        0.0,
        6.0,
        12.0
    ],
    "flux": [
        [
            1.0,
            0.0,
            0.0,
            1.0,
            0.0
        ],
        [
            10192.0,
            13793.0,
            13691.0,
            13770.0,
            13885.0
        ],
        [
            73130.0,
            103811.0,
            103060.0,
            102843.0,
            102703.0
        ],
        [
            36464.0,
            50781.0,
            50737.0,
            50925.0,
            51017.0
        ],
        [
            5.0,
            5.0,
            5.0,
            3.0,
            4.0
        ]
    ],
    "sim_time": 18.922327280044556
}