{
    "dni": 1000.0,
    "generated_rays": 14385170,
    "power_per_ray": 0.07199590131429529,
    "num_rays": 800477.0,
    "avg_flux": 3225.3620652638033,
    "peak_flux": 9774.880605222539,
    "min_flux": 0.0,
    "radius": 0.0,
    "bin_size_x": 0.11912060709304066,
    "bin_size_y": 6.0,
    "xvalues": [
        -0.23824121418608132,
        -0.11912060709304068,
        0.0,
        0.11912060709304068,
        0.23824121418608135
    ],
    "yvalues": [
        -12.0,
        -6.0,
        0.0,
        6.0,
        12.0
    ],
    "flux": [
        [
            0.0,
            0.0,
            0.0,
            0.0,
            0.0
        ],
        [
            17455.0,
            21991.0,
            21934.0,
            22028.0,
            22055.0
        ],
        [
            75811.0,
            97038.0,
            96848.0,
            97004.0,
            96909.0
        ],
        [
            37926.0,
            48661.0,
            48322.0,
            48582.0,
            47888.0
        ],
        [
            6.0,
            7.0,
            3.0,
            4.0,
            5.0
        ]
    ],
    "sim_time": 17.098488569259644
}