{
    "dni": 1000.0,
    "generated_rays": 73485163,
    "power_per_ray": 0.013858755429016469,
    "num_rays": 867976.0,
    "avg_flux": 673.2150098854877,
    "peak_flux": 2068.351310677803,
    "min_flux": 0.0,
    "radius": 0.0,
    "bin_size_x": 0.11912060709304066,
    "bin_size_y": 6.0,
    "xvalues": [
        -0.23824121418608132,
        -0.11912060709304068,
        0.0,
        0.11912060709304068,
        0.23824121418608135
    ],
    "yvalues": [
        -12.0,
        -6.0,
        0.0,
        6.0,
        12.0
    ],
    "flux": [
        [
            2.0,
            0.0,
            0.0,
            3.0,
            0.0
        ],
        [
            93673.0,
            106669.0,
            105939.0,
            106498.0,
            105935.0
        ],
        [
            58979.0,
            62032.0,
            61937.0,
            61890.0,
            62547.0
        ],
        [
            8664.0,
            8341.0,
            8353.0,
            8144.0,
            8370.0
        ],
        [
            0.0,
            0.0,
            0.0,
            0.0,
            0.0
        ]
    ],
    "sim_time": 61.54363131523132
}