{
    "dni": 1000.0,
    "generated_rays": 70568264,
    "power_per_ray": 0.014150930775175074,
    "num_rays": 889011.0,
    "avg_flux": 704.0669915068034,
    "peak_flux": 2132.132397163383,
    "min_flux": 0.0,
    "radius": 0.0,
    "bin_size_x": 0.11912060709304066,
    "bin_size_y": 6.0,
    "xvalues": [
        -0.23824121418608132,
        -0.11912060709304068,
        0.0,
        0.11912060709304068,
        0.23824121418608135
    ],
    "yvalues": [
        -12.0,
        -6.0,
        0.0,
        6.0,
        12.0
    ],
    "flux": [
        [
            1.0,
            0.0,
            1.0,
            2.0,
            0.0
        ],
        [
            106594.0,
            107688.0,
            107143.0,
            107170.0,
            107238.0
        ],
        [
            62459.0,
            62109.0,
            62254.0,
            62169.0,
            62530.0
        ],
        [
            8293.0,
            8382.0,
            8322.0,
            8290.0,
            8366.0
        ],
        [
            0.0,
            0.0,
            0.0,
            0.0,
            0.0
        ]
    ],
    "sim_time": 58.39355397224426
}