{
    "dni": 1000.0,
    "generated_rays": 35581613,
    "power_per_ray": 0.029164490955191608,
    "num_rays": 813743.0,
    "avg_flux": 1328.2001014212424,
    "peak_flux": 3447.5556216421496,
    "min_flux": 0.0,
    "radius": 0.0,
    "bin_size_x": 0.11912060709304066,
    "bin_size_y": 6.0,
    "xvalues": [
        -0.23824121418608132,
        -0.11912060709304068,
        0.0,
        0.11912060709304068,
        0.23824121418608135
    ],
    "yvalues": [
        -12.0,
        -6.0,
        0.0,
        6.0,
        12.0
    ],
    "flux": [
        [
            0.0,
            0.0,
            0.0,
            0.0,
            0.0
        ],
        [
            5129.0,
            5103.0,
            5181.0,
            5132.0,
            5164.0
        ],
        [
            63636.0,
            81248.0,
            80884.0,
            81030.0,
            80600.0
        ],
        [
            64070.0,
            83945.0,
            84488.0,
            83796.0,
            84325.0
        ],
        [
            3.0,
            0.0,
            6.0,
            2.0,
            1.0
        ]
    ],
    "sim_time": 32.829413175582886
}