{
    "dni": 1000.0,
    "generated_rays": 28959559,
    "power_per_ray": 0.03726401546193517,
    "num_rays": 628628.0,
    "avg_flux": 1311.0076184388388,
    "peak_flux": 4052.08649222784,
    "min_flux": 0.0,
    "radius": 0.0,
    "bin_size_x": 0.11912060709304066,
    "bin_size_y": 6.0,
    "xvalues": [
        -0.23824121418608132,
        -0.11912060709304068,
        0.0,
        0.11912060709304068,
        0.23824121418608135
    ],
    "yvalues": [
        -12.0,
        -6.0,
        0.0,
        6.0,
        12.0
    ],
    "flux": [
        [
            0.0,
            228.0,
            229.0,
            216.0,
            224.0
        ],
        [
            0.0,
            43774.0,
            43364.0,
            40483.0,
            40367.0
        ],
        [
            0.0,
            77719.0,
            73837.0,
            69407.0,
            69516.0
        ],
        [
            0.0,
            44466.0,
            42617.0,
            40464.0,
            40750.0
        ],
        [
            0.0,
            240.0,
            269.0,
            214.0,
            244.0
        ]
    ],
    "sim_time": 27.437580108642578
}