{
    "dni": 1000.0,
    "generated_rays": 21166968,
    "power_per_ray": 0.04798703806300101,
    "num_rays": 830350.0,
    "avg_flux": 2230.010856391435,
    "peak_flux": 6775.166963282342,
    "min_flux": 0.0,
    "radius": 0.0,
    "bin_size_x": 0.11912060709304066,
    "bin_size_y": 6.0,
    "xvalues": [
        -0.23824121418608132,
        -0.11912060709304068,
        0.0,
        0.11912060709304068,
        0.23824121418608135
    ],
    "yvalues": [
        -12.0,
        -6.0,
        0.0,
        6.0,
        12.0
    ],
    "flux": [
        [
            1.0,
            0.0,
            1.0,
            3.0,
            0.0
        ],
        [
            58910.0,
            64013.0,
            63765.0,
            63566.0,
            64021.0
        ],
        [
            91818.0,
            100675.0,
            100700.0,
            100487.0,
            100910.0
        ],
        [
            4204.0,
            4248.0,
            4382.0,
            4361.0,
            4285.0
        ],
        [
            0.0,
            0.0,
            0.0,
            0.0,
            0.0
        ]
    ],
    "sim_time": 22.78402853012085
}