{
    "dni": 1000.0,
    "generated_rays": 17608623,
    "power_per_ray": 0.06003287224104586,
    "num_rays": 706247.0,
    "avg_flux": 2372.8352273258865,
    "peak_flux": 5893.475785572216,
    "min_flux": 1.0919288136882892,
    "radius": 0.0,
    "bin_size_x": 0.11912060709304066,
    "bin_size_y": 6.0,
    "xvalues": [
        -0.23824121418608132,
        -0.11912060709304068,
        0.0,
        0.11912060709304068,
        0.23824121418608135
    ],
    "yvalues": [
        -12.0,
        -6.0,
        0.0,
        6.0,
        12.0
    ],
    "flux": [
        [
            24.0,
            38.0,
            33.0,
            31.0,
            36.0
        ],
        [
            23800.0,
            42655.0,
            42316.0,
            42148.0,
            41896.0
        ],
        [
            41051.0,
            70165.0,
            69267.0,
            69117.0,
            69520.0
        ],
        [
            23892.0,
            43033.0,
            42438.0,
            42409.0,
            42227.0
        ],
        [
            13.0,
            37.0,
            38.0,
            35.0,
            28.0
        ]
    ],
    "sim_time": 19.22505021095276
}