{
    "dni": 1000.0,
    "generated_rays": 20645542,
    "power_per_ray": 0.05053149276482584,
    "num_rays": 797501.0,
    "avg_flux": 2255.356538490741,
    "peak_flux": 7450.09082256517,
    "min_flux": 0.0,
    "radius": 0.0,
    "bin_size_x": 0.11912060709304066,
    "bin_size_y": 6.0,
    "xvalues": [
        -0.23824121418608132,
        -0.11912060709304068,
        0.0,
        0.11912060709304068,
        0.23824121418608135
    ],
    "yvalues": [
        -12.0,
        -6.0,
        0.0,
        6.0,
        12.0
    ],
    "flux": [
        [
            0.0,
            0.0,
            0.0,
            0.0,
            0.0
        ],
        [
            4100.0,
            4899.0,
            4970.0,
            4873.0,
            4885.0
        ],
        [
            77187.0,
            105375.0,
            105293.0,
            105176.0,
            104981.0
        ],
        [
            42787.0,
            58119.0,
            58044.0,
            58455.0,
            58335.0
        ],
        [
            2.0,
            2.0,
            6.0,
            6.0,
            6.0
        ]
    ],
    "sim_time": 21.813693046569824
}