{
    "dni": 1000.0,
    "generated_rays": 71133764,
    "power_per_ray": 0.01412991147619176,
    "num_rays": 882378.0,
    "avg_flux": 697.7758834960104,
    "peak_flux": 2124.279970078861,
    "min_flux": 0.0,
    "radius": 0.0,
    "bin_size_x": 0.11912060709304066,
    "bin_size_y": 6.0,
    "xvalues": [
        -0.23824121418608132,
        -0.11912060709304068,
        0.0,
        0.11912060709304068,
        0.23824121418608135
    ],
    "yvalues": [
        -12.0,
        -6.0,
        0.0,
        6.0,
        12.0
    ],
    "flux": [
        [
            1.0,
            0.0,
            1.0,
            2.0,
            0.0
        ],
        [
            102292.0,
            107451.0,
            106806.0,
            107189.0,
            106941.0
        ],
        [
            61222.0,
            61985.0,
            62220.0,
            62018.0,
            62548.0
        ],
        [
            8401.0,
            8343.0,
            8395.0,
            8204.0,
            8359.0
        ],
        [
            0.0,
            0.0,
            0.0,
            0.0,
            0.0
        ]
    ],
    "sim_time": 58.757715463638306
}