{
    "dni": 1000.0,
    "generated_rays": 12084196,
    "power_per_ray": 0.08185239088192713,
    "num_rays": 782066.0,
    "avg_flux": 3582.585945993727,
    "peak_flux": 8304.759523482708,
    "min_flux": 0.34356939944906123,
    "radius": 0.0,
    "bin_size_x": 0.11912060709304066,
    "bin_size_y": 6.0,
    "xvalues": [
        -0.23824121418608132,
        -0.11912060709304068,
        0.0,
        0.11912060709304068,
        0.23824121418608135
    ],
    "yvalues": [
        -12.0,
        -6.0,
        0.0,
        6.0,
        12.0
    ],
    "flux": [
        [
            5.0,
            3.0,
            11.0,
            9.0,
            7.0
        ],
        [
            41015.0,
            42474.0,
            42396.0,
            42482.0,
            42855.0
        ],
        [
            69922.0,
            72474.0,
            72516.0,
            72420.0,
            72403.0
        ],
        [
            40889.0,
            42458.0,
            42666.0,
            42314.0,
            42699.0
        ],
        [
            12.0,
            11.0,
            6.0,
            11.0,
            8.0
        ]
    ],
    "sim_time": 15.28398847579956
}