{
    "dni": 1000.0,
    "generated_rays": 12759060,
    "power_per_ray": 0.0799876263387344,
    "num_rays": 776832.0,
    "avg_flux": 3477.5369971846467,
    "peak_flux": 8915.298039657331,
    "min_flux": 0.2238281248187927,
    "radius": 0.0,
    "bin_size_x": 0.11912060709304066,
    "bin_size_y": 6.0,
    "xvalues": [
        -0.23824121418608132,
        -0.11912060709304068,
        0.0,
        0.11912060709304068,
        0.23824121418608135
    ],
    "yvalues": [
        -12.0,
        -6.0,
        0.0,
        6.0,
        12.0
    ],
    "flux": [
        [
            4.0,
            2.0,
            2.0,
            3.0,
            3.0
        ],
        [
            32359.0,
            38971.0,
            38879.0,
            38750.0,
            38967.0
        ],
        [
            63384.0,
            79381.0,
            79417.0,
            79563.0,
            79662.0
        ],
        [
            34578.0,
            43207.0,
            43354.0,
            43349.0,
            42970.0
        ],
        [
            7.0,
            6.0,
            3.0,
            8.0,
            3.0
        ]
    ],
    "sim_time": 19.506618976593018
}