{
    "dni": 1000.0,
    "generated_rays": 11876604,
    "power_per_ray": 0.08263904898371996,
    "num_rays": 787416.0,
    "avg_flux": 3641.7605642176345,
    "peak_flux": 8299.937400998922,
    "min_flux": 0.8093664578038623,
    "radius": 0.0,
    "bin_size_x": 0.11912060709304066,
    "bin_size_y": 6.0,
    "xvalues": [
        -0.23824121418608132,
        -0.11912060709304068,
        0.0,
        0.11912060709304068,
        0.23824121418608135
    ],
    "yvalues": [
        -12.0,
        -6.0,
        0.0,
        6.0,
        12.0
    ],
    "flux": [
        [
            8.0,
            7.0,
            8.0,
            11.0,
            9.0
        ],
        [
            42780.0,
            42950.0,
            43148.0,
            43021.0,
            42860.0
        ],
        [
            71107.0,
            71652.0,
            71588.0,
            71784.0,
            71384.0
        ],
        [
            42744.0,
            43336.0,
            43122.0,
            42736.0,
            43103.0
        ],
        [
            17.0,
            10.0,
            8.0,
            11.0,
            12.0
        ]
    ],
    "sim_time": 15.530243873596191
}