{
    "dni": 1000.0,
    "generated_rays": 39807373,
    "power_per_ray": 0.02745055108492771,
    "num_rays": 622622.0,
    "avg_flux": 956.5273064942477,
    "peak_flux": 3759.1838698976853,
    "min_flux": 0.0,
    "radius": 0.0,
    "bin_size_x": 0.11912060709304066,
    "bin_size_y": 6.0,
    "xvalues": [
        -0.23824121418608132,
        -0.11912060709304068,
        0.0,
        0.11912060709304068,
        0.23824121418608135
    ],
    "yvalues": [
        -12.0,
        -6.0,
        0.0,
        6.0,
        12.0
    ],
    "flux": [
        [
            0.0,
            236.0,
            394.0,
            383.0,
            318.0
        ],
        [
            0.0,
            36287.0,
            51318.0,
            51322.0,
            50980.0
        ],
        [
            0.0,
            69317.0,
            97677.0,
            97686.0,
            97877.0
        ],
        [
            0.0,
            14210.0,
            18162.0,
            18035.0,
            18219.0
        ],
        [
            0.0,
            49.0,
            50.0,
            52.0,
            50.0
        ]
    ],
    "sim_time": 35.402055501937866
}