{
    "dni": 1000.0,
    "generated_rays": 26055523,
    "power_per_ray": 0.03924421531880658,
    "num_rays": 827106.0,
    "avg_flux": 1816.5972984631853,
    "peak_flux": 5106.246429353746,
    "min_flux": 0.0,
    "radius": 0.0,
    "bin_size_x": 0.11912060709304066,
    "bin_size_y": 6.0,
    "xvalues": [
        -0.23824121418608132,
        -0.11912060709304068,
        0.0,
        0.11912060709304068,
        0.23824121418608135
    ],
    "yvalues": [
        -12.0,
        -6.0,
        0.0,
        6.0,
        12.0
    ],
    "flux": [
        [
            0.0,
            0.0,
            0.0,
            0.0,
            0.0
        ],
        [
            4522.0,
            4631.0,
            4715.0,
            4570.0,
            4566.0
        ],
        [
            81652.0,
            92819.0,
            92560.0,
            92434.0,
            92996.0
        ],
        [
            62718.0,
            72159.0,
            72342.0,
            72026.0,
            72387.0
        ],
        [
            2.0,
            2.0,
            0.0,
            2.0,
            3.0
        ]
    ],
    "sim_time": 25.99904990196228
}