{
    "dni": 1000.0,
    "generated_rays": 30954097,
    "power_per_ray": 0.03512772147477474,
    "num_rays": 679986.0,
    "avg_flux": 1336.8164919939466,
    "peak_flux": 4936.149080290919,
    "min_flux": 0.049148677031363386,
    "radius": 0.0,
    "bin_size_x": 0.11912060709304066,
    "bin_size_y": 6.0,
    "xvalues": [
        -0.23824121418608132,
        -0.11912060709304068,
        0.0,
        0.11912060709304068,
        0.23824121418608135
    ],
    "yvalues": [
        -12.0,
        -6.0,
        0.0,
        6.0,
        12.0
    ],
    "flux": [
        [
            5.0,
            104.0,
            119.0,
            119.0,
            117.0
        ],
        [
            2709.0,
            50592.0,
            50924.0,
            51108.0,
            51195.0
        ],
        [
            5009.0,
            100433.0,
            100383.0,
            100088.0,
            100275.0
        ],
        [
            1443.0,
            16447.0,
            16226.0,
            16108.0,
            16530.0
        ],
        [
            1.0,
            18.0,
            13.0,
            8.0,
            12.0
        ]
    ],
    "sim_time": 29.099493980407715
}