{
    "dni": 1000.0,
    "generated_rays": 16191287,
    "power_per_ray": 0.0647563643399511,
    "num_rays": 718212.0,
    "avg_flux": 2602.896849968686,
    "peak_flux": 6303.638251648586,
    "min_flux": 0.9060336119309781,
    "radius": 0.0,
    "bin_size_x": 0.11912060709304066,
    "bin_size_y": 6.0,
    "xvalues": [
        -0.23824121418608132,
        -0.11912060709304068,
        0.0,
        0.11912060709304068,
        0.23824121418608135
    ],
    "yvalues": [
        -12.0,
        -6.0,
        0.0,
        6.0,
        12.0
    ],
    "flux": [
        [
            18.0,
            24.0,
            21.0,
            23.0,
            25.0
        ],
        [
            27057.0,
            42265.0,
            42358.0,
            42263.0,
            42658.0
        ],
        [
            46377.0,
            69251.0,
            69574.0,
            69294.0,
            69408.0
        ],
        [
            27214.0,
            42657.0,
            42920.0,
            42464.0,
            42215.0
        ],
        [
            10.0,
            31.0,
            35.0,
            29.0,
            21.0
        ]
    ],
    "sim_time": 18.126722812652588
}