{
    "dni": 1000.0,
    "generated_rays": 12676745,
    "power_per_ray": 0.08056162440814284,
    "num_rays": 811595.0,
    "avg_flux": 3659.2275765495465,
    "peak_flux": 10229.308368922444,
    "min_flux": 0.0,
    "radius": 0.0,
    "bin_size_x": 0.11912060709304066,
    "bin_size_y": 6.0,
    "xvalues": [
        -0.23824121418608132,
        -0.11912060709304068,
        0.0,
        0.11912060709304068,
        0.23824121418608135
    ],
    "yvalues": [
        -12.0,
        -6.0,
        0.0,
        6.0,
        12.0
    ],
    "flux": [
        [
            6.0,
            4.0,
            3.0,
            7.0,
            4.0
        ],
        [
            39448.0,
            46417.0,
            46586.0,
            46664.0,
            46378.0
        ],
        [
            76871.0,
            90507.0,
            90447.0,
            90262.0,
            90752.0
        ],
        [
            26037.0,
            30546.0,
            30079.0,
            30420.0,
            30157.0
        ],
        [
            0.0,
            0.0,
            0.0,
            0.0,
            0.0
        ]
    ],
    "sim_time": 16.087849617004395
}