{
    "dni": 1000.0,
    "generated_rays": 66771177,
    "power_per_ray": 0.0162982292066993,
    "num_rays": 348698.0,
    "avg_flux": 318.0619523135197,
    "peak_flux": 1757.2407961387669,
    "min_flux": 0.0,
    "radius": 0.0,
    "bin_size_x": 0.11912060709304066,
    "bin_size_y": 6.0,
    "xvalues": [
        -0.23824121418608132,
        -0.11912060709304068,
        0.0,
        0.11912060709304068,
        0.23824121418608135
    ],
    "yvalues": [
        -12.0,
        -6.0,
        0.0,
        6.0,
        12.0
    ],
    "flux": [
        [
            0.0,
            0.0,
            163.0,
            4254.0,
            4580.0
        ],
        [
            0.0,
            0.0,
            1941.0,
            41840.0,
            45126.0
        ],
        [
            0.0,
            0.0,
            3309.0,
            71942.0,
            77060.0
        ],
        [
            0.0,
            0.0,
            1858.0,
            42122.0,
            45478.0
        ],
        [
            0.0,
            0.0,
            142.0,
            4258.0,
            4625.0
        ]
    ],
    "sim_time": 54.64686441421509
}