{
    "dni": 1000.0,
    "generated_rays": 13647559,
    "power_per_ray": 0.07490396196947333,
    "num_rays": 757277.0,
    "avg_flux": 3174.5443542528064,
    "peak_flux": 7757.391717356816,
    "min_flux": 0.20960258625660136,
    "radius": 0.0,
    "bin_size_x": 0.11912060709304066,
    "bin_size_y": 6.0,
    "xvalues": [
        -0.23824121418608132,
        -0.11912060709304068,
        0.0,
        0.11912060709304068,
        0.23824121418608135
    ],
    "yvalues": [
        -12.0,
        -6.0,
        0.0,
        6.0,
        12.0
    ],
    "flux": [
        [
            9.0,
            11.0,
            10.0,
            11.0,
            7.0
        ],
        [
            34162.0,
            41432.0,
            41370.0,
            41145.0,
            41294.0
        ],
        [
            61231.0,
            73742.0,
            73751.0,
            73716.0,
            74020.0
        ],
        [
            34616.0,
            41742.0,
            41878.0,
            41569.0,
            41538.0
        ],
        [
            5.0,
            8.0,
            4.0,
            4.0,
            2.0
        ]
    ],
    "sim_time": 16.26580023765564
}