{
    "dni": 1000.0,
    "generated_rays": 11645949,
    "power_per_ray": 0.08542144228830388,
    "num_rays": 798494.0,
    "avg_flux": 3817.3361045908596,
    "peak_flux": 9561.339483053996,
    "min_flux": 0.11951674353817497,
    "radius": 0.0,
    "bin_size_x": 0.11912060709304066,
    "bin_size_y": 6.0,
    "xvalues": [
        -0.23824121418608132,
        -0.11912060709304068,
        0.0,
        0.11912060709304068,
        0.23824121418608135
    ],
    "yvalues": [
        -12.0,
        -6.0,
        0.0,
        6.0,
        12.0
    ],
    "flux": [
        [
            4.0,
            1.0,
            2.0,
            3.0,
            2.0
        ],
        [
            36498.0,
            38998.0,
            38976.0,
            39124.0,
            39149.0
        ],
        [
            73203.0,
            79426.0,
            79877.0,
            80000.0,
            79565.0
        ],
        [
            40313.0,
            43120.0,
            43694.0,
            43382.0,
            43131.0
        ],
        [
            11.0,
            5.0,
            3.0,
            3.0,
            4.0
        ]
    ],
    "sim_time": 18.672379732131958
}