{
    "dni": 1000.0,
    "generated_rays": 47442762,
    "power_per_ray": 0.021735668889583518,
    "num_rays": 831601.0,
    "avg_flux": 1011.6024101034856,
    "peak_flux": 3008.8627494804823,
    "min_flux": 0.0,
    "radius": 0.0,
    "bin_size_x": 0.11912060709304066,
    "bin_size_y": 6.0,
    "xvalues": [
        -0.23824121418608132,
        -0.11912060709304068,
        0.0,
        0.11912060709304068,
        0.23824121418608135
    ],
    "yvalues": [
        -12.0,
        -6.0,
        0.0,
        6.0,
        12.0
    ],
    "flux": [
        [
            0.0,
            0.0,
            0.0,
            0.0,
            0.0
        ],
        [
            6281.0,
            6100.0,
            6142.0,
            6112.0,
            6070.0
        ],
        [
            57285.0,
            67323.0,
            67016.0,
            67109.0,
            66936.0
        ],
        [
            79680.0,
            98896.0,
            98931.0,
            98776.0,
            98939.0
        ],
        [
            0.0,
            1.0,
            1.0,
            2.0,
            1.0
        ]
    ],
    "sim_time": 41.46440386772156
}