{
    "dni": 1000.0,
    "generated_rays": 24640930,
    "power_per_ray": 0.043606144663129356,
    "num_rays": 658538.0,
    "avg_flux": 1607.1276551805263,
    "peak_flux": 5206.207427356685,
    "min_flux": 0.4880895727142629,
    "radius": 0.0,
    "bin_size_x": 0.11912060709304066,
    "bin_size_y": 6.0,
    "xvalues": [
        -0.23824121418608132,
        -0.11912060709304068,
        0.0,
        0.11912060709304068,
        0.23824121418608135
    ],
    "yvalues": [
        -12.0,
        -6.0,
        0.0,
        6.0,
        12.0
    ],
    "flux": [
        [
            13.0,
            123.0,
            120.0,
            97.0,
            111.0
        ],
        [
            4729.0,
            49002.0,
            40990.0,
            40883.0,
            41077.0
        ],
        [
            8558.0,
            85332.0,
            70064.0,
            70001.0,
            70262.0
        ],
        [
            4972.0,
            48809.0,
            40939.0,
            40968.0,
            40997.0
        ],
        [
            8.0,
            135.0,
            128.0,
            103.0,
            117.0
        ]
    ],
    "sim_time": 24.15584135055542
}