{"dx": [[-250.0, 0.5043015576902464], [-200.0, 0.5680485565809069], [-160.0, 0.5954533083887023], [-120.0, 0.6099990792391872], [-80.0, 0.6209351592579486], [-50.0, 0.6289800930248626], [-40.0, 0.6309573656609585], [-15.0, 0.6347942634493524], [0.0, 0.6356758847715577], [15.0, 0.6346496497487789], [40.0, 0.6305370781803724], [50.0, 0.6281971805236808], [80.0, 0.620335080509296], [120.0, 0.6093411063846406], [160.0, 0.5951389844089617], [200.0, 0.5680254106753977], [250.0, 0.5042032075706416]], "dy": [[-250.0, 0.6342035368382991], [-200.0, 0.6397552597258706], [-160.0, 0.6427149606085578], [-120.0, 0.6436598573914337], [-80.0, 0.6430093021267442], [-50.0, 0.6407482252431019], [-40.0, 0.6398228225574157], [-15.0, 0.6373191662100367], [0.0, 0.6357764630536389], [15.0, 0.6338289775302905], [40.0, 0.6307167758737354], [50.0, 0.6296106638106964], [80.0, 0.625974337824518], [120.0, 0.6218272450117043], [160.0, 0.6188791702722027], [200.0, 0.6160657436496167], [250.0, 0.6112827905189718]]}