{
    "dni": 1000.0,
    "generated_rays": 35446564,
    "power_per_ray": 0.048945521082069364,
    "num_rays": 164800.0,
    "avg_flux": 789.9859295377794,
    "peak_flux": 3768.371898409507,
    "min_flux": 0.0,
    "radius": 0.0,
    "bin_size_x": 0.06807059529144252,
    "bin_size_y": 6.0,
    "xvalues": [
        -0.13614119058288504,
        -0.0680705952914425,
        2.7755575615628914e-17,
        0.06807059529144252,
        0.13614119058288507
    ],
    "yvalues": [
        -12.0,
        -6.0,
        0.0,
        6.0,
        12.0
    ],
    "flux": [
        [
            0.0,
            0.0,
            0.0,
            4987.0,
            15477.0
        ],
        [
            0.0,
            0.0,
            0.0,
            8779.0,
            24873.0
        ],
        [
            0.0,
            0.0,
            0.0,
            10826.0,
            31445.0
        ],
        [
            0.0,
            0.0,
            0.0,
            10067.0,
            29763.0
        ],
        [
            0.0,
            0.0,
            0.0,
            6525.0,
            22058.0
        ]
    ],
    "sim_time": 25.95150923728943
}