{
    "dni": 1000.0,
    "generated_rays": 4174198,
    "power_per_ray": 0.30518013353334283,
    "num_rays": 922913.0,
    "avg_flux": 27584.569751815307,
    "peak_flux": 61229.768779472,
    "min_flux": 5956.796308575988,
    "radius": 0.0,
    "bin_size_x": 0.06807059529144252,
    "bin_size_y": 6.0,
    "xvalues": [
        -0.13614119058288504,
        -0.0680705952914425,
        2.7755575615628914e-17,
        0.06807059529144252,
        0.13614119058288507
    ],
    "yvalues": [
        -12.0,
        -6.0,
        0.0,
        6.0,
        12.0
    ],
    "flux": [
        [
            9225.0,
            11175.0,
            11052.0,
            11085.0,
            11196.0
        ],
        [
            37582.0,
            44803.0,
            45232.0,
            44961.0,
            44889.0
        ],
        [
            68407.0,
            80971.0,
            80846.0,
            81944.0,
            80894.0
        ],
        [
            36812.0,
            43839.0,
            43545.0,
            43733.0,
            43516.0
        ],
        [
            7972.0,
            9921.0,
            9754.0,
            9755.0,
            9804.0
        ]
    ],
    "sim_time": 16.52705669403076
}