{
    "dni": 1000.0,
    "generated_rays": 11785967,
    "power_per_ray": 0.13459278731441432,
    "num_rays": 671874.0,
    "avg_flux": 8856.432452898216,
    "peak_flux": 20625.05536490252,
    "min_flux": 0.0,
    "radius": 0.0,
    "bin_size_x": 0.06807059529144252,
    "bin_size_y": 6.0,
    "xvalues": [
        -0.13614119058288504,
        -0.0680705952914425,
        2.7755575615628914e-17,
        0.06807059529144252,
        0.13614119058288507
    ],
    "yvalues": [
        -12.0,
        -6.0,
        0.0,
        6.0,
        12.0
    ],
    "flux": [
        [
            0.0,
            7920.0,
            12161.0,
            12087.0,
            12240.0
        ],
        [
            0.0,
            26051.0,
            34571.0,
            34643.0,
            34565.0
        ],
        [
            0.0,
            48540.0,
            62257.0,
            62587.0,
            62093.0
        ],
        [
            0.0,
            38069.0,
            50680.0,
            50753.0,
            50594.0
        ],
        [
            0.0,
            13485.0,
            19443.0,
            19484.0,
            19651.0
        ]
    ],
    "sim_time": 17.96708369255066
}