{
    "dni": 1000.0,
    "generated_rays": 8356063,
    "power_per_ray": 0.1417054248084394,
    "num_rays": 915492.0,
    "avg_flux": 12705.454997447021,
    "peak_flux": 23346.39082928121,
    "min_flux": 2606.6880812672166,
    "radius": 0.0,
    "bin_size_x": 0.06807059529144252,
    "bin_size_y": 6.0,
    "xvalues": [
        -0.13614119058288504,
        -0.0680705952914425,
        2.7755575615628914e-17,
        0.06807059529144252,
        0.13614119058288507
    ],
    "yvalues": [
        -12.0,
        -6.0,
        0.0,
        6.0,
        12.0
    ],
    "flux": [
        [
            20814.0,
            21463.0,
            21670.0,
            21224.0,
            21521.0
        ],
        [
            59301.0,
            61090.0,
            60912.0,
            60745.0,
            60687.0
        ],
        [
            65209.0,
            67101.0,
            66973.0,
            67071.0,
            67289.0
        ],
        [
            26440.0,
            26943.0,
            27234.0,
            26564.0,
            26633.0
        ],
        [
            7513.0,
            7900.0,
            7793.0,
            7657.0,
            7745.0
        ]
    ],
    "sim_time": 10.236564874649048
}