{
    "dni": 1000.0,
    "generated_rays": 20067105,
    "power_per_ray": 0.05757401821968767,
    "num_rays": 823707.0,
    "avg_flux": 4644.6018404509905,
    "peak_flux": 9081.622135334974,
    "min_flux": 878.3619074455517,
    "radius": 0.0,
    "bin_size_x": 0.06807059529144252,
    "bin_size_y": 6.0,
    "xvalues": [
        -0.13614119058288504,
        -0.0680705952914425,
        2.7755575615628914e-17,
        0.06807059529144252,
        0.13614119058288507
    ],
    "yvalues": [
        -12.0,
        -6.0,
        0.0,
        6.0,
        12.0
    ],
    "flux": [
        [
            40289.0,
            42289.0,
            42116.0,
            41968.0,
            42129.0
        ],
        [
            61930.0,
            63931.0,
            64424.0,
            64102.0,
            63388.0
        ],
        [
            37849.0,
            38335.0,
            38181.0,
            38542.0,
            38049.0
        ],
        [
            15097.0,
            14743.0,
            15008.0,
            14991.0,
            14914.0
        ],
        [
            6291.0,
            6337.0,
            6231.0,
            6337.0,
            6236.0
        ]
    ],
    "sim_time": 14.137675285339355
}