{
    "dni": 1000.0,
    "generated_rays": 6808642,
    "power_per_ray": 0.18185794660776622,
    "num_rays": 907331.0,
    "avg_flux": 16160.218358319027,
    "peak_flux": 32044.156828510964,
    "min_flux": 3884.0727567893323,
    "radius": 0.0,
    "bin_size_x": 0.06807059529144252,
    "bin_size_y": 6.0,
    "xvalues": [
        -0.13614119058288504,
        -0.0680705952914425,
        2.7755575615628914e-17,
        0.06807059529144252,
        0.13614119058288507
    ],
    "yvalues": [
        -12.0,
        -6.0,
        0.0,
        6.0,
        12.0
    ],
    "flux": [
        [
            14574.0,
            16709.0,
            16535.0,
            16524.0,
            16776.0
        ],
        [
            47567.0,
            54079.0,
            54020.0,
            54108.0,
            53571.0
        ],
        [
            63160.0,
            71908.0,
            71827.0,
            71764.0,
            71966.0
        ],
        [
            29513.0,
            33619.0,
            33492.0,
            33387.0,
            33603.0
        ],
        [
            8723.0,
            9938.0,
            10049.0,
            9809.0,
            10110.0
        ]
    ],
    "sim_time": 9.782232999801636
}