{
    "dni": 1000.0,
    "generated_rays": 6006097,
    "power_per_ray": 0.26703091554340713,
    "num_rays": 721541.0,
    "avg_flux": 18869.9935223795,
    "peak_flux": 51078.15681792082,
    "min_flux": 0.0,
    "radius": 0.0,
    "bin_size_x": 0.06807059529144252,
    "bin_size_y": 6.0,
    "xvalues": [
        -0.13614119058288504,
        -0.0680705952914425,
        2.7755575615628914e-17,
        0.06807059529144252,
        0.13614119058288507
    ],
    "yvalues": [
        -12.0,
        -6.0,
        0.0,
        6.0,
        12.0
    ],
    "flux": [
        [
            0.0,
            7451.0,
            10751.0,
            10761.0,
            10802.0
        ],
        [
            21.0,
            36782.0,
            44257.0,
            44876.0,
            44554.0
        ],
        [
            24.0,
            68788.0,
            78124.0,
            77690.0,
            78083.0
        ],
        [
            7.0,
            36790.0,
            43888.0,
            44002.0,
            44346.0
        ],
        [
            1.0,
            7463.0,
            10629.0,
            10611.0,
            10840.0
        ]
    ],
    "sim_time": 16.444220542907715
}