{
    "dni": 1000.0,
    "generated_rays": 11434694,
    "power_per_ray": 0.15010098584553114,
    "num_rays": 352607.0,
    "avg_flux": 5183.506729489784,
    "peak_flux": 19455.77248554763,
    "min_flux": 0.0,
    "radius": 0.0,
    "bin_size_x": 0.06807059529144252,
    "bin_size_y": 6.0,
    "xvalues": [
        -0.13614119058288504,
        -0.0680705952914425,
        2.7755575615628914e-17,
        0.06807059529144252,
        0.13614119058288507
    ],
    "yvalues": [
        -12.0,
        -6.0,
        0.0,
        6.0,
        12.0
    ],
    "flux": [
        [
            0.0,
            0.0,
            2540.0,
            15252.0,
            19691.0
        ],
        [
            0.0,
            0.0,
            7841.0,
            34862.0,
            41098.0
        ],
        [
            0.0,
            0.0,
            11413.0,
            46550.0,
            52939.0
        ],
        [
            0.0,
            0.0,
            8056.0,
            34515.0,
            40457.0
        ],
        [
            0.0,
            0.0,
            2621.0,
            15173.0,
            19599.0
        ]
    ],
    "sim_time": 17.309046506881714
}