{
    "dni": 1000.0,
    "generated_rays": 3903175,
    "power_per_ray": 0.3408913497898518,
    "num_rays": 957154.0,
    "avg_flux": 31955.601153946398,
    "peak_flux": 74450.07980248905,
    "min_flux": 6417.635439874196,
    "radius": 0.0,
    "bin_size_x": 0.06807059529144252,
    "bin_size_y": 6.0,
    "xvalues": [
        -0.13614119058288504,
        -0.0680705952914425,
        2.7755575615628914e-17,
        0.06807059529144252,
        0.13614119058288507
    ],
    "yvalues": [
        -12.0,
        -6.0,
        0.0,
        6.0,
        12.0
    ],
    "flux": [
        [
            8508.0,
            8558.0,
            8382.0,
            8313.0,
            8571.0
        ],
        [
            44169.0,
            44161.0,
            44197.0,
            43541.0,
            43567.0
        ],
        [
            88262.0,
            88208.0,
            88492.0,
            89199.0,
            88838.0
        ],
        [
            42833.0,
            42776.0,
            42648.0,
            42343.0,
            42678.0
        ],
        [
            7976.0,
            7771.0,
            7689.0,
            7752.0,
            7722.0
        ]
    ],
    "sim_time": 16.634764432907104
}