{
    "dni": 1000.0,
    "generated_rays": 4939431,
    "power_per_ray": 0.29976802595549873,
    "num_rays": 824141.0,
    "avg_flux": 24195.57907701043,
    "peak_flux": 61011.4563635218,
    "min_flux": 1855.459924536043,
    "radius": 0.0,
    "bin_size_x": 0.06807059529144252,
    "bin_size_y": 6.0,
    "xvalues": [
        -0.13614119058288504,
        -0.0680705952914425,
        2.7755575615628914e-17,
        0.06807059529144252,
        0.13614119058288507
    ],
    "yvalues": [
        -12.0,
        -6.0,
        0.0,
        6.0,
        12.0
    ],
    "flux": [
        [
            2690.0,
            10187.0,
            10073.0,
            10244.0,
            10138.0
        ],
        [
            14583.0,
            45051.0,
            44095.0,
            44476.0,
            43798.0
        ],
        [
            29263.0,
            83126.0,
            82366.0,
            82416.0,
            82611.0
        ],
        [
            14647.0,
            43899.0,
            43472.0,
            43535.0,
            43476.0
        ],
        [
            2528.0,
            9300.0,
            9360.0,
            9476.0,
            9331.0
        ]
    ],
    "sim_time": 16.737809658050537
}