{
    "dni": 1000.0,
    "generated_rays": 5330473,
    "power_per_ray": 0.2759624616464745,
    "num_rays": 789134.0,
    "avg_flux": 21327.99145519897,
    "peak_flux": 53255.51904099533,
    "min_flux": 749.3259232213937,
    "radius": 0.0,
    "bin_size_x": 0.06807059529144252,
    "bin_size_y": 6.0,
    "xvalues": [
        -0.13614119058288504,
        -0.0680705952914425,
        2.7755575615628914e-17,
        0.06807059529144252,
        0.13614119058288507
    ],
    "yvalues": [
        -12.0,
        -6.0,
        0.0,
        6.0,
        12.0
    ],
    "flux": [
        [
            1120.0,
            11804.0,
            11459.0,
            11611.0,
            11377.0
        ],
        [
            7269.0,
            45502.0,
            44607.0,
            44324.0,
            44231.0
        ],
        [
            14513.0,
            78818.0,
            78124.0,
            78187.0,
            78075.0
        ],
        [
            7345.0,
            44560.0,
            44069.0,
            43905.0,
            43798.0
        ],
        [
            1109.0,
            10964.0,
            10845.0,
            10788.0,
            10730.0
        ]
    ],
    "sim_time": 16.129379510879517
}