{
    "dni": 1000.0,
    "generated_rays": 8674153,
    "power_per_ray": 0.14139519453440105,
    "num_rays": 897213.0,
    "avg_flux": 12424.513710669424,
    "peak_flux": 23227.424769534762,
    "min_flux": 2342.7180691792246,
    "radius": 0.0,
    "bin_size_x": 0.06807059529144252,
    "bin_size_y": 6.0,
    "xvalues": [
        -0.13614119058288504,
        -0.0680705952914425,
        2.7755575615628914e-17,
        0.06807059529144252,
        0.13614119058288507
    ],
    "yvalues": [
        -12.0,
        -6.0,
        0.0,
        6.0,
        12.0
    ],
    "flux": [
        [
            18705.0,
            21437.0,
            21478.0,
            21307.0,
            21543.0
        ],
        [
            53489.0,
            61002.0,
            60630.0,
            60672.0,
            60665.0
        ],
        [
            59205.0,
            67093.0,
            66776.0,
            66952.0,
            66805.0
        ],
        [
            24083.0,
            26835.0,
            27219.0,
            26692.0,
            26772.0
        ],
        [
            6767.0,
            7824.0,
            7795.0,
            7728.0,
            7739.0
        ]
    ],
    "sim_time": 10.287566184997559
}