{
    "dni": 1000.0,
    "generated_rays": 12672999,
    "power_per_ray": 0.09918484874974154,
    "num_rays": 851979.0,
    "avg_flux": 8276.055947618976,
    "peak_flux": 16335.41376526117,
    "min_flux": 1278.1090394340313,
    "radius": 0.0,
    "bin_size_x": 0.06807059529144252,
    "bin_size_y": 6.0,
    "xvalues": [
        -0.13614119058288504,
        -0.0680705952914425,
        2.7755575615628914e-17,
        0.06807059529144252,
        0.13614119058288507
    ],
    "yvalues": [
        -12.0,
        -6.0,
        0.0,
        6.0,
        12.0
    ],
    "flux": [
        [
            23006.0,
            29819.0,
            29800.0,
            29310.0,
            29414.0
        ],
        [
            52833.0,
            67234.0,
            67266.0,
            66762.0,
            66775.0
        ],
        [
            45002.0,
            54943.0,
            55096.0,
            54952.0,
            54749.0
        ],
        [
            16657.0,
            19786.0,
            19227.0,
            19613.0,
            19429.0
        ],
        [
            5263.0,
            6234.0,
            6409.0,
            6121.0,
            6279.0
        ]
    ],
    "sim_time": 11.51466965675354
}