{
    "dni": 1000.0,
    "generated_rays": 5101831,
    "power_per_ray": 0.27013829653531307,
    "num_rays": 857697.0,
    "avg_flux": 22691.81531628495,
    "peak_flux": 51112.9834898533,
    "min_flux": 3578.266009473671,
    "radius": 0.0,
    "bin_size_x": 0.06807059529144252,
    "bin_size_y": 6.0,
    "xvalues": [
        -0.13614119058288504,
        -0.0680705952914425,
        2.7755575615628914e-17,
        0.06807059529144252,
        0.13614119058288507
    ],
    "yvalues": [
        -12.0,
        -6.0,
        0.0,
        6.0,
        12.0
    ],
    "flux": [
        [
            5410.0,
            10964.0,
            11170.0,
            10873.0,
            10945.0
        ],
        [
            23995.0,
            44478.0,
            44322.0,
            44515.0,
            44161.0
        ],
        [
            42136.0,
            77180.0,
            76488.0,
            77067.0,
            77278.0
        ],
        [
            23448.0,
            44272.0,
            44057.0,
            44463.0,
            44061.0
        ],
        [
            6171.0,
            12575.0,
            12678.0,
            12449.0,
            12541.0
        ]
    ],
    "sim_time": 8.805662393569946
}