{
    "dni": 1000.0,
    "generated_rays": 18726267,
    "power_per_ray": 0.09291448519348941,
    "num_rays": 30906.0,
    "avg_flux": 281.23891744007204,
    "peak_flux": 1861.5948856307102,
    "min_flux": 0.0,
    "radius": 0.0,
    "bin_size_x": 0.06807059529144252,
    "bin_size_y": 6.0,
    "xvalues": [
        -0.13614119058288504,
        -0.0680705952914425,
        2.7755575615628914e-17,
        0.06807059529144252,
        0.13614119058288507
    ],
    "yvalues": [
        -12.0,
        -6.0,
        0.0,
        6.0,
        12.0
    ],
    "flux": [
        [
            0.0,
            0.0,
            0.0,
            0.0,
            4290.0
        ],
        [
            0.0,
            0.0,
            0.0,
            0.0,
            7146.0
        ],
        [
            0.0,
            0.0,
            0.0,
            0.0,
            8183.0
        ],
        [
            0.0,
            0.0,
            0.0,
            0.0,
            7001.0
        ],
        [
            0.0,
            0.0,
            0.0,
            0.0,
            4286.0
        ]
    ],
    "sim_time": 19.041764497756958
}