{
    "dni": 1000.0,
    "generated_rays": 7317567,
    "power_per_ray": 0.22703252605766064,
    "num_rays": 622508.0,
    "avg_flux": 13841.469837404662,
    "peak_flux": 39824.00957462975,
    "min_flux": 0.0,
    "radius": 0.0,
    "bin_size_x": 0.06807059529144252,
    "bin_size_y": 6.0,
    "xvalues": [
        -0.13614119058288504,
        -0.0680705952914425,
        2.7755575615628914e-17,
        0.06807059529144252,
        0.13614119058288507
    ],
    "yvalues": [
        -12.0,
        -6.0,
        0.0,
        6.0,
        12.0
    ],
    "flux": [
        [
            0.0,
            2895.0,
            13078.0,
            13325.0,
            13377.0
        ],
        [
            0.0,
            15375.0,
            44912.0,
            44500.0,
            44336.0
        ],
        [
            0.0,
            28053.0,
            71642.0,
            70350.0,
            70953.0
        ],
        [
            0.0,
            15714.0,
            44527.0,
            43836.0,
            44007.0
        ],
        [
            0.0,
            2970.0,
            12849.0,
            12945.0,
            12864.0
        ]
    ],
    "sim_time": 16.59279441833496
}