{
    "dni": 1000.0,
    "generated_rays": 6591787,
    "power_per_ray": 0.24682077429771396,
    "num_rays": 674697.0,
    "avg_flux": 16309.463750424986,
    "peak_flux": 45537.738495419944,
    "min_flux": 0.0,
    "radius": 0.0,
    "bin_size_x": 0.06807059529144252,
    "bin_size_y": 6.0,
    "xvalues": [
        -0.13614119058288504,
        -0.0680705952914425,
        2.7755575615628914e-17,
        0.06807059529144252,
        0.13614119058288507
    ],
    "yvalues": [
        -12.0,
        -6.0,
        0.0,
        6.0,
        12.0
    ],
    "flux": [
        [
            0.0,
            5444.0,
            11635.0,
            11917.0,
            11896.0
        ],
        [
            0.0,
            26801.0,
            44928.0,
            44463.0,
            44429.0
        ],
        [
            0.0,
            48298.0,
            75353.0,
            74114.0,
            74684.0
        ],
        [
            0.0,
            26457.0,
            44767.0,
            44182.0,
            44261.0
        ],
        [
            0.0,
            5647.0,
            11916.0,
            11745.0,
            11760.0
        ]
    ],
    "sim_time": 8.807432889938354
}