{
    "dni": 1000.0,
    "generated_rays": 8267342,
    "power_per_ray": 0.14159495201178884,
    "num_rays": 920618.0,
    "avg_flux": 12766.634498893196,
    "peak_flux": 23331.656972300487,
    "min_flux": 2678.5001525727507,
    "radius": 0.0,
    "bin_size_x": 0.06807059529144252,
    "bin_size_y": 6.0,
    "xvalues": [
        -0.13614119058288504,
        -0.0680705952914425,
        2.7755575615628914e-17,
        0.06807059529144252,
        0.13614119058288507
    ],
    "yvalues": [
        -12.0,
        -6.0,
        0.0,
        6.0,
        12.0
    ],
    "flux": [
        [
            7726.0,
            7796.0,
            7735.0,
            7849.0,
            7748.0
        ],
        [
            26906.0,
            27527.0,
            27111.0,
            26872.0,
            26696.0
        ],
        [
            66654.0,
            66891.0,
            67299.0,
            66970.0,
            66464.0
        ],
        [
            60837.0,
            61099.0,
            60939.0,
            60959.0,
            60944.0
        ],
        [
            21813.0,
            21389.0,
            21619.0,
            21397.0,
            21378.0
        ]
    ],
    "sim_time": 18.15812087059021
}