{
    "dni": 1000.0,
    "generated_rays": 10528251,
    "power_per_ray": 0.1617895912208102,
    "num_rays": 422311.0,
    "avg_flux": 6691.633763009082,
    "peak_flux": 22312.919564551514,
    "min_flux": 0.0,
    "radius": 0.0,
    "bin_size_x": 0.06807059529144252,
    "bin_size_y": 6.0,
    "xvalues": [
        -0.13614119058288504,
        -0.0680705952914425,
        2.7755575615628914e-17,
        0.06807059529144252,
        0.13614119058288507
    ],
    "yvalues": [
        -12.0,
        -6.0,
        0.0,
        6.0,
        12.0
    ],
    "flux": [
        [
            0.0,
            0.0,
            6089.0,
            17359.0,
            18298.0
        ],
        [
            0.0,
            0.0,
            18050.0,
            40120.0,
            41825.0
        ],
        [
            0.0,
            0.0,
            26465.0,
            54750.0,
            56327.0
        ],
        [
            0.0,
            0.0,
            18147.0,
            40784.0,
            42232.0
        ],
        [
            0.0,
            0.0,
            5845.0,
            17589.0,
            18431.0
        ]
    ],
    "sim_time": 9.767980575561523
}