{
    "dni": 1000.0,
    "generated_rays": 13958674,
    "power_per_ray": 0.12093260413787697,
    "num_rays": 336807.0,
    "avg_flux": 3989.08882045935,
    "peak_flux": 14198.101437161808,
    "min_flux": 0.0,
    "radius": 0.0,
    "bin_size_x": 0.06807059529144252,
    "bin_size_y": 6.0,
    "xvalues": [
        -0.13614119058288504,
        -0.0680705952914425,
        2.7755575615628914e-17,
        0.06807059529144252,
        0.13614119058288507
    ],
    "yvalues": [
        -12.0,
        -6.0,
        0.0,
        6.0,
        12.0
    ],
    "flux": [
        [
            0.0,
            0.0,
            2842.0,
            16236.0,
            21080.0
        ],
        [
            0.0,
            0.0,
            6936.0,
            32579.0,
            38421.0
        ],
        [
            0.0,
            0.0,
            9728.0,
            41717.0,
            47951.0
        ],
        [
            0.0,
            0.0,
            7359.0,
            33279.0,
            38064.0
        ],
        [
            0.0,
            0.0,
            3195.0,
            16576.0,
            20844.0
        ]
    ],
    "sim_time": 18.14035391807556
}