{
    "dni": 1000.0,
    "generated_rays": 4293570,
    "power_per_ray": 0.303237052098349,
    "num_rays": 906090.0,
    "avg_flux": 26909.324489711977,
    "peak_flux": 60075.1879438178,
    "min_flux": 5375.390670504992,
    "radius": 0.0,
    "bin_size_x": 0.06807059529144252,
    "bin_size_y": 6.0,
    "xvalues": [
        -0.13614119058288504,
        -0.0680705952914425,
        2.7755575615628914e-17,
        0.06807059529144252,
        0.13614119058288507
    ],
    "yvalues": [
        -12.0,
        -6.0,
        0.0,
        6.0,
        12.0
    ],
    "flux": [
        [
            7240.0,
            9930.0,
            9909.0,
            9933.0,
            9848.0
        ],
        [
            33113.0,
            43765.0,
            43834.0,
            44064.0,
            43715.0
        ],
        [
            61627.0,
            80814.0,
            80257.0,
            80914.0,
            80486.0
        ],
        [
            33939.0,
            44747.0,
            45019.0,
            44919.0,
            44883.0
        ],
        [
            8282.0,
            11168.0,
            11337.0,
            11211.0,
            11136.0
        ]
    ],
    "sim_time": 8.78294563293457
}