{
    "dni": 1000.0,
    "generated_rays": 4375945,
    "power_per_ray": 0.3313544393938311,
    "num_rays": 889467.0,
    "avg_flux": 28865.01754856496,
    "peak_flux": 71380.69312788981,
    "min_flux": 3877.2073293498224,
    "radius": 0.0,
    "bin_size_x": 0.06807059529144252,
    "bin_size_y": 6.0,
    "xvalues": [
        -0.13614119058288504,
        -0.0680705952914425,
        2.7755575615628914e-17,
        0.06807059529144252,
        0.13614119058288507
    ],
    "yvalues": [
        -12.0,
        -6.0,
        0.0,
        6.0,
        12.0
    ],
    "flux": [
        [
            4779.0,
            7942.0,
            8075.0,
            7925.0,
            8150.0
        ],
        [
            27943.0,
            43135.0,
            43243.0,
            43082.0,
            42990.0
        ],
        [
            57751.0,
            87579.0,
            87355.0,
            87983.0,
            87701.0
        ],
        [
            28410.0,
            44147.0,
            44069.0,
            43719.0,
            44388.0
        ],
        [
            5156.0,
            8441.0,
            8377.0,
            8535.0,
            8592.0
        ]
    ],
    "sim_time": 9.162683486938477
}