{
    "dni": 1000.0,
    "generated_rays": 20351654,
    "power_per_ray": 0.057625012858017,
    "num_rays": 817539.0,
    "avg_flux": 4613.9056259879535,
    "peak_flux": 9039.719617567118,
    "min_flux": 880.409714587464,
    "radius": 0.0,
    "bin_size_x": 0.06807059529144252,
    "bin_size_y": 6.0,
    "xvalues": [
        -0.13614119058288504,
        -0.0680705952914425,
        2.7755575615628914e-17,
        0.06807059529144252,
        0.13614119058288507
    ],
    "yvalues": [
        -12.0,
        -6.0,
        0.0,
        6.0,
        12.0
    ],
    "flux": [
        [
            6341.0,
            6245.0,
            6262.0,
            6240.0,
            6308.0
        ],
        [
            15172.0,
            14589.0,
            14726.0,
            14788.0,
            14387.0
        ],
        [
            37707.0,
            38281.0,
            38281.0,
            38540.0,
            38466.0
        ],
        [
            60205.0,
            63805.0,
            63975.0,
            64070.0,
            63677.0
        ],
        [
            38464.0,
            41788.0,
            41600.0,
            41831.0,
            41791.0
        ]
    ],
    "sim_time": 21.482009649276733
}