{
    "dni": 1000.0,
    "generated_rays": 3957550,
    "power_per_ray": 0.3078925721645031,
    "num_rays": 952302.0,
    "avg_flux": 28715.9441853019,
    "peak_flux": 61348.04982704235,
    "min_flux": 7304.111070106702,
    "radius": 0.0,
    "bin_size_x": 0.06807059529144252,
    "bin_size_y": 6.0,
    "xvalues": [
        -0.13614119058288504,
        -0.0680705952914425,
        2.7755575615628914e-17,
        0.06807059529144252,
        0.13614119058288507
    ],
    "yvalues": [
        -12.0,
        -6.0,
        0.0,
        6.0,
        12.0
    ],
    "flux": [
        [
            9689.0,
            9869.0,
            9755.0,
            9814.0,
            9732.0
        ],
        [
            43581.0,
            43947.0,
            43844.0,
            43590.0,
            43565.0
        ],
        [
            81149.0,
            81206.0,
            80972.0,
            81379.0,
            80832.0
        ],
        [
            44569.0,
            44866.0,
            44783.0,
            44860.0,
            44764.0
        ],
        [
            11038.0,
            11180.0,
            11123.0,
            11138.0,
            11057.0
        ]
    ],
    "sim_time": 8.736807346343994
}