{
    "dni": 1000.0,
    "generated_rays": 3917845,
    "power_per_ray": 0.3468346158064978,
    "num_rays": 959101.0,
    "avg_flux": 32578.86663400918,
    "peak_flux": 76954.7965848725,
    "min_flux": 6246.738950323572,
    "radius": 0.0,
    "bin_size_x": 0.06807059529144252,
    "bin_size_y": 6.0,
    "xvalues": [
        -0.13614119058288504,
        -0.0680705952914425,
        2.7755575615628914e-17,
        0.06807059529144252,
        0.13614119058288507
    ],
    "yvalues": [
        -12.0,
        -6.0,
        0.0,
        6.0,
        12.0
    ],
    "flux": [
        [
            7445.0,
            7662.0,
            7466.0,
            7505.0,
            7356.0
        ],
        [
            43183.0,
            42994.0,
            43236.0,
            42615.0,
            42925.0
        ],
        [
            89852.0,
            90047.0,
            90225.0,
            90620.0,
            89688.0
        ],
        [
            43152.0,
            43425.0,
            43467.0,
            43577.0,
            43403.0
        ],
        [
            7941.0,
            7974.0,
            7797.0,
            7862.0,
            7684.0
        ]
    ],
    "sim_time": 8.87704348564148
}