{
    "dni": 1000.0,
    "generated_rays": 4816370,
    "power_per_ray": 0.28851549307366814,
    "num_rays": 851252.0,
    "avg_flux": 24053.400195137478,
    "peak_flux": 56193.69701107298,
    "min_flux": 3188.745767435805,
    "radius": 0.0,
    "bin_size_x": 0.06807059529144252,
    "bin_size_y": 6.0,
    "xvalues": [
        -0.13614119058288504,
        -0.0680705952914425,
        2.7755575615628914e-17,
        0.06807059529144252,
        0.13614119058288507
    ],
    "yvalues": [
        -12.0,
        -6.0,
        0.0,
        6.0,
        12.0
    ],
    "flux": [
        [
            4970.0,
            11706.0,
            11595.0,
            11802.0,
            11501.0
        ],
        [
            21501.0,
            44970.0,
            44858.0,
            45133.0,
            45029.0
        ],
        [
            38772.0,
            78496.0,
            79516.0,
            79438.0,
            79548.0
        ],
        [
            20981.0,
            44242.0,
            43654.0,
            44139.0,
            43750.0
        ],
        [
            4514.0,
            10284.0,
            10395.0,
            10257.0,
            10201.0
        ]
    ],
    "sim_time": 17.206860065460205
}