{
    "dni": 1000.0,
    "generated_rays": 3886321,
    "power_per_ray": 0.32524613993175444,
    "num_rays": 954043.0,
    "avg_flux": 30389.901518208106,
    "peak_flux": 67917.89077597695,
    "min_flux": 7015.004629610385,
    "radius": 0.0,
    "bin_size_x": 0.06807059529144252,
    "bin_size_y": 6.0,
    "xvalues": [
        -0.13614119058288504,
        -0.0680705952914425,
        2.7755575615628914e-17,
        0.06807059529144252,
        0.13614119058288507
    ],
    "yvalues": [
        -12.0,
        -6.0,
        0.0,
        6.0,
        12.0
    ],
    "flux": [
        [
            8833.0,
            8828.0,
            8809.0,
            8851.0,
            8833.0
        ],
        [
            43355.0,
            43445.0,
            43254.0,
            43490.0,
            43097.0
        ],
        [
            84748.0,
            85287.0,
            84720.0,
            85104.0,
            85148.0
        ],
        [
            43984.0,
            44036.0,
            43977.0,
            44234.0,
            43787.0
        ],
        [
            9816.0,
            9599.0,
            9669.0,
            9629.0,
            9510.0
        ]
    ],
    "sim_time": 8.74379277229309
}