{
    "dni": 1000.0,
    "generated_rays": 9107900,
    "power_per_ray": 0.17791707483409483,
    "num_rays": 520202.0,
    "avg_flux": 9064.395354713075,
    "peak_flux": 26467.775852313705,
    "min_flux": 0.0,
    "radius": 0.0,
    "bin_size_x": 0.06807059529144252,
    "bin_size_y": 6.0,
    "xvalues": [
        -0.13614119058288504,
        -0.0680705952914425,
        2.7755575615628914e-17,
        0.06807059529144252,
        0.13614119058288507
    ],
    "yvalues": [
        -12.0,
        -6.0,
        0.0,
        6.0,
        12.0
    ],
    "flux": [
        [
            0.0,
            560.0,
            12297.0,
            17087.0,
            16979.0
        ],
        [
            0.0,
            2578.0,
            35361.0,
            42988.0,
            42999.0
        ],
        [
            0.0,
            3926.0,
            51395.0,
            60759.0,
            60433.0
        ],
        [
            0.0,
            2229.0,
            35285.0,
            43430.0,
            43593.0
        ],
        [
            0.0,
            424.0,
            12677.0,
            17765.0,
            17437.0
        ]
    ],
    "sim_time": 9.341992139816284
}