{
    "dni": 1000.0,
    "generated_rays": 4300377,
    "power_per_ray": 0.30275706287562887,
    "num_rays": 906708.0,
    "avg_flux": 26885.054629978236,
    "peak_flux": 60426.34765595169,
    "min_flux": 5400.981022391482,
    "radius": 0.0,
    "bin_size_x": 0.06807059529144252,
    "bin_size_y": 6.0,
    "xvalues": [
        -0.13614119058288504,
        -0.0680705952914425,
        2.7755575615628914e-17,
        0.06807059529144252,
        0.13614119058288507
    ],
    "yvalues": [
        -12.0,
        -6.0,
        0.0,
        6.0,
        12.0
    ],
    "flux": [
        [
            8296.0,
            11277.0,
            11065.0,
            11252.0,
            11266.0
        ],
        [
            34198.0,
            44562.0,
            45065.0,
            44864.0,
            44846.0
        ],
        [
            61462.0,
            80623.0,
            80780.0,
            81516.0,
            80667.0
        ],
        [
            33121.0,
            43854.0,
            43675.0,
            43746.0,
            43526.0
        ],
        [
            7286.0,
            9953.0,
            9921.0,
            9885.0,
            10002.0
        ]
    ],
    "sim_time": 16.970314741134644
}