{
    "dni": 1000.0,
    "generated_rays": 5123540,
    "power_per_ray": 0.2878603316484158,
    "num_rays": 805175.0,
    "avg_flux": 22699.761577683857,
    "peak_flux": 57149.38266608177,
    "min_flux": 1203.8126113790179,
    "radius": 0.0,
    "bin_size_x": 0.06807059529144252,
    "bin_size_y": 6.0,
    "xvalues": [
        -0.13614119058288504,
        -0.0680705952914425,
        2.7755575615628914e-17,
        0.06807059529144252,
        0.13614119058288507
    ],
    "yvalues": [
        -12.0,
        -6.0,
        0.0,
        6.0,
        12.0
    ],
    "flux": [
        [
            1808.0,
            10881.0,
            10824.0,
            10876.0,
            10714.0
        ],
        [
            10814.0,
            45303.0,
            44269.0,
            44172.0,
            44251.0
        ],
        [
            21104.0,
            81085.0,
            80211.0,
            80356.0,
            79945.0
        ],
        [
            10760.0,
            44570.0,
            43385.0,
            44062.0,
            43679.0
        ],
        [
            1708.0,
            10220.0,
            10204.0,
            10028.0,
            9946.0
        ]
    ],
    "sim_time": 17.62027144432068
}