{
    "dni": 1000.0,
    "generated_rays": 9600097,
    "power_per_ray": 0.17545259493189092,
    "num_rays": 462518.0,
    "avg_flux": 7947.629756555601,
    "peak_flux": 25862.728686433467,
    "min_flux": 0.0,
    "radius": 0.0,
    "bin_size_x": 0.06807059529144252,
    "bin_size_y": 6.0,
    "xvalues": [
        -0.13614119058288504,
        -0.0680705952914425,
        2.7755575615628914e-17,
        0.06807059529144252,
        0.13614119058288507
    ],
    "yvalues": [
        -12.0,
        -6.0,
        0.0,
        6.0,
        12.0
    ],
    "flux": [
        [
            0.0,
            0.0,
            7632.0,
            17140.0,
            17083.0
        ],
        [
            0.0,
            0.0,
            25175.0,
            43269.0,
            42081.0
        ],
        [
            0.0,
            0.0,
            38356.0,
            60204.0,
            58808.0
        ],
        [
            0.0,
            0.0,
            25503.0,
            42836.0,
            42331.0
        ],
        [
            0.0,
            0.0,
            7749.0,
            17086.0,
            17265.0
        ]
    ],
    "sim_time": 9.544930934906006
}