{
    "dni": 1000.0,
    "generated_rays": 7642175,
    "power_per_ray": 0.17618904459495688,
    "num_rays": 854189.0,
    "avg_flux": 14739.476780849358,
    "peak_flux": 30597.922373996396,
    "min_flux": 2558.1310842927237,
    "radius": 0.0,
    "bin_size_x": 0.06807059529144252,
    "bin_size_y": 6.0,
    "xvalues": [
        -0.13614119058288504,
        -0.0680705952914425,
        2.7755575615628914e-17,
        0.06807059529144252,
        0.13614119058288507
    ],
    "yvalues": [
        -12.0,
        -6.0,
        0.0,
        6.0,
        12.0
    ],
    "flux": [
        [
            10083.0,
            16879.0,
            16846.0,
            16821.0,
            16766.0
        ],
        [
            33294.0,
            53498.0,
            53815.0,
            53802.0,
            53280.0
        ],
        [
            44204.0,
            70668.0,
            70735.0,
            70735.0,
            70929.0
        ],
        [
            20949.0,
            33705.0,
            33757.0,
            33577.0,
            33515.0
        ],
        [
            5930.0,
            10161.0,
            10177.0,
            9971.0,
            10092.0
        ]
    ],
    "sim_time": 9.571532011032104
}