{
    "dni": 1000.0,
    "generated_rays": 11601367,
    "power_per_ray": 0.12582216006065916,
    "num_rays": 773765.0,
    "avg_flux": 9534.883920877079,
    "peak_flux": 19578.9423373835,
    "min_flux": 666.9668338804054,
    "radius": 0.0,
    "bin_size_x": 0.06807059529144252,
    "bin_size_y": 6.0,
    "xvalues": [
        -0.13614119058288504,
        -0.0680705952914425,
        2.7755575615628914e-17,
        0.06807059529144252,
        0.13614119058288507
    ],
    "yvalues": [
        -12.0,
        -6.0,
        0.0,
        6.0,
        12.0
    ],
    "flux": [
        [
            5088.0,
            22629.0,
            22489.0,
            22201.0,
            22141.0
        ],
        [
            16405.0,
            58535.0,
            58970.0,
            58400.0,
            58439.0
        ],
        [
            19571.0,
            63554.0,
            62882.0,
            63021.0,
            63502.0
        ],
        [
            8991.0,
            28198.0,
            27557.0,
            27443.0,
            27494.0
        ],
        [
            2165.0,
            8504.0,
            8567.0,
            8527.0,
            8492.0
        ]
    ],
    "sim_time": 10.675465106964111
}