{
    "dni": 1000.0,
    "generated_rays": 3883481,
    "power_per_ray": 0.32548399330026745,
    "num_rays": 953816.0,
    "avg_flux": 30404.889632054903,
    "peak_flux": 67906.19588965268,
    "min_flux": 7019.337793639957,
    "radius": 0.0,
    "bin_size_x": 0.06807059529144252,
    "bin_size_y": 6.0,
    "xvalues": [
        -0.13614119058288504,
        -0.0680705952914425,
        2.7755575615628914e-17,
        0.06807059529144252,
        0.13614119058288507
    ],
    "yvalues": [
        -12.0,
        -6.0,
        0.0,
        6.0,
        12.0
    ],
    "flux": [
        [
            9603.0,
            9580.0,
            9553.0,
            9477.0,
            9599.0
        ],
        [
            44079.0,
            44337.0,
            44156.0,
            43874.0,
            43581.0
        ],
        [
            84312.0,
            84834.0,
            84955.0,
            85210.0,
            84924.0
        ],
        [
            43399.0,
            43651.0,
            43700.0,
            43310.0,
            43442.0
        ],
        [
            8923.0,
            8834.0,
            8835.0,
            8840.0,
            8808.0
        ]
    ],
    "sim_time": 16.822165489196777
}