{
    "dni": 1000.0,
    "generated_rays": 4357813,
    "power_per_ray": 0.33642540638221186,
    "num_rays": 886835.0,
    "avg_flux": 29220.039773079166,
    "peak_flux": 73270.44370867085,
    "min_flux": 3717.4344578164555,
    "radius": 0.0,
    "bin_size_x": 0.06807059529144252,
    "bin_size_y": 6.0,
    "xvalues": [
        -0.13614119058288504,
        -0.0680705952914425,
        2.7755575615628914e-17,
        0.06807059529144252,
        0.13614119058288507
    ],
    "yvalues": [
        -12.0,
        -6.0,
        0.0,
        6.0,
        12.0
    ],
    "flux": [
        [
            4588.0,
            7973.0,
            7973.0,
            8053.0,
            7910.0
        ],
        [
            27713.0,
            43997.0,
            44247.0,
            43641.0,
            43791.0
        ],
        [
            57357.0,
            88476.0,
            88951.0,
            88747.0,
            88367.0
        ],
        [
            27180.0,
            43487.0,
            42882.0,
            42965.0,
            42938.0
        ],
        [
            4513.0,
            7727.0,
            7760.0,
            7793.0,
            7806.0
        ]
    ],
    "sim_time": 16.17051100730896
}