{
    "dni": 1000.0,
    "generated_rays": 20437084,
    "power_per_ray": 0.05773503338351935,
    "num_rays": 814683.0,
    "avg_flux": 4606.565678920375,
    "peak_flux": 9068.711633843433,
    "min_flux": 871.6299461331288,
    "radius": 0.0,
    "bin_size_x": 0.06807059529144252,
    "bin_size_y": 6.0,
    "xvalues": [
        -0.13614119058288504,
        -0.0680705952914425,
        2.7755575615628914e-17,
        0.06807059529144252,
        0.13614119058288507
    ],
    "yvalues": [
        -12.0,
        -6.0,
        0.0,
        6.0,
        12.0
    ],
    "flux": [
        [
            37870.0,
            42166.0,
            42008.0,
            41716.0,
            41929.0
        ],
        [
            58933.0,
            63482.0,
            64153.0,
            63773.0,
            63151.0
        ],
        [
            37178.0,
            38285.0,
            38030.0,
            38294.0,
            37980.0
        ],
        [
            15171.0,
            14617.0,
            14793.0,
            14936.0,
            14855.0
        ],
        [
            6245.0,
            6340.0,
            6166.0,
            6335.0,
            6277.0
        ]
    ],
    "sim_time": 13.794013023376465
}