{
    "dni": 1000.0,
    "generated_rays": 6803163,
    "power_per_ray": 0.1820044078478488,
    "num_rays": 907298.0,
    "avg_flux": 16172.644935700264,
    "peak_flux": 32235.737027930343,
    "min_flux": 3902.7977672953903,
    "radius": 0.0,
    "bin_size_x": 0.06807059529144252,
    "bin_size_y": 6.0,
    "xvalues": [
        -0.13614119058288504,
        -0.0680705952914425,
        2.7755575615628914e-17,
        0.06807059529144252,
        0.13614119058288507
    ],
    "yvalues": [
        -12.0,
        -6.0,
        0.0,
        6.0,
        12.0
    ],
    "flux": [
        [
            8758.0,
            10060.0,
            9974.0,
            10000.0,
            9967.0
        ],
        [
            29616.0,
            33683.0,
            33793.0,
            33701.0,
            33545.0
        ],
        [
            63180.0,
            71845.0,
            71659.0,
            72338.0,
            71600.0
        ],
        [
            47243.0,
            53776.0,
            53930.0,
            53806.0,
            53867.0
        ],
        [
            14574.0,
            16683.0,
            16527.0,
            16576.0,
            16597.0
        ]
    ],
    "sim_time": 17.35854935646057
}