{
    "dni": 1000.0,
    "generated_rays": 6228255,
    "power_per_ray": 0.2460995883162191,
    "num_rays": 716055.0,
    "avg_flux": 17258.63568131342,
    "peak_flux": 44632.20016446244,
    "min_flux": 0.0,
    "radius": 0.0,
    "bin_size_x": 0.06807059529144252,
    "bin_size_y": 6.0,
    "xvalues": [
        -0.13614119058288504,
        -0.0680705952914425,
        2.7755575615628914e-17,
        0.06807059529144252,
        0.13614119058288507
    ],
    "yvalues": [
        -12.0,
        -6.0,
        0.0,
        6.0,
        12.0
    ],
    "flux": [
        [
            1.0,
            8965.0,
            12373.0,
            12251.0,
            12039.0
        ],
        [
            19.0,
            35890.0,
            44848.0,
            44074.0,
            43801.0
        ],
        [
            16.0,
            62257.0,
            74071.0,
            73231.0,
            73685.0
        ],
        [
            2.0,
            36543.0,
            45534.0,
            44137.0,
            44689.0
        ],
        [
            0.0,
            9414.0,
            13070.0,
            12613.0,
            12532.0
        ]
    ],
    "sim_time": 8.816768169403076
}