{
    "dni": 1000.0,
    "generated_rays": 6753937,
    "power_per_ray": 0.2203091118425516,
    "num_rays": 777189.0,
    "avg_flux": 16769.043724946532,
    "peak_flux": 38630.62380597804,
    "min_flux": 747.6268514729329,
    "radius": 0.0,
    "bin_size_x": 0.06807059529144252,
    "bin_size_y": 6.0,
    "xvalues": [
        -0.13614119058288504,
        -0.0680705952914425,
        2.7755575615628914e-17,
        0.06807059529144252,
        0.13614119058288507
    ],
    "yvalues": [
        -12.0,
        -6.0,
        0.0,
        6.0,
        12.0
    ],
    "flux": [
        [
            1639.0,
            13260.0,
            12968.0,
            13091.0,
            13170.0
        ],
        [
            8392.0,
            45553.0,
            45823.0,
            45983.0,
            45494.0
        ],
        [
            13881.0,
            71526.0,
            71616.0,
            71593.0,
            71593.0
        ],
        [
            7227.0,
            42120.0,
            42070.0,
            42143.0,
            42019.0
        ],
        [
            1386.0,
            13548.0,
            13722.0,
            13674.0,
            13698.0
        ]
    ],
    "sim_time": 9.122785091400146
}