{
    "dni": 1000.0,
    "generated_rays": 3986645,
    "power_per_ray": 0.3245098361441608,
    "num_rays": 937126.0,
    "avg_flux": 29783.452840824848,
    "peak_flux": 67771.28671894164,
    "min_flux": 6230.801332418172,
    "radius": 0.0,
    "bin_size_x": 0.06807059529144252,
    "bin_size_y": 6.0,
    "xvalues": [
        -0.13614119058288504,
        -0.0680705952914425,
        2.7755575615628914e-17,
        0.06807059529144252,
        0.13614119058288507
    ],
    "yvalues": [
        -12.0,
        -6.0,
        0.0,
        6.0,
        12.0
    ],
    "flux": [
        [
            7842.0,
            8921.0,
            8938.0,
            8845.0,
            8898.0
        ],
        [
            39442.0,
            43309.0,
            43354.0,
            43298.0,
            43199.0
        ],
        [
            77143.0,
            85296.0,
            84426.0,
            85185.0,
            85157.0
        ],
        [
            39907.0,
            44094.0,
            44092.0,
            44173.0,
            44162.0
        ],
        [
            8821.0,
            9667.0,
            9764.0,
            9612.0,
            9581.0
        ]
    ],
    "sim_time": 8.687379598617554
}