{
    "dni": 1000.0,
    "generated_rays": 14062613,
    "power_per_ray": 0.12374214904360709,
    "num_rays": 208792.0,
    "avg_flux": 2530.3506036632557,
    "peak_flux": 12305.331354623635,
    "min_flux": 0.0,
    "radius": 0.0,
    "bin_size_x": 0.06807059529144252,
    "bin_size_y": 6.0,
    "xvalues": [
        -0.13614119058288504,
        -0.0680705952914425,
        2.7755575615628914e-17,
        0.06807059529144252,
        0.13614119058288507
    ],
    "yvalues": [
        -12.0,
        -6.0,
        0.0,
        6.0,
        12.0
    ],
    "flux": [
        [
            0.0,
            0.0,
            0.0,
            7225.0,
            18312.0
        ],
        [
            0.0,
            0.0,
            0.0,
            15430.0,
            33353.0
        ],
        [
            0.0,
            0.0,
            0.0,
            19826.0,
            40615.0
        ],
        [
            0.0,
            0.0,
            0.0,
            15274.0,
            33162.0
        ],
        [
            0.0,
            0.0,
            0.0,
            7123.0,
            18472.0
        ]
    ],
    "sim_time": 10.483248233795166
}