{
    "dni": 1000.0,
    "generated_rays": 3935947,
    "power_per_ray": 0.347515543636034,
    "num_rays": 958891.0,
    "avg_flux": 32635.680230304682,
    "peak_flux": 77111.83524070574,
    "min_flux": 6187.529829635893,
    "radius": 0.0,
    "bin_size_x": 0.06807059529144252,
    "bin_size_y": 6.0,
    "xvalues": [
        -0.13614119058288504,
        -0.0680705952914425,
        2.7755575615628914e-17,
        0.06807059529144252,
        0.13614119058288507
    ],
    "yvalues": [
        -12.0,
        -6.0,
        0.0,
        6.0,
        12.0
    ],
    "flux": [
        [
            7500.0,
            7530.0,
            7272.0,
            7437.0,
            7456.0
        ],
        [
            43418.0,
            43137.0,
            43244.0,
            42734.0,
            43001.0
        ],
        [
            89688.0,
            90305.0,
            90212.0,
            90627.0,
            89676.0
        ],
        [
            43609.0,
            43700.0,
            43402.0,
            43536.0,
            43038.0
        ],
        [
            7776.0,
            7771.0,
            7691.0,
            7662.0,
            7469.0
        ]
    ],
    "sim_time": 9.083965539932251
}