{
    "dni": 1000.0,
    "generated_rays": 4132809,
    "power_per_ray": 0.32741051855926145,
    "num_rays": 917060.0,
    "avg_flux": 29406.2449788999,
    "peak_flux": 69144.2448739737,
    "min_flux": 5474.43043423842,
    "radius": 0.0,
    "bin_size_x": 0.06807059529144252,
    "bin_size_y": 6.0,
    "xvalues": [
        -0.13614119058288504,
        -0.0680705952914425,
        2.7755575615628914e-17,
        0.06807059529144252,
        0.13614119058288507
    ],
    "yvalues": [
        -12.0,
        -6.0,
        0.0,
        6.0,
        12.0
    ],
    "flux": [
        [
            6829.0,
            8514.0,
            8618.0,
            8422.0,
            8530.0
        ],
        [
            34636.0,
            43229.0,
            43514.0,
            43343.0,
            43244.0
        ],
        [
            68848.0,
            85712.0,
            86253.0,
            85915.0,
            86008.0
        ],
        [
            35255.0,
            43881.0,
            43850.0,
            44055.0,
            43903.0
        ],
        [
            7276.0,
            9362.0,
            9348.0,
            9256.0,
            9259.0
        ]
    ],
    "sim_time": 8.660765171051025
}