{
    "dni": 1000.0,
    "generated_rays": 7419835,
    "power_per_ray": 0.17807338954949117,
    "num_rays": 867455.0,
    "avg_flux": 15128.475711653144,
    "peak_flux": 31036.7841425212,
    "min_flux": 2875.867503042352,
    "radius": 0.0,
    "bin_size_x": 0.06807059529144252,
    "bin_size_y": 6.0,
    "xvalues": [
        -0.13614119058288504,
        -0.0680705952914425,
        2.7755575615628914e-17,
        0.06807059529144252,
        0.13614119058288507
    ],
    "yvalues": [
        -12.0,
        -6.0,
        0.0,
        6.0,
        12.0
    ],
    "flux": [
        [
            6596.0,
            10271.0,
            10054.0,
            10252.0,
            10054.0
        ],
        [
            23069.0,
            33603.0,
            33839.0,
            33643.0,
            33578.0
        ],
        [
            49025.0,
            71031.0,
            70948.0,
            71185.0,
            70991.0
        ],
        [
            36676.0,
            53517.0,
            53866.0,
            53724.0,
            53289.0
        ],
        [
            11218.0,
            16858.0,
            16667.0,
            16747.0,
            16754.0
        ]
    ],
    "sim_time": 17.62442660331726
}