{
    "dni": 1000.0,
    "generated_rays": 8192354,
    "power_per_ray": 0.19778808445759824,
    "num_rays": 575780.0,
    "avg_flux": 11153.364413460391,
    "peak_flux": 31682.524576306016,
    "min_flux": 0.0,
    "radius": 0.0,
    "bin_size_x": 0.06807059529144252,
    "bin_size_y": 6.0,
    "xvalues": [
        -0.13614119058288504,
        -0.0680705952914425,
        2.7755575615628914e-17,
        0.06807059529144252,
        0.13614119058288507
    ],
    "yvalues": [
        -12.0,
        -6.0,
        0.0,
        6.0,
        12.0
    ],
    "flux": [
        [
            0.0,
            1816.0,
            13737.0,
            15405.0,
            15196.0
        ],
        [
            0.0,
            8495.0,
            41468.0,
            43716.0,
            43558.0
        ],
        [
            0.0,
            14132.0,
            62857.0,
            65423.0,
            64480.0
        ],
        [
            0.0,
            8204.0,
            41845.0,
            44638.0,
            43268.0
        ],
        [
            0.0,
            1770.0,
            14308.0,
            15991.0,
            15473.0
        ]
    ],
    "sim_time": 9.081098079681396
}