{
    "dni": 1000.0,
    "generated_rays": 4132361,
    "power_per_ray": 0.32744601398483403,
    "num_rays": 916567.0,
    "avg_flux": 29393.622842585177,
    "peak_flux": 69217.48295854508,
    "min_flux": 5405.273297116012,
    "radius": 0.0,
    "bin_size_x": 0.06807059529144252,
    "bin_size_y": 6.0,
    "xvalues": [
        -0.13614119058288504,
        -0.0680705952914425,
        2.7755575615628914e-17,
        0.06807059529144252,
        0.13614119058288507
    ],
    "yvalues": [
        -12.0,
        -6.0,
        0.0,
        6.0,
        12.0
    ],
    "flux": [
        [
            7239.0,
            9091.0,
            9254.0,
            9273.0,
            9251.0
        ],
        [
            35422.0,
            44093.0,
            43856.0,
            43906.0,
            43995.0
        ],
        [
            69198.0,
            85664.0,
            86091.0,
            86335.0,
            85915.0
        ],
        [
            34616.0,
            43088.0,
            43414.0,
            43049.0,
            43135.0
        ],
        [
            6742.0,
            8425.0,
            8537.0,
            8499.0,
            8479.0
        ]
    ],
    "sim_time": 16.764550924301147
}