{
    "dni": 1000.0,
    "generated_rays": 3902282,
    "power_per_ray": 0.34096935952245505,
    "num_rays": 957548.0,
    "avg_flux": 31976.071006296697,
    "peak_flux": 74184.94022468146,
    "min_flux": 6497.579250387636,
    "radius": 0.0,
    "bin_size_x": 0.06807059529144252,
    "bin_size_y": 6.0,
    "xvalues": [
        -0.13614119058288504,
        -0.0680705952914425,
        2.7755575615628914e-17,
        0.06807059529144252,
        0.13614119058288507
    ],
    "yvalues": [
        -12.0,
        -6.0,
        0.0,
        6.0,
        12.0
    ],
    "flux": [
        [
            7987.0,
            7923.0,
            7797.0,
            7783.0,
            7898.0
        ],
        [
            42890.0,
            42784.0,
            42585.0,
            42258.0,
            42418.0
        ],
        [
            87990.0,
            88429.0,
            88838.0,
            88861.0,
            88706.0
        ],
        [
            44184.0,
            43809.0,
            43981.0,
            44310.0,
            43955.0
        ],
        [
            8583.0,
            8471.0,
            8428.0,
            8417.0,
            8263.0
        ]
    ],
    "sim_time": 8.812222480773926
}