{
    "dni": 1000.0,
    "generated_rays": 4846234,
    "power_per_ray": 0.31460124495579395,
    "num_rays": 829450.0,
    "avg_flux": 25556.4096373135,
    "peak_flux": 66501.50912134016,
    "min_flux": 1717.7284191696035,
    "radius": 0.0,
    "bin_size_x": 0.06807059529144252,
    "bin_size_y": 6.0,
    "xvalues": [
        -0.13614119058288504,
        -0.0680705952914425,
        2.7755575615628914e-17,
        0.06807059529144252,
        0.13614119058288507
    ],
    "yvalues": [
        -12.0,
        -6.0,
        0.0,
        6.0,
        12.0
    ],
    "flux": [
        [
            2230.0,
            8360.0,
            8675.0,
            8406.0,
            8411.0
        ],
        [
            15082.0,
            43765.0,
            44118.0,
            43587.0,
            43711.0
        ],
        [
            31763.0,
            86334.0,
            85350.0,
            85863.0,
            85969.0
        ],
        [
            15273.0,
            44422.0,
            43998.0,
            43532.0,
            43685.0
        ],
        [
            2366.0,
            8612.0,
            8531.0,
            8632.0,
            8775.0
        ]
    ],
    "sim_time": 8.693776607513428
}