{
    "dni": 1000.0,
    "generated_rays": 7522850,
    "power_per_ray": 0.21664224887670844,
    "num_rays": 621788.0,
    "avg_flux": 13192.730289078312,
    "peak_flux": 36780.90888594582,
    "min_flux": 0.0,
    "radius": 0.0,
    "bin_size_x": 0.06807059529144252,
    "bin_size_y": 6.0,
    "xvalues": [
        -0.13614119058288504,
        -0.0680705952914425,
        2.7755575615628914e-17,
        0.06807059529144252,
        0.13614119058288507
    ],
    "yvalues": [
        -12.0,
        -6.0,
        0.0,
        6.0,
        12.0
    ],
    "flux": [
        [
            0.0,
            3400.0,
            13786.0,
            13799.0,
            13791.0
        ],
        [
            0.0,
            15850.0,
            44169.0,
            44052.0,
            43947.0
        ],
        [
            0.0,
            27664.0,
            69341.0,
            68959.0,
            68525.0
        ],
        [
            0.0,
            15896.0,
            44889.0,
            44384.0,
            43443.0
        ],
        [
            0.0,
            3460.0,
            14235.0,
            14226.0,
            13972.0
        ]
    ],
    "sim_time": 9.193219184875488
}