{
    "dni": 1000.0,
    "generated_rays": 20229597,
    "power_per_ray": 0.05765846616610177,
    "num_rays": 819735.0,
    "avg_flux": 4628.984812047648,
    "peak_flux": 9082.801906638168,
    "min_flux": 880.4973031754523,
    "radius": 0.0,
    "bin_size_x": 0.06807059529144252,
    "bin_size_y": 6.0,
    "xvalues": [
        -0.13614119058288504,
        -0.0680705952914425,
        2.7755575615628914e-17,
        0.06807059529144252,
        0.13614119058288507
    ],
    "yvalues": [
        -12.0,
        -6.0,
        0.0,
        6.0,
        12.0
    ],
    "flux": [
        [
            39160.0,
            42211.0,
            42089.0,
            41902.0,
            41975.0
        ],
        [
            60530.0,
            63696.0,
            64338.0,
            64003.0,
            63267.0
        ],
        [
            37491.0,
            38293.0,
            38217.0,
            38425.0,
            37988.0
        ],
        [
            15290.0,
            14708.0,
            14879.0,
            14972.0,
            14881.0
        ],
        [
            6276.0,
            6347.0,
            6237.0,
            6308.0,
            6252.0
        ]
    ],
    "sim_time": 13.851470708847046
}