{
    "dni": 1000.0,
    "generated_rays": 11622727,
    "power_per_ray": 0.12559092677617303,
    "num_rays": 774356.0,
    "avg_flux": 9524.630253666106,
    "peak_flux": 19528.200494647153,
    "min_flux": 709.4063323331809,
    "radius": 0.0,
    "bin_size_x": 0.06807059529144252,
    "bin_size_y": 6.0,
    "xvalues": [
        -0.13614119058288504,
        -0.0680705952914425,
        2.7755575615628914e-17,
        0.06807059529144252,
        0.13614119058288507
    ],
    "yvalues": [
        -12.0,
        -6.0,
        0.0,
        6.0,
        12.0
    ],
    "flux": [
        [
            2307.0,
            8607.0,
            8567.0,
            8576.0,
            8462.0
        ],
        [
            8843.0,
            27900.0,
            27523.0,
            27810.0,
            27702.0
        ],
        [
            19304.0,
            63506.0,
            63088.0,
            63062.0,
            63040.0
        ],
        [
            16276.0,
            58785.0,
            58772.0,
            58517.0,
            58641.0
        ],
        [
            5233.0,
            22499.0,
            22382.0,
            22582.0,
            22372.0
        ]
    ],
    "sim_time": 18.932230472564697
}