{
    "dni": 1000.0,
    "generated_rays": 4354554,
    "power_per_ray": 0.33667719115727707,
    "num_rays": 886461.0,
    "avg_flux": 29229.576370693765,
    "peak_flux": 73110.12916295331,
    "min_flux": 3746.5952987441965,
    "radius": 0.0,
    "bin_size_x": 0.06807059529144252,
    "bin_size_y": 6.0,
    "xvalues": [
        -0.13614119058288504,
        -0.0680705952914425,
        2.7755575615628914e-17,
        0.06807059529144252,
        0.13614119058288507
    ],
    "yvalues": [
        -12.0,
        -6.0,
        0.0,
        6.0,
        12.0
    ],
    "flux": [
        [
            4545.0,
            7778.0,
            7814.0,
            7666.0,
            7772.0
        ],
        [
            27279.0,
            43162.0,
            43663.0,
            42822.0,
            43435.0
        ],
        [
            57157.0,
            88500.0,
            88690.0,
            88377.0,
            88650.0
        ],
        [
            27225.0,
            43913.0,
            43688.0,
            43745.0,
            43714.0
        ],
        [
            4710.0,
            8066.0,
            8027.0,
            7975.0,
            8088.0
        ]
    ],
    "sim_time": 8.834088563919067
}