{
    "dni": 1000.0,
    "generated_rays": 4749661,
    "power_per_ray": 0.2968815907522078,
    "num_rays": 842093.0,
    "avg_flux": 24484.572066291097,
    "peak_flux": 59002.174184467985,
    "min_flux": 2736.7646397008994,
    "radius": 0.0,
    "bin_size_x": 0.06807059529144252,
    "bin_size_y": 6.0,
    "xvalues": [
        -0.13614119058288504,
        -0.0680705952914425,
        2.7755575615628914e-17,
        0.06807059529144252,
        0.13614119058288507
    ],
    "yvalues": [
        -12.0,
        -6.0,
        0.0,
        6.0,
        12.0
    ],
    "flux": [
        [
            4068.0,
            10903.0,
            10755.0,
            10888.0,
            10559.0
        ],
        [
            19075.0,
            44561.0,
            44825.0,
            44218.0,
            44041.0
        ],
        [
            35740.0,
            80951.0,
            80651.0,
            81170.0,
            81077.0
        ],
        [
            18706.0,
            44167.0,
            43745.0,
            43814.0,
            43905.0
        ],
        [
            3765.0,
            10163.0,
            10154.0,
            10242.0,
            9950.0
        ]
    ],
    "sim_time": 16.133796453475952
}