{
    "dni": 1000.0,
    "generated_rays": 6882930,
    "power_per_ray": 0.23697638369468996,
    "num_rays": 662708.0,
    "avg_flux": 15380.713176093292,
    "peak_flux": 42500.68881904464,
    "min_flux": 0.0,
    "radius": 0.0,
    "bin_size_x": 0.06807059529144252,
    "bin_size_y": 6.0,
    "xvalues": [
        -0.13614119058288504,
        -0.0680705952914425,
        2.7755575615628914e-17,
        0.06807059529144252,
        0.13614119058288507
    ],
    "yvalues": [
        -12.0,
        -6.0,
        0.0,
        6.0,
        12.0
    ],
    "flux": [
        [
            0.0,
            5461.0,
            13166.0,
            12987.0,
            13075.0
        ],
        [
            0.0,
            24199.0,
            44830.0,
            44345.0,
            44607.0
        ],
        [
            0.0,
            42342.0,
            73249.0,
            72597.0,
            72532.0
        ],
        [
            0.0,
            23879.0,
            44486.0,
            44243.0,
            43958.0
        ],
        [
            0.0,
            5261.0,
            12610.0,
            12380.0,
            12501.0
        ]
    ],
    "sim_time": 16.9769070148468
}