{
    "dni": 1000.0,
    "generated_rays": 3982367,
    "power_per_ray": 0.3248584361298037,
    "num_rays": 936787.0,
    "avg_flux": 29804.66171467808,
    "peak_flux": 67719.21188397087,
    "min_flux": 6432.366676912724,
    "radius": 0.0,
    "bin_size_x": 0.06807059529144252,
    "bin_size_y": 6.0,
    "xvalues": [
        -0.13614119058288504,
        -0.0680705952914425,
        2.7755575615628914e-17,
        0.06807059529144252,
        0.13614119058288507
    ],
    "yvalues": [
        -12.0,
        -6.0,
        0.0,
        6.0,
        12.0
    ],
    "flux": [
        [
            8616.0,
            9655.0,
            9572.0,
            9471.0,
            9604.0
        ],
        [
            39986.0,
            44507.0,
            44205.0,
            43867.0,
            44008.0
        ],
        [
            76955.0,
            84570.0,
            84738.0,
            85139.0,
            84737.0
        ],
        [
            39420.0,
            43749.0,
            43657.0,
            43318.0,
            43469.0
        ],
        [
            8087.0,
            8936.0,
            8775.0,
            8917.0,
            8829.0
        ]
    ],
    "sim_time": 17.7204110622406
}