{
    "dni": 1000.0,
    "generated_rays": 6012225,
    "power_per_ray": 0.21739956902013044,
    "num_rays": 882002.0,
    "avg_flux": 18779.21529885592,
    "peak_flux": 39231.33125467907,
    "min_flux": 4474.425335832087,
    "radius": 0.0,
    "bin_size_x": 0.06807059529144252,
    "bin_size_y": 6.0,
    "xvalues": [
        -0.13614119058288504,
        -0.0680705952914425,
        2.7755575615628914e-17,
        0.06807059529144252,
        0.13614119058288507
    ],
    "yvalues": [
        -12.0,
        -6.0,
        0.0,
        6.0,
        12.0
    ],
    "flux": [
        [
            9666.0,
            13795.0,
            13684.0,
            13654.0,
            13585.0
        ],
        [
            36071.0,
            49099.0,
            48931.0,
            48702.0,
            48647.0
        ],
        [
            54056.0,
            72970.0,
            73250.0,
            73703.0,
            73438.0
        ],
        [
            28033.0,
            38830.0,
            38598.0,
            38261.0,
            38508.0
        ],
        [
            8406.0,
            12045.0,
            11896.0,
            12165.0,
            12009.0
        ]
    ],
    "sim_time": 9.064526319503784
}