{
    "dni": 1000.0,
    "generated_rays": 13885028,
    "power_per_ray": 0.12549402672903034,
    "num_rays": 227184.0,
    "avg_flux": 2792.222284952084,
    "peak_flux": 13108.821411599272,
    "min_flux": 0.0,
    "radius": 0.0,
    "bin_size_x": 0.06807059529144252,
    "bin_size_y": 6.0,
    "xvalues": [
        -0.13614119058288504,
        -0.0680705952914425,
        2.7755575615628914e-17,
        0.06807059529144252,
        0.13614119058288507
    ],
    "yvalues": [
        -12.0,
        -6.0,
        0.0,
        6.0,
        12.0
    ],
    "flux": [
        [
            0.0,
            0.0,
            1.0,
            8470.0,
            19224.0
        ],
        [
            0.0,
            0.0,
            2.0,
            18277.0,
            34772.0
        ],
        [
            0.0,
            0.0,
            1.0,
            23340.0,
            42663.0
        ],
        [
            0.0,
            0.0,
            3.0,
            18023.0,
            34979.0
        ],
        [
            0.0,
            0.0,
            0.0,
            8340.0,
            19089.0
        ]
    ],
    "sim_time": 10.409186840057373
}