{
    "dni": 1000.0,
    "generated_rays": 5010366,
    "power_per_ray": 0.2874763110041149,
    "num_rays": 817479.0,
    "avg_flux": 23015.894625000343,
    "peak_flux": 56548.76070738599,
    "min_flux": 1788.5287647182947,
    "radius": 0.0,
    "bin_size_x": 0.06807059529144252,
    "bin_size_y": 6.0,
    "xvalues": [
        -0.13614119058288504,
        -0.0680705952914425,
        2.7755575615628914e-17,
        0.06807059529144252,
        0.13614119058288507
    ],
    "yvalues": [
        -12.0,
        -6.0,
        0.0,
        6.0,
        12.0
    ],
    "flux": [
        [
            2694.0,
            11252.0,
            11071.0,
            11200.0,
            10884.0
        ],
        [
            13153.0,
            45158.0,
            44823.0,
            44181.0,
            44229.0
        ],
        [
            25554.0,
            80340.0,
            79601.0,
            79559.0,
            79990.0
        ],
        [
            13202.0,
            44539.0,
            43946.0,
            43972.0,
            43780.0
        ],
        [
            2541.0,
            10527.0,
            10476.0,
            10462.0,
            10345.0
        ]
    ],
    "sim_time": 16.661393404006958
}