{
    "dni": 1000.0,
    "generated_rays": 7070062,
    "power_per_ray": 0.18062807937591177,
    "num_rays": 889032.0,
    "avg_flux": 15727.215936748084,
    "peak_flux": 31715.11568920125,
    "min_flux": 3408.914989574454,
    "radius": 0.0,
    "bin_size_x": 0.06807059529144252,
    "bin_size_y": 6.0,
    "xvalues": [
        -0.13614119058288504,
        -0.0680705952914425,
        2.7755575615628914e-17,
        0.06807059529144252,
        0.13614119058288507
    ],
    "yvalues": [
        -12.0,
        -6.0,
        0.0,
        6.0,
        12.0
    ],
    "flux": [
        [
            7708.0,
            10107.0,
            10018.0,
            10161.0,
            9980.0
        ],
        [
            26620.0,
            33433.0,
            33773.0,
            33755.0,
            33373.0
        ],
        [
            56636.0,
            71712.0,
            71454.0,
            71618.0,
            71519.0
        ],
        [
            42539.0,
            53791.0,
            53819.0,
            53848.0,
            53603.0
        ],
        [
            13042.0,
            16756.0,
            16645.0,
            16509.0,
            16613.0
        ]
    ],
    "sim_time": 17.431780576705933
}