{
    "dni": 1000.0,
    "generated_rays": 13673087,
    "power_per_ray": 0.09705280456908408,
    "num_rays": 819732.0,
    "avg_flux": 7791.645252442401,
    "peak_flux": 15720.50631549639,
    "min_flux": 1121.6033286344846,
    "radius": 0.0,
    "bin_size_x": 0.06807059529144252,
    "bin_size_y": 6.0,
    "xvalues": [
        -0.13614119058288504,
        -0.0680705952914425,
        2.7755575615628914e-17,
        0.06807059529144252,
        0.13614119058288507
    ],
    "yvalues": [
        -12.0,
        -6.0,
        0.0,
        6.0,
        12.0
    ],
    "flux": [
        [
            18028.0,
            29765.0,
            29979.0,
            29270.0,
            29571.0
        ],
        [
            41999.0,
            65872.0,
            66016.0,
            66156.0,
            65592.0
        ],
        [
            37149.0,
            54401.0,
            54546.0,
            54070.0,
            54157.0
        ],
        [
            14765.0,
            19755.0,
            19487.0,
            19444.0,
            19597.0
        ],
        [
            4720.0,
            6430.0,
            6420.0,
            6228.0,
            6315.0
        ]
    ],
    "sim_time": 11.91082215309143
}