{
    "dni": 1000.0,
    "generated_rays": 6756886,
    "power_per_ray": 0.22021295932927498,
    "num_rays": 777010.0,
    "avg_flux": 16757.864468580676,
    "peak_flux": 38845.07102993831,
    "min_flux": 733.8211072488868,
    "radius": 0.0,
    "bin_size_x": 0.06807059529144252,
    "bin_size_y": 6.0,
    "xvalues": [
        -0.13614119058288504,
        -0.0680705952914425,
        2.7755575615628914e-17,
        0.06807059529144252,
        0.13614119058288507
    ],
    "yvalues": [
        -12.0,
        -6.0,
        0.0,
        6.0,
        12.0
    ],
    "flux": [
        [
            1361.0,
            13579.0,
            13666.0,
            13293.0,
            13534.0
        ],
        [
            6967.0,
            42194.0,
            42463.0,
            42445.0,
            42107.0
        ],
        [
            14096.0,
            72045.0,
            71687.0,
            71322.0,
            72003.0
        ],
        [
            8378.0,
            45717.0,
            45808.0,
            45412.0,
            45611.0
        ],
        [
            1670.0,
            12988.0,
            13010.0,
            12889.0,
            12765.0
        ]
    ],
    "sim_time": 17.51306390762329
}