{
    "dni": 1000.0,
    "generated_rays": 7313970,
    "power_per_ray": 0.20864965947452066,
    "num_rays": 742769.0,
    "avg_flux": 15178.212976757804,
    "peak_flux": 35974.1521723891,
    "min_flux": 164.49880711621017,
    "radius": 0.0,
    "bin_size_x": 0.06807059529144252,
    "bin_size_y": 6.0,
    "xvalues": [
        -0.13614119058288504,
        -0.0680705952914425,
        2.7755575615628914e-17,
        0.06807059529144252,
        0.13614119058288507
    ],
    "yvalues": [
        -12.0,
        -6.0,
        0.0,
        6.0,
        12.0
    ],
    "flux": [
        [
            450.0,
            12659.0,
            13545.0,
            13668.0,
            13839.0
        ],
        [
            2910.0,
            43375.0,
            45586.0,
            45745.0,
            45378.0
        ],
        [
            5009.0,
            67136.0,
            69960.0,
            69559.0,
            70418.0
        ],
        [
            2347.0,
            39608.0,
            42178.0,
            41775.0,
            42079.0
        ],
        [
            322.0,
            12558.0,
            14304.0,
            14183.0,
            14178.0
        ]
    ],
    "sim_time": 9.157000303268433
}