{
    "dni": 1000.0,
    "generated_rays": 5737874,
    "power_per_ray": 0.2587027290695463,
    "num_rays": 772908.0,
    "avg_flux": 19582.945035575634,
    "peak_flux": 47863.57686387763,
    "min_flux": 438.9584824343232,
    "radius": 0.0,
    "bin_size_x": 0.06807059529144252,
    "bin_size_y": 6.0,
    "xvalues": [
        -0.13614119058288504,
        -0.0680705952914425,
        2.7755575615628914e-17,
        0.06807059529144252,
        0.13614119058288507
    ],
    "yvalues": [
        -12.0,
        -6.0,
        0.0,
        6.0,
        12.0
    ],
    "flux": [
        [
            693.0,
            11019.0,
            11379.0,
            11476.0,
            11496.0
        ],
        [
            5252.0,
            43348.0,
            44491.0,
            44175.0,
            43670.0
        ],
        [
            9936.0,
            74430.0,
            75564.0,
            75046.0,
            75453.0
        ],
        [
            4868.0,
            44302.0,
            45159.0,
            44775.0,
            45242.0
        ],
        [
            708.0,
            12421.0,
            12812.0,
            12690.0,
            12503.0
        ]
    ],
    "sim_time": 8.73034930229187
}