{
    "dni": 1000.0,
    "generated_rays": 11735929,
    "power_per_ray": 0.09993430664496143,
    "num_rays": 887900.0,
    "avg_flux": 8690.161587898452,
    "peak_flux": 16711.115158483517,
    "min_flux": 1487.91735037759,
    "radius": 0.0,
    "bin_size_x": 0.06807059529144252,
    "bin_size_y": 6.0,
    "xvalues": [
        -0.13614119058288504,
        -0.0680705952914425,
        2.7755575615628914e-17,
        0.06807059529144252,
        0.13614119058288507
    ],
    "yvalues": [
        -12.0,
        -6.0,
        0.0,
        6.0,
        12.0
    ],
    "flux": [
        [
            28636.0,
            30013.0,
            29900.0,
            29588.0,
            29779.0
        ],
        [
            65421.0,
            68297.0,
            67970.0,
            67194.0,
            67738.0
        ],
        [
            53894.0,
            55254.0,
            55672.0,
            55401.0,
            55169.0
        ],
        [
            18940.0,
            19661.0,
            19454.0,
            19539.0,
            19428.0
        ],
        [
            6104.0,
            6081.0,
            6400.0,
            6168.0,
            6199.0
        ]
    ],
    "sim_time": 11.011171102523804
}