{
    "dni": 1000.0,
    "generated_rays": 5523501,
    "power_per_ray": 0.2872581380784498,
    "num_rays": 764544.0,
    "avg_flux": 21509.188118476755,
    "peak_flux": 57868.202184044094,
    "min_flux": 148.40345006299822,
    "radius": 0.0,
    "bin_size_x": 0.06807059529144252,
    "bin_size_y": 6.0,
    "xvalues": [
        -0.13614119058288504,
        -0.0680705952914425,
        2.7755575615628914e-17,
        0.06807059529144252,
        0.13614119058288507
    ],
    "yvalues": [
        -12.0,
        -6.0,
        0.0,
        6.0,
        12.0
    ],
    "flux": [
        [
            249.0,
            8626.0,
            9605.0,
            9745.0,
            9687.0
        ],
        [
            2892.0,
            42404.0,
            43742.0,
            44399.0,
            43649.0
        ],
        [
            6815.0,
            80177.0,
            81663.0,
            81731.0,
            82277.0
        ],
        [
            2902.0,
            42414.0,
            44238.0,
            44210.0,
            44246.0
        ],
        [
            211.0,
            8910.0,
            9813.0,
            9933.0,
            10006.0
        ]
    ],
    "sim_time": 8.773796558380127
}