{
    "dni": 1000.0,
    "generated_rays": 7322031,
    "power_per_ray": 0.19852257379377736,
    "num_rays": 797288.0,
    "avg_flux": 15501.521142594469,
    "peak_flux": 34545.01722101013,
    "min_flux": 1454.3223796997652,
    "radius": 0.0,
    "bin_size_x": 0.06807059529144252,
    "bin_size_y": 6.0,
    "xvalues": [
        -0.13614119058288504,
        -0.0680705952914425,
        2.7755575615628914e-17,
        0.06807059529144252,
        0.13614119058288507
    ],
    "yvalues": [
        -12.0,
        -6.0,
        0.0,
        6.0,
        12.0
    ],
    "flux": [
        [
            4076.0,
            14798.0,
            14516.0,
            14473.0,
            14556.0
        ],
        [
            15761.0,
            48284.0,
            48778.0,
            48405.0,
            48072.0
        ],
        [
            23114.0,
            70374.0,
            70648.0,
            71070.0,
            70852.0
        ],
        [
            11736.0,
            38836.0,
            38502.0,
            38521.0,
            38801.0
        ],
        [
            2992.0,
            12482.0,
            12533.0,
            12426.0,
            12682.0
        ]
    ],
    "sim_time": 9.361917972564697
}