{
    "dni": 1000.0,
    "generated_rays": 7291451,
    "power_per_ray": 0.22854415846013573,
    "num_rays": 629250.0,
    "avg_flux": 14084.53592385136,
    "peak_flux": 40118.82411841571,
    "min_flux": 0.0,
    "radius": 0.0,
    "bin_size_x": 0.06807059529144252,
    "bin_size_y": 6.0,
    "xvalues": [
        -0.13614119058288504,
        -0.0680705952914425,
        2.7755575615628914e-17,
        0.06807059529144252,
        0.13614119058288507
    ],
    "yvalues": [
        -12.0,
        -6.0,
        0.0,
        6.0,
        12.0
    ],
    "flux": [
        [
            0.0,
            3262.0,
            13339.0,
            13238.0,
            13565.0
        ],
        [
            0.0,
            17059.0,
            44825.0,
            44150.0,
            44477.0
        ],
        [
            0.0,
            30063.0,
            71695.0,
            70788.0,
            71211.0
        ],
        [
            0.0,
            16799.0,
            44772.0,
            44087.0,
            44037.0
        ],
        [
            0.0,
            3277.0,
            12940.0,
            12854.0,
            12812.0
        ]
    ],
    "sim_time": 16.680299758911133
}