{
    "dni": 1000.0,
    "generated_rays": 3973986,
    "power_per_ray": 0.33843273230644294,
    "num_rays": 937812.0,
    "avg_flux": 31084.031334517604,
    "peak_flux": 73125.09322786736,
    "min_flux": 6047.354391906626,
    "radius": 0.0,
    "bin_size_x": 0.06807059529144252,
    "bin_size_y": 6.0,
    "xvalues": [
        -0.13614119058288504,
        -0.0680705952914425,
        2.7755575615628914e-17,
        0.06807059529144252,
        0.13614119058288507
    ],
    "yvalues": [
        -12.0,
        -6.0,
        0.0,
        6.0,
        12.0
    ],
    "flux": [
        [
            7793.0,
            8797.0,
            8956.0,
            8711.0,
            8965.0
        ],
        [
            39328.0,
            43719.0,
            43955.0,
            43840.0,
            44078.0
        ],
        [
            78282.0,
            87549.0,
            87611.0,
            88248.0,
            87563.0
        ],
        [
            38394.0,
            43177.0,
            42998.0,
            42987.0,
            43269.0
        ],
        [
            7298.0,
            8040.0,
            8173.0,
            8183.0,
            7898.0
        ]
    ],
    "sim_time": 16.943469047546387
}