{
    "dni": 1000.0,
    "generated_rays": 5362854,
    "power_per_ray": 0.27074141007039576,
    "num_rays": 802490.0,
    "avg_flux": 21278.62241027545,
    "peak_flux": 51315.92661666323,
    "min_flux": 1265.4640612722847,
    "radius": 0.0,
    "bin_size_x": 0.06807059529144252,
    "bin_size_y": 6.0,
    "xvalues": [
        -0.13614119058288504,
        -0.0680705952914425,
        2.7755575615628914e-17,
        0.06807059529144252,
        0.13614119058288507
    ],
    "yvalues": [
        -12.0,
        -6.0,
        0.0,
        6.0,
        12.0
    ],
    "flux": [
        [
            1909.0,
            11002.0,
            10902.0,
            11097.0,
            11158.0
        ],
        [
            10751.0,
            44171.0,
            44446.0,
            43870.0,
            43554.0
        ],
        [
            19862.0,
            76976.0,
            77304.0,
            76798.0,
            77412.0
        ],
        [
            10317.0,
            45607.0,
            45002.0,
            44693.0,
            44908.0
        ],
        [
            1948.0,
            12318.0,
            12141.0,
            12150.0,
            12194.0
        ]
    ],
    "sim_time": 8.712889671325684
}