{
    "dni": 1000.0,
    "generated_rays": 12040474,
    "power_per_ray": 0.09989922320633897,
    "num_rays": 874991.0,
    "avg_flux": 8560.81061514546,
    "peak_flux": 16656.57364676252,
    "min_flux": 1421.3537763419927,
    "radius": 0.0,
    "bin_size_x": 0.06807059529144252,
    "bin_size_y": 6.0,
    "xvalues": [
        -0.13614119058288504,
        -0.0680705952914425,
        2.7755575615628914e-17,
        0.06807059529144252,
        0.13614119058288507
    ],
    "yvalues": [
        -12.0,
        -6.0,
        0.0,
        6.0,
        12.0
    ],
    "flux": [
        [
            26541.0,
            29897.0,
            29784.0,
            29648.0,
            29626.0
        ],
        [
            61137.0,
            68098.0,
            67630.0,
            67001.0,
            67302.0
        ],
        [
            50792.0,
            55106.0,
            55553.0,
            55377.0,
            54879.0
        ],
        [
            18009.0,
            19728.0,
            19229.0,
            19494.0,
            19428.0
        ],
        [
            5811.0,
            6150.0,
            6381.0,
            6204.0,
            6186.0
        ]
    ],
    "sim_time": 11.042835235595703
}