{
    "dni": 1000.0,
    "generated_rays": 20141889,
    "power_per_ray": 0.05762384878752536,
    "num_rays": 821869.0,
    "avg_flux": 4638.248941057661,
    "peak_flux": 9075.937828302236,
    "min_flux": 878.5577797667893,
    "radius": 0.0,
    "bin_size_x": 0.06807059529144252,
    "bin_size_y": 6.0,
    "xvalues": [
        -0.13614119058288504,
        -0.0680705952914425,
        2.7755575615628914e-17,
        0.06807059529144252,
        0.13614119058288507
    ],
    "yvalues": [
        -12.0,
        -6.0,
        0.0,
        6.0,
        12.0
    ],
    "flux": [
        [
            39770.0,
            42269.0,
            42131.0,
            41929.0,
            41983.0
        ],
        [
            61269.0,
            63888.0,
            64328.0,
            64081.0,
            63354.0
        ],
        [
            37659.0,
            38363.0,
            38200.0,
            38486.0,
            38014.0
        ],
        [
            15216.0,
            14705.0,
            14953.0,
            14997.0,
            14883.0
        ],
        [
            6266.0,
            6326.0,
            6227.0,
            6330.0,
            6242.0
        ]
    ],
    "sim_time": 13.835652828216553
}