{
    "dni": 1000.0,
    "generated_rays": 8945789,
    "power_per_ray": 0.14069775107087168,
    "num_rays": 882599.0,
    "avg_flux": 12161.853819134687,
    "peak_flux": 22938.54174587557,
    "min_flux": 2153.405686597507,
    "radius": 0.0,
    "bin_size_x": 0.06807059529144252,
    "bin_size_y": 6.0,
    "xvalues": [
        -0.13614119058288504,
        -0.0680705952914425,
        2.7755575615628914e-17,
        0.06807059529144252,
        0.13614119058288507
    ],
    "yvalues": [
        -12.0,
        -6.0,
        0.0,
        6.0,
        12.0
    ],
    "flux": [
        [
            6251.0,
            7775.0,
            7917.0,
            7889.0,
            7790.0
        ],
        [
            22047.0,
            27260.0,
            27269.0,
            26855.0,
            26681.0
        ],
        [
            54069.0,
            66488.0,
            66310.0,
            66587.0,
            66310.0
        ],
        [
            48974.0,
            60763.0,
            60357.0,
            60754.0,
            60528.0
        ],
        [
            17473.0,
            21569.0,
            21687.0,
            21570.0,
            21426.0
        ]
    ],
    "sim_time": 17.73010754585266
}