{
    "dni": 1000.0,
    "generated_rays": 10937014,
    "power_per_ray": 0.15721379126562998,
    "num_rays": 399555.0,
    "avg_flux": 6152.001080661978,
    "peak_flux": 21333.49625786489,
    "min_flux": 0.0,
    "radius": 0.0,
    "bin_size_x": 0.06807059529144252,
    "bin_size_y": 6.0,
    "xvalues": [
        -0.13614119058288504,
        -0.0680705952914425,
        2.7755575615628914e-17,
        0.06807059529144252,
        0.13614119058288507
    ],
    "yvalues": [
        -12.0,
        -6.0,
        0.0,
        6.0,
        12.0
    ],
    "flux": [
        [
            0.0,
            0.0,
            4707.0,
            17538.0,
            19361.0
        ],
        [
            0.0,
            0.0,
            14107.0,
            38833.0,
            41630.0
        ],
        [
            0.0,
            0.0,
            20519.0,
            52525.0,
            55422.0
        ],
        [
            0.0,
            0.0,
            14307.0,
            38576.0,
            41516.0
        ],
        [
            0.0,
            0.0,
            4704.0,
            16894.0,
            18916.0
        ]
    ],
    "sim_time": 18.399468898773193
}