{
    "dni": 1000.0,
    "generated_rays": 7541438,
    "power_per_ray": 0.21610827297952276,
    "num_rays": 622176.0,
    "avg_flux": 13168.425149766132,
    "peak_flux": 36738.9317260595,
    "min_flux": 0.0,
    "radius": 0.0,
    "bin_size_x": 0.06807059529144252,
    "bin_size_y": 6.0,
    "xvalues": [
        -0.13614119058288504,
        -0.0680705952914425,
        2.7755575615628914e-17,
        0.06807059529144252,
        0.13614119058288507
    ],
    "yvalues": [
        -12.0,
        -6.0,
        0.0,
        6.0,
        12.0
    ],
    "flux": [
        [
            0.0,
            3536.0,
            14571.0,
            14639.0,
            14227.0
        ],
        [
            0.0,
            15968.0,
            44437.0,
            44126.0,
            43983.0
        ],
        [
            0.0,
            27575.0,
            69433.0,
            69040.0,
            68794.0
        ],
        [
            0.0,
            15973.0,
            44176.0,
            43998.0,
            43246.0
        ],
        [
            0.0,
            3303.0,
            13519.0,
            13715.0,
            13917.0
        ]
    ],
    "sim_time": 16.661901712417603
}