{
    "dni": 1000.0,
    "generated_rays": 3966597,
    "power_per_ray": 0.34619228446297357,
    "num_rays": 958678.0,
    "avg_flux": 32504.189262478576,
    "peak_flux": 76802.9537781174,
    "min_flux": 6226.693799225799,
    "radius": 0.0,
    "bin_size_x": 0.06807059529144252,
    "bin_size_y": 6.0,
    "xvalues": [
        -0.13614119058288504,
        -0.0680705952914425,
        2.7755575615628914e-17,
        0.06807059529144252,
        0.13614119058288507
    ],
    "yvalues": [
        -12.0,
        -6.0,
        0.0,
        6.0,
        12.0
    ],
    "flux": [
        [
            7568.0,
            7569.0,
            7346.0,
            7531.0,
            7504.0
        ],
        [
            43363.0,
            43445.0,
            43299.0,
            42927.0,
            43104.0
        ],
        [
            89340.0,
            90609.0,
            90180.0,
            90325.0,
            90024.0
        ],
        [
            43514.0,
            43389.0,
            43301.0,
            43554.0,
            42969.0
        ],
        [
            7669.0,
            7637.0,
            7576.0,
            7494.0,
            7441.0
        ]
    ],
    "sim_time": 10.81775689125061
}