{
    "dni": 1000.0,
    "generated_rays": 4171556,
    "power_per_ray": 0.34210727999589546,
    "num_rays": 913069.0,
    "avg_flux": 30592.50970272637,
    "peak_flux": 75235.8042354653,
    "min_flux": 4754.380147411501,
    "radius": 0.0,
    "bin_size_x": 0.06807059529144252,
    "bin_size_y": 6.0,
    "xvalues": [
        -0.13614119058288504,
        -0.0680705952914425,
        2.7755575615628914e-17,
        0.06807059529144252,
        0.13614119058288507
    ],
    "yvalues": [
        -12.0,
        -6.0,
        0.0,
        6.0,
        12.0
    ],
    "flux": [
        [
            5877.0,
            7975.0,
            7998.0,
            8035.0,
            7989.0
        ],
        [
            33109.0,
            43500.0,
            43869.0,
            43783.0,
            43762.0
        ],
        [
            68577.0,
            89179.0,
            89097.0,
            89820.0,
            88975.0
        ],
        [
            32838.0,
            43496.0,
            42937.0,
            42903.0,
            43062.0
        ],
        [
            5676.0,
            7629.0,
            7613.0,
            7644.0,
            7726.0
        ]
    ],
    "sim_time": 16.13630747795105
}