{
    "dni": 1000.0,
    "generated_rays": 10820325,
    "power_per_ray": 0.15216016900366935,
    "num_rays": 442487.0,
    "avg_flux": 6594.02653119747,
    "peak_flux": 20368.31695132445,
    "min_flux": 0.0,
    "radius": 0.0,
    "bin_size_x": 0.06807059529144252,
    "bin_size_y": 6.0,
    "xvalues": [
        -0.13614119058288504,
        -0.0680705952914425,
        2.7755575615628914e-17,
        0.06807059529144252,
        0.13614119058288507
    ],
    "yvalues": [
        -12.0,
        -6.0,
        0.0,
        6.0,
        12.0
    ],
    "flux": [
        [
            0.0,
            0.0,
            8395.0,
            18221.0,
            18703.0
        ],
        [
            0.0,
            0.0,
            22889.0,
            40790.0,
            41150.0
        ],
        [
            0.0,
            0.0,
            32173.0,
            54311.0,
            54672.0
        ],
        [
            0.0,
            0.0,
            22601.0,
            41175.0,
            41163.0
        ],
        [
            0.0,
            0.0,
            8194.0,
            18957.0,
            19093.0
        ]
    ],
    "sim_time": 9.7032470703125
}