{
    "dni": 1000.0,
    "generated_rays": 3864822,
    "power_per_ray": 0.33932913085456556,
    "num_rays": 957181.0,
    "avg_flux": 31810.053999565553,
    "peak_flux": 73335.39441426576,
    "min_flux": 6601.747451123348,
    "radius": 0.0,
    "bin_size_x": 0.06807059529144252,
    "bin_size_y": 6.0,
    "xvalues": [
        -0.13614119058288504,
        -0.0680705952914425,
        2.7755575615628914e-17,
        0.06807059529144252,
        0.13614119058288507
    ],
    "yvalues": [
        -12.0,
        -6.0,
        0.0,
        6.0,
        12.0
    ],
    "flux": [
        [
            8779.0,
            8733.0,
            8944.0,
            8691.0,
            8854.0
        ],
        [
            43818.0,
            43776.0,
            43946.0,
            43702.0,
            43923.0
        ],
        [
            87398.0,
            87563.0,
            87758.0,
            88268.0,
            87525.0
        ],
        [
            42946.0,
            43236.0,
            42979.0,
            42955.0,
            42809.0
        ],
        [
            8259.0,
            7946.0,
            8332.0,
            8061.0,
            7980.0
        ]
    ],
    "sim_time": 17.100233793258667
}