{
    "dni": 1000.0,
    "generated_rays": 13863963,
    "power_per_ray": 0.12153329507527455,
    "num_rays": 184207.0,
    "avg_flux": 2192.555497233474,
    "peak_flux": 11287.898971273433,
    "min_flux": 0.0,
    "radius": 0.0,
    "bin_size_x": 0.06807059529144252,
    "bin_size_y": 6.0,
    "xvalues": [
        -0.13614119058288504,
        -0.0680705952914425,
        2.7755575615628914e-17,
        0.06807059529144252,
        0.13614119058288507
    ],
    "yvalues": [
        -12.0,
        -6.0,
        0.0,
        6.0,
        12.0
    ],
    "flux": [
        [
            0.0,
            0.0,
            0.0,
            5600.0,
            17181.0
        ],
        [
            0.0,
            0.0,
            0.0,
            11836.0,
            31214.0
        ],
        [
            0.0,
            0.0,
            0.0,
            15183.0,
            37934.0
        ],
        [
            0.0,
            0.0,
            0.0,
            11834.0,
            30721.0
        ],
        [
            0.0,
            0.0,
            0.0,
            5599.0,
            17105.0
        ]
    ],
    "sim_time": 10.387603044509888
}