{
    "dni": 1000.0,
    "generated_rays": 4466566,
    "power_per_ray": 0.2834971253422576,
    "num_rays": 921666.0,
    "avg_flux": 25590.066744384236,
    "peak_flux": 55055.24056159119,
    "min_flux": 6238.797999994725,
    "radius": 0.0,
    "bin_size_x": 0.06807059529144252,
    "bin_size_y": 6.0,
    "xvalues": [
        -0.13614119058288504,
        -0.0680705952914425,
        2.7755575615628914e-17,
        0.06807059529144252,
        0.13614119058288507
    ],
    "yvalues": [
        -12.0,
        -6.0,
        0.0,
        6.0,
        12.0
    ],
    "flux": [
        [
            10304.0,
            12252.0,
            11989.0,
            12047.0,
            12181.0
        ],
        [
            37827.0,
            44210.0,
            44484.0,
            44256.0,
            44482.0
        ],
        [
            67410.0,
            78433.0,
            78208.0,
            79316.0,
            78446.0
        ],
        [
            37997.0,
            44086.0,
            44279.0,
            44303.0,
            43988.0
        ],
        [
            8988.0,
            10658.0,
            10518.0,
            10467.0,
            10537.0
        ]
    ],
    "sim_time": 16.713231801986694
}