{
    "dni": 1000.0,
    "generated_rays": 5744010,
    "power_per_ray": 0.24165911645251564,
    "num_rays": 846481.0,
    "avg_flux": 20034.08859856194,
    "peak_flux": 44219.76427744765,
    "min_flux": 3447.171294312036,
    "radius": 0.0,
    "bin_size_x": 0.06807059529144252,
    "bin_size_y": 6.0,
    "xvalues": [
        -0.13614119058288504,
        -0.0680705952914425,
        2.7755575615628914e-17,
        0.06807059529144252,
        0.13614119058288507
    ],
    "yvalues": [
        -12.0,
        -6.0,
        0.0,
        6.0,
        12.0
    ],
    "flux": [
        [
            5927.0,
            12891.0,
            12932.0,
            12928.0,
            12898.0
        ],
        [
            21647.0,
            42104.0,
            42178.0,
            42128.0,
            41994.0
        ],
        [
            39553.0,
            74735.0,
            74321.0,
            74448.0,
            74331.0
        ],
        [
            23601.0,
            45936.0,
            46011.0,
            45814.0,
            45701.0
        ],
        [
            5826.0,
            12240.0,
            12119.0,
            12149.0,
            12069.0
        ]
    ],
    "sim_time": 17.24528932571411
}