{
    "dni": 1000.0,
    "generated_rays": 18673409,
    "power_per_ray": 0.0921373314526322,
    "num_rays": 26866.0,
    "avg_flux": 242.43082114073087,
    "peak_flux": 1598.5490942112883,
    "min_flux": 0.0,
    "radius": 0.0,
    "bin_size_x": 0.06807059529144252,
    "bin_size_y": 6.0,
    "xvalues": [
        -0.13614119058288504,
        -0.0680705952914425,
        2.7755575615628914e-17,
        0.06807059529144252,
        0.13614119058288507
    ],
    "yvalues": [
        -12.0,
        -6.0,
        0.0,
        6.0,
        12.0
    ],
    "flux": [
        [
            0.0,
            0.0,
            0.0,
            0.0,
            3782.0
        ],
        [
            0.0,
            0.0,
            0.0,
            0.0,
            6098.0
        ],
        [
            0.0,
            0.0,
            0.0,
            0.0,
            7086.0
        ],
        [
            0.0,
            0.0,
            0.0,
            0.0,
            6126.0
        ],
        [
            0.0,
            0.0,
            0.0,
            0.0,
            3774.0
        ]
    ],
    "sim_time": 19.563934087753296
}