{
    "dni": 1000.0,
    "generated_rays": 3935484,
    "power_per_ray": 0.3475564279838559,
    "num_rays": 958711.0,
    "avg_flux": 32633.392749807925,
    "peak_flux": 76914.97238717896,
    "min_flux": 6172.0893369940695,
    "radius": 0.0,
    "bin_size_x": 0.06807059529144252,
    "bin_size_y": 6.0,
    "xvalues": [
        -0.13614119058288504,
        -0.0680705952914425,
        2.7755575615628914e-17,
        0.06807059529144252,
        0.13614119058288507
    ],
    "yvalues": [
        -12.0,
        -6.0,
        0.0,
        6.0,
        12.0
    ],
    "flux": [
        [
            7764.0,
            7641.0,
            7744.0,
            7855.0,
            7738.0
        ],
        [
            43774.0,
            44079.0,
            43804.0,
            43622.0,
            43353.0
        ],
        [
            89588.0,
            89775.0,
            90171.0,
            90385.0,
            89547.0
        ],
        [
            43004.0,
            43075.0,
            42761.0,
            43106.0,
            42665.0
        ],
        [
            7556.0,
            7441.0,
            7414.0,
            7596.0,
            7253.0
        ]
    ],
    "sim_time": 16.492919445037842
}