{
    "dni": 1000.0,
    "generated_rays": 8205621,
    "power_per_ray": 0.19746829701963356,
    "num_rays": 576104.0,
    "avg_flux": 11141.597464527198,
    "peak_flux": 31838.716457186772,
    "min_flux": 0.0,
    "radius": 0.0,
    "bin_size_x": 0.06807059529144252,
    "bin_size_y": 6.0,
    "xvalues": [
        -0.13614119058288504,
        -0.0680705952914425,
        2.7755575615628914e-17,
        0.06807059529144252,
        0.13614119058288507
    ],
    "yvalues": [
        -12.0,
        -6.0,
        0.0,
        6.0,
        12.0
    ],
    "flux": [
        [
            0.0,
            1810.0,
            14537.0,
            15987.0,
            15557.0
        ],
        [
            0.0,
            8254.0,
            42016.0,
            44492.0,
            43643.0
        ],
        [
            0.0,
            14281.0,
            62511.0,
            65852.0,
            64873.0
        ],
        [
            0.0,
            8592.0,
            40883.0,
            43703.0,
            42955.0
        ],
        [
            0.0,
            1761.0,
            13726.0,
            15422.0,
            15249.0
        ]
    ],
    "sim_time": 17.02815556526184
}