{
    "dni": 1000.0,
    "generated_rays": 13679776,
    "power_per_ray": 0.09700534865973567,
    "num_rays": 819907.0,
    "avg_flux": 7789.497953120507,
    "peak_flux": 15699.993831531254,
    "min_flux": 1087.5657582914525,
    "radius": 0.0,
    "bin_size_x": 0.06807059529144252,
    "bin_size_y": 6.0,
    "xvalues": [
        -0.13614119058288504,
        -0.0680705952914425,
        2.7755575615628914e-17,
        0.06807059529144252,
        0.13614119058288507
    ],
    "yvalues": [
        -12.0,
        -6.0,
        0.0,
        6.0,
        12.0
    ],
    "flux": [
        [
            4579.0,
            6308.0,
            6328.0,
            6326.0,
            6465.0
        ],
        [
            14800.0,
            19602.0,
            19552.0,
            19523.0,
            19487.0
        ],
        [
            37232.0,
            54557.0,
            54375.0,
            54639.0,
            54024.0
        ],
        [
            41744.0,
            65759.0,
            66102.0,
            66005.0,
            65984.0
        ],
        [
            17831.0,
            29574.0,
            29683.0,
            29973.0,
            29455.0
        ]
    ],
    "sim_time": 19.279622793197632
}