{
    "dni": 1000.0,
    "generated_rays": 36668052,
    "power_per_ray": 0.04780397741600019,
    "num_rays": 16201.0,
    "avg_flux": 75.84990599839631,
    "peak_flux": 466.6588099740851,
    "min_flux": 0.0,
    "radius": 0.0,
    "bin_size_x": 0.06807059529144252,
    "bin_size_y": 6.0,
    "xvalues": [
        -0.13614119058288504,
        -0.0680705952914425,
        2.7755575615628914e-17,
        0.06807059529144252,
        0.13614119058288507
    ],
    "yvalues": [
        -12.0,
        -6.0,
        0.0,
        6.0,
        12.0
    ],
    "flux": [
        [
            0.0,
            0.0,
            0.0,
            0.0,
            1987.0
        ],
        [
            0.0,
            0.0,
            0.0,
            0.0,
            3283.0
        ],
        [
            0.0,
            0.0,
            0.0,
            0.0,
            3987.0
        ],
        [
            0.0,
            0.0,
            0.0,
            0.0,
            3933.0
        ],
        [
            0.0,
            0.0,
            0.0,
            0.0,
            3011.0
        ]
    ],
    "sim_time": 24.988272666931152
}