{
    "dni": 1000.0,
    "generated_rays": 9611864,
    "power_per_ray": 0.17116040321168713,
    "num_rays": 484029.0,
    "avg_flux": 8113.792105724369,
    "peak_flux": 24896.03141675228,
    "min_flux": 0.0,
    "radius": 0.0,
    "bin_size_x": 0.06807059529144252,
    "bin_size_y": 6.0,
    "xvalues": [
        -0.13614119058288504,
        -0.0680705952914425,
        2.7755575615628914e-17,
        0.06807059529144252,
        0.13614119058288507
    ],
    "yvalues": [
        -12.0,
        -6.0,
        0.0,
        6.0,
        12.0
    ],
    "flux": [
        [
            0.0,
            29.0,
            10369.0,
            18127.0,
            18409.0
        ],
        [
            0.0,
            136.0,
            29608.0,
            43023.0,
            42841.0
        ],
        [
            0.0,
            325.0,
            43037.0,
            59407.0,
            59141.0
        ],
        [
            0.0,
            246.0,
            29368.0,
            42137.0,
            42451.0
        ],
        [
            0.0,
            68.0,
            10044.0,
            17507.0,
            17756.0
        ]
    ],
    "sim_time": 17.58168864250183
}