{
    "dni": 1000.0,
    "generated_rays": 19854937,
    "power_per_ray": 0.08592193133783242,
    "num_rays": 393933.0,
    "avg_flux": 3314.939344248834,
    "peak_flux": 9807.451856631484,
    "min_flux": 0.0,
    "radius": 0.0,
    "bin_size_x": 0.06807059529144252,
    "bin_size_y": 6.0,
    "xvalues": [
        -0.13614119058288504,
        -0.0680705952914425,
        2.7755575615628914e-17,
        0.06807059529144252,
        0.13614119058288507
    ],
    "yvalues": [
        -12.0,
        -6.0,
        0.0,
        6.0,
        12.0
    ],
    "flux": [
        [
            0.0,
            0.0,
            9448.0,
            23960.0,
            24028.0
        ],
        [
            0.0,
            0.0,
            19039.0,
            41624.0,
            41430.0
        ],
        [
            0.0,
            0.0,
            22243.0,
            46619.0,
            46545.0
        ],
        [
            0.0,
            0.0,
            15251.0,
            32131.0,
            32930.0
        ],
        [
            0.0,
            0.0,
            6263.0,
            15867.0,
            16555.0
        ]
    ],
    "sim_time": 12.474457263946533
}