{
    "dni": 1000.0,
    "generated_rays": 6120898,
    "power_per_ray": 0.25700279005828824,
    "num_rays": 724550.0,
    "avg_flux": 18237.083696170965,
    "peak_flux": 48171.398391863084,
    "min_flux": 1.2585110548734362,
    "radius": 0.0,
    "bin_size_x": 0.06807059529144252,
    "bin_size_y": 6.0,
    "xvalues": [
        -0.13614119058288504,
        -0.0680705952914425,
        2.7755575615628914e-17,
        0.06807059529144252,
        0.13614119058288507
    ],
    "yvalues": [
        -12.0,
        -6.0,
        0.0,
        6.0,
        12.0
    ],
    "flux": [
        [
            2.0,
            8845.0,
            11947.0,
            12122.0,
            12104.0
        ],
        [
            87.0,
            38018.0,
            44632.0,
            44415.0,
            44118.0
        ],
        [
            232.0,
            67653.0,
            76553.0,
            75624.0,
            76450.0
        ],
        [
            108.0,
            37563.0,
            44028.0,
            43961.0,
            43937.0
        ],
        [
            9.0,
            8369.0,
            11176.0,
            11175.0,
            11422.0
        ]
    ],
    "sim_time": 17.068124055862427
}