{
    "dni": 1000.0,
    "generated_rays": 4572601,
    "power_per_ray": 0.32756503536376697,
    "num_rays": 859882.0,
    "avg_flux": 27585.800352581547,
    "peak_flux": 70448.88476472384,
    "min_flux": 2807.0799607979766,
    "radius": 0.0,
    "bin_size_x": 0.06807059529144252,
    "bin_size_y": 6.0,
    "xvalues": [
        -0.13614119058288504,
        -0.0680705952914425,
        2.7755575615628914e-17,
        0.06807059529144252,
        0.13614119058288507
    ],
    "yvalues": [
        -12.0,
        -6.0,
        0.0,
        6.0,
        12.0
    ],
    "flux": [
        [
            3500.0,
            8113.0,
            8083.0,
            7927.0,
            7956.0
        ],
        [
            21380.0,
            43286.0,
            43894.0,
            43072.0,
            43227.0
        ],
        [
            45061.0,
            87675.0,
            87403.0,
            87499.0,
            87839.0
        ],
        [
            21497.0,
            44199.0,
            43903.0,
            43935.0,
            43648.0
        ],
        [
            3615.0,
            8183.0,
            8332.0,
            8301.0,
            8354.0
        ]
    ],
    "sim_time": 8.739469289779663
}