{
    "dni": 1000.0,
    "generated_rays": 4818500,
    "power_per_ray": 0.28838795587324334,
    "num_rays": 850522.0,
    "avg_flux": 24022.149353923065,
    "peak_flux": 56199.219103917676,
    "min_flux": 3113.901775932919,
    "radius": 0.0,
    "bin_size_x": 0.06807059529144252,
    "bin_size_y": 6.0,
    "xvalues": [
        -0.13614119058288504,
        -0.0680705952914425,
        2.7755575615628914e-17,
        0.06807059529144252,
        0.13614119058288507
    ],
    "yvalues": [
        -12.0,
        -6.0,
        0.0,
        6.0,
        12.0
    ],
    "flux": [
        [
            4410.0,
            10448.0,
            10469.0,
            10528.0,
            10299.0
        ],
        [
            21089.0,
            43840.0,
            44432.0,
            43819.0,
            43696.0
        ],
        [
            38880.0,
            79068.0,
            78787.0,
            79591.0,
            79199.0
        ],
        [
            21298.0,
            44872.0,
            44640.0,
            45008.0,
            44772.0
        ],
        [
            4987.0,
            11693.0,
            11494.0,
            11571.0,
            11632.0
        ]
    ],
    "sim_time": 8.698203325271606
}