{
    "dni": 1000.0,
    "generated_rays": 34459699,
    "power_per_ray": 0.04519400149484125,
    "num_rays": 612592.0,
    "avg_flux": 2711.448180641788,
    "peak_flux": 5919.917588548128,
    "min_flux": 0.0,
    "radius": 0.0,
    "bin_size_x": 0.06807059529144252,
    "bin_size_y": 6.0,
    "xvalues": [
        -0.13614119058288504,
        -0.0680705952914425,
        2.7755575615628914e-17,
        0.06807059529144252,
        0.13614119058288507
    ],
    "yvalues": [
        -12.0,
        -6.0,
        0.0,
        6.0,
        12.0
    ],
    "flux": [
        [
            0.0,
            13477.0,
            6756.0,
            6616.0,
            6595.0
        ],
        [
            0.0,
            31865.0,
            14965.0,
            15088.0,
            15303.0
        ],
        [
            0.0,
            51783.0,
            34869.0,
            34541.0,
            34804.0
        ],
        [
            0.0,
            53499.0,
            50832.0,
            51195.0,
            50988.0
        ],
        [
            0.0,
            29571.0,
            36491.0,
            36608.0,
            36746.0
        ]
    ],
    "sim_time": 25.416306734085083
}