{
    "dni": 1000.0,
    "generated_rays": 21606729,
    "power_per_ray": 0.05766781952001761,
    "num_rays": 789446.0,
    "avg_flux": 4458.668166862456,
    "peak_flux": 8872.904741863395,
    "min_flux": 867.7912914099461,
    "radius": 0.0,
    "bin_size_x": 0.06807059529144252,
    "bin_size_y": 6.0,
    "xvalues": [
        -0.13614119058288504,
        -0.0680705952914425,
        2.7755575615628914e-17,
        0.06807059529144252,
        0.13614119058288507
    ],
    "yvalues": [
        -12.0,
        -6.0,
        0.0,
        6.0,
        12.0
    ],
    "flux": [
        [
            31186.0,
            41596.0,
            41392.0,
            41346.0,
            41110.0
        ],
        [
            50973.0,
            62335.0,
            62832.0,
            62841.0,
            62381.0
        ],
        [
            35213.0,
            37747.0,
            37674.0,
            37677.0,
            37727.0
        ],
        [
            15676.0,
            14503.0,
            14651.0,
            14785.0,
            14624.0
        ],
        [
            6173.0,
            6299.0,
            6236.0,
            6323.0,
            6146.0
        ]
    ],
    "sim_time": 14.348033666610718
}