{
    "dni": 1000.0,
    "generated_rays": 9107476,
    "power_per_ray": 0.17792535779193405,
    "num_rays": 520772.0,
    "avg_flux": 9074.74992506489,
    "peak_flux": 26586.19503481659,
    "min_flux": 0.0,
    "radius": 0.0,
    "bin_size_x": 0.06807059529144252,
    "bin_size_y": 6.0,
    "xvalues": [
        -0.13614119058288504,
        -0.0680705952914425,
        2.7755575615628914e-17,
        0.06807059529144252,
        0.13614119058288507
    ],
    "yvalues": [
        -12.0,
        -6.0,
        0.0,
        6.0,
        12.0
    ],
    "flux": [
        [
            0.0,
            456.0,
            12550.0,
            17809.0,
            17739.0
        ],
        [
            0.0,
            2217.0,
            35623.0,
            43309.0,
            43612.0
        ],
        [
            0.0,
            3768.0,
            51408.0,
            61028.0,
            60878.0
        ],
        [
            0.0,
            2456.0,
            35342.0,
            42472.0,
            43174.0
        ],
        [
            0.0,
            566.0,
            12211.0,
            17165.0,
            16989.0
        ]
    ],
    "sim_time": 17.12192702293396
}