{
    "dni": 1000.0,
    "generated_rays": 4473582,
    "power_per_ray": 0.3167744379197864,
    "num_rays": 874159.0,
    "avg_flux": 27120.004331966855,
    "peak_flux": 65938.64183422277,
    "min_flux": 3799.6777823687,
    "radius": 0.0,
    "bin_size_x": 0.06807059529144252,
    "bin_size_y": 6.0,
    "xvalues": [
        -0.13614119058288504,
        -0.0680705952914425,
        2.7755575615628914e-17,
        0.06807059529144252,
        0.13614119058288507
    ],
    "yvalues": [
        -12.0,
        -6.0,
        0.0,
        6.0,
        12.0
    ],
    "flux": [
        [
            5172.0,
            9574.0,
            9510.0,
            9710.0,
            9376.0
        ],
        [
            25886.0,
            44233.0,
            44153.0,
            44087.0,
            43887.0
        ],
        [
            50817.0,
            84299.0,
            84661.0,
            85016.0,
            84765.0
        ],
        [
            25510.0,
            43434.0,
            43400.0,
            43127.0,
            43475.0
        ],
        [
            4899.0,
            8673.0,
            8956.0,
            8737.0,
            8802.0
        ]
    ],
    "sim_time": 17.262956380844116
}