{
    "dni": 1000.0,
    "generated_rays": 5605804,
    "power_per_ray": 0.2210287329825621,
    "num_rays": 915303.0,
    "avg_flux": 19813.57359164755,
    "peak_flux": 40108.663283398135,
    "min_flux": 5713.728404162743,
    "radius": 0.0,
    "bin_size_x": 0.06807059529144252,
    "bin_size_y": 6.0,
    "xvalues": [
        -0.13614119058288504,
        -0.0680705952914425,
        2.7755575615628914e-17,
        0.06807059529144252,
        0.13614119058288507
    ],
    "yvalues": [
        -12.0,
        -6.0,
        0.0,
        6.0,
        12.0
    ],
    "flux": [
        [
            10558.0,
            11919.0,
            12026.0,
            11834.0,
            12146.0
        ],
        [
            34661.0,
            38651.0,
            38421.0,
            38556.0,
            38553.0
        ],
        [
            66619.0,
            74114.0,
            73854.0,
            73908.0,
            73911.0
        ],
        [
            44241.0,
            48871.0,
            48740.0,
            48476.0,
            48891.0
        ],
        [
            12001.0,
            13757.0,
            13428.0,
            13681.0,
            13486.0
        ]
    ],
    "sim_time": 16.83074426651001
}