{
    "dni": 1000.0,
    "generated_rays": 19790090,
    "power_per_ray": 0.08710783018427641,
    "num_rays": 272663.0,
    "avg_flux": 2326.122579051518,
    "peak_flux": 8829.716057251337,
    "min_flux": 0.0,
    "radius": 0.0,
    "bin_size_x": 0.06807059529144252,
    "bin_size_y": 6.0,
    "xvalues": [
        -0.13614119058288504,
        -0.0680705952914425,
        2.7755575615628914e-17,
        0.06807059529144252,
        0.13614119058288507
    ],
    "yvalues": [
        -12.0,
        -6.0,
        0.0,
        6.0,
        12.0
    ],
    "flux": [
        [
            0.0,
            0.0,
            394.0,
            12511.0,
            19512.0
        ],
        [
            0.0,
            0.0,
            1085.0,
            24824.0,
            33338.0
        ],
        [
            0.0,
            0.0,
            1785.0,
            32213.0,
            41400.0
        ],
        [
            0.0,
            0.0,
            1618.0,
            27353.0,
            37015.0
        ],
        [
            0.0,
            0.0,
            883.0,
            15487.0,
            23245.0
        ]
    ],
    "sim_time": 20.01518416404724
}