{
    "dni": 1000.0,
    "generated_rays": 11419850,
    "power_per_ray": 0.15029609340245098,
    "num_rays": 353506.0,
    "avg_flux": 5203.477416041356,
    "peak_flux": 19587.04324846207,
    "min_flux": 0.0,
    "radius": 0.0,
    "bin_size_x": 0.06807059529144252,
    "bin_size_y": 6.0,
    "xvalues": [
        -0.13614119058288504,
        -0.0680705952914425,
        2.7755575615628914e-17,
        0.06807059529144252,
        0.13614119058288507
    ],
    "yvalues": [
        -12.0,
        -6.0,
        0.0,
        6.0,
        12.0
    ],
    "flux": [
        [
            0.0,
            0.0,
            2655.0,
            15045.0,
            19672.0
        ],
        [
            0.0,
            0.0,
            7915.0,
            35027.0,
            40817.0
        ],
        [
            0.0,
            0.0,
            11406.0,
            46605.0,
            53227.0
        ],
        [
            0.0,
            0.0,
            7886.0,
            34801.0,
            40816.0
        ],
        [
            0.0,
            0.0,
            2546.0,
            15295.0,
            19793.0
        ]
    ],
    "sim_time": 9.872286558151245
}