{
    "dni": 1000.0,
    "generated_rays": 4927105,
    "power_per_ray": 0.2546261144351492,
    "num_rays": 918934.0,
    "avg_flux": 22915.875578929034,
    "peak_flux": 47555.72731993556,
    "min_flux": 6423.888493767908,
    "radius": 0.0,
    "bin_size_x": 0.06807059529144252,
    "bin_size_y": 6.0,
    "xvalues": [
        -0.13614119058288504,
        -0.0680705952914425,
        2.7755575615628914e-17,
        0.06807059529144252,
        0.13614119058288507
    ],
    "yvalues": [
        -12.0,
        -6.0,
        0.0,
        6.0,
        12.0
    ],
    "flux": [
        [
            10304.0,
            11755.0,
            11860.0,
            11781.0,
            11707.0
        ],
        [
            40190.0,
            46184.0,
            46109.0,
            45639.0,
            45980.0
        ],
        [
            67159.0,
            76045.0,
            76183.0,
            76280.0,
            75710.0
        ],
        [
            36713.0,
            42036.0,
            42017.0,
            42075.0,
            42109.0
        ],
        [
            10751.0,
            12505.0,
            12808.0,
            12527.0,
            12507.0
        ]
    ],
    "sim_time": 9.114096641540527
}