{
    "dni": 1000.0,
    "generated_rays": 9589902,
    "power_per_ray": 0.17732109821045255,
    "num_rays": 467785.0,
    "avg_flux": 8123.737772649718,
    "peak_flux": 26356.973433415944,
    "min_flux": 0.0,
    "radius": 0.0,
    "bin_size_x": 0.06807059529144252,
    "bin_size_y": 6.0,
    "xvalues": [
        -0.13614119058288504,
        -0.0680705952914425,
        2.7755575615628914e-17,
        0.06807059529144252,
        0.13614119058288507
    ],
    "yvalues": [
        -12.0,
        -6.0,
        0.0,
        6.0,
        12.0
    ],
    "flux": [
        [
            0.0,
            0.0,
            7921.0,
            17103.0,
            16957.0
        ],
        [
            0.0,
            0.0,
            25989.0,
            43207.0,
            42222.0
        ],
        [
            0.0,
            2.0,
            39775.0,
            60708.0,
            59535.0
        ],
        [
            0.0,
            0.0,
            26376.0,
            43124.0,
            42519.0
        ],
        [
            0.0,
            0.0,
            8189.0,
            17035.0,
            17123.0
        ]
    ],
    "sim_time": 9.374840021133423
}