{
    "dni": 1000.0,
    "generated_rays": 6934714,
    "power_per_ray": 0.2046224110107359,
    "num_rays": 819715.0,
    "avg_flux": 16427.265343528026,
    "peak_flux": 36147.53891704883,
    "min_flux": 2229.473987260808,
    "radius": 0.0,
    "bin_size_x": 0.06807059529144252,
    "bin_size_y": 6.0,
    "xvalues": [
        -0.13614119058288504,
        -0.0680705952914425,
        2.7755575615628914e-17,
        0.06807059529144252,
        0.13614119058288507
    ],
    "yvalues": [
        -12.0,
        -6.0,
        0.0,
        6.0,
        12.0
    ],
    "flux": [
        [
            4450.0,
            12342.0,
            12351.0,
            12449.0,
            12394.0
        ],
        [
            16171.0,
            38599.0,
            38340.0,
            38739.0,
            38359.0
        ],
        [
            31164.0,
            72150.0,
            71747.0,
            71949.0,
            71678.0
        ],
        [
            20826.0,
            48540.0,
            48512.0,
            48373.0,
            48556.0
        ],
        [
            5573.0,
            14146.0,
            14003.0,
            14175.0,
            14129.0
        ]
    ],
    "sim_time": 17.168991327285767
}