{
    "dni": 1000.0,
    "generated_rays": 8359110,
    "power_per_ray": 0.14165377141120078,
    "num_rays": 915878.0,
    "avg_flux": 12706.17876407864,
    "peak_flux": 23301.116740086974,
    "min_flux": 2616.4896579077467,
    "radius": 0.0,
    "bin_size_x": 0.06807059529144252,
    "bin_size_y": 6.0,
    "xvalues": [
        -0.13614119058288504,
        -0.0680705952914425,
        2.7755575615628914e-17,
        0.06807059529144252,
        0.13614119058288507
    ],
    "yvalues": [
        -12.0,
        -6.0,
        0.0,
        6.0,
        12.0
    ],
    "flux": [
        [
            7544.0,
            7776.0,
            7744.0,
            7830.0,
            7752.0
        ],
        [
            26271.0,
            27446.0,
            27084.0,
            26937.0,
            26755.0
        ],
        [
            64857.0,
            66906.0,
            67183.0,
            66860.0,
            66646.0
        ],
        [
            59071.0,
            61189.0,
            60816.0,
            60975.0,
            61150.0
        ],
        [
            21286.0,
            21416.0,
            21598.0,
            21384.0,
            21402.0
        ]
    ],
    "sim_time": 18.318585872650146
}