{
    "dni": 1000.0,
    "generated_rays": 15308468,
    "power_per_ray": 0.09226349361750462,
    "num_rays": 775008.0,
    "avg_flux": 7003.018494291935,
    "peak_flux": 14552.574018664533,
    "min_flux": 857.0702549955485,
    "radius": 0.0,
    "bin_size_x": 0.06807059529144252,
    "bin_size_y": 6.0,
    "xvalues": [
        -0.13614119058288504,
        -0.0680705952914425,
        2.7755575615628914e-17,
        0.06807059529144252,
        0.13614119058288507
    ],
    "yvalues": [
        -12.0,
        -6.0,
        0.0,
        6.0,
        12.0
    ],
    "flux": [
        [
            10968.0,
            30038.0,
            30006.0,
            29561.0,
            29888.0
        ],
        [
            27022.0,
            64190.0,
            64247.0,
            64420.0,
            63829.0
        ],
        [
            26139.0,
            53517.0,
            53258.0,
            52836.0,
            53517.0
        ],
        [
            12026.0,
            19880.0,
            19934.0,
            19846.0,
            19840.0
        ],
        [
            3794.0,
            6684.0,
            6540.0,
            6443.0,
            6585.0
        ]
    ],
    "sim_time": 12.067980766296387
}