{
    "dni": 1000.0,
    "generated_rays": 6594510,
    "power_per_ray": 0.1823066647626589,
    "num_rays": 923774.0,
    "avg_flux": 16493.676524439237,
    "peak_flux": 32345.513504032504,
    "min_flux": 4365.019548409333,
    "radius": 0.0,
    "bin_size_x": 0.06807059529144252,
    "bin_size_y": 6.0,
    "xvalues": [
        -0.13614119058288504,
        -0.0680705952914425,
        2.7755575615628914e-17,
        0.06807059529144252,
        0.13614119058288507
    ],
    "yvalues": [
        -12.0,
        -6.0,
        0.0,
        6.0,
        12.0
    ],
    "flux": [
        [
            9779.0,
            10096.0,
            10038.0,
            10039.0,
            9944.0
        ],
        [
            32251.0,
            33804.0,
            33672.0,
            33696.0,
            33547.0
        ],
        [
            69112.0,
            72146.0,
            71860.0,
            72464.0,
            71938.0
        ],
        [
            51747.0,
            53757.0,
            53691.0,
            53936.0,
            54022.0
        ],
        [
            15875.0,
            16738.0,
            16493.0,
            16546.0,
            16583.0
        ]
    ],
    "sim_time": 19.272664546966553
}