{
    "dni": 1000.0,
    "generated_rays": 20639683,
    "power_per_ray": 0.08201396170223549,
    "num_rays": 33762.0,
    "avg_flux": 271.18467850772305,
    "peak_flux": 1763.6803442726523,
    "min_flux": 0.0,
    "radius": 0.0,
    "bin_size_x": 0.06807059529144252,
    "bin_size_y": 6.0,
    "xvalues": [
        -0.13614119058288504,
        -0.0680705952914425,
        2.7755575615628914e-17,
        0.06807059529144252,
        0.13614119058288507
    ],
    "yvalues": [
        -12.0,
        -6.0,
        0.0,
        6.0,
        12.0
    ],
    "flux": [
        [
            0.0,
            0.0,
            0.0,
            0.0,
            4532.0
        ],
        [
            0.0,
            0.0,
            0.0,
            0.0,
            7377.0
        ],
        [
            0.0,
            0.0,
            0.0,
            0.0,
            8783.0
        ],
        [
            0.0,
            0.0,
            0.0,
            0.0,
            7776.0
        ],
        [
            0.0,
            0.0,
            0.0,
            0.0,
            5294.0
        ]
    ],
    "sim_time": 19.614142417907715
}