{
    "dni": 1000.0,
    "generated_rays": 5643626,
    "power_per_ray": 0.2733965002572773,
    "num_rays": 762449.0,
    "avg_flux": 20415.167257088873,
    "peak_flux": 52735.56958172673,
    "min_flux": 180.06712554403336,
    "radius": 0.0,
    "bin_size_x": 0.06807059529144252,
    "bin_size_y": 6.0,
    "xvalues": [
        -0.13614119058288504,
        -0.0680705952914425,
        2.7755575615628914e-17,
        0.06807059529144252,
        0.13614119058288507
    ],
    "yvalues": [
        -12.0,
        -6.0,
        0.0,
        6.0,
        12.0
    ],
    "flux": [
        [
            314.0,
            9547.0,
            10498.0,
            10357.0,
            10559.0
        ],
        [
            3009.0,
            42586.0,
            43781.0,
            44279.0,
            44031.0
        ],
        [
            6649.0,
            77856.0,
            78400.0,
            78193.0,
            78781.0
        ],
        [
            3071.0,
            43623.0,
            44526.0,
            43887.0,
            44425.0
        ],
        [
            269.0,
            10459.0,
            11122.0,
            11339.0,
            10888.0
        ]
    ],
    "sim_time": 8.77383542060852
}