{
    "dni": 1000.0,
    "generated_rays": 4408842,
    "power_per_ray": 0.3138573267347014,
    "num_rays": 877982.0,
    "avg_flux": 26987.774702755658,
    "peak_flux": 64457.68689712436,
    "min_flux": 4005.2154187318897,
    "radius": 0.0,
    "bin_size_x": 0.06807059529144252,
    "bin_size_y": 6.0,
    "xvalues": [
        -0.13614119058288504,
        -0.0680705952914425,
        2.7755575615628914e-17,
        0.06807059529144252,
        0.13614119058288507
    ],
    "yvalues": [
        -12.0,
        -6.0,
        0.0,
        6.0,
        12.0
    ],
    "flux": [
        [
            5680.0,
            9820.0,
            9889.0,
            10012.0,
            9987.0
        ],
        [
            27335.0,
            44274.0,
            44210.0,
            44420.0,
            43922.0
        ],
        [
            51758.0,
            83255.0,
            83670.0,
            83728.0,
            83879.0
        ],
        [
            26525.0,
            43682.0,
            43528.0,
            43382.0,
            43278.0
        ],
        [
            5212.0,
            9182.0,
            9254.0,
            9125.0,
            8975.0
        ]
    ],
    "sim_time": 16.193742513656616
}