{
    "dni": 1000.0,
    "generated_rays": 5994952,
    "power_per_ray": 0.26912914043631664,
    "num_rays": 724960.0,
    "avg_flux": 19108.384054853916,
    "peak_flux": 51922.320886196096,
    "min_flux": 0.6589461506446532,
    "radius": 0.0,
    "bin_size_x": 0.06807059529144252,
    "bin_size_y": 6.0,
    "xvalues": [
        -0.13614119058288504,
        -0.0680705952914425,
        2.7755575615628914e-17,
        0.06807059529144252,
        0.13614119058288507
    ],
    "yvalues": [
        -12.0,
        -6.0,
        0.0,
        6.0,
        12.0
    ],
    "flux": [
        [
            2.0,
            7552.0,
            10923.0,
            10852.0,
            10807.0
        ],
        [
            51.0,
            37129.0,
            44543.0,
            44619.0,
            44745.0
        ],
        [
            104.0,
            69704.0,
            78505.0,
            78617.0,
            78796.0
        ],
        [
            44.0,
            36726.0,
            43970.0,
            43802.0,
            44142.0
        ],
        [
            1.0,
            7514.0,
            10577.0,
            10603.0,
            10632.0
        ]
    ],
    "sim_time": 16.567888736724854
}