{
    "dni": 1000.0,
    "generated_rays": 4206583,
    "power_per_ray": 0.33654251948399405,
    "num_rays": 913758.0,
    "avg_flux": 30117.59759134598,
    "peak_flux": 73357.75016927805,
    "min_flux": 4746.2611032175055,
    "radius": 0.0,
    "bin_size_x": 0.06807059529144252,
    "bin_size_y": 6.0,
    "xvalues": [
        -0.13614119058288504,
        -0.0680705952914425,
        2.7755575615628914e-17,
        0.06807059529144252,
        0.13614119058288507
    ],
    "yvalues": [
        -12.0,
        -6.0,
        0.0,
        6.0,
        12.0
    ],
    "flux": [
        [
            5760.0,
            7834.0,
            7844.0,
            7833.0,
            7892.0
        ],
        [
            32917.0,
            43037.0,
            43422.0,
            42718.0,
            42925.0
        ],
        [
            68362.0,
            88574.0,
            88133.0,
            89026.0,
            88867.0
        ],
        [
            33742.0,
            43737.0,
            43925.0,
            43942.0,
            43864.0
        ],
        [
            6138.0,
            8477.0,
            8086.0,
            8467.0,
            8236.0
        ]
    ],
    "sim_time": 8.617312908172607
}