{
    "dni": 1000.0,
    "generated_rays": 4593425,
    "power_per_ray": 0.32561571573699694,
    "num_rays": 858583.0,
    "avg_flux": 27380.21381749876,
    "peak_flux": 69662.11545492418,
    "min_flux": 2689.1244412719357,
    "radius": 0.0,
    "bin_size_x": 0.06807059529144252,
    "bin_size_y": 6.0,
    "xvalues": [
        -0.13614119058288504,
        -0.0680705952914425,
        2.7755575615628914e-17,
        0.06807059529144252,
        0.13614119058288507
    ],
    "yvalues": [
        -12.0,
        -6.0,
        0.0,
        6.0,
        12.0
    ],
    "flux": [
        [
            3373.0,
            7983.0,
            8195.0,
            8137.0,
            8181.0
        ],
        [
            21587.0,
            43733.0,
            44408.0,
            43663.0,
            43370.0
        ],
        [
            44908.0,
            87260.0,
            87378.0,
            87160.0,
            87104.0
        ],
        [
            21552.0,
            43903.0,
            43560.0,
            43318.0,
            43710.0
        ],
        [
            3512.0,
            7970.0,
            8223.0,
            8217.0,
            8178.0
        ]
    ],
    "sim_time": 16.341553926467896
}