{
    "dni": 1000.0,
    "generated_rays": 12463104,
    "power_per_ray": 0.13629566786649838,
    "num_rays": 311206.0,
    "avg_flux": 4154.121607864928,
    "peak_flux": 16430.956151748796,
    "min_flux": 0.0,
    "radius": 0.0,
    "bin_size_x": 0.06807059529144252,
    "bin_size_y": 6.0,
    "xvalues": [
        -0.13614119058288504,
        -0.0680705952914425,
        2.7755575615628914e-17,
        0.06807059529144252,
        0.13614119058288507
    ],
    "yvalues": [
        -12.0,
        -6.0,
        0.0,
        6.0,
        12.0
    ],
    "flux": [
        [
            0.0,
            0.0,
            1306.0,
            14284.0,
            20605.0
        ],
        [
            0.0,
            0.0,
            3853.0,
            29913.0,
            39423.0
        ],
        [
            0.0,
            0.0,
            5352.0,
            39063.0,
            49237.0
        ],
        [
            0.0,
            0.0,
            4026.0,
            29681.0,
            38816.0
        ],
        [
            0.0,
            0.0,
            1509.0,
            13789.0,
            20349.0
        ]
    ],
    "sim_time": 17.711599349975586
}