{
    "dni": 1000.0,
    "generated_rays": 6342795,
    "power_per_ray": 0.22897789799283966,
    "num_rays": 804609.0,
    "avg_flux": 18043.78495955185,
    "peak_flux": 40985.463109039236,
    "min_flux": 1702.0978865883746,
    "radius": 0.0,
    "bin_size_x": 0.06807059529144252,
    "bin_size_y": 6.0,
    "xvalues": [
        -0.13614119058288504,
        -0.0680705952914425,
        2.7755575615628914e-17,
        0.06807059529144252,
        0.13614119058288507
    ],
    "yvalues": [
        -12.0,
        -6.0,
        0.0,
        6.0,
        12.0
    ],
    "flux": [
        [
            3402.0,
            12896.0,
            12587.0,
            12784.0,
            12692.0
        ],
        [
            14360.0,
            45679.0,
            46056.0,
            45738.0,
            45554.0
        ],
        [
            23382.0,
            72773.0,
            73105.0,
            72838.0,
            72877.0
        ],
        [
            12619.0,
            42252.0,
            42146.0,
            42032.0,
            42201.0
        ],
        [
            3036.0,
            13446.0,
            13459.0,
            13388.0,
            13307.0
        ]
    ],
    "sim_time": 8.993921279907227
}