{
    "dni": 1000.0,
    "generated_rays": 8674281,
    "power_per_ray": 0.14139310806926347,
    "num_rays": 897438.0,
    "avg_flux": 12427.446102210088,
    "peak_flux": 23142.95728319796,
    "min_flux": 2346.491615041373,
    "radius": 0.0,
    "bin_size_x": 0.06807059529144252,
    "bin_size_y": 6.0,
    "xvalues": [
        -0.13614119058288504,
        -0.0680705952914425,
        2.7755575615628914e-17,
        0.06807059529144252,
        0.13614119058288507
    ],
    "yvalues": [
        -12.0,
        -6.0,
        0.0,
        6.0,
        12.0
    ],
    "flux": [
        [
            6778.0,
            7776.0,
            7909.0,
            7785.0,
            7845.0
        ],
        [
            23859.0,
            27326.0,
            27121.0,
            26907.0,
            26661.0
        ],
        [
            58796.0,
            66632.0,
            66751.0,
            66850.0,
            66360.0
        ],
        [
            53525.0,
            60961.0,
            60703.0,
            60980.0,
            60700.0
        ],
        [
            19111.0,
            21495.0,
            21601.0,
            21467.0,
            21539.0
        ]
    ],
    "sim_time": 18.049641609191895
}