{
    "dni": 1000.0,
    "generated_rays": 12302198,
    "power_per_ray": 0.09972106992094773,
    "num_rays": 864753.0,
    "avg_flux": 8445.555089598794,
    "peak_flux": 16512.602173960844,
    "min_flux": 1371.9401392205527,
    "radius": 0.0,
    "bin_size_x": 0.06807059529144252,
    "bin_size_y": 6.0,
    "xvalues": [
        -0.13614119058288504,
        -0.0680705952914425,
        2.7755575615628914e-17,
        0.06807059529144252,
        0.13614119058288507
    ],
    "yvalues": [
        -12.0,
        -6.0,
        0.0,
        6.0,
        12.0
    ],
    "flux": [
        [
            24944.0,
            29890.0,
            29803.0,
            29462.0,
            29483.0
        ],
        [
            57651.0,
            67630.0,
            67471.0,
            66936.0,
            67078.0
        ],
        [
            48386.0,
            54954.0,
            55383.0,
            55152.0,
            54874.0
        ],
        [
            17278.0,
            19770.0,
            19207.0,
            19430.0,
            19397.0
        ],
        [
            5619.0,
            6184.0,
            6406.0,
            6169.0,
            6196.0
        ]
    ],
    "sim_time": 11.350701808929443
}