{
    "dni": 1000.0,
    "generated_rays": 11826065,
    "power_per_ray": 0.09997664346558235,
    "num_rays": 883704.0,
    "avg_flux": 8652.758150940383,
    "peak_flux": 16713.05424422673,
    "min_flux": 1475.5740082049144,
    "radius": 0.0,
    "bin_size_x": 0.06807059529144252,
    "bin_size_y": 6.0,
    "xvalues": [
        -0.13614119058288504,
        -0.0680705952914425,
        2.7755575615628914e-17,
        0.06807059529144252,
        0.13614119058288507
    ],
    "yvalues": [
        -12.0,
        -6.0,
        0.0,
        6.0,
        12.0
    ],
    "flux": [
        [
            27948.0,
            29919.0,
            29823.0,
            29591.0,
            29676.0
        ],
        [
            64109.0,
            68276.0,
            67924.0,
            67198.0,
            67528.0
        ],
        [
            52923.0,
            55216.0,
            55650.0,
            55324.0,
            55057.0
        ],
        [
            18688.0,
            19702.0,
            19334.0,
            19515.0,
            19438.0
        ],
        [
            6028.0,
            6090.0,
            6394.0,
            6182.0,
            6171.0
        ]
    ],
    "sim_time": 11.221586465835571
}