{
    "dni": 1000.0,
    "generated_rays": 4819619,
    "power_per_ray": 0.2552666609675204,
    "num_rays": 930338.0,
    "avg_flux": 23258.625726660983,
    "peak_flux": 47773.4859445918,
    "min_flux": 6815.676494705097,
    "radius": 0.0,
    "bin_size_x": 0.06807059529144252,
    "bin_size_y": 6.0,
    "xvalues": [
        -0.13614119058288504,
        -0.0680705952914425,
        2.7755575615628914e-17,
        0.06807059529144252,
        0.13614119058288507
    ],
    "yvalues": [
        -12.0,
        -6.0,
        0.0,
        6.0,
        12.0
    ],
    "flux": [
        [
            11725.0,
            12627.0,
            12597.0,
            12682.0,
            12686.0
        ],
        [
            39863.0,
            42124.0,
            42409.0,
            41961.0,
            41895.0
        ],
        [
            71310.0,
            76191.0,
            76102.0,
            76437.0,
            76255.0
        ],
        [
            43084.0,
            45831.0,
            45687.0,
            45969.0,
            45607.0
        ],
        [
            10905.0,
            11667.0,
            11607.0,
            11498.0,
            11619.0
        ]
    ],
    "sim_time": 16.794154167175293
}