{
    "dni": 1000.0,
    "generated_rays": 9380219,
    "power_per_ray": 0.158162970757691,
    "num_rays": 770237.0,
    "avg_flux": 11931.04223499243,
    "peak_flux": 26304.88751826811,
    "min_flux": 560.7413418294967,
    "radius": 0.0,
    "bin_size_x": 0.06807059529144252,
    "bin_size_y": 6.0,
    "xvalues": [
        -0.13614119058288504,
        -0.0680705952914425,
        2.7755575615628914e-17,
        0.06807059529144252,
        0.13614119058288507
    ],
    "yvalues": [
        -12.0,
        -6.0,
        0.0,
        6.0,
        12.0
    ],
    "flux": [
        [
            1448.0,
            10944.0,
            10988.0,
            10813.0,
            10690.0
        ],
        [
            7043.0,
            34368.0,
            34056.0,
            34428.0,
            34178.0
        ],
        [
            15034.0,
            67927.0,
            67321.0,
            67436.0,
            67277.0
        ],
        [
            11224.0,
            52644.0,
            52899.0,
            52575.0,
            52397.0
        ],
        [
            2933.0,
            17926.0,
            17905.0,
            17935.0,
            17848.0
        ]
    ],
    "sim_time": 18.465097427368164
}