{
    "dni": 1000.0,
    "generated_rays": 25764190,
    "power_per_ray": 0.0543669162969711,
    "num_rays": 722202.0,
    "avg_flux": 3845.409364145929,
    "peak_flux": 7914.162808187047,
    "min_flux": 825.4402323404291,
    "radius": 0.0,
    "bin_size_x": 0.06807059529144252,
    "bin_size_y": 6.0,
    "xvalues": [
        -0.13614119058288504,
        -0.0680705952914425,
        2.7755575615628914e-17,
        0.06807059529144252,
        0.13614119058288507
    ],
    "yvalues": [
        -12.0,
        -6.0,
        0.0,
        6.0,
        12.0
    ],
    "flux": [
        [
            15173.0,
            39512.0,
            39857.0,
            39475.0,
            39554.0
        ],
        [
            30275.0,
            58976.0,
            58926.0,
            59454.0,
            59291.0
        ],
        [
            28919.0,
            36492.0,
            36369.0,
            36594.0,
            36905.0
        ],
        [
            16636.0,
            14611.0,
            14562.0,
            14557.0,
            14614.0
        ],
        [
            6201.0,
            6342.0,
            6276.0,
            6381.0,
            6250.0
        ]
    ],
    "sim_time": 15.635621547698975
}