{
    "dni": 1000.0,
    "generated_rays": 20088415,
    "power_per_ray": 0.057512943101105066,
    "num_rays": 823913.0,
    "avg_flux": 4640.835129704221,
    "peak_flux": 9052.696340004808,
    "min_flux": 876.1627798390019,
    "radius": 0.0,
    "bin_size_x": 0.06807059529144252,
    "bin_size_y": 6.0,
    "xvalues": [
        -0.13614119058288504,
        -0.0680705952914425,
        2.7755575615628914e-17,
        0.06807059529144252,
        0.13614119058288507
    ],
    "yvalues": [
        -12.0,
        -6.0,
        0.0,
        6.0,
        12.0
    ],
    "flux": [
        [
            6371.0,
            6299.0,
            6269.0,
            6222.0,
            6317.0
        ],
        [
            15003.0,
            14652.0,
            14738.0,
            14834.0,
            14520.0
        ],
        [
            38268.0,
            38414.0,
            38408.0,
            38732.0,
            38472.0
        ],
        [
            62289.0,
            64092.0,
            64195.0,
            64287.0,
            63819.0
        ],
        [
            39986.0,
            42002.0,
            41781.0,
            41944.0,
            41999.0
        ]
    ],
    "sim_time": 23.389381408691406
}