{
    "dni": 1000.0,
    "generated_rays": 5474800,
    "power_per_ray": 0.2749386235906869,
    "num_rays": 774991.0,
    "avg_flux": 20868.037358656355,
    "peak_flux": 53070.05478795988,
    "min_flux": 368.2241611575176,
    "radius": 0.0,
    "bin_size_x": 0.06807059529144252,
    "bin_size_y": 6.0,
    "xvalues": [
        -0.13614119058288504,
        -0.0680705952914425,
        2.7755575615628914e-17,
        0.06807059529144252,
        0.13614119058288507
    ],
    "yvalues": [
        -12.0,
        -6.0,
        0.0,
        6.0,
        12.0
    ],
    "flux": [
        [
            578.0,
            10828.0,
            11330.0,
            11217.0,
            11236.0
        ],
        [
            4922.0,
            44519.0,
            44259.0,
            44490.0,
            44195.0
        ],
        [
            10326.0,
            78836.0,
            78485.0,
            78680.0,
            78346.0
        ],
        [
            4877.0,
            44140.0,
            43425.0,
            43946.0,
            43751.0
        ],
        [
            547.0,
            10222.0,
            10692.0,
            10550.0,
            10594.0
        ]
    ],
    "sim_time": 17.474305629730225
}