{
    "dni": 1000.0,
    "generated_rays": 6336761,
    "power_per_ray": 0.2291959356680003,
    "num_rays": 803920.0,
    "avg_flux": 18045.500734772468,
    "peak_flux": 41036.27496302405,
    "min_flux": 1748.0512609717462,
    "radius": 0.0,
    "bin_size_x": 0.06807059529144252,
    "bin_size_y": 6.0,
    "xvalues": [
        -0.13614119058288504,
        -0.0680705952914425,
        2.7755575615628914e-17,
        0.06807059529144252,
        0.13614119058288507
    ],
    "yvalues": [
        -12.0,
        -6.0,
        0.0,
        6.0,
        12.0
    ],
    "flux": [
        [
            3115.0,
            13459.0,
            13174.0,
            13096.0,
            13246.0
        ],
        [
            12492.0,
            42177.0,
            42296.0,
            42645.0,
            41995.0
        ],
        [
            23700.0,
            73126.0,
            72675.0,
            72792.0,
            72867.0
        ],
        [
            14176.0,
            45885.0,
            45878.0,
            45712.0,
            45612.0
        ],
        [
            3312.0,
            12759.0,
            12597.0,
            12620.0,
            12514.0
        ]
    ],
    "sim_time": 16.802949905395508
}