{
    "dni": 1000.0,
    "generated_rays": 5094802,
    "power_per_ray": 0.2705109905254518,
    "num_rays": 857745.0,
    "avg_flux": 22724.39355787674,
    "peak_flux": 51357.03141603164,
    "min_flux": 3697.7857414973514,
    "radius": 0.0,
    "bin_size_x": 0.06807059529144252,
    "bin_size_y": 6.0,
    "xvalues": [
        -0.13614119058288504,
        -0.0680705952914425,
        2.7755575615628914e-17,
        0.06807059529144252,
        0.13614119058288507
    ],
    "yvalues": [
        -12.0,
        -6.0,
        0.0,
        6.0,
        12.0
    ],
    "flux": [
        [
            6112.0,
            12534.0,
            12351.0,
            12519.0,
            12558.0
        ],
        [
            23726.0,
            44267.0,
            44274.0,
            44107.0,
            44397.0
        ],
        [
            42241.0,
            76554.0,
            77001.0,
            77540.0,
            77129.0
        ],
        [
            23872.0,
            44383.0,
            44204.0,
            44342.0,
            44292.0
        ],
        [
            5583.0,
            11014.0,
            10972.0,
            10886.0,
            10887.0
        ]
    ],
    "sim_time": 18.20322847366333
}