{
    "dni": 1000.0,
    "generated_rays": 5531829,
    "power_per_ray": 0.24564672884555708,
    "num_rays": 863823.0,
    "avg_flux": 20781.88517308606,
    "peak_flux": 45306.094139604604,
    "min_flux": 4080.8444235505685,
    "radius": 0.0,
    "bin_size_x": 0.06807059529144252,
    "bin_size_y": 6.0,
    "xvalues": [
        -0.13614119058288504,
        -0.0680705952914425,
        2.7755575615628914e-17,
        0.06807059529144252,
        0.13614119058288507
    ],
    "yvalues": [
        -12.0,
        -6.0,
        0.0,
        6.0,
        12.0
    ],
    "flux": [
        [
            6785.0,
            12130.0,
            11950.0,
            12153.0,
            12277.0
        ],
        [
            27962.0,
            45873.0,
            45999.0,
            45780.0,
            45971.0
        ],
        [
            45485.0,
            74838.0,
            74707.0,
            75328.0,
            75033.0
        ],
        [
            24873.0,
            42088.0,
            41925.0,
            42332.0,
            41923.0
        ],
        [
            7095.0,
            12795.0,
            13076.0,
            12868.0,
            12577.0
        ]
    ],
    "sim_time": 9.267508745193481
}