{
    "dni": 1000.0,
    "generated_rays": 5302380,
    "power_per_ray": 0.29084641470297096,
    "num_rays": 787657.0,
    "avg_flux": 22436.238289074932,
    "peak_flux": 58291.970922267144,
    "min_flux": 507.74124714534463,
    "radius": 0.0,
    "bin_size_x": 0.06807059529144252,
    "bin_size_y": 6.0,
    "xvalues": [
        -0.13614119058288504,
        -0.0680705952914425,
        2.7755575615628914e-17,
        0.06807059529144252,
        0.13614119058288507
    ],
    "yvalues": [
        -12.0,
        -6.0,
        0.0,
        6.0,
        12.0
    ],
    "flux": [
        [
            780.0,
            10101.0,
            10305.0,
            10471.0,
            10348.0
        ],
        [
            6416.0,
            44833.0,
            44551.0,
            44821.0,
            44286.0
        ],
        [
            13898.0,
            81846.0,
            81113.0,
            81264.0,
            81857.0
        ],
        [
            6332.0,
            43692.0,
            43860.0,
            43567.0,
            43710.0
        ],
        [
            713.0,
            9785.0,
            9605.0,
            9812.0,
            9691.0
        ]
    ],
    "sim_time": 16.65145707130432
}