{
    "dni": 1000.0,
    "generated_rays": 5868017,
    "power_per_ray": 0.2718539187942857,
    "num_rays": 743687.0,
    "avg_flux": 19800.44632984939,
    "peak_flux": 52891.971579065605,
    "min_flux": 33.28088014488856,
    "radius": 0.0,
    "bin_size_x": 0.06807059529144252,
    "bin_size_y": 6.0,
    "xvalues": [
        -0.13614119058288504,
        -0.0680705952914425,
        2.7755575615628914e-17,
        0.06807059529144252,
        0.13614119058288507
    ],
    "yvalues": [
        -12.0,
        -6.0,
        0.0,
        6.0,
        12.0
    ],
    "flux": [
        [
            80.0,
            8848.0,
            10993.0,
            11296.0,
            11062.0
        ],
        [
            985.0,
            40714.0,
            44618.0,
            44678.0,
            44518.0
        ],
        [
            2373.0,
            74292.0,
            79131.0,
            78707.0,
            79463.0
        ],
        [
            1020.0,
            40046.0,
            43957.0,
            43601.0,
            43327.0
        ],
        [
            50.0,
            8762.0,
            10327.0,
            10299.0,
            10540.0
        ]
    ],
    "sim_time": 16.65813136100769
}