{"ns": [28418.94633957798, 27035.45840991167, 24689.39157496246, 24128.369845890087, 23922.516597652324, 22998.402934187405, 15571.20972894193, 23782.42821638885, 13719.77535736877, 23785.265214155348, 22833.27391207022, 23927.49849710362, 24129.582377642168, 24369.631592136146, 26960.867916543462, 28357.640059612553], "ew": [26425.312165460884, 23844.98068736065, 21828.010083818815, 19261.025970417344, 18516.660012790468, 18133.84024601223, 13744.709485353926, 13244.612263311397, 13321.28509547618, 15388.363922924136, 15833.987195603911, 16892.497957694133, 19238.875186903333, 21367.26927894589, 22783.285736214835, 25116.426228576638]}