{"ns": {"dp": [[-85.0, 0.6561909907000539], [-82.5, 0.656189920843286], [-80.0, 0.6561866958066392], [-77.5, 0.6561757453454593], [-75.0, 0.6561592653966728], [-72.5, 0.6561372506079413], [-70.0, 0.6561166447337267], [-67.5, 0.6560933638246211], [-65.0, 0.6560705869256921], [-62.5, 0.6560498567490906], [-60.0, 0.6560274984270821], [-57.5, 0.6560176900591989], [-55.0, 0.6560125696221892], [-52.5, 0.6560118064601211], [-50.0, 0.656015120437613], [-47.5, 0.6560285436779801], [-45.0, 0.656050511090538], [-42.5, 0.6560797160366212], [-40.0, 0.6561136478463774], [-37.5, 0.6561531945151877], [-35.0, 0.6561962900775321], [-32.5, 0.656244914631654], [-30.0, 0.6562953527611564], [-27.5, 0.6563466538472961], [-25.0, 0.6563976737442004], [-22.5, 0.6564471035520728], [-20.0, 0.6564877370613837], [-17.5, 0.6565366094708085], [-15.0, 0.6565745115413948], [-12.5, 0.6566062705181361], [-10.0, 0.656628560774356], [-7.5, 0.6566458101125208], [-5.0, 0.6566519974708465], [-2.5, 0.6566485386457354], [0.0, 0.656635352622326], [2.5, 0.6566127691764653], [5.0, 0.6565808103581309], [7.5, 0.6565373660749619], [10.0, 0.6564864381164807], [12.5, 0.6564335975740853], [15.0, 0.6563702705530695], [17.5, 0.6562970846328722], [20.0, 0.6562298484389917], [22.5, 0.6561552019308492], [25.0, 0.6560792929129784], [27.5, 0.6560035767365116], [30.0, 0.6559296501670427], [32.5, 0.6558567934060643], [35.0, 0.6557936663953366], [37.5, 0.6557344300835408], [40.0, 0.6556829194081994], [42.5, 0.6556402181429679], [45.0, 0.6556072292320766], [47.5, 0.6555845742283796], [50.0, 0.6555727118828937], [52.5, 0.6555712194436064], [55.0, 0.6555811165911851], [57.5, 0.6556006451494376], [60.0, 0.6556292384763462], [62.5, 0.6556657919859877], [65.0, 0.6557090721711131], [67.5, 0.6557576109390783], [70.0, 0.6558097150487412], [72.5, 0.6558638227518998], [75.0, 0.6559181464954105], [77.5, 0.6559710962263917], [80.0, 0.656019471329641], [82.5, 0.6560664115613897], [85.0, 0.6561062269122774]], "opt_dp": [[-4.746651867284624, 0.6566520407986909]], "sun": [[4.153347348269136, 0.6565928569365149]], "spr": 0.6534656104700372, "boito": 0.6585388164910723, "nun": 0.6591643552201643, "un": [24875.536663960585, 0.657579168442004], "un_data": [[11175.823235896316, 0.4013004709762442], [12315.757205957741, 0.47517871996323824], [13455.691176019163, 0.528090701298321], [14597.860310727769, 0.5681644489990931], [15737.79428078919, 0.5988172998091671], [16877.728250850618, 0.620701661419113], [18017.662220912043, 0.6350364203714187], [19157.596190973465, 0.6440631517260809], [20299.765325682067, 0.649827325360665], [21439.699295743492, 0.653452199901947], [22579.633265804918, 0.6556718484267781], [23719.56723586634, 0.6570366282000204], [24859.50120592777, 0.6575790501767633], [26001.67034063637, 0.6569471200490377], [27141.604310697792, 0.654761216425273], [28281.538280759218, 0.6505081390318262], [29421.472250820643, 0.6441035895092214], [30561.406220882065, 0.6359483649540403], [31703.57535559067, 0.6266650012311614], [32843.50932565209, 0.6169241127691194], [33983.443295713514, 0.6068834347109848], [35123.37726577494, 0.5966788607326204], [36263.311235836365, 0.5864295050571682], [37405.48037054497, 0.5762722821810461], [38545.41434060639, 0.5664138180729962], [39685.34831066782, 0.5569341455852406], [40825.28228072924, 0.5478924744823124], [41967.45141543784, 0.5392827806962024], [43107.38538549927, 0.5311449325793569], [44247.31935556069, 0.5234208772611457], [45387.25332562212, 0.5160931819412262], [46527.18729568354, 0.5091656055773107], [47669.356430392145, 0.5025332815397436], [48809.29040045357, 0.4962774244180176], [49949.224370514996, 0.4902910547327585], [51089.15834057642, 0.4846537837804057], [52229.09231063784, 0.4793031535195136], [53371.26144534644, 0.474186682243707], [54511.19541540787, 0.4693613298373415], [55651.12938546929, 0.4647444464856568], [56791.06335553072, 0.4603734681925661], [57930.99732559214, 0.45619983824132176], [59073.166460300745, 0.45218335188596837], [60213.100430362174, 0.44840310436721065], [61353.034400423596, 0.4447853341725178], [62492.96837048502, 0.44132176562203973], [63632.90234054645, 0.43800302525450413], [64775.07147525505, 0.43482578184105775], [65915.00544531646, 0.4317888920256548], [67054.9394153779, 0.42890086309476366]]}, "ew": {"dp": [[-85.0, 0.6312273350768748], [-82.5, 0.63132363227336], [-80.0, 0.6314110782614711], [-77.5, 0.6314886884882467], [-75.0, 0.6315560742531341], [-72.5, 0.631614269706428], [-70.0, 0.6316647993019914], [-67.5, 0.631707514438229], [-65.0, 0.6317431781331866], [-62.5, 0.6317723837338787], [-60.0, 0.6317916767104985], [-57.5, 0.6318142807909642], [-55.0, 0.6318289411403775], [-52.5, 0.6318399033885911], [-50.0, 0.6318478020458037], [-47.5, 0.6318535590138684], [-45.0, 0.6318574342834008], [-42.5, 0.6318592953235155], [-40.0, 0.631858943663143], [-37.5, 0.6318563647938545], [-35.0, 0.631851175427392], [-32.5, 0.6318429485133179], [-30.0, 0.6318311021287201], [-27.5, 0.6318150033692742], [-25.0, 0.631794061141965], [-22.5, 0.6317678822054884], [-20.0, 0.6317254828516301], [-17.5, 0.6316987347462208], [-15.0, 0.6316553886171961], [-12.5, 0.6316047711653139], [-10.0, 0.6315456930372234], [-7.5, 0.6314783756723991], [-5.0, 0.6314021252919918], [-2.5, 0.6313173698728409], [0.0, 0.6312241548178853], [2.5, 0.6311221259768972], [5.0, 0.6310114181767188], [7.5, 0.6308917044745119], [10.0, 0.6307613319032641], [12.5, 0.6306394558156209], [15.0, 0.6305076010562471], [17.5, 0.6303657560138393], [20.0, 0.6302413258142258], [22.5, 0.6301099411159355], [25.0, 0.6299815228186012], [27.5, 0.6298580034890775], [30.0, 0.6297416262163201], [32.5, 0.6296333313933155], [35.0, 0.6295390879565603], [37.5, 0.6294569647415733], [40.0, 0.629390058175511], [42.5, 0.6293396951806955], [45.0, 0.6293070134565367], [47.5, 0.629292850350338], [50.0, 0.6292976691712687], [52.5, 0.6293213892118602], [55.0, 0.629363733864964], [57.5, 0.6294238901623277], [60.0, 0.6295004428360612], [62.5, 0.6295919759709263], [65.0, 0.6296968723615861], [67.5, 0.6298131597698735], [70.0, 0.6299388201117065], [72.5, 0.6300717578923691], [75.0, 0.6302093100097591], [77.5, 0.6303489125586265], [80.0, 0.6304879905789295], [82.5, 0.6306253745082915], [85.0, 0.6307587690841391]], "opt_dp": [[-41.658574626640174, 0.6318594239844744]], "sun": [[-27.17757623728169, 0.6318124294060483]], "spr": 0.6291161540053463, "boito": 0.6307267753038264, "nun": 0.632226671509584, "un": [23604.528981961277, 0.6303148887564582],