{"dx": [[-50.0, 0.4577918830043199], [-40.0, 0.48294748078461625], [-30.0, 0.5008997733120878], [-20.0, 0.5126662099025636], [-10.0, 0.5187425598935356], [0.0, 0.5204683728045925], [10.0, 0.5186015499193927], [20.0, 0.51309779684258], [30.0, 0.5012957360092752], [40.0, 0.48257595805785974], [50.0, 0.4574996606258648]], "dy": [[-50.0, 0.5208262106919102], [-40.0, 0.5207590317755849], [-30.0, 0.5209282979774255], [-20.0, 0.5208892001587859], [-10.0, 0.5209171198513859], [0.0, 0.5204634438962024], [10.0, 0.5203042183553971], [20.0, 0.5199973078687108], [30.0, 0.519010059024114], [40.0, 0.5185056433320104], [50.0, 0.5179423144692398]]}