{
    "dni": 1000.0,
    "generated_rays": 46216776,
    "power_per_ray": 0.02300140018802126,
    "num_rays": 768437.0,
    "avg_flux": 989.2006310588567,
    "peak_flux": 2694.9398859265193,
    "min_flux": 0.0,
    "radius": 0.0,
    "bin_size_x": 0.11912060709304066,
    "bin_size_y": 6.0,
    "xvalues": [
        -0.23824121418608132,
        -0.11912060709304068,
        0.0,
        0.11912060709304068,
        0.23824121418608135
    ],
    "yvalues": [
        -12.0,
        -6.0,
        0.0,
        6.0,
        12.0
    ],
    "flux": [
        [
            6.0,
            21.0,
            26.0,
            31.0,
            20.0
        ],
        [
            40277.0,
            83740.0,
            83473.0,
            83633.0,
            83313.0
        ],
        [
            44055.0,
            81045.0,
            80938.0,
            80679.0,
            80714.0
        ],
        [
            5153.0,
            5410.0,
            5282.0,
            5316.0,
            5302.0
        ],
        [
            0.0,
            1.0,
            0.0,
            2.0,
            0.0
        ]
    ],
    "sim_time": 40.86223220825195
}