{
    "dni": 1000.0,
    "generated_rays": 25141109,
    "power_per_ray": 0.04018514037241165,
    "num_rays": 840436.0,
    "avg_flux": 1890.131324781295,
    "peak_flux": 5232.104249763604,
    "min_flux": 0.0,
    "radius": 0.0,
    "bin_size_x": 0.11912060709304066,
    "bin_size_y": 6.0,
    "xvalues": [
        -0.23824121418608132,
        -0.11912060709304068,
        0.0,
        0.11912060709304068,
        0.23824121418608135
    ],
    "yvalues": [
        -12.0,
        -6.0,
        0.0,
        6.0,
        12.0
    ],
    "flux": [
        [
            0.0,
            0.0,
            0.0,
            0.0,
            0.0
        ],
        [
            4628.0,
            4628.0,
            4750.0,
            4613.0,
            4678.0
        ],
        [
            88191.0,
            92853.0,
            92490.0,
            92547.0,
            93057.0
        ],
        [
            68883.0,
            72232.0,
            72039.0,
            72552.0,
            72272.0
        ],
        [
            5.0,
            9.0,
            1.0,
            5.0,
            3.0
        ]
    ],
    "sim_time": 25.343986749649048
}