{
    "dni": 1000.0,
    "generated_rays": 12625188,
    "power_per_ray": 0.07979814180763503,
    "num_rays": 769009.0,
    "avg_flux": 3434.361791290364,
    "peak_flux": 8113.640598967699,
    "min_flux": 1.1164894660824396,
    "radius": 0.0,
    "bin_size_x": 0.11912060709304066,
    "bin_size_y": 6.0,
    "xvalues": [
        -0.23824121418608132,
        -0.11912060709304068,
        0.0,
        0.11912060709304068,
        0.23824121418608135
    ],
    "yvalues": [
        -12.0,
        -6.0,
        0.0,
        6.0,
        12.0
    ],
    "flux": [
        [
            18.0,
            16.0,
            18.0,
            17.0,
            10.0
        ],
        [
            37601.0,
            42124.0,
            42107.0,
            42102.0,
            42436.0
        ],
        [
            64806.0,
            72671.0,
            72088.0,
            72581.0,
            72167.0
        ],
        [
            37970.0,
            42592.0,
            42543.0,
            42491.0,
            42544.0
        ],
        [
            21.0,
            38.0,
            14.0,
            19.0,
            15.0
        ]
    ],
    "sim_time": 15.753031253814697
}