{
    "dni": 1000.0,
    "generated_rays": 70466872,
    "power_per_ray": 0.014153732646347098,
    "num_rays": 889320.0,
    "avg_flux": 704.4511622419795,
    "peak_flux": 2096.4337313786073,
    "min_flux": 0.0,
    "radius": 0.0,
    "bin_size_x": 0.11912060709304066,
    "bin_size_y": 6.0,
    "xvalues": [
        -0.23824121418608132,
        -0.11912060709304068,
        0.0,
        0.11912060709304068,
        0.23824121418608135
    ],
    "yvalues": [
        -12.0,
        -6.0,
        0.0,
        6.0,
        12.0
    ],
    "flux": [
        [
            0.0,
            0.0,
            0.0,
            0.0,
            0.0
        ],
        [
            8575.0,
            8491.0,
            8402.0,
            8384.0,
            8528.0
        ],
        [
            63634.0,
            63679.0,
            63606.0,
            63556.0,
            63969.0
        ],
        [
            105540.0,
            105740.0,
            105788.0,
            105548.0,
            105864.0
        ],
        [
            7.0,
            1.0,
            3.0,
            4.0,
            1.0
        ]
    ],
    "sim_time": 58.48288536071777
}