{
    "dni": 1000.0,
    "generated_rays": 15116351,
    "power_per_ray": 0.06890675796957114,
    "num_rays": 735896.0,
    "avg_flux": 2837.9196961372795,
    "peak_flux": 6945.112527811036,
    "min_flux": 2.1210277442403593,
    "radius": 0.0,
    "bin_size_x": 0.11912060709304066,
    "bin_size_y": 6.0,
    "xvalues": [
        -0.23824121418608132,
        -0.11912060709304068,
        0.0,
        0.11912060709304068,
        0.23824121418608135
    ],
    "yvalues": [
        -12.0,
        -6.0,
        0.0,
        6.0,
        12.0
    ],
    "flux": [
        [
            23.0,
            35.0,
            36.0,
            37.0,
            35.0
        ],
        [
            30102.0,
            41802.0,
            41595.0,
            41890.0,
            41883.0
        ],
        [
            52626.0,
            72037.0,
            71591.0,
            71708.0,
            71244.0
        ],
        [
            30106.0,
            42679.0,
            42034.0,
            42023.0,
            42239.0
        ],
        [
            22.0,
            51.0,
            39.0,
            33.0,
            26.0
        ]
    ],
    "sim_time": 17.390856742858887
}