{
    "dni": 1000.0,
    "generated_rays": 31427741,
    "power_per_ray": 0.031870285398920686,
    "num_rays": 854197.0,
    "avg_flux": 1523.582014411024,
    "peak_flux": 3767.1865893782865,
    "min_flux": 0.0,
    "radius": 0.0,
    "bin_size_x": 0.11912060709304066,
    "bin_size_y": 6.0,
    "xvalues": [
        -0.23824121418608132,
        -0.11912060709304068,
        0.0,
        0.11912060709304068,
        0.23824121418608135
    ],
    "yvalues": [
        -12.0,
        -6.0,
        0.0,
        6.0,
        12.0
    ],
    "flux": [
        [
            0.0,
            0.0,
            0.0,
            0.0,
            0.0
        ],
        [
            5248.0,
            5218.0,
            5245.0,
            5136.0,
            5199.0
        ],
        [
            81054.0,
            81312.0,
            81252.0,
            81010.0,
            82094.0
        ],
        [
            84483.0,
            83948.0,
            84263.0,
            84433.0,
            84288.0
        ],
        [
            4.0,
            0.0,
            3.0,
            2.0,
            5.0
        ]
    ],
    "sim_time": 29.787197828292847
}