{
    "dni": 1000.0,
    "generated_rays": 24922361,
    "power_per_ray": 0.04032529732879132,
    "num_rays": 846129.0,
    "avg_flux": 1909.5718385016119,
    "peak_flux": 5260.057063747572,
    "min_flux": 0.0,
    "radius": 0.0,
    "bin_size_x": 0.11912060709304066,
    "bin_size_y": 6.0,
    "xvalues": [
        -0.23824121418608132,
        -0.11912060709304068,
        0.0,
        0.11912060709304068,
        0.23824121418608135
    ],
    "yvalues": [
        -12.0,
        -6.0,
        0.0,
        6.0,
        12.0
    ],
    "flux": [
        [
            0.0,
            0.0,
            0.0,
            0.0,
            0.0
        ],
        [
            4637.0,
            4642.0,
            4778.0,
            4566.0,
            4674.0
        ],
        [
            91142.0,
            92714.0,
            92574.0,
            92565.0,
            93229.0
        ],
        [
            71315.0,
            72266.0,
            72122.0,
            72543.0,
            72339.0
        ],
        [
            5.0,
            9.0,
            2.0,
            4.0,
            3.0
        ]
    ],
    "sim_time": 26.12185263633728
}