{
    "dni": 1000.0,
    "generated_rays": 12186675,
    "power_per_ray": 0.08211089727638504,
    "num_rays": 771813.0,
    "avg_flux": 3546.783914002907,
    "peak_flux": 8155.098972662299,
    "min_flux": 2.067926766329808,
    "radius": 0.0,
    "bin_size_x": 0.11912060709304066,
    "bin_size_y": 6.0,
    "xvalues": [
        -0.23824121418608132,
        -0.11912060709304068,
        0.0,
        0.11912060709304068,
        0.23824121418608135
    ],
    "yvalues": [
        -12.0,
        -6.0,
        0.0,
        6.0,
        12.0
    ],
    "flux": [
        [
            21.0,
            23.0,
            29.0,
            29.0,
            28.0
        ],
        [
            39849.0,
            43035.0,
            43305.0,
            43183.0,
            42754.0
        ],
        [
            65528.0,
            70985.0,
            70686.0,
            70477.0,
            70675.0
        ],
        [
            39641.0,
            42698.0,
            43102.0,
            42873.0,
            42782.0
        ],
        [
            23.0,
            20.0,
            18.0,
            26.0,
            23.0
        ]
    ],
    "sim_time": 15.463037252426147
}