{
    "dni": 1000.0,
    "generated_rays": 70964710,
    "power_per_ray": 0.014145750159892435,
    "num_rays": 883587.0,
    "avg_flux": 699.5151805411455,
    "peak_flux": 2092.6388422695327,
    "min_flux": 0.0,
    "radius": 0.0,
    "bin_size_x": 0.11912060709304066,
    "bin_size_y": 6.0,
    "xvalues": [
        -0.23824121418608132,
        -0.11912060709304068,
        0.0,
        0.11912060709304068,
        0.23824121418608135
    ],
    "yvalues": [
        -12.0,
        -6.0,
        0.0,
        6.0,
        12.0
    ],
    "flux": [
        [
            1.0,
            1.0,
            5.0,
            0.0,
            1.0
        ],
        [
            101731.0,
            105732.0,
            105206.0,
            105474.0,
            105492.0
        ],
        [
            62674.0,
            63641.0,
            63799.0,
            63518.0,
            64098.0
        ],
        [
            8483.0,
            8409.0,
            8506.0,
            8427.0,
            8389.0
        ],
        [
            0.0,
            0.0,
            0.0,
            0.0,
            0.0
        ]
    ],
    "sim_time": 59.455047369003296
}