{
    "dni": 1000.0,
    "generated_rays": 32411738,
    "power_per_ray": 0.031385545004156336,
    "num_rays": 837972.0,
    "avg_flux": 1471.9092164957813,
    "peak_flux": 3712.7428015579676,
    "min_flux": 0.0,
    "radius": 0.0,
    "bin_size_x": 0.11912060709304066,
    "bin_size_y": 6.0,
    "xvalues": [
        -0.23824121418608132,
        -0.11912060709304068,
        0.0,
        0.11912060709304068,
        0.23824121418608135
    ],
    "yvalues": [
        -12.0,
        -6.0,
        0.0,
        6.0,
        12.0
    ],
    "flux": [
        [
            0.0,
            0.0,
            0.0,
            0.0,
            0.0
        ],
        [
            5257.0,
            5217.0,
            5204.0,
            5164.0,
            5155.0
        ],
        [
            73943.0,
            81299.0,
            81126.0,
            80738.0,
            81992.0
        ],
        [
            76220.0,
            83888.0,
            84548.0,
            84002.0,
            84204.0
        ],
        [
            2.0,
            2.0,
            5.0,
            1.0,
            5.0
        ]
    ],
    "sim_time": 30.471004009246826
}