{
    "dni": 1000.0,
    "generated_rays": 21694242,
    "power_per_ray": 0.047157022088958424,
    "num_rays": 822154.0,
    "avg_flux": 2169.8084143265805,
    "peak_flux": 6644.057485406393,
    "min_flux": 0.0,
    "radius": 0.0,
    "bin_size_x": 0.11912060709304066,
    "bin_size_y": 6.0,
    "xvalues": [
        -0.23824121418608132,
        -0.11912060709304068,
        0.0,
        0.11912060709304068,
        0.23824121418608135
    ],
    "yvalues": [
        -12.0,
        -6.0,
        0.0,
        6.0,
        12.0
    ],
    "flux": [
        [
            8.0,
            2.0,
            5.0,
            4.0,
            8.0
        ],
        [
            55874.0,
            64303.0,
            63919.0,
            63507.0,
            64090.0
        ],
        [
            86952.0,
            100295.0,
            100278.0,
            100494.0,
            100699.0
        ],
        [
            4248.0,
            4373.0,
            4409.0,
            4430.0,
            4256.0
        ],
        [
            0.0,
            0.0,
            0.0,
            0.0,
            0.0
        ]
    ],
    "sim_time": 22.615557193756104
}