{
    "dni": 1000.0,
    "generated_rays": 43603673,
    "power_per_ray": 0.023057671928768793,
    "num_rays": 859736.0,
    "avg_flux": 1109.4364004748322,
    "peak_flux": 3196.9967645374545,
    "min_flux": 0.0,
    "radius": 0.0,
    "bin_size_x": 0.11912060709304066,
    "bin_size_y": 6.0,
    "xvalues": [
        -0.23824121418608132,
        -0.11912060709304068,
        0.0,
        0.11912060709304068,
        0.23824121418608135
    ],
    "yvalues": [
        -12.0,
        -6.0,
        0.0,
        6.0,
        12.0
    ],
    "flux": [
        [
            0.0,
            0.0,
            0.0,
            0.0,
            0.0
        ],
        [
            6103.0,
            6241.0,
            6079.0,
            6094.0,
            6226.0
        ],
        [
            66563.0,
            67669.0,
            68028.0,
            67684.0,
            68040.0
        ],
        [
            95656.0,
            99098.0,
            98552.0,
            98705.0,
            98991.0
        ],
        [
            1.0,
            2.0,
            1.0,
            1.0,
            2.0
        ]
    ],
    "sim_time": 38.75661778450012
}