{
    "dni": 1000.0,
    "generated_rays": 71507498,
    "power_per_ray": 0.014102785531915681,
    "num_rays": 878145.0,
    "avg_flux": 693.0953371905495,
    "peak_flux": 2082.967965859373,
    "min_flux": 0.0,
    "radius": 0.0,
    "bin_size_x": 0.11912060709304066,
    "bin_size_y": 6.0,
    "xvalues": [
        -0.23824121418608132,
        -0.11912060709304068,
        0.0,
        0.11912060709304068,
        0.23824121418608135
    ],
    "yvalues": [
        -12.0,
        -6.0,
        0.0,
        6.0,
        12.0
    ],
    "flux": [
        [
            0.0,
            0.0,
            0.0,
            0.0,
            0.0
        ],
        [
            8738.0,
            8479.0,
            8450.0,
            8348.0,
            8511.0
        ],
        [
            61511.0,
            63587.0,
            63468.0,
            63447.0,
            63743.0
        ],
        [
            98717.0,
            105226.0,
            105176.0,
            105163.0,
            105564.0
        ],
        [
            5.0,
            4.0,
            2.0,
            4.0,
            2.0
        ]
    ],
    "sim_time": 59.7890899181366
}