{
    "dni": 1000.0,
    "generated_rays": 12952284,
    "power_per_ray": 0.07863026563454818,
    "num_rays": 756718.0,
    "avg_flux": 3330.010863358012,
    "peak_flux": 7779.925223930465,
    "min_flux": 2.4203282792888587,
    "radius": 0.0,
    "bin_size_x": 0.11912060709304066,
    "bin_size_y": 6.0,
    "xvalues": [
        -0.23824121418608132,
        -0.11912060709304068,
        0.0,
        0.11912060709304068,
        0.23824121418608135
    ],
    "yvalues": [
        -12.0,
        -6.0,
        0.0,
        6.0,
        12.0
    ],
    "flux": [
        [
            22.0,
            24.0,
            38.0,
            29.0,
            36.0
        ],
        [
            36101.0,
            42788.0,
            43009.0,
            43113.0,
            42494.0
        ],
        [
            60388.0,
            70492.0,
            70451.0,
            70203.0,
            70717.0
        ],
        [
            36075.0,
            42573.0,
            42854.0,
            42849.0,
            42335.0
        ],
        [
            22.0,
            24.0,
            26.0,
            31.0,
            24.0
        ]
    ],
    "sim_time": 16.045215606689453
}