{
    "dni": 1000.0,
    "generated_rays": 19370179,
    "power_per_ray": 0.054780839064975585,
    "num_rays": 689834.0,
    "avg_flux": 2114.9257187175717,
    "peak_flux": 5666.758890097651,
    "min_flux": 3.4490782326723064,
    "radius": 0.0,
    "bin_size_x": 0.11912060709304066,
    "bin_size_y": 6.0,
    "xvalues": [
        -0.23824121418608132,
        -0.11912060709304068,
        0.0,
        0.11912060709304068,
        0.23824121418608135
    ],
    "yvalues": [
        -12.0,
        -6.0,
        0.0,
        6.0,
        12.0
    ],
    "flux": [
        [
            45.0,
            130.0,
            128.0,
            144.0,
            135.0
        ],
        [
            17954.0,
            44171.0,
            42040.0,
            41857.0,
            41896.0
        ],
        [
            31196.0,
            73934.0,
            69136.0,
            69013.0,
            68825.0
        ],
        [
            18208.0,
            44206.0,
            42077.0,
            41988.0,
            42127.0
        ],
        [
            50.0,
            142.0,
            162.0,
            129.0,
            141.0
        ]
    ],
    "sim_time": 20.774896383285522
}