{
    "dni": 1000.0,
    "generated_rays": 43508379,
    "power_per_ray": 0.023073745910203558,
    "num_rays": 861316.0,
    "avg_flux": 1112.2501257273486,
    "peak_flux": 3201.485298895229,
    "min_flux": 0.0,
    "radius": 0.0,
    "bin_size_x": 0.11912060709304066,
    "bin_size_y": 6.0,
    "xvalues": [
        -0.23824121418608132,
        -0.11912060709304068,
        0.0,
        0.11912060709304068,
        0.23824121418608135
    ],
    "yvalues": [
        -12.0,
        -6.0,
        0.0,
        6.0,
        12.0
    ],
    "flux": [
        [
            1.0,
            0.0,
            0.0,
            0.0,
            0.0
        ],
        [
            6107.0,
            6239.0,
            6081.0,
            6120.0,
            6196.0
        ],
        [
            67052.0,
            67697.0,
            68024.0,
            67737.0,
            68085.0
        ],
        [
            96558.0,
            99168.0,
            98559.0,
            98647.0,
            99038.0
        ],
        [
            1.0,
            2.0,
            1.0,
            1.0,
            2.0
        ]
    ],
    "sim_time": 38.73713994026184
}