{
    "dni": 1000.0,
    "generated_rays": 26852991,
    "power_per_ray": 0.03922778398740794,
    "num_rays": 778191.0,
    "avg_flux": 1708.448224249546,
    "peak_flux": 5495.220746202186,
    "min_flux": 0.0,
    "radius": 0.0,
    "bin_size_x": 0.11912060709304066,
    "bin_size_y": 6.0,
    "xvalues": [
        -0.23824121418608132,
        -0.11912060709304068,
        0.0,
        0.11912060709304068,
        0.23824121418608135
    ],
    "yvalues": [
        -12.0,
        -6.0,
        0.0,
        6.0,
        12.0
    ],
    "flux": [
        [
            6.0,
            14.0,
            12.0,
            14.0,
            20.0
        ],
        [
            39073.0,
            64264.0,
            64233.0,
            63461.0,
            63880.0
        ],
        [
            61402.0,
            99729.0,
            99993.0,
            100122.0,
            99718.0
        ],
        [
            3909.0,
            4567.0,
            4608.0,
            4574.0,
            4590.0
        ],
        [
            1.0,
            0.0,
            1.0,
            0.0,
            0.0
        ]
    ],
    "sim_time": 26.161394119262695
}