{
    "dni": 1000.0,
    "generated_rays": 12017975,
    "power_per_ray": 0.08243572933682196,
    "num_rays": 780265.0,
    "avg_flux": 3599.808962287334,
    "peak_flux": 8256.102905086402,
    "min_flux": 1.6147502922732235,
    "radius": 0.0,
    "bin_size_x": 0.11912060709304066,
    "bin_size_y": 6.0,
    "xvalues": [
        -0.23824121418608132,
        -0.11912060709304068,
        0.0,
        0.11912060709304068,
        0.23824121418608135
    ],
    "yvalues": [
        -12.0,
        -6.0,
        0.0,
        6.0,
        12.0
    ],
    "flux": [
        [
            14.0,
            26.0,
            25.0,
            17.0,
            25.0
        ],
        [
            41237.0,
            42641.0,
            42854.0,
            42540.0,
            42553.0
        ],
        [
            69069.0,
            71423.0,
            71322.0,
            71375.0,
            71581.0
        ],
        [
            41320.0,
            43203.0,
            43340.0,
            42823.0,
            42785.0
        ],
        [
            14.0,
            15.0,
            20.0,
            17.0,
            26.0
        ]
    ],
    "sim_time": 15.577519416809082
}