{
    "dni": 1000.0,
    "generated_rays": 15110672,
    "power_per_ray": 0.06901996449825525,
    "num_rays": 730236.0,
    "avg_flux": 2820.718934940825,
    "peak_flux": 6788.686137337965,
    "min_flux": 2.703924833147883,
    "radius": 0.0,
    "bin_size_x": 0.11912060709304066,
    "bin_size_y": 6.0,
    "xvalues": [
        -0.23824121418608132,
        -0.11912060709304068,
        0.0,
        0.11912060709304068,
        0.23824121418608135
    ],
    "yvalues": [
        -12.0,
        -6.0,
        0.0,
        6.0,
        12.0
    ],
    "flux": [
        [
            35.0,
            45.0,
            48.0,
            54.0,
            43.0
        ],
        [
            29962.0,
            42241.0,
            42536.0,
            42035.0,
            42446.0
        ],
        [
            50666.0,
            69876.0,
            69697.0,
            69555.0,
            70299.0
        ],
        [
            29779.0,
            42619.0,
            42545.0,
            42911.0,
            42632.0
        ],
        [
            28.0,
            51.0,
            40.0,
            43.0,
            50.0
        ]
    ],
    "sim_time": 17.749950170516968
}