{
    "dni": 1000.0,
    "generated_rays": 20632415,
    "power_per_ray": 0.050563642511015215,
    "num_rays": 797558.0,
    "avg_flux": 2256.9527684549166,
    "peak_flux": 7434.597530341327,
    "min_flux": 0.0,
    "radius": 0.0,
    "bin_size_x": 0.11912060709304066,
    "bin_size_y": 6.0,
    "xvalues": [
        -0.23824121418608132,
        -0.11912060709304068,
        0.0,
        0.11912060709304068,
        0.23824121418608135
    ],
    "yvalues": [
        -12.0,
        -6.0,
        0.0,
        6.0,
        12.0
    ],
    "flux": [
        [
            0.0,
            1.0,
            0.0,
            1.0,
            0.0
        ],
        [
            4388.0,
            5154.0,
            5172.0,
            5134.0,
            5102.0
        ],
        [
            77098.0,
            104968.0,
            105089.0,
            104714.0,
            104757.0
        ],
        [
            42787.0,
            58354.0,
            58109.0,
            58400.0,
            58299.0
        ],
        [
            3.0,
            7.0,
            6.0,
            8.0,
            7.0
        ]
    ],
    "sim_time": 21.82492709159851
}