{
    "dni": 1000.0,
    "generated_rays": 29359727,
    "power_per_ray": 0.03611493231815283,
    "num_rays": 763281.0,
    "avg_flux": 1542.7412786326363,
    "peak_flux": 5050.516570588375,
    "min_flux": 0.0,
    "radius": 0.0,
    "bin_size_x": 0.11912060709304066,
    "bin_size_y": 6.0,
    "xvalues": [
        -0.23824121418608132,
        -0.11912060709304068,
        0.0,
        0.11912060709304068,
        0.23824121418608135
    ],
    "yvalues": [
        -12.0,
        -6.0,
        0.0,
        6.0,
        12.0
    ],
    "flux": [
        [
            1.0,
            0.0,
            1.0,
            2.0,
            1.0
        ],
        [
            3875.0,
            4710.0,
            4793.0,
            4682.0,
            4681.0
        ],
        [
            52607.0,
            99697.0,
            99951.0,
            99422.0,
            99223.0
        ],
        [
            32940.0,
            64111.0,
            64057.0,
            63934.0,
            64484.0
        ],
        [
            15.0,
            25.0,
            18.0,
            24.0,
            27.0
        ]
    ],
    "sim_time": 28.602967262268066
}