{
    "dni": 1000.0,
    "generated_rays": 20997616,
    "power_per_ray": 0.051339128984652274,
    "num_rays": 707838.0,
    "avg_flux": 2033.7811270474049,
    "peak_flux": 6121.200271234333,
    "min_flux": 0.718307411811532,
    "radius": 0.0,
    "bin_size_x": 0.11912060709304066,
    "bin_size_y": 6.0,
    "xvalues": [
        -0.23824121418608132,
        -0.11912060709304068,
        0.0,
        0.11912060709304068,
        0.23824121418608135
    ],
    "yvalues": [
        -12.0,
        -6.0,
        0.0,
        6.0,
        12.0
    ],
    "flux": [
        [
            10.0,
            42.0,
            44.0,
            59.0,
            54.0
        ],
        [
            8592.0,
            37227.0,
            36871.0,
            37108.0,
            37186.0
        ],
        [
            19738.0,
            85217.0,
            84980.0,
            84835.0,
            84943.0
        ],
        [
            10544.0,
            45119.0,
            45030.0,
            44764.0,
            44848.0
        ],
        [
            36.0,
            161.0,
            125.0,
            135.0,
            170.0
        ]
    ],
    "sim_time": 21.82841992378235
}