{
    "dni": 1000.0,
    "generated_rays": 43374105,
    "power_per_ray": 0.023080077474867323,
    "num_rays": 864183.0,
    "avg_flux": 1116.2586154878952,
    "peak_flux": 3206.9170200492085,
    "min_flux": 0.0,
    "radius": 0.0,
    "bin_size_x": 0.11912060709304066,
    "bin_size_y": 6.0,
    "xvalues": [
        -0.23824121418608132,
        -0.11912060709304068,
        0.0,
        0.11912060709304068,
        0.23824121418608135
    ],
    "yvalues": [
        -12.0,
        -6.0,
        0.0,
        6.0,
        12.0
    ],
    "flux": [
        [
            0.0,
            0.0,
            0.0,
            0.0,
            0.0
        ],
        [
            6094.0,
            6233.0,
            6094.0,
            6149.0,
            6193.0
        ],
        [
            67882.0,
            67819.0,
            67985.0,
            67842.0,
            68061.0
        ],
        [
            98161.0,
            99309.0,
            98611.0,
            98695.0,
            99047.0
        ],
        [
            1.0,
            2.0,
            1.0,
            1.0,
            3.0
        ]
    ],
    "sim_time": 38.62250733375549
}