{
    "dni": 1000.0,
    "generated_rays": 29424767,
    "power_per_ray": 0.0360351044915477,
    "num_rays": 763054.0,
    "avg_flux": 1538.873432213497,
    "peak_flux": 5045.45360185744,
    "min_flux": 0.0,
    "radius": 0.0,
    "bin_size_x": 0.11912060709304066,
    "bin_size_y": 6.0,
    "xvalues": [
        -0.23824121418608132,
        -0.11912060709304068,
        0.0,
        0.11912060709304068,
        0.23824121418608135
    ],
    "yvalues": [
        -12.0,
        -6.0,
        0.0,
        6.0,
        12.0
    ],
    "flux": [
        [
            9.0,
            21.0,
            25.0,
            25.0,
            28.0
        ],
        [
            33237.0,
            64237.0,
            64531.0,
            63665.0,
            63963.0
        ],
        [
            52209.0,
            99425.0,
            99527.0,
            100072.0,
            99629.0
        ],
        [
            3778.0,
            4657.0,
            4659.0,
            4687.0,
            4664.0
        ],
        [
            2.0,
            0.0,
            2.0,
            1.0,
            1.0
        ]
    ],
    "sim_time": 28.126915454864502
}