{
    "dni": 1000.0,
    "generated_rays": 24846483,
    "power_per_ray": 0.042755960671327725,
    "num_rays": 763864.0,
    "avg_flux": 1827.8247533741876,
    "peak_flux": 6276.4296163736735,
    "min_flux": 0.0,
    "radius": 0.0,
    "bin_size_x": 0.11912060709304066,
    "bin_size_y": 6.0,
    "xvalues": [
        -0.23824121418608132,
        -0.11912060709304068,
        0.0,
        0.11912060709304068,
        0.23824121418608135
    ],
    "yvalues": [
        -12.0,
        -6.0,
        0.0,
        6.0,
        12.0
    ],
    "flux": [
        [
            14.0,
            25.0,
            19.0,
            22.0,
            24.0
        ],
        [
            31376.0,
            58097.0,
            57933.0,
            58245.0,
            58241.0
        ],
        [
            56158.0,
            104215.0,
            104919.0,
            104002.0,
            103967.0
        ],
        [
            4057.0,
            5618.0,
            5638.0,
            5598.0,
            5689.0
        ],
        [
            3.0,
            0.0,
            1.0,
            1.0,
            2.0
        ]
    ],
    "sim_time": 24.721545457839966
}