{
    "dni": 1000.0,
    "generated_rays": 11957521,
    "power_per_ray": 0.08292096637131947,
    "num_rays": 778984.0,
    "avg_flux": 3615.053551976605,
    "peak_flux": 8236.133593720127,
    "min_flux": 1.9723097773382472,
    "radius": 0.0,
    "bin_size_x": 0.11912060709304066,
    "bin_size_y": 6.0,
    "xvalues": [
        -0.23824121418608132,
        -0.11912060709304068,
        0.0,
        0.11912060709304068,
        0.23824121418608135
    ],
    "yvalues": [
        -12.0,
        -6.0,
        0.0,
        6.0,
        12.0
    ],
    "flux": [
        [
            23.0,
            21.0,
            26.0,
            29.0,
            27.0
        ],
        [
            41655.0,
            43079.0,
            43371.0,
            43175.0,
            42819.0
        ],
        [
            68012.0,
            70988.0,
            70675.0,
            70803.0,
            70990.0
        ],
        [
            41311.0,
            42853.0,
            43232.0,
            42852.0,
            42938.0
        ],
        [
            24.0,
            17.0,
            18.0,
            27.0,
            19.0
        ]
    ],
    "sim_time": 15.28011155128479
}