{
    "dni": 1000.0,
    "generated_rays": 14223998,
    "power_per_ray": 0.07277473707925718,
    "num_rays": 739517.0,
    "avg_flux": 3011.970055895013,
    "peak_flux": 7189.767700296367,
    "min_flux": 2.545555118995754,
    "radius": 0.0,
    "bin_size_x": 0.11912060709304066,
    "bin_size_y": 6.0,
    "xvalues": [
        -0.23824121418608132,
        -0.11912060709304068,
        0.0,
        0.11912060709304068,
        0.23824121418608135
    ],
    "yvalues": [
        -12.0,
        -6.0,
        0.0,
        6.0,
        12.0
    ],
    "flux": [
        [
            25.0,
            36.0,
            40.0,
            40.0,
            38.0
        ],
        [
            32288.0,
            42412.0,
            42535.0,
            42234.0,
            42487.0
        ],
        [
            54187.0,
            70266.0,
            69714.0,
            69670.0,
            70611.0
        ],
        [
            31834.0,
            42785.0,
            42769.0,
            42838.0,
            42538.0
        ],
        [
            28.0,
            39.0,
            30.0,
            39.0,
            34.0
        ]
    ],
    "sim_time": 16.83889651298523
}