{
    "dni": 1000.0,
    "generated_rays": 24902836,
    "power_per_ray": 0.04312708333351298,
    "num_rays": 650951.0,
    "avg_flux": 1571.159332160799,
    "peak_flux": 5103.273109579962,
    "min_flux": 1.0861365901156304,
    "radius": 0.0,
    "bin_size_x": 0.11912060709304066,
    "bin_size_y": 6.0,
    "xvalues": [
        -0.23824121418608132,
        -0.11912060709304068,
        0.0,
        0.11912060709304068,
        0.23824121418608135
    ],
    "yvalues": [
        -12.0,
        -6.0,
        0.0,
        6.0,
        12.0
    ],
    "flux": [
        [
            18.0,
            383.0,
            370.0,
            394.0,
            381.0
        ],
        [
            3313.0,
            48787.0,
            41491.0,
            41208.0,
            41209.0
        ],
        [
            5918.0,
            84574.0,
            68407.0,
            68591.0,
            68327.0
        ],
        [
            3439.0,
            48721.0,
            41344.0,
            41233.0,
            41410.0
        ],
        [
            22.0,
            375.0,
            348.0,
            370.0,
            318.0
        ]
    ],
    "sim_time": 24.452093362808228
}