{
    "dni": 1000.0,
    "generated_rays": 14139530,
    "power_per_ray": 0.07379280518191556,
    "num_rays": 788147.0,
    "avg_flux": 3254.9407666178713,
    "peak_flux": 9353.008674369958,
    "min_flux": 0.10324662679100063,
    "radius": 0.0,
    "bin_size_x": 0.11912060709304066,
    "bin_size_y": 6.0,
    "xvalues": [
        -0.23824121418608132,
        -0.11912060709304068,
        0.0,
        0.11912060709304068,
        0.23824121418608135
    ],
    "yvalues": [
        -12.0,
        -6.0,
        0.0,
        6.0,
        12.0
    ],
    "flux": [
        [
            13.0,
            15.0,
            14.0,
            17.0,
            17.0
        ],
        [
            32908.0,
            46735.0,
            46557.0,
            46579.0,
            46370.0
        ],
        [
            64253.0,
            90589.0,
            90402.0,
            90215.0,
            90046.0
        ],
        [
            21979.0,
            30391.0,
            30402.0,
            30154.0,
            30481.0
        ],
        [
            1.0,
            3.0,
            3.0,
            1.0,
            2.0
        ]
    ],
    "sim_time": 17.159023761749268
}