{
    "dni": 1000.0,
    "generated_rays": 13581732,
    "power_per_ray": 0.0754782238336134,
    "num_rays": 753821.0,
    "avg_flux": 3184.2836464636275,
    "peak_flux": 7663.526740982691,
    "min_flux": 1.5840715069278521,
    "radius": 0.0,
    "bin_size_x": 0.11912060709304066,
    "bin_size_y": 6.0,
    "xvalues": [
        -0.23824121418608132,
        -0.11912060709304068,
        0.0,
        0.11912060709304068,
        0.23824121418608135
    ],
    "yvalues": [
        -12.0,
        -6.0,
        0.0,
        6.0,
        12.0
    ],
    "flux": [
        [
            15.0,
            26.0,
            23.0,
            26.0,
            20.0
        ],
        [
            34168.0,
            41992.0,
            41828.0,
            42112.0,
            42093.0
        ],
        [
            59414.0,
            72568.0,
            71742.0,
            71824.0,
            71953.0
        ],
        [
            34270.0,
            42523.0,
            42476.0,
            42216.0,
            42398.0
        ],
        [
            25.0,
            41.0,
            25.0,
            22.0,
            21.0
        ]
    ],
    "sim_time": 16.369185209274292
}