{
    "dni": 1000.0,
    "generated_rays": 64915339,
    "power_per_ray": 0.016742689407030352,
    "num_rays": 375507.0,
    "avg_flux": 351.856113149547,
    "peak_flux": 1734.135738097736,
    "min_flux": 0.0,
    "radius": 0.0,
    "bin_size_x": 0.11912060709304066,
    "bin_size_y": 6.0,
    "xvalues": [
        -0.23824121418608132,
        -0.11912060709304068,
        0.0,
        0.11912060709304068,
        0.23824121418608135
    ],
    "yvalues": [
        -12.0,
        -6.0,
        0.0,
        6.0,
        12.0
    ],
    "flux": [
        [
            0.0,
            0.0,
            790.0,
            6746.0,
            6849.0
        ],
        [
            0.0,
            0.0,
            5921.0,
            43915.0,
            44145.0
        ],
        [
            0.0,
            0.0,
            9915.0,
            72902.0,
            74028.0
        ],
        [
            0.0,
            0.0,
            5967.0,
            44417.0,
            45337.0
        ],
        [
            0.0,
            0.0,
            807.0,
            6718.0,
            7050.0
        ]
    ],
    "sim_time": 52.88324022293091
}