{
    "dni": 1000.0,
    "generated_rays": 25077719,
    "power_per_ray": 0.040179764545391475,
    "num_rays": 842448.0,
    "avg_flux": 1894.40283019475,
    "peak_flux": 5242.703975150454,
    "min_flux": 0.0,
    "radius": 0.0,
    "bin_size_x": 0.11912060709304066,
    "bin_size_y": 6.0,
    "xvalues": [
        -0.23824121418608132,
        -0.11912060709304068,
        0.0,
        0.11912060709304068,
        0.23824121418608135
    ],
    "yvalues": [
        -12.0,
        -6.0,
        0.0,
        6.0,
        12.0
    ],
    "flux": [
        [
            2.0,
            4.0,
            3.0,
            0.0,
            5.0
        ],
        [
            69776.0,
            71925.0,
            72307.0,
            72046.0,
            71949.0
        ],
        [
            89799.0,
            93103.0,
            93258.0,
            92203.0,
            92980.0
        ],
        [
            4715.0,
            4601.0,
            4682.0,
            4616.0,
            4474.0
        ],
        [
            0.0,
            0.0,
            0.0,
            0.0,
            0.0
        ]
    ],
    "sim_time": 25.518019914627075
}