{
    "dni": 1000.0,
    "generated_rays": 12564950,
    "power_per_ray": 0.08030991373148753,
    "num_rays": 766478.0,
    "avg_flux": 3445.0116599895086,
    "peak_flux": 8041.5127524472055,
    "min_flux": 1.4607448478581124,
    "radius": 0.0,
    "bin_size_x": 0.11912060709304066,
    "bin_size_y": 6.0,
    "xvalues": [
        -0.23824121418608132,
        -0.11912060709304068,
        0.0,
        0.11912060709304068,
        0.23824121418608135
    ],
    "yvalues": [
        -12.0,
        -6.0,
        0.0,
        6.0,
        12.0
    ],
    "flux": [
        [
            24.0,
            29.0,
            30.0,
            31.0,
            22.0
        ],
        [
            37814.0,
            42609.0,
            42840.0,
            42927.0,
            42766.0
        ],
        [
            63855.0,
            71566.0,
            70899.0,
            71330.0,
            70921.0
        ],
        [
            37880.0,
            42651.0,
            42848.0,
            42711.0,
            42630.0
        ],
        [
            13.0,
            18.0,
            17.0,
            19.0,
            28.0
        ]
    ],
    "sim_time": 15.939321279525757
}