{
    "dni": 1000.0,
    "generated_rays": 70943625,
    "power_per_ray": 0.01414995438743397,
    "num_rays": 883061.0,
    "avg_flux": 699.3065362492788,
    "peak_flux": 2094.8248169456137,
    "min_flux": 0.0,
    "radius": 0.0,
    "bin_size_x": 0.11912060709304066,
    "bin_size_y": 6.0,
    "xvalues": [
        -0.23824121418608132,
        -0.11912060709304068,
        0.0,
        0.11912060709304068,
        0.23824121418608135
    ],
    "yvalues": [
        -12.0,
        -6.0,
        0.0,
        6.0,
        12.0
    ],
    "flux": [
        [
            0.0,
            0.0,
            0.0,
            0.0,
            0.0
        ],
        [
            8695.0,
            8473.0,
            8438.0,
            8375.0,
            8526.0
        ],
        [
            62410.0,
            63627.0,
            63455.0,
            63556.0,
            63886.0
        ],
        [
            101576.0,
            105467.0,
            105369.0,
            105380.0,
            105811.0
        ],
        [
            5.0,
            4.0,
            3.0,
            4.0,
            1.0
        ]
    ],
    "sim_time": 58.369290828704834
}