{
    "dni": 1000.0,
    "generated_rays": 17588442,
    "power_per_ray": 0.059911547578226844,
    "num_rays": 779728.0,
    "avg_flux": 2614.4209251490547,
    "peak_flux": 8580.136183913075,
    "min_flux": 0.0,
    "radius": 0.0,
    "bin_size_x": 0.11912060709304066,
    "bin_size_y": 6.0,
    "xvalues": [
        -0.23824121418608132,
        -0.11912060709304068,
        0.0,
        0.11912060709304068,
        0.23824121418608135
    ],
    "yvalues": [
        -12.0,
        -6.0,
        0.0,
        6.0,
        12.0
    ],
    "flux": [
        [
            9.0,
            17.0,
            24.0,
            23.0,
            16.0
        ],
        [
            33426.0,
            51196.0,
            50692.0,
            50724.0,
            50749.0
        ],
        [
            66686.0,
            102358.0,
            102137.0,
            102053.0,
            101760.0
        ],
        [
            9820.0,
            14491.0,
            14448.0,
            14636.0,
            14461.0
        ],
        [
            0.0,
            1.0,
            0.0,
            0.0,
            1.0
        ]
    ],
    "sim_time": 20.153464555740356
}