{
    "dni": 1000.0,
    "generated_rays": 16205027,
    "power_per_ray": 0.06482830491059527,
    "num_rays": 721896.0,
    "avg_flux": 2619.1546614704484,
    "peak_flux": 6402.5243971851405,
    "min_flux": 2.5397124558514164,
    "radius": 0.0,
    "bin_size_x": 0.11912060709304066,
    "bin_size_y": 6.0,
    "xvalues": [
        -0.23824121418608132,
        -0.11912060709304068,
        0.0,
        0.11912060709304068,
        0.23824121418608135
    ],
    "yvalues": [
        -12.0,
        -6.0,
        0.0,
        6.0,
        12.0
    ],
    "flux": [
        [
            32.0,
            71.0,
            57.0,
            76.0,
            55.0
        ],
        [
            27246.0,
            42228.0,
            42541.0,
            42206.0,
            42191.0
        ],
        [
            47525.0,
            70587.0,
            70262.0,
            70348.0,
            70228.0
        ],
        [
            27199.0,
            42316.0,
            42100.0,
            42312.0,
            42052.0
        ],
        [
            28.0,
            69.0,
            59.0,
            55.0,
            53.0
        ]
    ],
    "sim_time": 18.452056169509888
}