{
    "dni": 1000.0,
    "generated_rays": 13001746,
    "power_per_ray": 0.0782988520422232,
    "num_rays": 758794.0,
    "avg_flux": 3325.0725510558477,
    "peak_flux": 7812.207551995126,
    "min_flux": 1.4241659516194787,
    "radius": 0.0,
    "bin_size_x": 0.11912060709304066,
    "bin_size_y": 6.0,
    "xvalues": [
        -0.23824121418608132,
        -0.11912060709304068,
        0.0,
        0.11912060709304068,
        0.23824121418608135
    ],
    "yvalues": [
        -12.0,
        -6.0,
        0.0,
        6.0,
        12.0
    ],
    "flux": [
        [
            20.0,
            31.0,
            30.0,
            20.0,
            30.0
        ],
        [
            36209.0,
            42293.0,
            42479.0,
            42494.0,
            42404.0
        ],
        [
            61253.0,
            71311.0,
            70729.0,
            70796.0,
            71071.0
        ],
        [
            36274.0,
            42841.0,
            43059.0,
            42614.0,
            42728.0
        ],
        [
            20.0,
            13.0,
            23.0,
            28.0,
            24.0
        ]
    ],
    "sim_time": 16.01505422592163
}