{
    "dni": 1000.0,
    "generated_rays": 25735348,
    "power_per_ray": 0.039601020735612814,
    "num_rays": 830715.0,
    "avg_flux": 1841.1122834909581,
    "peak_flux": 5154.001812003182,
    "min_flux": 0.0,
    "radius": 0.0,
    "bin_size_x": 0.11912060709304066,
    "bin_size_y": 6.0,
    "xvalues": [
        -0.23824121418608132,
        -0.11912060709304068,
        0.0,
        0.11912060709304068,
        0.23824121418608135
    ],
    "yvalues": [
        -12.0,
        -6.0,
        0.0,
        6.0,
        12.0
    ],
    "flux": [
        [
            0.0,
            0.0,
            0.0,
            0.0,
            0.0
        ],
        [
            4554.0,
            4656.0,
            4717.0,
            4614.0,
            4652.0
        ],
        [
            83046.0,
            92759.0,
            92732.0,
            92400.0,
            93020.0
        ],
        [
            64862.0,
            72150.0,
            72305.0,
            71890.0,
            72332.0
        ],
        [
            7.0,
            10.0,
            1.0,
            5.0,
            3.0
        ]
    ],
    "sim_time": 25.585355043411255
}