{
    "dni": 1000.0,
    "generated_rays": 12657592,
    "power_per_ray": 0.08068352727815865,
    "num_rays": 811828.0,
    "avg_flux": 3665.816697974151,
    "peak_flux": 10199.180338340406,
    "min_flux": 0.0,
    "radius": 0.0,
    "bin_size_x": 0.11912060709304066,
    "bin_size_y": 6.0,
    "xvalues": [
        -0.23824121418608132,
        -0.11912060709304068,
        0.0,
        0.11912060709304068,
        0.23824121418608135
    ],
    "yvalues": [
        -12.0,
        -6.0,
        0.0,
        6.0,
        12.0
    ],
    "flux": [
        [
            0.0,
            0.0,
            1.0,
            0.0,
            0.0
        ],
        [
            25851.0,
            30609.0,
            30771.0,
            30571.0,
            30248.0
        ],
        [
            76800.0,
            90318.0,
            90348.0,
            90311.0,
            90124.0
        ],
        [
            39545.0,
            46781.0,
            46491.0,
            46354.0,
            46644.0
        ],
        [
            7.0,
            18.0,
            14.0,
            12.0,
            10.0
        ]
    ],
    "sim_time": 15.89313554763794
}