{
    "dni": 1000.0,
    "generated_rays": 11624185,
    "power_per_ray": 0.08701500317828147,
    "num_rays": 815734.0,
    "avg_flux": 3972.5058680620264,
    "peak_flux": 10399.452479116668,
    "min_flux": 0.12174636180611652,
    "radius": 0.0,
    "bin_size_x": 0.11912060709304066,
    "bin_size_y": 6.0,
    "xvalues": [
        -0.23824121418608132,
        -0.11912060709304068,
        0.0,
        0.11912060709304068,
        0.23824121418608135
    ],
    "yvalues": [
        -12.0,
        -6.0,
        0.0,
        6.0,
        12.0
    ],
    "flux": [
        [
            1.0,
            2.0,
            3.0,
            1.0,
            1.0
        ],
        [
            32322.0,
            37169.0,
            37368.0,
            36613.0,
            36731.0
        ],
        [
            74808.0,
            85419.0,
            85336.0,
            85098.0,
            85295.0
        ],
        [
            39743.0,
            44817.0,
            45106.0,
            45120.0,
            44729.0
        ],
        [
            11.0,
            16.0,
            13.0,
            5.0,
            7.0
        ]
    ],
    "sim_time": 15.38217830657959
}