{
    "dni": 1000.0,
    "generated_rays": 47628863,
    "power_per_ray": 0.021650740771185638,
    "num_rays": 831388.0,
    "avg_flux": 1007.3916684130187,
    "peak_flux": 2964.2085563304713,
    "min_flux": 0.0,
    "radius": 0.0,
    "bin_size_x": 0.11912060709304066,
    "bin_size_y": 6.0,
    "xvalues": [
        -0.23824121418608132,
        -0.11912060709304068,
        0.0,
        0.11912060709304068,
        0.23824121418608135
    ],
    "yvalues": [
        -12.0,
        -6.0,
        0.0,
        6.0,
        12.0
    ],
    "flux": [
        [
            1.0,
            8.0,
            3.0,
            3.0,
            3.0
        ],
        [
            78964.0,
            97850.0,
            97849.0,
            97563.0,
            97853.0
        ],
        [
            58161.0,
            68199.0,
            67624.0,
            68034.0,
            68072.0
        ],
        [
            6359.0,
            6185.0,
            6296.0,
            6210.0,
            6151.0
        ],
        [
            0.0,
            0.0,
            0.0,
            0.0,
            0.0
        ]
    ],
    "sim_time": 41.71311664581299
}