{
    "dni": 1000.0,
    "generated_rays": 20347797,
    "power_per_ray": 0.052466220756025306,
    "num_rays": 755358.0,
    "avg_flux": 2217.9638236663027,
    "peak_flux": 7469.60080111565,
    "min_flux": 0.07340770282655054,
    "radius": 0.0,
    "bin_size_x": 0.11912060709304066,
    "bin_size_y": 6.0,
    "xvalues": [
        -0.23824121418608132,
        -0.11912060709304068,
        0.0,
        0.11912060709304068,
        0.23824121418608135
    ],
    "yvalues": [
        -12.0,
        -6.0,
        0.0,
        6.0,
        12.0
    ],
    "flux": [
        [
            12.0,
            25.0,
            36.0,
            34.0,
            36.0
        ],
        [
            25870.0,
            50963.0,
            51050.0,
            50911.0,
            50826.0
        ],
        [
            51188.0,
            101755.0,
            101679.0,
            101360.0,
            101464.0
        ],
        [
            8133.0,
            14962.0,
            15086.0,
            15120.0,
            14839.0
        ],
        [
            1.0,
            2.0,
            2.0,
            2.0,
            2.0
        ]
    ],
    "sim_time": 21.73298931121826
}