{
    "dni": 1000.0,
    "generated_rays": 25552606,
    "power_per_ray": 0.03976181307574971,
    "num_rays": 833423.0,
    "avg_flux": 1854.6138711973585,
    "peak_flux": 5181.993965261949,
    "min_flux": 0.0,
    "radius": 0.0,
    "bin_size_x": 0.11912060709304066,
    "bin_size_y": 6.0,
    "xvalues": [
        -0.23824121418608132,
        -0.11912060709304068,
        0.0,
        0.11912060709304068,
        0.23824121418608135
    ],
    "yvalues": [
        -12.0,
        -6.0,
        0.0,
        6.0,
        12.0
    ],
    "flux": [
        [
            1.0,
            4.0,
            4.0,
            2.0,
            5.0
        ],
        [
            65894.0,
            71844.0,
            72402.0,
            72045.0,
            71929.0
        ],
        [
            84951.0,
            93147.0,
            93033.0,
            92049.0,
            92971.0
        ],
        [
            4690.0,
            4605.0,
            4685.0,
            4654.0,
            4508.0
        ],
        [
            0.0,
            0.0,
            0.0,
            0.0,
            0.0
        ]
    ],
    "sim_time": 25.718181610107422
}