{
    "dni": 1000.0,
    "generated_rays": 15859857,
    "power_per_ray": 0.06371701646987467,
    "num_rays": 831396.0,
    "avg_flux": 2964.730392036582,
    "peak_flux": 9486.986770725292,
    "min_flux": 0.0,
    "radius": 0.0,
    "bin_size_x": 0.11912060709304066,
    "bin_size_y": 6.0,
    "xvalues": [
        -0.23824121418608132,
        -0.11912060709304068,
        0.0,
        0.11912060709304068,
        0.23824121418608135
    ],
    "yvalues": [
        -12.0,
        -6.0,
        0.0,
        6.0,
        12.0
    ],
    "flux": [
        [
            0.0,
            0.0,
            0.0,
            0.0,
            0.0
        ],
        [
            7360.0,
            7778.0,
            7773.0,
            7820.0,
            7778.0
        ],
        [
            100762.0,
            106417.0,
            106308.0,
            105820.0,
            106278.0
        ],
        [
            51337.0,
            54109.0,
            53792.0,
            54294.0,
            53739.0
        ],
        [
            5.0,
            9.0,
            3.0,
            7.0,
            7.0
        ]
    ],
    "sim_time": 18.455883264541626
}