{
    "dni": 1000.0,
    "generated_rays": 31798475,
    "power_per_ray": 0.03175512243539979,
    "num_rays": 845913.0,
    "avg_flux": 1503.3542636730285,
    "peak_flux": 3745.843089537853,
    "min_flux": 0.0,
    "radius": 0.0,
    "bin_size_x": 0.11912060709304066,
    "bin_size_y": 6.0,
    "xvalues": [
        -0.23824121418608132,
        -0.11912060709304068,
        0.0,
        0.11912060709304068,
        0.23824121418608135
    ],
    "yvalues": [
        -12.0,
        -6.0,
        0.0,
        6.0,
        12.0
    ],
    "flux": [
        [
            0.0,
            0.0,
            0.0,
            0.0,
            0.0
        ],
        [
            5242.0,
            5191.0,
            5266.0,
            5141.0,
            5234.0
        ],
        [
            77503.0,
            81186.0,
            81019.0,
            80937.0,
            82106.0
        ],
        [
            80165.0,
            84082.0,
            84309.0,
            84296.0,
            84222.0
        ],
        [
            3.0,
            1.0,
            3.0,
            1.0,
            6.0
        ]
    ],
    "sim_time": 30.185319900512695
}