{
    "dni": 1000.0,
    "generated_rays": 43871699,
    "power_per_ray": 0.022953075362368496,
    "num_rays": 857866.0,
    "avg_flux": 1102.0014884821157,
    "peak_flux": 3171.0293033589332,
    "min_flux": 0.0,
    "radius": 0.0,
    "bin_size_x": 0.11912060709304066,
    "bin_size_y": 6.0,
    "xvalues": [
        -0.23824121418608132,
        -0.11912060709304068,
        0.0,
        0.11912060709304068,
        0.23824121418608135
    ],
    "yvalues": [
        -12.0,
        -6.0,
        0.0,
        6.0,
        12.0
    ],
    "flux": [
        [
            2.0,
            3.0,
            3.0,
            2.0,
            2.0
        ],
        [
            94789.0,
            98610.0,
            98741.0,
            98473.0,
            98673.0
        ],
        [
            65783.0,
            68178.0,
            67647.0,
            68189.0,
            67862.0
        ],
        [
            6179.0,
            6129.0,
            6305.0,
            6148.0,
            6148.0
        ],
        [
            0.0,
            0.0,
            0.0,
            0.0,
            0.0
        ]
    ],
    "sim_time": 38.82402777671814
}