{
    "dni": 1000.0,
    "generated_rays": 18584168,
    "power_per_ray": 0.05504661424569594,
    "num_rays": 821405.0,
    "avg_flux": 2530.5201329366228,
    "peak_flux": 8104.454335822614,
    "min_flux": 0.0,
    "radius": 0.0,
    "bin_size_x": 0.11912060709304066,
    "bin_size_y": 6.0,
    "xvalues": [
        -0.23824121418608132,
        -0.11912060709304068,
        0.0,
        0.11912060709304068,
        0.23824121418608135
    ],
    "yvalues": [
        -12.0,
        -6.0,
        0.0,
        6.0,
        12.0
    ],
    "flux": [
        [
            0.0,
            0.0,
            0.0,
            0.0,
            0.0
        ],
        [
            4642.0,
            4942.0,
            5140.0,
            4945.0,
            4915.0
        ],
        [
            92361.0,
            105228.0,
            104928.0,
            105078.0,
            104891.0
        ],
        [
            51130.0,
            58318.0,
            58232.0,
            58394.0,
            58238.0
        ],
        [
            1.0,
            5.0,
            3.0,
            8.0,
            6.0
        ]
    ],
    "sim_time": 20.372159719467163
}