{
    "dni": 1000.0,
    "generated_rays": 35578045,
    "power_per_ray": 0.029167415761873036,
    "num_rays": 813659.0,
    "avg_flux": 1328.1961825940782,
    "peak_flux": 3441.943198328469,
    "min_flux": 0.0,
    "radius": 0.0,
    "bin_size_x": 0.11912060709304066,
    "bin_size_y": 6.0,
    "xvalues": [
        -0.23824121418608132,
        -0.11912060709304068,
        0.0,
        0.11912060709304068,
        0.23824121418608135
    ],
    "yvalues": [
        -12.0,
        -6.0,
        0.0,
        6.0,
        12.0
    ],
    "flux": [
        [
            1.0,
            0.0,
            0.0,
            0.0,
            0.0
        ],
        [
            5284.0,
            5263.0,
            5166.0,
            5205.0,
            5177.0
        ],
        [
            63637.0,
            81059.0,
            81055.0,
            81071.0,
            80957.0
        ],
        [
            64102.0,
            83806.0,
            84342.0,
            83731.0,
            83783.0
        ],
        [
            3.0,
            2.0,
            6.0,
            3.0,
            6.0
        ]
    ],
    "sim_time": 33.08087396621704
}