{
    "dni": 1000.0,
    "generated_rays": 21919264,
    "power_per_ray": 0.04916146648290447,
    "num_rays": 727021.0,
    "avg_flux": 2000.2930584994642,
    "peak_flux": 6585.231266862364,
    "min_flux": 0.2751355268278996,
    "radius": 0.0,
    "bin_size_x": 0.11912060709304066,
    "bin_size_y": 6.0,
    "xvalues": [
        -0.23824121418608132,
        -0.11912060709304068,
        0.0,
        0.11912060709304068,
        0.23824121418608135
    ],
    "yvalues": [
        -12.0,
        -6.0,
        0.0,
        6.0,
        12.0
    ],
    "flux": [
        [
            24.0,
            72.0,
            93.0,
            79.0,
            79.0
        ],
        [
            16637.0,
            48324.0,
            48832.0,
            48494.0,
            48174.0
        ],
        [
            32267.0,
            95738.0,
            95636.0,
            95514.0,
            95414.0
        ],
        [
            8350.0,
            23515.0,
            23292.0,
            23244.0,
            23209.0
        ],
        [
            5.0,
            9.0,
            10.0,
            6.0,
            4.0
        ]
    ],
    "sim_time": 22.49916958808899
}