{
    "dni": 1000.0,
    "generated_rays": 12501820,
    "power_per_ray": 0.0807208206807193,
    "num_rays": 763177.0,
    "avg_flux": 3447.725531739582,
    "peak_flux": 7971.863232835843,
    "min_flux": 2.0329182997952135,
    "radius": 0.0,
    "bin_size_x": 0.11912060709304066,
    "bin_size_y": 6.0,
    "xvalues": [
        -0.23824121418608132,
        -0.11912060709304068,
        0.0,
        0.11912060709304068,
        0.23824121418608135
    ],
    "yvalues": [
        -12.0,
        -6.0,
        0.0,
        6.0,
        12.0
    ],
    "flux": [
        [
            18.0,
            27.0,
            31.0,
            34.0,
            30.0
        ],
        [
            37958.0,
            42685.0,
            42810.0,
            43090.0,
            42702.0
        ],
        [
            62982.0,
            70324.0,
            70242.0,
            70272.0,
            70585.0
        ],
        [
            37989.0,
            42763.0,
            42896.0,
            42992.0,
            42619.0
        ],
        [
            21.0,
            29.0,
            25.0,
            31.0,
            22.0
        ]
    ],
    "sim_time": 15.849678039550781
}