{
    "dni": 1000.0,
    "generated_rays": 12308569,
    "power_per_ray": 0.08111018620928186,
    "num_rays": 775814.0,
    "avg_flux": 3521.720243003705,
    "peak_flux": 8266.224330199953,
    "min_flux": 1.5887855659362895,
    "radius": 0.0,
    "bin_size_x": 0.11912060709304066,
    "bin_size_y": 6.0,
    "xvalues": [
        -0.23824121418608132,
        -0.11912060709304068,
        0.0,
        0.11912060709304068,
        0.23824121418608135
    ],
    "yvalues": [
        -12.0,
        -6.0,
        0.0,
        6.0,
        12.0
    ],
    "flux": [
        [
            27.0,
            22.0,
            20.0,
            16.0,
            14.0
        ],
        [
            39347.0,
            42564.0,
            42539.0,
            42114.0,
            42740.0
        ],
        [
            67636.0,
            72840.0,
            72359.0,
            72323.0,
            72140.0
        ],
        [
            39435.0,
            42326.0,
            42405.0,
            42326.0,
            42517.0
        ],
        [
            25.0,
            19.0,
            26.0,
            20.0,
            14.0
        ]
    ],
    "sim_time": 15.75239896774292
}