{
    "dni": 1000.0,
    "generated_rays": 46631406,
    "power_per_ray": 0.023194442187129016,
    "num_rays": 503131.0,
    "avg_flux": 653.1107800090111,
    "peak_flux": 2577.4932667354874,
    "min_flux": 0.0,
    "radius": 0.0,
    "bin_size_x": 0.11912060709304066,
    "bin_size_y": 6.0,
    "xvalues": [
        -0.23824121418608132,
        -0.11912060709304068,
        0.0,
        0.11912060709304068,
        0.23824121418608135
    ],
    "yvalues": [
        -12.0,
        -6.0,
        0.0,
        6.0,
        12.0
    ],
    "flux": [
        [
            0.0,
            41.0,
            3131.0,
            3223.0,
            2836.0
        ],
        [
            0.0,
            1101.0,
            45024.0,
            46333.0,
            38125.0
        ],
        [
            0.0,
            1892.0,
            78255.0,
            79424.0,
            63816.0
        ],
        [
            0.0,
            1060.0,
            45049.0,
            46227.0,
            38272.0
        ],
        [
            0.0,
            67.0,
            3068.0,
            3307.0,
            2880.0
        ]
    ],
    "sim_time": 40.137250661849976
}