{
    "dni": 1000.0,
    "generated_rays": 24566844,
    "power_per_ray": 0.04411230595129004,
    "num_rays": 677442.0,
    "avg_flux": 1672.4522312590811,
    "peak_flux": 5241.333884782154,
    "min_flux": 0.43203571740509034,
    "radius": 0.0,
    "bin_size_x": 0.11912060709304066,
    "bin_size_y": 6.0,
    "xvalues": [
        -0.23824121418608132,
        -0.11912060709304068,
        0.0,
        0.11912060709304068,
        0.23824121418608135
    ],
    "yvalues": [
        -12.0,
        -6.0,
        0.0,
        6.0,
        12.0
    ],
    "flux": [
        [
            7.0,
            105.0,
            126.0,
            117.0,
            127.0
        ],
        [
            1896.0,
            37191.0,
            36937.0,
            37265.0,
            37089.0
        ],
        [
            4452.0,
            84612.0,
            84606.0,
            84922.0,
            84466.0
        ],
        [
            2520.0,
            45161.0,
            45141.0,
            44796.0,
            44749.0
        ],
        [
            8.0,
            298.0,
            292.0,
            278.0,
            281.0
        ]
    ],
    "sim_time": 24.507076740264893
}