{
    "dni": 1000.0,
    "generated_rays": 12756183,
    "power_per_ray": 0.08000566656291248,
    "num_rays": 776569.0,
    "avg_flux": 3477.143711362889,
    "peak_flux": 8891.786614209417,
    "min_flux": 0.3358179097442941,
    "radius": 0.0,
    "bin_size_x": 0.11912060709304066,
    "bin_size_y": 6.0,
    "xvalues": [
        -0.23824121418608132,
        -0.11912060709304068,
        0.0,
        0.11912060709304068,
        0.23824121418608135
    ],
    "yvalues": [
        -12.0,
        -6.0,
        0.0,
        6.0,
        12.0
    ],
    "flux": [
        [
            7.0,
            5.0,
            3.0,
            6.0,
            9.0
        ],
        [
            32288.0,
            39221.0,
            38920.0,
            38920.0,
            39048.0
        ],
        [
            63259.0,
            79183.0,
            79298.0,
            79434.0,
            79226.0
        ],
        [
            34489.0,
            43088.0,
            43476.0,
            43305.0,
            43320.0
        ],
        [
            14.0,
            6.0,
            13.0,
            15.0,
            16.0
        ]
    ],
    "sim_time": 16.02199959754944
}