{
    "dni": 1000.0,
    "generated_rays": 11853241,
    "power_per_ray": 0.08370808474221177,
    "num_rays": 835969.0,
    "avg_flux": 3916.331276989174,
    "peak_flux": 10596.973510440592,
    "min_flux": 0.0,
    "radius": 0.0,
    "bin_size_x": 0.11912060709304066,
    "bin_size_y": 6.0,
    "xvalues": [
        -0.23824121418608132,
        -0.11912060709304068,
        0.0,
        0.11912060709304068,
        0.23824121418608135
    ],
    "yvalues": [
        -12.0,
        -6.0,
        0.0,
        6.0,
        12.0
    ],
    "flux": [
        [
            14.0,
            7.0,
            8.0,
            13.0,
            10.0
        ],
        [
            46320.0,
            46678.0,
            46557.0,
            46685.0,
            46315.0
        ],
        [
            90448.0,
            90136.0,
            90480.0,
            90144.0,
            90455.0
        ],
        [
            30419.0,
            30476.0,
            30021.0,
            30269.0,
            30511.0
        ],
        [
            2.0,
            0.0,
            1.0,
            0.0,
            0.0
        ]
    ],
    "sim_time": 15.427016973495483
}