{
    "dni": 1000.0,
    "generated_rays": 20739545,
    "power_per_ray": 0.048499792792704964,
    "num_rays": 840869.0,
    "avg_flux": 2282.3911138484914,
    "peak_flux": 6849.732949308822,
    "min_flux": 0.0,
    "radius": 0.0,
    "bin_size_x": 0.11912060709304066,
    "bin_size_y": 6.0,
    "xvalues": [
        -0.23824121418608132,
        -0.11912060709304068,
        0.0,
        0.11912060709304068,
        0.23824121418608135
    ],
    "yvalues": [
        -12.0,
        -6.0,
        0.0,
        6.0,
        12.0
    ],
    "flux": [
        [
            8.0,
            2.0,
            3.0,
            6.0,
            7.0
        ],
        [
            63043.0,
            64165.0,
            63990.0,
            63816.0,
            63958.0
        ],
        [
            97928.0,
            100254.0,
            100712.0,
            100339.0,
            100942.0
        ],
        [
            4399.0,
            4349.0,
            4367.0,
            4357.0,
            4224.0
        ],
        [
            0.0,
            0.0,
            0.0,
            0.0,
            0.0
        ]
    ],
    "sim_time": 22.71125817298889
}