{
    "dni": 1000.0,
    "generated_rays": 20989044,
    "power_per_ray": 0.04823226983629935,
    "num_rays": 833884.0,
    "avg_flux": 2250.9465592161405,
    "peak_flux": 6798.04842727517,
    "min_flux": 0.0,
    "radius": 0.0,
    "bin_size_x": 0.11912060709304066,
    "bin_size_y": 6.0,
    "xvalues": [
        -0.23824121418608132,
        -0.11912060709304068,
        0.0,
        0.11912060709304068,
        0.23824121418608135
    ],
    "yvalues": [
        -12.0,
        -6.0,
        0.0,
        6.0,
        12.0
    ],
    "flux": [
        [
            8.0,
            2.0,
            3.0,
            7.0,
            8.0
        ],
        [
            60411.0,
            64143.0,
            63954.0,
            63782.0,
            63996.0
        ],
        [
            93813.0,
            100334.0,
            100426.0,
            100540.0,
            100736.0
        ],
        [
            4331.0,
            4379.0,
            4369.0,
            4393.0,
            4249.0
        ],
        [
            0.0,
            0.0,
            0.0,
            0.0,
            0.0
        ]
    ],
    "sim_time": 22.10054087638855
}