{
    "dni": 1000.0,
    "generated_rays": 22547418,
    "power_per_ray": 0.04765405419554167,
    "num_rays": 738573.0,
    "avg_flux": 1969.7682110184633,
    "peak_flux": 6754.623718767389,
    "min_flux": 0.2666991903330427,
    "radius": 0.0,
    "bin_size_x": 0.11912060709304066,
    "bin_size_y": 6.0,
    "xvalues": [
        -0.23824121418608132,
        -0.11912060709304068,
        0.0,
        0.11912060709304068,
        0.23824121418608135
    ],
    "yvalues": [
        -12.0,
        -6.0,
        0.0,
        6.0,
        12.0
    ],
    "flux": [
        [
            5.0,
            5.0,
            5.0,
            4.0,
            4.0
        ],
        [
            6794.0,
            15627.0,
            15485.0,
            15479.0,
            15423.0
        ],
        [
            40794.0,
            101307.0,
            101204.0,
            100493.0,
            100939.0
        ],
        [
            20523.0,
            51012.0,
            50881.0,
            50884.0,
            51463.0
        ],
        [
            30.0,
            51.0,
            51.0,
            58.0,
            52.0
        ]
    ],
    "sim_time": 23.318286418914795
}