{
    "dni": 1000.0,
    "generated_rays": 14970997,
    "power_per_ray": 0.06964269069060224,
    "num_rays": 792639.0,
    "avg_flux": 3089.390607464608,
    "peak_flux": 9431.902247768267,
    "min_flux": 0.0,
    "radius": 0.0,
    "bin_size_x": 0.11912060709304066,
    "bin_size_y": 6.0,
    "xvalues": [
        -0.23824121418608132,
        -0.11912060709304068,
        0.0,
        0.11912060709304068,
        0.23824121418608135
    ],
    "yvalues": [
        -12.0,
        -6.0,
        0.0,
        6.0,
        12.0
    ],
    "flux": [
        [
            1.0,
            1.0,
            0.0,
            0.0,
            1.0
        ],
        [
            16517.0,
            22422.0,
            22348.0,
            22527.0,
            22456.0
        ],
        [
            70863.0,
            96737.0,
            96384.0,
            96797.0,
            96224.0
        ],
        [
            35668.0,
            48640.0,
            48429.0,
            48404.0,
            48135.0
        ],
        [
            12.0,
            24.0,
            20.0,
            15.0,
            14.0
        ]
    ],
    "sim_time": 17.644761323928833
}