{
    "dni": 1000.0,
    "generated_rays": 24640322,
    "power_per_ray": 0.04360722064484563,
    "num_rays": 658800.0,
    "avg_flux": 1607.8067241763688,
    "peak_flux": 5203.224242732426,
    "min_flux": 1.3422794448952682,
    "radius": 0.0,
    "bin_size_x": 0.11912060709304066,
    "bin_size_y": 6.0,
    "xvalues": [
        -0.23824121418608132,
        -0.11912060709304068,
        0.0,
        0.11912060709304068,
        0.23824121418608135
    ],
    "yvalues": [
        -12.0,
        -6.0,
        0.0,
        6.0,
        12.0
    ],
    "flux": [
        [
            22.0,
            318.0,
            259.0,
            291.0,
            281.0
        ],
        [
            4709.0,
            48909.0,
            40889.0,
            40719.0,
            40952.0
        ],
        [
            8411.0,
            85281.0,
            70145.0,
            70086.0,
            70205.0
        ],
        [
            4920.0,
            48680.0,
            40749.0,
            40770.0,
            40973.0
        ],
        [
            31.0,
            347.0,
            301.0,
            278.0,
            274.0
        ]
    ],
    "sim_time": 24.2340886592865
}