{
    "dni": 1000.0,
    "generated_rays": 45337563,
    "power_per_ray": 0.023920663100941042,
    "num_rays": 531088.0,
    "avg_flux": 710.9868132796411,
    "peak_flux": 2798.0259186709427,
    "min_flux": 0.0,
    "radius": 0.0,
    "bin_size_x": 0.11912060709304066,
    "bin_size_y": 6.0,
    "xvalues": [
        -0.23824121418608132,
        -0.11912060709304068,
        0.0,
        0.11912060709304068,
        0.23824121418608135
    ],
    "yvalues": [
        -12.0,
        -6.0,
        0.0,
        6.0,
        12.0
    ],
    "flux": [
        [
            0.0,
            252.0,
            2733.0,
            2728.0,
            2196.0
        ],
        [
            0.0,
            5230.0,
            47657.0,
            46023.0,
            37634.0
        ],
        [
            0.0,
            9122.0,
            83602.0,
            81644.0,
            67333.0
        ],
        [
            0.0,
            4791.0,
            46848.0,
            47000.0,
            38511.0
        ],
        [
            0.0,
            240.0,
            2762.0,
            2783.0,
            1999.0
        ]
    ],
    "sim_time": 39.159512996673584
}