{
    "dni": 1000.0,
    "generated_rays": 26115404,
    "power_per_ray": 0.039154230769553364,
    "num_rays": 826306.0,
    "avg_flux": 1810.6789188874516,
    "peak_flux": 5110.260653758358,
    "min_flux": 0.0,
    "radius": 0.0,
    "bin_size_x": 0.11912060709304066,
    "bin_size_y": 6.0,
    "xvalues": [
        -0.23824121418608132,
        -0.11912060709304068,
        0.0,
        0.11912060709304068,
        0.23824121418608135
    ],
    "yvalues": [
        -12.0,
        -6.0,
        0.0,
        6.0,
        12.0
    ],
    "flux": [
        [
            2.0,
            4.0,
            4.0,
            2.0,
            5.0
        ],
        [
            62791.0,
            71839.0,
            72284.0,
            72118.0,
            71881.0
        ],
        [
            81061.0,
            93283.0,
            92884.0,
            92080.0,
            92986.0
        ],
        [
            4622.0,
            4605.0,
            4682.0,
            4659.0,
            4514.0
        ],
        [
            0.0,
            0.0,
            0.0,
            0.0,
            0.0
        ]
    ],
    "sim_time": 25.987251043319702
}