{
    "dni": 1000.0,
    "generated_rays": 39646902,
    "power_per_ray": 0.027470934968521293,
    "num_rays": 543014.0,
    "avg_flux": 834.8458840736336,
    "peak_flux": 3036.731263323305,
    "min_flux": 0.0,
    "radius": 0.0,
    "bin_size_x": 0.11912060709304066,
    "bin_size_y": 6.0,
    "xvalues": [
        -0.23824121418608132,
        -0.11912060709304068,
        0.0,
        0.11912060709304068,
        0.23824121418608135
    ],
    "yvalues": [
        -12.0,
        -6.0,
        0.0,
        6.0,
        12.0
    ],
    "flux": [
        [
            0.0,
            415.0,
            1692.0,
            1706.0,
            1662.0
        ],
        [
            0.0,
            10333.0,
            41062.0,
            40970.0,
            41222.0
        ],
        [
            0.0,
            19835.0,
            78963.0,
            78403.0,
            79008.0
        ],
        [
            0.0,
            11258.0,
            43435.0,
            43362.0,
            43345.0
        ],
        [
            0.0,
            458.0,
            2012.0,
            1996.0,
            1877.0
        ]
    ],
    "sim_time": 35.33722901344299
}