{
    "dni": 1000.0,
    "generated_rays": 29331224,
    "power_per_ray": 0.036762056925171364,
    "num_rays": 619575.0,
    "avg_flux": 1274.722147871689,
    "peak_flux": 3789.1389738696516,
    "min_flux": 0.0,
    "radius": 0.0,
    "bin_size_x": 0.11912060709304066,
    "bin_size_y": 6.0,
    "xvalues": [
        -0.23824121418608132,
        -0.11912060709304068,
        0.0,
        0.11912060709304068,
        0.23824121418608135
    ],
    "yvalues": [
        -12.0,
        -6.0,
        0.0,
        6.0,
        12.0
    ],
    "flux": [
        [
            0.0,
            635.0,
            706.0,
            662.0,
            673.0
        ],
        [
            0.0,
            41989.0,
            43097.0,
            40693.0,
            40413.0
        ],
        [
            0.0,
            73668.0,
            72337.0,
            68248.0,
            67358.0
        ],
        [
            0.0,
            42015.0,
            42698.0,
            40836.0,
            40934.0
        ],
        [
            0.0,
            634.0,
            662.0,
            693.0,
            624.0
        ]
    ],
    "sim_time": 27.68741798400879
}