{
    "dni": 1000.0,
    "generated_rays": 30319261,
    "power_per_ray": 0.035953706525824684,
    "num_rays": 646661.0,
    "avg_flux": 1301.1943879442408,
    "peak_flux": 4464.309628711937,
    "min_flux": 0.0,
    "radius": 0.0,
    "bin_size_x": 0.11912060709304066,
    "bin_size_y": 6.0,
    "xvalues": [
        -0.23824121418608132,
        -0.11912060709304068,
        0.0,
        0.11912060709304068,
        0.23824121418608135
    ],
    "yvalues": [
        -12.0,
        -6.0,
        0.0,
        6.0,
        12.0
    ],
    "flux": [
        [
            0.0,
            440.0,
            561.0,
            560.0,
            542.0
        ],
        [
            0.0,
            39888.0,
            46589.0,
            46495.0,
            46519.0
        ],
        [
            0.0,
            76641.0,
            88507.0,
            88588.0,
            88746.0
        ],
        [
            0.0,
            27395.0,
            31475.0,
            31775.0,
            31398.0
        ],
        [
            0.0,
            122.0,
            149.0,
            124.0,
            147.0
        ]
    ],
    "sim_time": 28.29504942893982
}