{
    "dni": 1000.0,
    "generated_rays": 15072608,
    "power_per_ray": 0.06819595400615282,
    "num_rays": 812210.0,
    "avg_flux": 3099.907852779537,
    "peak_flux": 9838.040623008203,
    "min_flux": 0.0,
    "radius": 0.0,
    "bin_size_x": 0.11912060709304066,
    "bin_size_y": 6.0,
    "xvalues": [
        -0.23824121418608132,
        -0.11912060709304068,
        0.0,
        0.11912060709304068,
        0.23824121418608135
    ],
    "yvalues": [
        -12.0,
        -6.0,
        0.0,
        6.0,
        12.0
    ],
    "flux": [
        [
            0.0,
            0.0,
            0.0,
            1.0,
            0.0
        ],
        [
            12129.0,
            14353.0,
            14095.0,
            14104.0,
            13876.0
        ],
        [
            86186.0,
            103107.0,
            102320.0,
            102804.0,
            102619.0
        ],
        [
            43262.0,
            50938.0,
            50745.0,
            51029.0,
            50601.0
        ],
        [
            11.0,
            6.0,
            9.0,
            9.0,
            6.0
        ]
    ],
    "sim_time": 17.74774980545044
}