{
    "dni": 1000.0,
    "generated_rays": 12087159,
    "power_per_ray": 0.08183232589939624,
    "num_rays": 783090.0,
    "avg_flux": 3586.397442188212,
    "peak_flux": 8344.857908300632,
    "min_flux": 0.8014654157030955,
    "radius": 0.0,
    "bin_size_x": 0.11912060709304066,
    "bin_size_y": 6.0,
    "xvalues": [
        -0.23824121418608132,
        -0.11912060709304068,
        0.0,
        0.11912060709304068,
        0.23824121418608135
    ],
    "yvalues": [
        -12.0,
        -6.0,
        0.0,
        6.0,
        12.0
    ],
    "flux": [
        [
            16.0,
            21.0,
            13.0,
            18.0,
            13.0
        ],
        [
            40856.0,
            42393.0,
            42391.0,
            42336.0,
            42431.0
        ],
        [
            70029.0,
            72884.0,
            72702.0,
            72246.0,
            72748.0
        ],
        [
            41075.0,
            42933.0,
            42574.0,
            42632.0,
            42684.0
        ],
        [
            27.0,
            28.0,
            17.0,
            16.0,
            7.0
        ]
    ],
    "sim_time": 15.387430429458618
}