{
    "dni": 1000.0,
    "generated_rays": 61765840,
    "power_per_ray": 0.01759006460675088,
    "num_rays": 384321.0,
    "avg_flux": 378.340987603762,
    "peak_flux": 1801.0330864591906,
    "min_flux": 0.0,
    "radius": 0.0,
    "bin_size_x": 0.11912060709304066,
    "bin_size_y": 6.0,
    "xvalues": [
        -0.23824121418608132,
        -0.11912060709304068,
        0.0,
        0.11912060709304068,
        0.23824121418608135
    ],
    "yvalues": [
        -12.0,
        -6.0,
        0.0,
        6.0,
        12.0
    ],
    "flux": [
        [
            0.0,
            0.0,
            1251.0,
            6308.0,
            6242.0
        ],
        [
            0.0,
            0.0,
            9487.0,
            43072.0,
            43399.0
        ],
        [
            0.0,
            0.0,
            16522.0,
            73180.0,
            72748.0
        ],
        [
            0.0,
            0.0,
            10116.0,
            43730.0,
            44312.0
        ],
        [
            0.0,
            0.0,
            1262.0,
            6343.0,
            6349.0
        ]
    ],
    "sim_time": 51.15130138397217
}