{
    "dni": 1000.0,
    "generated_rays": 30133794,
    "power_per_ray": 0.0360199767344668,
    "num_rays": 619314.0,
    "avg_flux": 1248.4644157835696,
    "peak_flux": 4080.398692097899,
    "min_flux": 0.0,
    "radius": 0.0,
    "bin_size_x": 0.11912060709304066,
    "bin_size_y": 6.0,
    "xvalues": [
        -0.23824121418608132,
        -0.11912060709304068,
        0.0,
        0.11912060709304068,
        0.23824121418608135
    ],
    "yvalues": [
        -12.0,
        -6.0,
        0.0,
        6.0,
        12.0
    ],
    "flux": [
        [
            0.0,
            594.0,
            761.0,
            726.0,
            776.0
        ],
        [
            0.0,
            31362.0,
            43764.0,
            43454.0,
            43461.0
        ],
        [
            0.0,
            57445.0,
            80517.0,
            80965.0,
            80241.0
        ],
        [
            0.0,
            29227.0,
            41260.0,
            41392.0,
            41116.0
        ],
        [
            0.0,
            443.0,
            599.0,
            624.0,
            587.0
        ]
    ],
    "sim_time": 28.17282462120056
}