{
    "dni": 1000.0,
    "generated_rays": 26941897,
    "power_per_ray": 0.03824383031835816,
    "num_rays": 817723.0,
    "avg_flux": 1750.2070896931502,
    "peak_flux": 4965.75455700749,
    "min_flux": 0.0,
    "radius": 0.0,
    "bin_size_x": 0.11912060709304066,
    "bin_size_y": 6.0,
    "xvalues": [
        -0.23824121418608132,
        -0.11912060709304068,
        0.0,
        0.11912060709304068,
        0.23824121418608135
    ],
    "yvalues": [
        -12.0,
        -6.0,
        0.0,
        6.0,
        12.0
    ],
    "flux": [
        [
            0.0,
            0.0,
            0.0,
            0.0,
            0.0
        ],
        [
            4559.0,
            4634.0,
            4791.0,
            4655.0,
            4699.0
        ],
        [
            76426.0,
            92665.0,
            92803.0,
            92163.0,
            92764.0
        ],
        [
            59287.0,
            71937.0,
            72177.0,
            71921.0,
            72207.0
        ],
        [
            9.0,
            13.0,
            0.0,
            8.0,
            5.0
        ]
    ],
    "sim_time": 26.508336067199707
}