{
    "dni": 1000.0,
    "generated_rays": 18075561,
    "power_per_ray": 0.05770129258581208,
    "num_rays": 796968.0,
    "avg_flux": 2573.642790655663,
    "peak_flux": 8582.73289258145,
    "min_flux": 0.0,
    "radius": 0.0,
    "bin_size_x": 0.11912060709304066,
    "bin_size_y": 6.0,
    "xvalues": [
        -0.23824121418608132,
        -0.11912060709304068,
        0.0,
        0.11912060709304068,
        0.23824121418608135
    ],
    "yvalues": [
        -12.0,
        -6.0,
        0.0,
        6.0,
        12.0
    ],
    "flux": [
        [
            0.0,
            0.0,
            0.0,
            0.0,
            0.0
        ],
        [
            6479.0,
            8053.0,
            8063.0,
            8150.0,
            8138.0
        ],
        [
            78550.0,
            106311.0,
            106093.0,
            105572.0,
            105537.0
        ],
        [
            40288.0,
            54081.0,
            53626.0,
            54031.0,
            53938.0
        ],
        [
            7.0,
            9.0,
            17.0,
            11.0,
            14.0
        ]
    ],
    "sim_time": 20.061319828033447
}