{
    "dni": 1000.0,
    "generated_rays": 12678267,
    "power_per_ray": 0.08055195315004823,
    "num_rays": 811381.0,
    "avg_flux": 3657.823550646746,
    "peak_flux": 10207.79370693845,
    "min_flux": 0.0,
    "radius": 0.0,
    "bin_size_x": 0.11912060709304066,
    "bin_size_y": 6.0,
    "xvalues": [
        -0.23824121418608132,
        -0.11912060709304068,
        0.0,
        0.11912060709304068,
        0.23824121418608135
    ],
    "yvalues": [
        -12.0,
        -6.0,
        0.0,
        6.0,
        12.0
    ],
    "flux": [
        [
            10.0,
            8.0,
            12.0,
            7.0,
            11.0
        ],
        [
            39413.0,
            46562.0,
            46599.0,
            46523.0,
            46427.0
        ],
        [
            76738.0,
            90572.0,
            90356.0,
            90156.0,
            90356.0
        ],
        [
            26041.0,
            30463.0,
            30040.0,
            30480.0,
            30603.0
        ],
        [
            2.0,
            0.0,
            1.0,
            1.0,
            0.0
        ]
    ],
    "sim_time": 15.992023468017578
}