{
    "dni": 1000.0,
    "generated_rays": 39665463,
    "power_per_ray": 0.02745808025851953,
    "num_rays": 543294.0,
    "avg_flux": 834.8855063798416,
    "peak_flux": 3033.5430427524075,
    "min_flux": 0.0,
    "radius": 0.0,
    "bin_size_x": 0.11912060709304066,
    "bin_size_y": 6.0,
    "xvalues": [
        -0.23824121418608132,
        -0.11912060709304068,
        0.0,
        0.11912060709304068,
        0.23824121418608135
    ],
    "yvalues": [
        -12.0,
        -6.0,
        0.0,
        6.0,
        12.0
    ],
    "flux": [
        [
            0.0,
            463.0,
            2014.0,
            2002.0,
            1952.0
        ],
        [
            0.0,
            11144.0,
            43489.0,
            43378.0,
            43038.0
        ],
        [
            0.0,
            20062.0,
            78812.0,
            78962.0,
            78824.0
        ],
        [
            0.0,
            10259.0,
            41181.0,
            41079.0,
            41315.0
        ],
        [
            0.0,
            407.0,
            1611.0,
            1664.0,
            1638.0
        ]
    ],
    "sim_time": 34.886812686920166
}