{
    "dni": 1000.0,
    "generated_rays": 44693570,
    "power_per_ray": 0.022713481517951283,
    "num_rays": 849358.0,
    "avg_flux": 1079.6831718660792,
    "peak_flux": 3132.8122853542936,
    "min_flux": 0.0,
    "radius": 0.0,
    "bin_size_x": 0.11912060709304066,
    "bin_size_y": 6.0,
    "xvalues": [
        -0.23824121418608132,
        -0.11912060709304068,
        0.0,
        0.11912060709304068,
        0.23824121418608135
    ],
    "yvalues": [
        -12.0,
        -6.0,
        0.0,
        6.0,
        12.0
    ],
    "flux": [
        [
            1.0,
            4.0,
            3.0,
            2.0,
            3.0
        ],
        [
            89816.0,
            98454.0,
            98580.0,
            98179.0,
            98531.0
        ],
        [
            63200.0,
            68050.0,
            67707.0,
            68046.0,
            67937.0
        ],
        [
            6238.0,
            6115.0,
            6227.0,
            6206.0,
            6059.0
        ],
        [
            0.0,
            0.0,
            0.0,
            0.0,
            0.0
        ]
    ],
    "sim_time": 39.76387906074524
}