{
    "dni": 1000.0,
    "generated_rays": 17814500,
    "power_per_ray": 0.05647790642102448,
    "num_rays": 838675.0,
    "avg_flux": 2650.9047887718493,
    "peak_flux": 8318.500823144024,
    "min_flux": 0.0,
    "radius": 0.0,
    "bin_size_x": 0.11912060709304066,
    "bin_size_y": 6.0,
    "xvalues": [
        -0.23824121418608132,
        -0.11912060709304068,
        0.0,
        0.11912060709304068,
        0.23824121418608135
    ],
    "yvalues": [
        -12.0,
        -6.0,
        0.0,
        6.0,
        12.0
    ],
    "flux": [
        [
            0.0,
            0.0,
            0.0,
            0.0,
            0.0
        ],
        [
            4871.0,
            4970.0,
            4957.0,
            4915.0,
            5005.0
        ],
        [
            103115.0,
            105125.0,
            105107.0,
            105270.0,
            105102.0
        ],
        [
            57168.0,
            58054.0,
            58304.0,
            58454.0,
            58237.0
        ],
        [
            1.0,
            5.0,
            3.0,
            5.0,
            7.0
        ]
    ],
    "sim_time": 19.88764500617981
}