{
    "dni": 1000.0,
    "generated_rays": 14260081,
    "power_per_ray": 0.0724784133136738,
    "num_rays": 745040.0,
    "avg_flux": 3022.1089013894784,
    "peak_flux": 7340.288129435199,
    "min_flux": 2.0281521135707337,
    "radius": 0.0,
    "bin_size_x": 0.11912060709304066,
    "bin_size_y": 6.0,
    "xvalues": [
        -0.23824121418608132,
        -0.11912060709304068,
        0.0,
        0.11912060709304068,
        0.23824121418608135
    ],
    "yvalues": [
        -12.0,
        -6.0,
        0.0,
        6.0,
        12.0
    ],
    "flux": [
        [
            20.0,
            27.0,
            31.0,
            29.0,
            30.0
        ],
        [
            32218.0,
            41844.0,
            41708.0,
            42051.0,
            41890.0
        ],
        [
            55912.0,
            72384.0,
            71702.0,
            71715.0,
            71438.0
        ],
        [
            32444.0,
            42720.0,
            42276.0,
            42088.0,
            42361.0
        ],
        [
            27.0,
            40.0,
            33.0,
            29.0,
            23.0
        ]
    ],
    "sim_time": 16.80890393257141
}