{
    "dni": 1000.0,
    "generated_rays": 17956978,
    "power_per_ray": 0.05625584002676646,
    "num_rays": 833515.0,
    "avg_flux": 2624.2359260468484,
    "peak_flux": 8305.313235053098,
    "min_flux": 0.0,
    "radius": 0.0,
    "bin_size_x": 0.11912060709304066,
    "bin_size_y": 6.0,
    "xvalues": [
        -0.23824121418608132,
        -0.11912060709304068,
        0.0,
        0.11912060709304068,
        0.23824121418608135
    ],
    "yvalues": [
        -12.0,
        -6.0,
        0.0,
        6.0,
        12.0
    ],
    "flux": [
        [
            5.0,
            3.0,
            4.0,
            8.0,
            3.0
        ],
        [
            55087.0,
            58213.0,
            58221.0,
            58133.0,
            58424.0
        ],
        [
            99895.0,
            105408.0,
            105106.0,
            105002.0,
            105518.0
        ],
        [
            4878.0,
            4918.0,
            4947.0,
            4930.0,
            4812.0
        ],
        [
            0.0,
            0.0,
            0.0,
            0.0,
            0.0
        ]
    ],
    "sim_time": 20.1547269821167
}