{
    "dni": 1000.0,
    "generated_rays": 17794557,
    "power_per_ray": 0.059506706946179204,
    "num_rays": 721914.0,
    "avg_flux": 2404.214568001687,
    "peak_flux": 6694.220638159103,
    "min_flux": 2.33123363392479,
    "radius": 0.0,
    "bin_size_x": 0.11912060709304066,
    "bin_size_y": 6.0,
    "xvalues": [
        -0.23824121418608132,
        -0.11912060709304068,
        0.0,
        0.11912060709304068,
        0.23824121418608135
    ],
    "yvalues": [
        -12.0,
        -6.0,
        0.0,
        6.0,
        12.0
    ],
    "flux": [
        [
            28.0,
            41.0,
            30.0,
            42.0,
            45.0
        ],
        [
            19977.0,
            40974.0,
            38921.0,
            38594.0,
            38890.0
        ],
        [
            35952.0,
            80403.0,
            78670.0,
            78760.0,
            78563.0
        ],
        [
            19450.0,
            44057.0,
            42884.0,
            42597.0,
            42735.0
        ],
        [
            38.0,
            64.0,
            78.0,
            61.0,
            60.0
        ]
    ],
    "sim_time": 19.406026124954224
}