{
    "dni": 1000.0,
    "generated_rays": 31520159,
    "power_per_ray": 0.03435847926859304,
    "num_rays": 699181.0,
    "avg_flux": 1344.4522869011707,
    "peak_flux": 4939.102368095207,
    "min_flux": 0.43265158028144846,
    "radius": 0.0,
    "bin_size_x": 0.11912060709304066,
    "bin_size_y": 6.0,
    "xvalues": [
        -0.23824121418608132,
        -0.11912060709304068,
        0.0,
        0.11912060709304068,
        0.23824121418608135
    ],
    "yvalues": [
        -12.0,
        -6.0,
        0.0,
        6.0,
        12.0
    ],
    "flux": [
        [
            24.0,
            170.0,
            162.0,
            179.0,
            174.0
        ],
        [
            8435.0,
            54395.0,
            54244.0,
            54521.0,
            54174.0
        ],
        [
            15607.0,
            101861.0,
            102507.0,
            102355.0,
            102743.0
        ],
        [
            3107.0,
            10933.0,
            11084.0,
            11014.0,
            11428.0
        ],
        [
            12.0,
            9.0,
            11.0,
            15.0,
            17.0
        ]
    ],
    "sim_time": 29.612150192260742
}