{
    "dni": 1000.0,
    "generated_rays": 46061868,
    "power_per_ray": 0.02307875486456903,
    "num_rays": 767351.0,
    "avg_flux": 991.1246568362252,
    "peak_flux": 2694.3805252006027,
    "min_flux": 0.0,
    "radius": 0.0,
    "bin_size_x": 0.11912060709304066,
    "bin_size_y": 6.0,
    "xvalues": [
        -0.23824121418608132,
        -0.11912060709304068,
        0.0,
        0.11912060709304068,
        0.23824121418608135
    ],
    "yvalues": [
        -12.0,
        -6.0,
        0.0,
        6.0,
        12.0
    ],
    "flux": [
        [
            2.0,
            0.0,
            1.0,
            1.0,
            0.0
        ],
        [
            5175.0,
            5460.0,
            5213.0,
            5304.0,
            5258.0
        ],
        [
            43863.0,
            80948.0,
            80887.0,
            81268.0,
            80392.0
        ],
        [
            40610.0,
            83137.0,
            83372.0,
            82927.0,
            83442.0
        ],
        [
            13.0,
            18.0,
            23.0,
            16.0,
            21.0
        ]
    ],
    "sim_time": 40.59672713279724
}