{
    "dni": 1000.0,
    "generated_rays": 20860345,
    "power_per_ray": 0.05155349313718257,
    "num_rays": 699011.0,
    "avg_flux": 2016.8051898956712,
    "peak_flux": 5888.026356208401,
    "min_flux": 1.5868746764251482,
    "radius": 0.0,
    "bin_size_x": 0.11912060709304066,
    "bin_size_y": 6.0,
    "xvalues": [
        -0.23824121418608132,
        -0.11912060709304068,
        0.0,
        0.11912060709304068,
        0.23824121418608135
    ],
    "yvalues": [
        -12.0,
        -6.0,
        0.0,
        6.0,
        12.0
    ],
    "flux": [
        [
            22.0,
            123.0,
            102.0,
            132.0,
            113.0
        ],
        [
            7678.0,
            41841.0,
            41244.0,
            41095.0,
            41557.0
        ],
        [
            15373.0,
            81482.0,
            81620.0,
            81371.0,
            81630.0
        ],
        [
            8457.0,
            44180.0,
            43295.0,
            43607.0,
            43404.0
        ],
        [
            29.0,
            185.0,
            162.0,
            160.0,
            149.0
        ]
    ],
    "sim_time": 21.697534561157227
}