{
    "dni": 1000.0,
    "generated_rays": 44405043,
    "power_per_ray": 0.02280639144828685,
    "num_rays": 851870.0,
    "avg_flux": 1087.3058914638548,
    "peak_flux": 3149.6796057122183,
    "min_flux": 0.0,
    "radius": 0.0,
    "bin_size_x": 0.11912060709304066,
    "bin_size_y": 6.0,
    "xvalues": [
        -0.23824121418608132,
        -0.11912060709304068,
        0.0,
        0.11912060709304068,
        0.23824121418608135
    ],
    "yvalues": [
        -12.0,
        -6.0,
        0.0,
        6.0,
        12.0
    ],
    "flux": [
        [
            1.0,
            4.0,
            3.0,
            2.0,
            3.0
        ],
        [
            91306.0,
            98491.0,
            98707.0,
            98107.0,
            98685.0
        ],
        [
            63865.0,
            68134.0,
            67668.0,
            68108.0,
            67941.0
        ],
        [
            6198.0,
            6126.0,
            6280.0,
            6156.0,
            6085.0
        ],
        [
            0.0,
            0.0,
            0.0,
            0.0,
            0.0
        ]
    ],
    "sim_time": 39.890056848526
}