{
    "dni": 1000.0,
    "generated_rays": 15120729,
    "power_per_ray": 0.06888680696149535,
    "num_rays": 736140.0,
    "avg_flux": 2838.038707947329,
    "peak_flux": 6918.524143976526,
    "min_flux": 2.2167960674188527,
    "radius": 0.0,
    "bin_size_x": 0.11912060709304066,
    "bin_size_y": 6.0,
    "xvalues": [
        -0.23824121418608132,
        -0.11912060709304068,
        0.0,
        0.11912060709304068,
        0.23824121418608135
    ],
    "yvalues": [
        -12.0,
        -6.0,
        0.0,
        6.0,
        12.0
    ],
    "flux": [
        [
            23.0,
            32.0,
            41.0,
            36.0,
            39.0
        ],
        [
            30148.0,
            41915.0,
            42311.0,
            42047.0,
            41828.0
        ],
        [
            52557.0,
            71705.0,
            71729.0,
            71746.0,
            71782.0
        ],
        [
            30259.0,
            42017.0,
            41971.0,
            41796.0,
            41969.0
        ],
        [
            28.0,
            46.0,
            45.0,
            37.0,
            33.0
        ]
    ],
    "sim_time": 17.52134394645691
}