{
    "dni": 1000.0,
    "generated_rays": 33272744,
    "power_per_ray": 0.030765887682126354,
    "num_rays": 831117.0,
    "avg_flux": 1431.0455538412982,
    "peak_flux": 3629.454003397924,
    "min_flux": 0.0,
    "radius": 0.0,
    "bin_size_x": 0.11912060709304066,
    "bin_size_y": 6.0,
    "xvalues": [
        -0.23824121418608132,
        -0.11912060709304068,
        0.0,
        0.11912060709304068,
        0.23824121418608135
    ],
    "yvalues": [
        -12.0,
        -6.0,
        0.0,
        6.0,
        12.0
    ],
    "flux": [
        [
            5.0,
            3.0,
            4.0,
            4.0,
            2.0
        ],
        [
            71929.0,
            84316.0,
            84098.0,
            84306.0,
            83853.0
        ],
        [
            71849.0,
            81528.0,
            81125.0,
            80934.0,
            81566.0
        ],
        [
            5114.0,
            5158.0,
            5126.0,
            5031.0,
            5166.0
        ],
        [
            0.0,
            0.0,
            0.0,
            0.0,
            0.0
        ]
    ],
    "sim_time": 31.297991275787354
}