{
    "dni": 1000.0,
    "generated_rays": 70855475,
    "power_per_ray": 0.01415210576521639,
    "num_rays": 884734.0,
    "avg_flux": 700.7379298250996,
    "peak_flux": 2094.608695060276,
    "min_flux": 0.0,
    "radius": 0.0,
    "bin_size_x": 0.11912060709304066,
    "bin_size_y": 6.0,
    "xvalues": [
        -0.23824121418608132,
        -0.11912060709304068,
        0.0,
        0.11912060709304068,
        0.23824121418608135
    ],
    "yvalues": [
        -12.0,
        -6.0,
        0.0,
        6.0,
        12.0
    ],
    "flux": [
        [
            1.0,
            1.0,
            5.0,
            0.0,
            1.0
        ],
        [
            102412.0,
            105784.0,
            105290.0,
            105456.0,
            105593.0
        ],
        [
            62884.0,
            63645.0,
            63791.0,
            63563.0,
            64083.0
        ],
        [
            8475.0,
            8414.0,
            8519.0,
            8422.0,
            8395.0
        ],
        [
            0.0,
            0.0,
            0.0,
            0.0,
            0.0
        ]
    ],
    "sim_time": 59.673091173172
}