{
    "dni": 1000.0,
    "generated_rays": 12864649,
    "power_per_ray": 0.08045244781279477,
    "num_rays": 792754.0,
    "avg_flux": 3569.435570095156,
    "peak_flux": 9602.645007583615,
    "min_flux": 0.0,
    "radius": 0.0,
    "bin_size_x": 0.11912060709304066,
    "bin_size_y": 6.0,
    "xvalues": [
        -0.23824121418608132,
        -0.11912060709304068,
        0.0,
        0.11912060709304068,
        0.23824121418608135
    ],
    "yvalues": [
        -12.0,
        -6.0,
        0.0,
        6.0,
        12.0
    ],
    "flux": [
        [
            14.0,
            15.0,
            25.0,
            23.0,
            24.0
        ],
        [
            33368.0,
            45469.0,
            44919.0,
            44775.0,
            44788.0
        ],
        [
            63580.0,
            84796.0,
            85208.0,
            84746.0,
            85308.0
        ],
        [
            27475.0,
            36990.0,
            36992.0,
            37160.0,
            37067.0
        ],
        [
            2.0,
            4.0,
            0.0,
            3.0,
            3.0
        ]
    ],
    "sim_time": 16.10478711128235
}