{
    "dni": 1000.0,
    "generated_rays": 37507478,
    "power_per_ray": 0.02784722253110321,
    "num_rays": 804129.0,
    "avg_flux": 1253.2261631397578,
    "peak_flux": 3268.930578533596,
    "min_flux": 0.0,
    "radius": 0.0,
    "bin_size_x": 0.11912060709304066,
    "bin_size_y": 6.0,
    "xvalues": [
        -0.23824121418608132,
        -0.11912060709304068,
        0.0,
        0.11912060709304068,
        0.23824121418608135
    ],
    "yvalues": [
        -12.0,
        -6.0,
        0.0,
        6.0,
        12.0
    ],
    "flux": [
        [
            4.0,
            4.0,
            6.0,
            9.0,
            4.0
        ],
        [
            58541.0,
            83900.0,
            83825.0,
            83805.0,
            83382.0
        ],
        [
            60453.0,
            81272.0,
            81217.0,
            81156.0,
            80851.0
        ],
        [
            5091.0,
            5184.0,
            5165.0,
            5069.0,
            5191.0
        ],
        [
            0.0,
            0.0,
            0.0,
            0.0,
            0.0
        ]
    ],
    "sim_time": 34.39046025276184
}