{
    "dni": 1000.0,
    "generated_rays": 39673887,
    "power_per_ray": 0.027588525152795917,
    "num_rays": 599349.0,
    "avg_flux": 925.4013147021706,
    "peak_flux": 3502.974448494199,
    "min_flux": 0.0,
    "radius": 0.0,
    "bin_size_x": 0.11912060709304066,
    "bin_size_y": 6.0,
    "xvalues": [
        -0.23824121418608132,
        -0.11912060709304068,
        0.0,
        0.11912060709304068,
        0.23824121418608135
    ],
    "yvalues": [
        -12.0,
        -6.0,
        0.0,
        6.0,
        12.0
    ],
    "flux": [
        [
            0.0,
            611.0,
            1096.0,
            1076.0,
            1109.0
        ],
        [
            0.0,
            28028.0,
            48614.0,
            48752.0,
            48983.0
        ],
        [
            0.0,
            52291.0,
            90472.0,
            90416.0,
            90750.0
        ],
        [
            0.0,
            16258.0,
            26779.0,
            26769.0,
            26506.0
        ],
        [
            0.0,
            172.0,
            215.0,
            232.0,
            220.0
        ]
    ],
    "sim_time": 35.17663526535034
}