{
    "dni": 1000.0,
    "generated_rays": 46684567,
    "power_per_ray": 0.023233184437199354,
    "num_rays": 505118.0,
    "avg_flux": 656.7853059705056,
    "peak_flux": 2585.8943400331073,
    "min_flux": 0.0,
    "radius": 0.0,
    "bin_size_x": 0.11912060709304066,
    "bin_size_y": 6.0,
    "xvalues": [
        -0.23824121418608132,
        -0.11912060709304068,
        0.0,
        0.11912060709304068,
        0.23824121418608135
    ],
    "yvalues": [
        -12.0,
        -6.0,
        0.0,
        6.0,
        12.0
    ],
    "flux": [
        [
            0.0,
            64.0,
            3133.0,
            3118.0,
            2709.0
        ],
        [
            0.0,
            1221.0,
            45480.0,
            46555.0,
            38220.0
        ],
        [
            0.0,
            2212.0,
            78588.0,
            79550.0,
            64073.0
        ],
        [
            0.0,
            1305.0,
            45198.0,
            46311.0,
            38127.0
        ],
        [
            0.0,
            65.0,
            3059.0,
            3291.0,
            2839.0
        ]
    ],
    "sim_time": 39.9272677898407
}