{
    "dni": 1000.0,
    "generated_rays": 39668046,
    "power_per_ray": 0.027592587479824012,
    "num_rays": 599593.0,
    "avg_flux": 925.9143713546259,
    "peak_flux": 3510.8639879618772,
    "min_flux": 0.0,
    "radius": 0.0,
    "bin_size_x": 0.11912060709304066,
    "bin_size_y": 6.0,
    "xvalues": [
        -0.23824121418608132,
        -0.11912060709304068,
        0.0,
        0.11912060709304068,
        0.23824121418608135
    ],
    "yvalues": [
        -12.0,
        -6.0,
        0.0,
        6.0,
        12.0
    ],
    "flux": [
        [
            0.0,
            177.0,
            199.0,
            244.0,
            242.0
        ],
        [
            0.0,
            16391.0,
            26679.0,
            26545.0,
            26923.0
        ],
        [
            0.0,
            52674.0,
            90747.0,
            90305.0,
            90941.0
        ],
        [
            0.0,
            28321.0,
            48540.0,
            48411.0,
            48300.0
        ],
        [
            0.0,
            575.0,
            1106.0,
            1152.0,
            1121.0
        ]
    ],
    "sim_time": 35.160935163497925
}