{
    "dni": 1000.0,
    "generated_rays": 24803849,
    "power_per_ray": 0.043341813100716664,
    "num_rays": 653075.0,
    "avg_flux": 1584.1342250515454,
    "peak_flux": 5142.993669433892,
    "min_flux": 1.1521858238326135,
    "radius": 0.0,
    "bin_size_x": 0.11912060709304066,
    "bin_size_y": 6.0,
    "xvalues": [
        -0.23824121418608132,
        -0.11912060709304068,
        0.0,
        0.11912060709304068,
        0.23824121418608135
    ],
    "yvalues": [
        -12.0,
        -6.0,
        0.0,
        6.0,
        12.0
    ],
    "flux": [
        [
            23.0,
            362.0,
            328.0,
            343.0,
            315.0
        ],
        [
            4012.0,
            48596.0,
            41296.0,
            41478.0,
            41421.0
        ],
        [
            6885.0,
            84810.0,
            68753.0,
            68934.0,
            68909.0
        ],
        [
            3768.0,
            48724.0,
            40835.0,
            40832.0,
            41090.0
        ],
        [
            19.0,
            403.0,
            320.0,
            308.0,
            311.0
        ]
    ],
    "sim_time": 24.682283639907837
}