{
    "dni": 1000.0,
    "generated_rays": 16958983,
    "power_per_ray": 0.060815092237374434,
    "num_rays": 809987.0,
    "avg_flux": 2756.8380942182125,
    "peak_flux": 9037.638917022534,
    "min_flux": 0.0,
    "radius": 0.0,
    "bin_size_x": 0.11912060709304066,
    "bin_size_y": 6.0,
    "xvalues": [
        -0.23824121418608132,
        -0.11912060709304068,
        0.0,
        0.11912060709304068,
        0.23824121418608135
    ],
    "yvalues": [
        -12.0,
        -6.0,
        0.0,
        6.0,
        12.0
    ],
    "flux": [
        [
            11.0,
            13.0,
            10.0,
            8.0,
            7.0
        ],
        [
            44355.0,
            54047.0,
            54130.0,
            53848.0,
            53836.0
        ],
        [
            87119.0,
            106079.0,
            106214.0,
            106077.0,
            105911.0
        ],
        [
            6761.0,
            7889.0,
            7970.0,
            7892.0,
            7810.0
        ],
        [
            0.0,
            0.0,
            0.0,
            0.0,
            0.0
        ]
    ],
    "sim_time": 19.155317544937134
}