{
    "dni": 1000.0,
    "generated_rays": 17607848,
    "power_per_ray": 0.0600355145557675,
    "num_rays": 706096.0,
    "avg_flux": 2372.4323171422,
    "peak_flux": 5906.586911581614,
    "min_flux": 3.1919324019468887,
    "radius": 0.0,
    "bin_size_x": 0.11912060709304066,
    "bin_size_y": 6.0,
    "xvalues": [
        -0.23824121418608132,
        -0.11912060709304068,
        0.0,
        0.11912060709304068,
        0.23824121418608135
    ],
    "yvalues": [
        -12.0,
        -6.0,
        0.0,
        6.0,
        12.0
    ],
    "flux": [
        [
            38.0,
            94.0,
            88.0,
            113.0,
            90.0
        ],
        [
            23696.0,
            42416.0,
            42287.0,
            42026.0,
            41862.0
        ],
        [
            41049.0,
            70318.0,
            69374.0,
            69084.0,
            69765.0
        ],
        [
            23815.0,
            42815.0,
            42306.0,
            42287.0,
            42167.0
        ],
        [
            40.0,
            89.0,
            91.0,
            84.0,
            102.0
        ]
    ],
    "sim_time": 19.396763563156128
}