{
    "dni": 1000.0,
    "generated_rays": 28958387,
    "power_per_ray": 0.0372655236062293,
    "num_rays": 629216.0,
    "avg_flux": 1312.2870046659386,
    "peak_flux": 4059.2893561695028,
    "min_flux": 0.0,
    "radius": 0.0,
    "bin_size_x": 0.11912060709304066,
    "bin_size_y": 6.0,
    "xvalues": [
        -0.23824121418608132,
        -0.11912060709304068,
        0.0,
        0.11912060709304068,
        0.23824121418608135
    ],
    "yvalues": [
        -12.0,
        -6.0,
        0.0,
        6.0,
        12.0
    ],
    "flux": [
        [
            0.0,
            538.0,
            558.0,
            536.0,
            597.0
        ],
        [
            0.0,
            44185.0,
            42217.0,
            40504.0,
            40433.0
        ],
        [
            0.0,
            77854.0,
            73882.0,
            69734.0,
            69191.0
        ],
        [
            0.0,
            43747.0,
            42885.0,
            39954.0,
            40282.0
        ],
        [
            0.0,
            565.0,
            561.0,
            526.0,
            467.0
        ]
    ],
    "sim_time": 27.14614248275757
}