{
    "dni": 1000.0,
    "generated_rays": 18903460,
    "power_per_ray": 0.0555032955379841,
    "num_rays": 789396.0,
    "avg_flux": 2452.0850787964255,
    "peak_flux": 8239.563255655537,
    "min_flux": 0.0,
    "radius": 0.0,
    "bin_size_x": 0.11912060709304066,
    "bin_size_y": 6.0,
    "xvalues": [
        -0.23824121418608132,
        -0.11912060709304068,
        0.0,
        0.11912060709304068,
        0.23824121418608135
    ],
    "yvalues": [
        -12.0,
        -6.0,
        0.0,
        6.0,
        12.0
    ],
    "flux": [
        [
            0.0,
            1.0,
            0.0,
            1.0,
            0.0
        ],
        [
            6255.0,
            8207.0,
            8192.0,
            8267.0,
            8345.0
        ],
        [
            73237.0,
            106102.0,
            106011.0,
            105377.0,
            105715.0
        ],
        [
            37692.0,
            54089.0,
            53635.0,
            53885.0,
            54320.0
        ],
        [
            7.0,
            16.0,
            16.0,
            13.0,
            13.0
        ]
    ],
    "sim_time": 20.498512506484985
}