{
    "dni": 1000.0,
    "generated_rays": 58253642,
    "power_per_ray": 0.01885308234197714,
    "num_rays": 476282.0,
    "avg_flux": 502.5373853234364,
    "peak_flux": 2198.275290725832,
    "min_flux": 0.0,
    "radius": 0.0,
    "bin_size_x": 0.11912060709304066,
    "bin_size_y": 6.0,
    "xvalues": [
        -0.23824121418608132,
        -0.11912060709304068,
        0.0,
        0.11912060709304068,
        0.23824121418608135
    ],
    "yvalues": [
        -12.0,
        -6.0,
        0.0,
        6.0,
        12.0
    ],
    "flux": [
        [
            0.0,
            0.0,
            1297.0,
            1335.0,
            1347.0
        ],
        [
            0.0,
            3.0,
            26712.0,
            30075.0,
            30534.0
        ],
        [
            0.0,
            10.0,
            69972.0,
            82773.0,
            83337.0
        ],
        [
            0.0,
            9.0,
            40810.0,
            48677.0,
            48500.0
        ],
        [
            0.0,
            0.0,
            3102.0,
            3921.0,
            3868.0
        ]
    ],
    "sim_time": 48.4967041015625
}