{
    "dni": 1000.0,
    "generated_rays": 35949719,
    "power_per_ray": 0.02952864884201967,
    "num_rays": 763746.0,
    "avg_flux": 1262.1598668696245,
    "peak_flux": 3811.7840760254485,
    "min_flux": 0.0,
    "radius": 0.0,
    "bin_size_x": 0.11912060709304066,
    "bin_size_y": 6.0,
    "xvalues": [
        -0.23824121418608132,
        -0.11912060709304068,
        0.0,
        0.11912060709304068,
        0.23824121418608135
    ],
    "yvalues": [
        -12.0,
        -6.0,
        0.0,
        6.0,
        12.0
    ],
    "flux": [
        [
            2.0,
            0.0,
            0.0,
            2.0,
            1.0
        ],
        [
            4302.0,
            4840.0,
            4900.0,
            4735.0,
            4773.0
        ],
        [
            48072.0,
            91842.0,
            92262.0,
            91767.0,
            91836.0
        ],
        [
            36025.0,
            71903.0,
            71983.0,
            72216.0,
            72166.0
        ],
        [
            10.0,
            35.0,
            24.0,
            33.0,
            17.0
        ]
    ],
    "sim_time": 32.98404264450073
}