{
    "dni": 1000.0,
    "generated_rays": 12370898,
    "power_per_ray": 0.08196156097063104,
    "num_rays": 817549.0,
    "avg_flux": 3750.1259631000876,
    "peak_flux": 10378.969656323341,
    "min_flux": 0.0,
    "radius": 0.0,
    "bin_size_x": 0.11912060709304066,
    "bin_size_y": 6.0,
    "xvalues": [
        -0.23824121418608132,
        -0.11912060709304068,
        0.0,
        0.11912060709304068,
        0.23824121418608135
    ],
    "yvalues": [
        -12.0,
        -6.0,
        0.0,
        6.0,
        12.0
    ],
    "flux": [
        [
            11.0,
            8.0,
            12.0,
            10.0,
            6.0
        ],
        [
            41301.0,
            46527.0,
            46732.0,
            46544.0,
            46358.0
        ],
        [
            80345.0,
            90387.0,
            90472.0,
            89830.0,
            90507.0
        ],
        [
            27125.0,
            30479.0,
            29964.0,
            30448.0,
            30479.0
        ],
        [
            2.0,
            0.0,
            1.0,
            1.0,
            0.0
        ]
    ],
    "sim_time": 15.781210660934448
}