{
    "dni": 1000.0,
    "generated_rays": 39832855,
    "power_per_ray": 0.027432990331556,
    "num_rays": 622383.0,
    "avg_flux": 955.5484556470899,
    "peak_flux": 3672.6826378229903,
    "min_flux": 0.0,
    "radius": 0.0,
    "bin_size_x": 0.11912060709304066,
    "bin_size_y": 6.0,
    "xvalues": [
        -0.23824121418608132,
        -0.11912060709304068,
        0.0,
        0.11912060709304068,
        0.23824121418608135
    ],
    "yvalues": [
        -12.0,
        -6.0,
        0.0,
        6.0,
        12.0
    ],
    "flux": [
        [
            0.0,
            111.0,
            85.0,
            90.0,
            99.0
        ],
        [
            0.0,
            15405.0,
            19958.0,
            19826.0,
            19702.0
        ],
        [
            0.0,
            68100.0,
            95659.0,
            95686.0,
            95001.0
        ],
        [
            0.0,
            36685.0,
            51354.0,
            50932.0,
            50739.0
        ],
        [
            0.0,
            570.0,
            743.0,
            802.0,
            836.0
        ]
    ],
    "sim_time": 35.56528830528259
}