{
    "dni": 1000.0,
    "generated_rays": 12997224,
    "power_per_ray": 0.07832609381392268,
    "num_rays": 758762.0,
    "avg_flux": 3326.089137430289,
    "peak_flux": 7791.802227552697,
    "min_flux": 1.6438401323950835,
    "radius": 0.0,
    "bin_size_x": 0.11912060709304066,
    "bin_size_y": 6.0,
    "xvalues": [
        -0.23824121418608132,
        -0.11912060709304068,
        0.0,
        0.11912060709304068,
        0.23824121418608135
    ],
    "yvalues": [
        -12.0,
        -6.0,
        0.0,
        6.0,
        12.0
    ],
    "flux": [
        [
            21.0,
            38.0,
            34.0,
            31.0,
            26.0
        ],
        [
            36120.0,
            42774.0,
            42661.0,
            42908.0,
            42620.0
        ],
        [
            61093.0,
            71100.0,
            70762.0,
            70940.0,
            71082.0
        ],
        [
            36060.0,
            42670.0,
            42778.0,
            42422.0,
            42516.0
        ],
        [
            15.0,
            20.0,
            24.0,
            20.0,
            27.0
        ]
    ],
    "sim_time": 16.263384342193604
}