{
    "dni": 1000.0,
    "generated_rays": 15636936,
    "power_per_ray": 0.06400376827416879,
    "num_rays": 840255.0,
    "avg_flux": 3009.8059226761407,
    "peak_flux": 9548.308445214356,
    "min_flux": 0.0,
    "radius": 0.0,
    "bin_size_x": 0.11912060709304066,
    "bin_size_y": 6.0,
    "xvalues": [
        -0.23824121418608132,
        -0.11912060709304068,
        0.0,
        0.11912060709304068,
        0.23824121418608135
    ],
    "yvalues": [
        -12.0,
        -6.0,
        0.0,
        6.0,
        12.0
    ],
    "flux": [
        [
            0.0,
            0.0,
            0.0,
            0.0,
            0.0
        ],
        [
            7700.0,
            7770.0,
            7751.0,
            7784.0,
            7693.0
        ],
        [
            106625.0,
            106361.0,
            106346.0,
            105923.0,
            106336.0
        ],
        [
            54117.0,
            54190.0,
            53737.0,
            54213.0,
            53682.0
        ],
        [
            2.0,
            10.0,
            3.0,
            7.0,
            5.0
        ]
    ],
    "sim_time": 18.359246730804443
}