{
    "dni": 1000.0,
    "generated_rays": 57374051,
    "power_per_ray": 0.018856878607311153,
    "num_rays": 629522.0,
    "avg_flux": 664.3585983607286,
    "peak_flux": 2480.1502441654907,
    "min_flux": 0.0,
    "radius": 0.0,
    "bin_size_x": 0.11912060709304066,
    "bin_size_y": 6.0,
    "xvalues": [
        -0.23824121418608132,
        -0.11912060709304068,
        0.0,
        0.11912060709304068,
        0.23824121418608135
    ],
    "yvalues": [
        -12.0,
        -6.0,
        0.0,
        6.0,
        12.0
    ],
    "flux": [
        [
            0.0,
            581.0,
            900.0,
            917.0,
            862.0
        ],
        [
            0.0,
            46836.0,
            65003.0,
            65159.0,
            65672.0
        ],
        [
            0.0,
            70095.0,
            94004.0,
            93189.0,
            93711.0
        ],
        [
            0.0,
            9100.0,
            7597.0,
            7690.0,
            7819.0
        ],
        [
            0.0,
            121.0,
            83.0,
            91.0,
            92.0
        ]
    ],
    "sim_time": 48.4684419631958
}