{
    "dni": 1000.0,
    "generated_rays": 29188833,
    "power_per_ray": 0.03698359740722096,
    "num_rays": 623203.0,
    "avg_flux": 1289.9133305552618,
    "peak_flux": 3902.3209094987715,
    "min_flux": 0.0,
    "radius": 0.0,
    "bin_size_x": 0.11912060709304066,
    "bin_size_y": 6.0,
    "xvalues": [
        -0.23824121418608132,
        -0.11912060709304068,
        0.0,
        0.11912060709304068,
        0.23824121418608135
    ],
    "yvalues": [
        -12.0,
        -6.0,
        0.0,
        6.0,
        12.0
    ],
    "flux": [
        [
            0.0,
            559.0,
            638.0,
            653.0,
            623.0
        ],
        [
            0.0,
            42944.0,
            42579.0,
            40723.0,
            40662.0
        ],
        [
            0.0,
            75414.0,
            72809.0,
            68563.0,
            68327.0
        ],
        [
            0.0,
            42478.0,
            42963.0,
            40136.0,
            40724.0
        ],
        [
            0.0,
            627.0,
            598.0,
            629.0,
            554.0
        ]
    ],
    "sim_time": 27.928393125534058
}