{
    "dni": 1000.0,
    "generated_rays": 14273270,
    "power_per_ray": 0.07076845078109881,
    "num_rays": 828890.0,
    "avg_flux": 3282.9058771853765,
    "peak_flux": 10235.193467307254,
    "min_flux": 0.0,
    "radius": 0.0,
    "bin_size_x": 0.11912060709304066,
    "bin_size_y": 6.0,
    "xvalues": [
        -0.23824121418608132,
        -0.11912060709304068,
        0.0,
        0.11912060709304068,
        0.23824121418608135
    ],
    "yvalues": [
        -12.0,
        -6.0,
        0.0,
        6.0,
        12.0
    ],
    "flux": [
        [
            0.0,
            0.0,
            1.0,
            0.0,
            0.0
        ],
        [
            13305.0,
            14119.0,
            13870.0,
            13959.0,
            13973.0
        ],
        [
            96993.0,
            103370.0,
            102478.0,
            102655.0,
            102889.0
        ],
        [
            48202.0,
            50708.0,
            50820.0,
            50897.0,
            50613.0
        ],
        [
            8.0,
            5.0,
            8.0,
            8.0,
            9.0
        ]
    ],
    "sim_time": 17.305224418640137
}