{
    "dni": 1000.0,
    "generated_rays": 33560724,
    "power_per_ray": 0.031814592040065495,
    "num_rays": 740410.0,
    "avg_flux": 1318.318896409827,
    "peak_flux": 4415.302658452315,
    "min_flux": 0.08902627573978113,
    "radius": 0.0,
    "bin_size_x": 0.11912060709304066,
    "bin_size_y": 6.0,
    "xvalues": [
        -0.23824121418608132,
        -0.11912060709304068,
        0.0,
        0.11912060709304068,
        0.23824121418608135
    ],
    "yvalues": [
        -12.0,
        -6.0,
        0.0,
        6.0,
        12.0
    ],
    "flux": [
        [
            2.0,
            4.0,
            3.0,
            5.0,
            4.0
        ],
        [
            3687.0,
            4962.0,
            5020.0,
            5064.0,
            4874.0
        ],
        [
            39032.0,
            98917.0,
            99191.0,
            98941.0,
            98792.0
        ],
        [
            24291.0,
            64611.0,
            64387.0,
            64256.0,
            64137.0
        ],
        [
            19.0,
            49.0,
            54.0,
            49.0,
            59.0
        ]
    ],
    "sim_time": 31.556503534317017
}