{
    "dni": 1000.0,
    "generated_rays": 10712131,
    "power_per_ray": 0.09253640082132207,
    "num_rays": 826871.0,
    "avg_flux": 4282.251865051016,
    "peak_flux": 10665.351053412276,
    "min_flux": 0.12947158217699667,
    "radius": 0.0,
    "bin_size_x": 0.11912060709304066,
    "bin_size_y": 6.0,
    "xvalues": [
        -0.23824121418608132,
        -0.11912060709304068,
        0.0,
        0.11912060709304068,
        0.23824121418608135
    ],
    "yvalues": [
        -12.0,
        -6.0,
        0.0,
        6.0,
        12.0
    ],
    "flux": [
        [
            1.0,
            3.0,
            4.0,
            1.0,
            6.0
        ],
        [
            39776.0,
            41637.0,
            41465.0,
            41356.0,
            41441.0
        ],
        [
            78057.0,
            81516.0,
            82376.0,
            81085.0,
            81817.0
        ],
        [
            41502.0,
            43636.0,
            43818.0,
            43492.0,
            43853.0
        ],
        [
            8.0,
            5.0,
            3.0,
            8.0,
            5.0
        ]
    ],
    "sim_time": 14.65807032585144
}