{
    "dni": 1000.0,
    "generated_rays": 30303817,
    "power_per_ray": 0.03597202992856913,
    "num_rays": 646970.0,
    "avg_flux": 1302.4796056604398,
    "peak_flux": 4459.035316285621,
    "min_flux": 0.0,
    "radius": 0.0,
    "bin_size_x": 0.11912060709304066,
    "bin_size_y": 6.0,
    "xvalues": [
        -0.23824121418608132,
        -0.11912060709304068,
        0.0,
        0.11912060709304068,
        0.23824121418608135
    ],
    "yvalues": [
        -12.0,
        -6.0,
        0.0,
        6.0,
        12.0
    ],
    "flux": [
        [
            0.0,
            130.0,
            156.0,
            134.0,
            136.0
        ],
        [
            0.0,
            27963.0,
            31850.0,
            31682.0,
            32108.0
        ],
        [
            0.0,
            76217.0,
            88091.0,
            88596.0,
            87873.0
        ],
        [
            0.0,
            40412.0,
            46622.0,
            46238.0,
            46717.0
        ],
        [
            0.0,
            461.0,
            527.0,
            529.0,
            528.0
        ]
    ],
    "sim_time": 28.74788761138916
}