{
    "dni": 1000.0,
    "generated_rays": 28690666,
    "power_per_ray": 0.03625970452209602,
    "num_rays": 804191.0,
    "avg_flux": 1631.9442258804334,
    "peak_flux": 4716.649608871828,
    "min_flux": 0.0,
    "radius": 0.0,
    "bin_size_x": 0.11912060709304066,
    "bin_size_y": 6.0,
    "xvalues": [
        -0.23824121418608132,
        -0.11912060709304068,
        0.0,
        0.11912060709304068,
        0.23824121418608135
    ],
    "yvalues": [
        -12.0,
        -6.0,
        0.0,
        6.0,
        12.0
    ],
    "flux": [
        [
            7.0,
            6.0,
            6.0,
            5.0,
            10.0
        ],
        [
            53355.0,
            72119.0,
            72177.0,
            71957.0,
            71859.0
        ],
        [
            69615.0,
            92971.0,
            92315.0,
            92306.0,
            92497.0
        ],
        [
            4478.0,
            4606.0,
            4648.0,
            4660.0,
            4594.0
        ],
        [
            0.0,
            0.0,
            0.0,
            0.0,
            0.0
        ]
    ],
    "sim_time": 27.46256923675537
}