{
    "dni": 1000.0,
    "generated_rays": 21401034,
    "power_per_ray": 0.04762789014394678,
    "num_rays": 826169.0,
    "avg_flux": 2202.1762834928345,
    "peak_flux": 6699.870296472425,
    "min_flux": 0.0,
    "radius": 0.0,
    "bin_size_x": 0.11912060709304066,
    "bin_size_y": 6.0,
    "xvalues": [
        -0.23824121418608132,
        -0.11912060709304068,
        0.0,
        0.11912060709304068,
        0.23824121418608135
    ],
    "yvalues": [
        -12.0,
        -6.0,
        0.0,
        6.0,
        12.0
    ],
    "flux": [
        [
            9.0,
            2.0,
            3.0,
            6.0,
            9.0
        ],
        [
            57449.0,
            64267.0,
            63929.0,
            63570.0,
            64021.0
        ],
        [
            89437.0,
            100333.0,
            100457.0,
            100371.0,
            100541.0
        ],
        [
            4316.0,
            4378.0,
            4394.0,
            4394.0,
            4283.0
        ],
        [
            0.0,
            0.0,
            0.0,
            0.0,
            0.0
        ]
    ],
    "sim_time": 22.473407745361328
}