{
    "dni": 1000.0,
    "generated_rays": 16631355,
    "power_per_ray": 0.06353909528340286,
    "num_rays": 773324.0,
    "avg_flux": 2749.9472184838514,
    "peak_flux": 8584.828385234716,
    "min_flux": 0.0,
    "radius": 0.0,
    "bin_size_x": 0.11912060709304066,
    "bin_size_y": 6.0,
    "xvalues": [
        -0.23824121418608132,
        -0.11912060709304068,
        0.0,
        0.11912060709304068,
        0.23824121418608135
    ],
    "yvalues": [
        -12.0,
        -6.0,
        0.0,
        6.0,
        12.0
    ],
    "flux": [
        [
            10.0,
            23.0,
            28.0,
            17.0,
            29.0
        ],
        [
            29907.0,
            48572.0,
            48610.0,
            48321.0,
            48174.0
        ],
        [
            59451.0,
            96567.0,
            96395.0,
            96190.0,
            96188.0
        ],
        [
            14313.0,
            22808.0,
            22662.0,
            22476.0,
            22581.0
        ],
        [
            1.0,
            0.0,
            1.0,
            0.0,
            0.0
        ]
    ],
    "sim_time": 18.628384113311768
}