{
    "dni": 1000.0,
    "generated_rays": 14043493,
    "power_per_ray": 0.07111437770433024,
    "num_rays": 837885.0,
    "avg_flux": 3334.753004644702,
    "peak_flux": 10271.593265438769,
    "min_flux": 0.0,
    "radius": 0.0,
    "bin_size_x": 0.11912060709304066,
    "bin_size_y": 6.0,
    "xvalues": [
        -0.23824121418608132,
        -0.11912060709304068,
        0.0,
        0.11912060709304068,
        0.23824121418608135
    ],
    "yvalues": [
        -12.0,
        -6.0,
        0.0,
        6.0,
        12.0
    ],
    "flux": [
        [
            5.0,
            9.0,
            5.0,
            7.0,
            7.0
        ],
        [
            50685.0,
            51029.0,
            50929.0,
            50539.0,
            50719.0
        ],
        [
            102404.0,
            103233.0,
            102849.0,
            102634.0,
            103004.0
        ],
        [
            14002.0,
            13894.0,
            14020.0,
            13866.0,
            14043.0
        ],
        [
            1.0,
            1.0,
            0.0,
            0.0,
            0.0
        ]
    ],
    "sim_time": 16.991015911102295
}