{
    "dni": 1000.0,
    "generated_rays": 43594837,
    "power_per_ray": 0.0229951251725474,
    "num_rays": 862454.0,
    "avg_flux": 1109.9248159513927,
    "peak_flux": 3178.222056450036,
    "min_flux": 0.0,
    "radius": 0.0,
    "bin_size_x": 0.11912060709304066,
    "bin_size_y": 6.0,
    "xvalues": [
        -0.23824121418608132,
        -0.11912060709304068,
        0.0,
        0.11912060709304068,
        0.23824121418608135
    ],
    "yvalues": [
        -12.0,
        -6.0,
        0.0,
        6.0,
        12.0
    ],
    "flux": [
        [
            3.0,
            4.0,
            3.0,
            3.0,
            1.0
        ],
        [
            97494.0,
            98704.0,
            98784.0,
            98571.0,
            98743.0
        ],
        [
            67191.0,
            68264.0,
            67608.0,
            68143.0,
            67998.0
        ],
        [
            6184.0,
            6116.0,
            6327.0,
            6142.0,
            6171.0
        ],
        [
            0.0,
            0.0,
            0.0,
            0.0,
            0.0
        ]
    ],
    "sim_time": 38.72624349594116
}