{
    "dni": 1000.0,
    "generated_rays": 17884263,
    "power_per_ray": 0.05948391983765467,
    "num_rays": 761277.0,
    "avg_flux": 2534.3356422442675,
    "peak_flux": 8057.403433066881,
    "min_flux": 0.0,
    "radius": 0.0,
    "bin_size_x": 0.11912060709304066,
    "bin_size_y": 6.0,
    "xvalues": [
        -0.23824121418608132,
        -0.11912060709304068,
        0.0,
        0.11912060709304068,
        0.23824121418608135
    ],
    "yvalues": [
        -12.0,
        -6.0,
        0.0,
        6.0,
        12.0
    ],
    "flux": [
        [
            2.0,
            5.0,
            1.0,
            1.0,
            0.0
        ],
        [
            12568.0,
            22708.0,
            22750.0,
            22908.0,
            22591.0
        ],
        [
            52247.0,
            96526.0,
            96047.0,
            96813.0,
            95603.0
        ],
        [
            26579.0,
            48646.0,
            48544.0,
            48103.0,
            48473.0
        ],
        [
            19.0,
            37.0,
            38.0,
            36.0,
            32.0
        ]
    ],
    "sim_time": 19.592193126678467
}