{
    "dni": 1000.0,
    "generated_rays": 26431010,
    "power_per_ray": 0.038827021436514036,
    "num_rays": 822768.0,
    "avg_flux": 1787.859187583793,
    "peak_flux": 5050.387991879317,
    "min_flux": 0.0,
    "radius": 0.0,
    "bin_size_x": 0.11912060709304066,
    "bin_size_y": 6.0,
    "xvalues": [
        -0.23824121418608132,
        -0.11912060709304068,
        0.0,
        0.11912060709304068,
        0.23824121418608135
    ],
    "yvalues": [
        -12.0,
        -6.0,
        0.0,
        6.0,
        12.0
    ],
    "flux": [
        [
            0.0,
            0.0,
            0.0,
            0.0,
            0.0
        ],
        [
            4494.0,
            4652.0,
            4774.0,
            4624.0,
            4657.0
        ],
        [
            78795.0,
            92714.0,
            92807.0,
            92356.0,
            92967.0
        ],
        [
            61456.0,
            72091.0,
            72089.0,
            71948.0,
            72315.0
        ],
        [
            7.0,
            12.0,
            0.0,
            6.0,
            4.0
        ]
    ],
    "sim_time": 26.117127895355225
}