{
    "dni": 1000.0,
    "generated_rays": 14138817,
    "power_per_ray": 0.07103413933514631,
    "num_rays": 833256.0,
    "avg_flux": 3312.587930853188,
    "peak_flux": 10250.66145939144,
    "min_flux": 0.0,
    "radius": 0.0,
    "bin_size_x": 0.11912060709304066,
    "bin_size_y": 6.0,
    "xvalues": [
        -0.23824121418608132,
        -0.11912060709304068,
        0.0,
        0.11912060709304068,
        0.23824121418608135
    ],
    "yvalues": [
        -12.0,
        -6.0,
        0.0,
        6.0,
        12.0
    ],
    "flux": [
        [
            5.0,
            9.0,
            6.0,
            8.0,
            9.0
        ],
        [
            49195.0,
            51074.0,
            50897.0,
            50495.0,
            50779.0
        ],
        [
            99493.0,
            103139.0,
            103107.0,
            102487.0,
            103074.0
        ],
        [
            13624.0,
            13929.0,
            13960.0,
            13817.0,
            14147.0
        ],
        [
            1.0,
            1.0,
            0.0,
            0.0,
            0.0
        ]
    ],
    "sim_time": 17.12344479560852
}