{
    "dni": 1000.0,
    "generated_rays": 17490904,
    "power_per_ray": 0.060245326825249225,
    "num_rays": 718478.0,
    "avg_flux": 2422.4715316157494,
    "peak_flux": 6247.959483030593,
    "min_flux": 2.528753349040349,
    "radius": 0.0,
    "bin_size_x": 0.11912060709304066,
    "bin_size_y": 6.0,
    "xvalues": [
        -0.23824121418608132,
        -0.11912060709304068,
        0.0,
        0.11912060709304068,
        0.23824121418608135
    ],
    "yvalues": [
        -12.0,
        -6.0,
        0.0,
        6.0,
        12.0
    ],
    "flux": [
        [
            34.0,
            55.0,
            46.0,
            56.0,
            60.0
        ],
        [
            25321.0,
            41084.0,
            41061.0,
            40875.0,
            40579.0
        ],
        [
            44932.0,
            74123.0,
            73503.0,
            73044.0,
            72902.0
        ],
        [
            25127.0,
            41880.0,
            41312.0,
            41140.0,
            41161.0
        ],
        [
            30.0,
            37.0,
            41.0,
            30.0,
            45.0
        ]
    ],
    "sim_time": 19.303308725357056
}