{
    "dni": 1000.0,
    "generated_rays": 10712765,
    "power_per_ray": 0.09253092435673792,
    "num_rays": 826099.0,
    "avg_flux": 4278.000588119492,
    "peak_flux": 10596.1039819449,
    "min_flux": 0.25892783964872806,
    "radius": 0.0,
    "bin_size_x": 0.11912060709304066,
    "bin_size_y": 6.0,
    "xvalues": [
        -0.23824121418608132,
        -0.11912060709304068,
        0.0,
        0.11912060709304068,
        0.23824121418608135
    ],
    "yvalues": [
        -12.0,
        -6.0,
        0.0,
        6.0,
        12.0
    ],
    "flux": [
        [
            9.0,
            6.0,
            11.0,
            8.0,
            9.0
        ],
        [
            41857.0,
            43199.0,
            43960.0,
            43343.0,
            43622.0
        ],
        [
            78777.0,
            81820.0,
            81846.0,
            81656.0,
            81599.0
        ],
        [
            39429.0,
            41253.0,
            41331.0,
            41176.0,
            41171.0
        ],
        [
            4.0,
            2.0,
            6.0,
            2.0,
            3.0
        ]
    ],
    "sim_time": 14.599527359008789
}