{
    "dni": 1000.0,
    "generated_rays": 24819846,
    "power_per_ray": 0.04331387823826135,
    "num_rays": 653694.0,
    "avg_flux": 1584.613723969522,
    "peak_flux": 5129.497701685662,
    "min_flux": 1.2120454860909862,
    "radius": 0.0,
    "bin_size_x": 0.11912060709304066,
    "bin_size_y": 6.0,
    "xvalues": [
        -0.23824121418608132,
        -0.11912060709304068,
        0.0,
        0.11912060709304068,
        0.23824121418608135
    ],
    "yvalues": [
        -12.0,
        -6.0,
        0.0,
        6.0,
        12.0
    ],
    "flux": [
        [
            22.0,
            367.0,
            324.0,
            341.0,
            334.0
        ],
        [
            3812.0,
            48830.0,
            41073.0,
            41154.0,
            41191.0
        ],
        [
            6899.0,
            84642.0,
            69064.0,
            69177.0,
            68906.0
        ],
        [
            3974.0,
            48747.0,
            41213.0,
            40946.0,
            41302.0
        ],
        [
            20.0,
            373.0,
            325.0,
            333.0,
            325.0
        ]
    ],
    "sim_time": 24.52676773071289
}