{
    "dni": 1000.0,
    "generated_rays": 20845822,
    "power_per_ray": 0.04840635254822186,
    "num_rays": 837374.0,
    "avg_flux": 2268.5255472243057,
    "peak_flux": 6827.799346299381,
    "min_flux": 0.0,
    "radius": 0.0,
    "bin_size_x": 0.11912060709304066,
    "bin_size_y": 6.0,
    "xvalues": [
        -0.23824121418608132,
        -0.11912060709304068,
        0.0,
        0.11912060709304068,
        0.23824121418608135
    ],
    "yvalues": [
        -12.0,
        -6.0,
        0.0,
        6.0,
        12.0
    ],
    "flux": [
        [
            8.0,
            2.0,
            3.0,
            6.0,
            7.0
        ],
        [
            61745.0,
            64214.0,
            63992.0,
            63768.0,
            63919.0
        ],
        [
            95848.0,
            100297.0,
            100561.0,
            100469.0,
            100813.0
        ],
        [
            4362.0,
            4363.0,
            4370.0,
            4379.0,
            4248.0
        ],
        [
            0.0,
            0.0,
            0.0,
            0.0,
            0.0
        ]
    ],
    "sim_time": 22.10310125350952
}