{
    "dni": 1000.0,
    "generated_rays": 45072417,
    "power_per_ray": 0.02258576577992303,
    "num_rays": 846497.0,
    "avg_flux": 1069.9958326255862,
    "peak_flux": 3116.52401028003,
    "min_flux": 0.0,
    "radius": 0.0,
    "bin_size_x": 0.11912060709304066,
    "bin_size_y": 6.0,
    "xvalues": [
        -0.23824121418608132,
        -0.11912060709304068,
        0.0,
        0.11912060709304068,
        0.23824121418608135
    ],
    "yvalues": [
        -12.0,
        -6.0,
        0.0,
        6.0,
        12.0
    ],
    "flux": [
        [
            1.0,
            4.0,
            3.0,
            3.0,
            3.0
        ],
        [
            88086.0,
            98405.0,
            98449.0,
            98035.0,
            98622.0
        ],
        [
            62223.0,
            68021.0,
            67672.0,
            68136.0,
            67979.0
        ],
        [
            6243.0,
            6111.0,
            6247.0,
            6196.0,
            6058.0
        ],
        [
            0.0,
            0.0,
            0.0,
            0.0,
            0.0
        ]
    ],
    "sim_time": 40.24073767662048
}