{
    "dni": 1000.0,
    "generated_rays": 44543492,
    "power_per_ray": 0.02279000883375425,
    "num_rays": 849555.0,
    "avg_flux": 1083.5721558312548,
    "peak_flux": 3157.939615359217,
    "min_flux": 0.0,
    "radius": 0.0,
    "bin_size_x": 0.11912060709304066,
    "bin_size_y": 6.0,
    "xvalues": [
        -0.23824121418608132,
        -0.11912060709304068,
        0.0,
        0.11912060709304068,
        0.23824121418608135
    ],
    "yvalues": [
        -12.0,
        -6.0,
        0.0,
        6.0,
        12.0
    ],
    "flux": [
        [
            0.0,
            0.0,
            0.0,
            0.0,
            0.0
        ],
        [
            6211.0,
            6236.0,
            6096.0,
            6136.0,
            6196.0
        ],
        [
            63415.0,
            67661.0,
            67961.0,
            67438.0,
            68072.0
        ],
        [
            89666.0,
            99037.0,
            98443.0,
            98561.0,
            98418.0
        ],
        [
            1.0,
            3.0,
            1.0,
            1.0,
            2.0
        ]
    ],
    "sim_time": 39.33891034126282
}