{
    "dni": 1000.0,
    "generated_rays": 19381761,
    "power_per_ray": 0.054898215448777626,
    "num_rays": 694342.0,
    "avg_flux": 2133.3077257496125,
    "peak_flux": 5755.941634111818,
    "min_flux": 3.6868996415304487,
    "radius": 0.0,
    "bin_size_x": 0.11912060709304066,
    "bin_size_y": 6.0,
    "xvalues": [
        -0.23824121418608132,
        -0.11912060709304068,
        0.0,
        0.11912060709304068,
        0.23824121418608135
    ],
    "yvalues": [
        -12.0,
        -6.0,
        0.0,
        6.0,
        12.0
    ],
    "flux": [
        [
            48.0,
            126.0,
            107.0,
            115.0,
            122.0
        ],
        [
            18515.0,
            43951.0,
            41891.0,
            41567.0,
            41765.0
        ],
        [
            32628.0,
            74937.0,
            70046.0,
            69305.0,
            70194.0
        ],
        [
            18644.0,
            44104.0,
            41921.0,
            42057.0,
            41776.0
        ],
        [
            56.0,
            127.0,
            111.0,
            119.0,
            110.0
        ]
    ],
    "sim_time": 20.637951374053955
}