{
    "dni": 1000.0,
    "generated_rays": 70494743,
    "power_per_ray": 0.014155689733987313,
    "num_rays": 889573.0,
    "avg_flux": 704.7490041694605,
    "peak_flux": 2098.8032242107606,
    "min_flux": 0.0,
    "radius": 0.0,
    "bin_size_x": 0.11912060709304066,
    "bin_size_y": 6.0,
    "xvalues": [
        -0.23824121418608132,
        -0.11912060709304068,
        0.0,
        0.11912060709304068,
        0.23824121418608135
    ],
    "yvalues": [
        -12.0,
        -6.0,
        0.0,
        6.0,
        12.0
    ],
    "flux": [
        [
            1.0,
            2.0,
            4.0,
            0.0,
            1.0
        ],
        [
            105527.0,
            105969.0,
            105375.0,
            105546.0,
            105791.0
        ],
        [
            63851.0,
            63773.0,
            63782.0,
            63729.0,
            64074.0
        ],
        [
            8395.0,
            8439.0,
            8492.0,
            8438.0,
            8384.0
        ],
        [
            0.0,
            0.0,
            0.0,
            0.0,
            0.0
        ]
    ],
    "sim_time": 58.427027225494385
}