{
    "dni": 1000.0,
    "generated_rays": 45302577,
    "power_per_ray": 0.023939136405875763,
    "num_rays": 530520.0,
    "avg_flux": 710.7749003845357,
    "peak_flux": 2796.6698643504287,
    "min_flux": 0.0,
    "radius": 0.0,
    "bin_size_x": 0.11912060709304066,
    "bin_size_y": 6.0,
    "xvalues": [
        -0.23824121418608132,
        -0.11912060709304068,
        0.0,
        0.11912060709304068,
        0.23824121418608135
    ],
    "yvalues": [
        -12.0,
        -6.0,
        0.0,
        6.0,
        12.0
    ],
    "flux": [
        [
            0.0,
            246.0,
            2775.0,
            2882.0,
            1978.0
        ],
        [
            0.0,
            4939.0,
            47233.0,
            46746.0,
            38357.0
        ],
        [
            0.0,
            9082.0,
            83497.0,
            81735.0,
            67093.0
        ],
        [
            0.0,
            5089.0,
            47440.0,
            46056.0,
            37453.0
        ],
        [
            0.0,
            254.0,
            2796.0,
            2669.0,
            2200.0
        ]
    ],
    "sim_time": 38.8745014667511
}