{
    "dni": 1000.0,
    "generated_rays": 73476757,
    "power_per_ray": 0.01386034091948846,
    "num_rays": 867309.0,
    "avg_flux": 672.7746338158104,
    "peak_flux": 2031.5093096763335,
    "min_flux": 0.0,
    "radius": 0.0,
    "bin_size_x": 0.11912060709304066,
    "bin_size_y": 6.0,
    "xvalues": [
        -0.23824121418608132,
        -0.11912060709304068,
        0.0,
        0.11912060709304068,
        0.23824121418608135
    ],
    "yvalues": [
        -12.0,
        -6.0,
        0.0,
        6.0,
        12.0
    ],
    "flux": [
        [
            0.0,
            0.0,
            0.0,
            0.0,
            0.0
        ],
        [
            8930.0,
            8505.0,
            8443.0,
            8396.0,
            8575.0
        ],
        [
            59568.0,
            63440.0,
            63580.0,
            63567.0,
            63630.0
        ],
        [
            91972.0,
            104605.0,
            104757.0,
            104581.0,
            104740.0
        ],
        [
            4.0,
            6.0,
            2.0,
            5.0,
            3.0
        ]
    ],
    "sim_time": 62.024107694625854
}