{
    "dni": 1000.0,
    "generated_rays": 15373871,
    "power_per_ray": 0.06880081247833594,
    "num_rays": 761123.0,
    "avg_flux": 2930.69251821657,
    "peak_flux": 8195.949353323811,
    "min_flux": 0.48131059602333814,
    "radius": 0.0,
    "bin_size_x": 0.11912060709304066,
    "bin_size_y": 6.0,
    "xvalues": [
        -0.23824121418608132,
        -0.11912060709304068,
        0.0,
        0.11912060709304068,
        0.23824121418608135
    ],
    "yvalues": [
        -12.0,
        -6.0,
        0.0,
        6.0,
        12.0
    ],
    "flux": [
        [
            23.0,
            29.0,
            41.0,
            41.0,
            38.0
        ],
        [
            25097.0,
            45437.0,
            45329.0,
            44892.0,
            44788.0
        ],
        [
            47081.0,
            84502.0,
            85067.0,
            84847.0,
            85142.0
        ],
        [
            20396.0,
            37273.0,
            37131.0,
            37102.0,
            36830.0
        ],
        [
            8.0,
            10.0,
            5.0,
            8.0,
            6.0
        ]
    ],
    "sim_time": 17.69319224357605
}