{
    "dni": 1000.0,
    "generated_rays": 13082899,
    "power_per_ray": 0.07710899005363162,
    "num_rays": 825874.0,
    "avg_flux": 3564.024261103879,
    "peak_flux": 10458.835244365162,
    "min_flux": 0.0,
    "radius": 0.0,
    "bin_size_x": 0.11912060709304066,
    "bin_size_y": 6.0,
    "xvalues": [
        -0.23824121418608132,
        -0.11912060709304068,
        0.0,
        0.11912060709304068,
        0.23824121418608135
    ],
    "yvalues": [
        -12.0,
        -6.0,
        0.0,
        6.0,
        12.0
    ],
    "flux": [
        [
            8.0,
            6.0,
            8.0,
            14.0,
            11.0
        ],
        [
            45025.0,
            48536.0,
            48573.0,
            48064.0,
            48468.0
        ],
        [
            90046.0,
            96721.0,
            96621.0,
            96747.0,
            96943.0
        ],
        [
            20708.0,
            22561.0,
            22145.0,
            22131.0,
            22536.0
        ],
        [
            0.0,
            1.0,
            0.0,
            1.0,
            0.0
        ]
    ],
    "sim_time": 16.470869302749634
}