{
    "dni": 1000.0,
    "generated_rays": 28613225,
    "power_per_ray": 0.0376463662744568,
    "num_rays": 637401.0,
    "avg_flux": 1342.943206625466,
    "peak_flux": 4281.757216673026,
    "min_flux": 0.0,
    "radius": 0.0,
    "bin_size_x": 0.11912060709304066,
    "bin_size_y": 6.0,
    "xvalues": [
        -0.23824121418608132,
        -0.11912060709304068,
        0.0,
        0.11912060709304068,
        0.23824121418608135
    ],
    "yvalues": [
        -12.0,
        -6.0,
        0.0,
        6.0,
        12.0
    ],
    "flux": [
        [
            0.0,
            581.0,
            407.0,
            383.0,
            373.0
        ],
        [
            0.0,
            45331.0,
            43055.0,
            40066.0,
            40297.0
        ],
        [
            0.0,
            81290.0,
            75320.0,
            71391.0,
            71354.0
        ],
        [
            0.0,
            45709.0,
            41400.0,
            39343.0,
            39236.0
        ],
        [
            0.0,
            488.0,
            487.0,
            451.0,
            439.0
        ]
    ],
    "sim_time": 27.026046752929688
}