{
    "dni": 1000.0,
    "generated_rays": 30596426,
    "power_per_ray": 0.03561477675459449,
    "num_rays": 662272.0,
    "avg_flux": 1320.0441695978564,
    "peak_flux": 4674.216305414834,
    "min_flux": 0.0,
    "radius": 0.0,
    "bin_size_x": 0.11912060709304066,
    "bin_size_y": 6.0,
    "xvalues": [
        -0.23824121418608132,
        -0.11912060709304068,
        0.0,
        0.11912060709304068,
        0.23824121418608135
    ],
    "yvalues": [
        -12.0,
        -6.0,
        0.0,
        6.0,
        12.0
    ],
    "flux": [
        [
            0.0,
            75.0,
            60.0,
            69.0,
            58.0
        ],
        [
            5.0,
            24062.0,
            24713.0,
            24707.0,
            24916.0
        ],
        [
            42.0,
            89243.0,
            93638.0,
            93803.0,
            93514.0
        ],
        [
            47.0,
            46727.0,
            48518.0,
            48477.0,
            48057.0
        ],
        [
            0.0,
            359.0,
            388.0,
            395.0,
            399.0
        ]
    ],
    "sim_time": 28.67985463142395
}