{
    "dni": 1000.0,
    "generated_rays": 15726817,
    "power_per_ray": 0.06394322157551557,
    "num_rays": 836232.0,
    "avg_flux": 2992.561873181861,
    "peak_flux": 9520.040757985878,
    "min_flux": 0.0,
    "radius": 0.0,
    "bin_size_x": 0.11912060709304066,
    "bin_size_y": 6.0,
    "xvalues": [
        -0.23824121418608132,
        -0.11912060709304068,
        0.0,
        0.11912060709304068,
        0.23824121418608135
    ],
    "yvalues": [
        -12.0,
        -6.0,
        0.0,
        6.0,
        12.0
    ],
    "flux": [
        [
            0.0,
            0.0,
            0.0,
            0.0,
            0.0
        ],
        [
            7546.0,
            7795.0,
            7738.0,
            7808.0,
            7743.0
        ],
        [
            103725.0,
            106410.0,
            106404.0,
            105833.0,
            106321.0
        ],
        [
            52783.0,
            54145.0,
            53817.0,
            54295.0,
            53842.0
        ],
        [
            2.0,
            10.0,
            2.0,
            7.0,
            6.0
        ]
    ],
    "sim_time": 18.547802686691284
}