{
    "dni": 1000.0,
    "generated_rays": 30100517,
    "power_per_ray": 0.03616688806008112,
    "num_rays": 632779.0,
    "avg_flux": 1280.8109818701057,
    "peak_flux": 4265.80076818486,
    "min_flux": 0.0,
    "radius": 0.0,
    "bin_size_x": 0.11912060709304066,
    "bin_size_y": 6.0,
    "xvalues": [
        -0.23824121418608132,
        -0.11912060709304068,
        0.0,
        0.11912060709304068,
        0.23824121418608135
    ],
    "yvalues": [
        -12.0,
        -6.0,
        0.0,
        6.0,
        12.0
    ],
    "flux": [
        [
            0.0,
            454.0,
            596.0,
            689.0,
            687.0
        ],
        [
            0.0,
            35357.0,
            44846.0,
            44820.0,
            45058.0
        ],
        [
            0.0,
            65653.0,
            83612.0,
            84300.0,
            83784.0
        ],
        [
            0.0,
            29307.0,
            37609.0,
            37461.0,
            37259.0
        ],
        [
            0.0,
            276.0,
            337.0,
            346.0,
            328.0
        ]
    ],
    "sim_time": 28.110480308532715
}