{
    "dni": 1000.0,
    "generated_rays": 46495340,
    "power_per_ray": 0.02336025898222391,
    "num_rays": 510350.0,
    "avg_flux": 667.2177866625666,
    "peak_flux": 2615.3669085408014,
    "min_flux": 0.0,
    "radius": 0.0,
    "bin_size_x": 0.11912060709304066,
    "bin_size_y": 6.0,
    "xvalues": [
        -0.23824121418608132,
        -0.11912060709304068,
        0.0,
        0.11912060709304068,
        0.23824121418608135
    ],
    "yvalues": [
        -12.0,
        -6.0,
        0.0,
        6.0,
        12.0
    ],
    "flux": [
        [
            0.0,
            70.0,
            3005.0,
            3159.0,
            2582.0
        ],
        [
            0.0,
            1776.0,
            46070.0,
            46862.0,
            38026.0
        ],
        [
            0.0,
            3148.0,
            79884.0,
            80019.0,
            64654.0
        ],
        [
            0.0,
            1895.0,
            45989.0,
            46085.0,
            38176.0
        ],
        [
            0.0,
            89.0,
            3044.0,
            3130.0,
            2687.0
        ]
    ],
    "sim_time": 39.9290771484375
}