{
    "dni": 1000.0,
    "generated_rays": 32287350,
    "power_per_ray": 0.032628434510484736,
    "num_rays": 782513.0,
    "avg_flux": 1428.9256800132948,
    "peak_flux": 4216.949843459088,
    "min_flux": 0.0,
    "radius": 0.0,
    "bin_size_x": 0.11912060709304066,
    "bin_size_y": 6.0,
    "xvalues": [
        -0.23824121418608132,
        -0.11912060709304068,
        0.0,
        0.11912060709304068,
        0.23824121418608135
    ],
    "yvalues": [
        -12.0,
        -6.0,
        0.0,
        6.0,
        12.0
    ],
    "flux": [
        [
            1.0,
            0.0,
            0.0,
            0.0,
            0.0
        ],
        [
            4294.0,
            4773.0,
            4873.0,
            4650.0,
            4744.0
        ],
        [
            57689.0,
            92199.0,
            92372.0,
            92224.0,
            92208.0
        ],
        [
            43806.0,
            72114.0,
            72140.0,
            71823.0,
            72532.0
        ],
        [
            9.0,
            23.0,
            14.0,
            18.0,
            7.0
        ]
    ],
    "sim_time": 30.4193058013916
}