{
    "dni": 1000.0,
    "generated_rays": 16040281,
    "power_per_ray": 0.06331172479521263,
    "num_rays": 826696.0,
    "avg_flux": 2929.2188770452135,
    "peak_flux": 9418.846649111056,
    "min_flux": 0.0,
    "radius": 0.0,
    "bin_size_x": 0.11912060709304066,
    "bin_size_y": 6.0,
    "xvalues": [
        -0.23824121418608132,
        -0.11912060709304068,
        0.0,
        0.11912060709304068,
        0.23824121418608135
    ],
    "yvalues": [
        -12.0,
        -6.0,
        0.0,
        6.0,
        12.0
    ],
    "flux": [
        [
            0.0,
            0.0,
            0.0,
            0.0,
            0.0
        ],
        [
            7449.0,
            8044.0,
            8006.0,
            8033.0,
            7958.0
        ],
        [
            97670.0,
            106329.0,
            105995.0,
            105706.0,
            105909.0
        ],
        [
            49750.0,
            54096.0,
            53775.0,
            54230.0,
            53690.0
        ],
        [
            12.0,
            8.0,
            9.0,
            14.0,
            13.0
        ]
    ],
    "sim_time": 18.670207023620605
}