{
    "dni": 1000.0,
    "generated_rays": 16281236,
    "power_per_ray": 0.06268854616688865,
    "num_rays": 821697.0,
    "avg_flux": 2882.8479850096014,
    "peak_flux": 9320.084741915824,
    "min_flux": 0.0,
    "radius": 0.0,
    "bin_size_x": 0.11912060709304066,
    "bin_size_y": 6.0,
    "xvalues": [
        -0.23824121418608132,
        -0.11912060709304068,
        0.0,
        0.11912060709304068,
        0.23824121418608135
    ],
    "yvalues": [
        -12.0,
        -6.0,
        0.0,
        6.0,
        12.0
    ],
    "flux": [
        [
            1.0,
            0.0,
            0.0,
            0.0,
            0.0
        ],
        [
            7278.0,
            8051.0,
            8012.0,
            8129.0,
            7977.0
        ],
        [
            94431.0,
            106260.0,
            106178.0,
            105577.0,
            105898.0
        ],
        [
            48131.0,
            54197.0,
            53642.0,
            54196.0,
            53677.0
        ],
        [
            13.0,
            8.0,
            11.0,
            18.0,
            12.0
        ]
    ],
    "sim_time": 18.675902366638184
}