{
    "dni": 1000.0,
    "generated_rays": 24903195,
    "power_per_ray": 0.04312646162120189,
    "num_rays": 650909.0,
    "avg_flux": 1571.035311322156,
    "peak_flux": 5088.536909118968,
    "min_flux": 1.7498615024658792,
    "radius": 0.0,
    "bin_size_x": 0.11912060709304066,
    "bin_size_y": 6.0,
    "xvalues": [
        -0.23824121418608132,
        -0.11912060709304068,
        0.0,
        0.11912060709304068,
        0.23824121418608135
    ],
    "yvalues": [
        -12.0,
        -6.0,
        0.0,
        6.0,
        12.0
    ],
    "flux": [
        [
            29.0,
            529.0,
            539.0,
            501.0,
            476.0
        ],
        [
            3282.0,
            48896.0,
            41415.0,
            41152.0,
            41156.0
        ],
        [
            5935.0,
            84331.0,
            68272.0,
            68577.0,
            68445.0
        ],
        [
            3436.0,
            48565.0,
            41230.0,
            41015.0,
            41104.0
        ],
        [
            29.0,
            536.0,
            464.0,
            541.0,
            454.0
        ]
    ],
    "sim_time": 24.821903944015503
}