{
    "dni": 1000.0,
    "generated_rays": 31678203,
    "power_per_ray": 0.031806821761881765,
    "num_rays": 848404.0,
    "avg_flux": 1510.2360242892614,
    "peak_flux": 3754.8342037927137,
    "min_flux": 0.0,
    "radius": 0.0,
    "bin_size_x": 0.11912060709304066,
    "bin_size_y": 6.0,
    "xvalues": [
        -0.23824121418608132,
        -0.11912060709304068,
        0.0,
        0.11912060709304068,
        0.23824121418608135
    ],
    "yvalues": [
        -12.0,
        -6.0,
        0.0,
        6.0,
        12.0
    ],
    "flux": [
        [
            0.0,
            0.0,
            0.0,
            0.0,
            0.0
        ],
        [
            5241.0,
            5212.0,
            5257.0,
            5157.0,
            5224.0
        ],
        [
            78539.0,
            81389.0,
            81207.0,
            81058.0,
            82144.0
        ],
        [
            81321.0,
            83892.0,
            84150.0,
            84219.0,
            84374.0
        ],
        [
            3.0,
            1.0,
            5.0,
            6.0,
            5.0
        ]
    ],
    "sim_time": 30.054055213928223
}