{
    "dni": 1000.0,
    "generated_rays": 26431011,
    "power_per_ray": 0.03882701996751909,
    "num_rays": 822775.0,
    "avg_flux": 1787.8743308073622,
    "peak_flux": 5042.945341340203,
    "min_flux": 0.0,
    "radius": 0.0,
    "bin_size_x": 0.11912060709304066,
    "bin_size_y": 6.0,
    "xvalues": [
        -0.23824121418608132,
        -0.11912060709304068,
        0.0,
        0.11912060709304068,
        0.23824121418608135
    ],
    "yvalues": [
        -12.0,
        -6.0,
        0.0,
        6.0,
        12.0
    ],
    "flux": [
        [
            0.0,
            0.0,
            0.0,
            0.0,
            0.0
        ],
        [
            4513.0,
            4696.0,
            4759.0,
            4667.0,
            4668.0
        ],
        [
            78787.0,
            92596.0,
            92710.0,
            92378.0,
            92830.0
        ],
        [
            61447.0,
            72138.0,
            72202.0,
            71917.0,
            72424.0
        ],
        [
            9.0,
            12.0,
            3.0,
            8.0,
            11.0
        ]
    ],
    "sim_time": 26.137998342514038
}