{
    "dni": 1000.0,
    "generated_rays": 11374725,
    "power_per_ray": 0.08823054560848353,
    "num_rays": 822618.0,
    "avg_flux": 4061.9915528508545,
    "peak_flux": 10538.183303205924,
    "min_flux": 0.0,
    "radius": 0.0,
    "bin_size_x": 0.11912060709304066,
    "bin_size_y": 6.0,
    "xvalues": [
        -0.23824121418608132,
        -0.11912060709304068,
        0.0,
        0.11912060709304068,
        0.23824121418608135
    ],
    "yvalues": [
        -12.0,
        -6.0,
        0.0,
        6.0,
        12.0
    ],
    "flux": [
        [
            2.0,
            3.0,
            0.0,
            2.0,
            1.0
        ],
        [
            33817.0,
            37188.0,
            37409.0,
            36601.0,
            36866.0
        ],
        [
            78506.0,
            85366.0,
            85248.0,
            84998.0,
            85276.0
        ],
        [
            41501.0,
            44862.0,
            45038.0,
            45129.0,
            44732.0
        ],
        [
            21.0,
            14.0,
            16.0,
            12.0,
            10.0
        ]
    ],
    "sim_time": 15.156646251678467
}