{
    "dni": 1000.0,
    "generated_rays": 43760717,
    "power_per_ray": 0.022974924906356397,
    "num_rays": 859607.0,
    "avg_flux": 1105.2890990586698,
    "peak_flux": 3164.1793045176773,
    "min_flux": 0.0,
    "radius": 0.0,
    "bin_size_x": 0.11912060709304066,
    "bin_size_y": 6.0,
    "xvalues": [
        -0.23824121418608132,
        -0.11912060709304068,
        0.0,
        0.11912060709304068,
        0.23824121418608135
    ],
    "yvalues": [
        -12.0,
        -6.0,
        0.0,
        6.0,
        12.0
    ],
    "flux": [
        [
            3.0,
            7.0,
            2.0,
            5.0,
            4.0
        ],
        [
            95322.0,
            98214.0,
            98434.0,
            98239.0,
            98257.0
        ],
        [
            66605.0,
            68645.0,
            67918.0,
            68384.0,
            68365.0
        ],
        [
            6276.0,
            6190.0,
            6352.0,
            6188.0,
            6197.0
        ],
        [
            0.0,
            0.0,
            0.0,
            0.0,
            0.0
        ]
    ],
    "sim_time": 38.77981400489807
}