{
    "dni": 1000.0,
    "generated_rays": 57830469,
    "power_per_ray": 0.01891469406944505,
    "num_rays": 547791.0,
    "avg_flux": 579.8772315357409,
    "peak_flux": 2387.9838346374822,
    "min_flux": 0.0,
    "radius": 0.0,
    "bin_size_x": 0.11912060709304066,
    "bin_size_y": 6.0,
    "xvalues": [
        -0.23824121418608132,
        -0.11912060709304068,
        0.0,
        0.11912060709304068,
        0.23824121418608135
    ],
    "yvalues": [
        -12.0,
        -6.0,
        0.0,
        6.0,
        12.0
    ],
    "flux": [
        [
            0.0,
            293.0,
            441.0,
            445.0,
            436.0
        ],
        [
            0.0,
            7162.0,
            19066.0,
            19314.0,
            19326.0
        ],
        [
            0.0,
            23435.0,
            90234.0,
            89528.0,
            89489.0
        ],
        [
            0.0,
            13958.0,
            55001.0,
            55063.0,
            55220.0
        ],
        [
            0.0,
            707.0,
            2941.0,
            2912.0,
            2820.0
        ]
    ],
    "sim_time": 48.479371547698975
}