{
    "dni": 1000.0,
    "generated_rays": 11647339,
    "power_per_ray": 0.08684202414988797,
    "num_rays": 815438.0,
    "avg_flux": 3963.1702253624876,
    "peak_flux": 10344.028938919473,
    "min_flux": 0.1215043395501095,
    "radius": 0.0,
    "bin_size_x": 0.11912060709304066,
    "bin_size_y": 6.0,
    "xvalues": [
        -0.23824121418608132,
        -0.11912060709304068,
        0.0,
        0.11912060709304068,
        0.23824121418608135
    ],
    "yvalues": [
        -12.0,
        -6.0,
        0.0,
        6.0,
        12.0
    ],
    "flux": [
        [
            19.0,
            21.0,
            24.0,
            16.0,
            18.0
        ],
        [
            39646.0,
            45268.0,
            45116.0,
            44734.0,
            44808.0
        ],
        [
            75124.0,
            84757.0,
            84879.0,
            85064.0,
            85133.0
        ],
        [
            32566.0,
            36947.0,
            36974.0,
            37426.0,
            36886.0
        ],
        [
            1.0,
            4.0,
            1.0,
            3.0,
            3.0
        ]
    ],
    "sim_time": 15.468993186950684
}