{
    "dni": 1000.0,
    "generated_rays": 20954732,
    "power_per_ray": 0.048311247016376055,
    "num_rays": 834855.0,
    "avg_flux": 2257.257699409032,
    "peak_flux": 6786.197722654509,
    "min_flux": 0.0,
    "radius": 0.0,
    "bin_size_x": 0.11912060709304066,
    "bin_size_y": 6.0,
    "xvalues": [
        -0.23824121418608132,
        -0.11912060709304068,
        0.0,
        0.11912060709304068,
        0.23824121418608135
    ],
    "yvalues": [
        -12.0,
        -6.0,
        0.0,
        6.0,
        12.0
    ],
    "flux": [
        [
            0.0,
            0.0,
            0.0,
            1.0,
            0.0
        ],
        [
            4245.0,
            4578.0,
            4521.0,
            4404.0,
            4454.0
        ],
        [
            94852.0,
            100175.0,
            100235.0,
            100159.0,
            100396.0
        ],
        [
            60179.0,
            63954.0,
            64431.0,
            64309.0,
            63920.0
        ],
        [
            8.0,
            7.0,
            4.0,
            11.0,
            12.0
        ]
    ],
    "sim_time": 22.611366987228394
}