{
    "dni": 1000.0,
    "generated_rays": 30593726,
    "power_per_ray": 0.03561791987933966,
    "num_rays": 662705.0,
    "avg_flux": 1321.0238021034402,
    "peak_flux": 4641.987200878643,
    "min_flux": 0.0,
    "radius": 0.0,
    "bin_size_x": 0.11912060709304066,
    "bin_size_y": 6.0,
    "xvalues": [
        -0.23824121418608132,
        -0.11912060709304068,
        0.0,
        0.11912060709304068,
        0.23824121418608135
    ],
    "yvalues": [
        -12.0,
        -6.0,
        0.0,
        6.0,
        12.0
    ],
    "flux": [
        [
            0.0,
            470.0,
            538.0,
            523.0,
            505.0
        ],
        [
            55.0,
            46476.0,
            48654.0,
            48864.0,
            48550.0
        ],
        [
            38.0,
            88202.0,
            92616.0,
            93077.0,
            93148.0
        ],
        [
            3.0,
            24621.0,
            25325.0,
            25329.0,
            25363.0
        ],
        [
            0.0,
            86.0,
            87.0,
            85.0,
            90.0
        ]
    ],
    "sim_time": 28.7881019115448
}