{
    "dni": 1000.0,
    "generated_rays": 15124671,
    "power_per_ray": 0.06896145704916003,
    "num_rays": 732813.0,
    "avg_flux": 2828.273711146913,
    "peak_flux": 6828.473253462281,
    "min_flux": 2.8946065140222466,
    "radius": 0.0,
    "bin_size_x": 0.11912060709304066,
    "bin_size_y": 6.0,
    "xvalues": [
        -0.23824121418608132,
        -0.11912060709304068,
        0.0,
        0.11912060709304068,
        0.23824121418608135
    ],
    "yvalues": [
        -12.0,
        -6.0,
        0.0,
        6.0,
        12.0
    ],
    "flux": [
        [
            38.0,
            63.0,
            58.0,
            63.0,
            71.0
        ],
        [
            29927.0,
            42423.0,
            42671.0,
            42285.0,
            42097.0
        ],
        [
            51631.0,
            70613.0,
            70365.0,
            70557.0,
            70771.0
        ],
        [
            29690.0,
            42285.0,
            42260.0,
            42199.0,
            42469.0
        ],
        [
            30.0,
            71.0,
            64.0,
            58.0,
            54.0
        ]
    ],
    "sim_time": 17.694602727890015
}