{
    "dni": 1000.0,
    "generated_rays": 26506174,
    "power_per_ray": 0.03871691900380329,
    "num_rays": 822314.0,
    "avg_flux": 1781.8055896254482,
    "peak_flux": 5045.979719231659,
    "min_flux": 0.0,
    "radius": 0.0,
    "bin_size_x": 0.11912060709304066,
    "bin_size_y": 6.0,
    "xvalues": [
        -0.23824121418608132,
        -0.11912060709304068,
        0.0,
        0.11912060709304068,
        0.23824121418608135
    ],
    "yvalues": [
        -12.0,
        -6.0,
        0.0,
        6.0,
        12.0
    ],
    "flux": [
        [
            4.0,
            5.0,
            8.0,
            5.0,
            8.0
        ],
        [
            61239.0,
            71995.0,
            72403.0,
            72056.0,
            71897.0
        ],
        [
            78833.0,
            93150.0,
            92589.0,
            92262.0,
            92893.0
        ],
        [
            4588.0,
            4573.0,
            4639.0,
            4613.0,
            4554.0
        ],
        [
            0.0,
            0.0,
            0.0,
            0.0,
            0.0
        ]
    ],
    "sim_time": 26.255736112594604
}