{
    "dni": 1000.0,
    "generated_rays": 46491720,
    "power_per_ray": 0.023362077889709277,
    "num_rays": 509717.0,
    "avg_flux": 666.4421069428125,
    "peak_flux": 2584.9102668316223,
    "min_flux": 0.0,
    "radius": 0.0,
    "bin_size_x": 0.11912060709304066,
    "bin_size_y": 6.0,
    "xvalues": [
        -0.23824121418608132,
        -0.11912060709304068,
        0.0,
        0.11912060709304068,
        0.23824121418608135
    ],
    "yvalues": [
        -12.0,
        -6.0,
        0.0,
        6.0,
        12.0
    ],
    "flux": [
        [
            0.0,
            129.0,
            3700.0,
            3730.0,
            3322.0
        ],
        [
            0.0,
            1921.0,
            46027.0,
            45920.0,
            37845.0
        ],
        [
            0.0,
            3283.0,
            79081.0,
            78854.0,
            63685.0
        ],
        [
            0.0,
            1761.0,
            45608.0,
            46254.0,
            37835.0
        ],
        [
            0.0,
            130.0,
            3665.0,
            3807.0,
            3160.0
        ]
    ],
    "sim_time": 39.83204507827759
}