{
    "dni": 1000.0,
    "generated_rays": 46403135,
    "power_per_ray": 0.02210409358721467,
    "num_rays": 837980.0,
    "avg_flux": 1036.6405833681204,
    "peak_flux": 3030.60695619204,
    "min_flux": 0.0,
    "radius": 0.0,
    "bin_size_x": 0.11912060709304066,
    "bin_size_y": 6.0,
    "xvalues": [
        -0.23824121418608132,
        -0.11912060709304068,
        0.0,
        0.11912060709304068,
        0.23824121418608135
    ],
    "yvalues": [
        -12.0,
        -6.0,
        0.0,
        6.0,
        12.0
    ],
    "flux": [
        [
            3.0,
            7.0,
            6.0,
            4.0,
            5.0
        ],
        [
            82743.0,
            97669.0,
            97993.0,
            97689.0,
            97733.0
        ],
        [
            60051.0,
            68453.0,
            67792.0,
            68282.0,
            68387.0
        ],
        [
            6277.0,
            6166.0,
            6286.0,
            6276.0,
            6158.0
        ],
        [
            0.0,
            0.0,
            0.0,
            0.0,
            0.0
        ]
    ],
    "sim_time": 40.90578651428223
}