{
    "dni": 1000.0,
    "generated_rays": 12420140,
    "power_per_ray": 0.08017857041817635,
    "num_rays": 778733.0,
    "avg_flux": 3494.3687299315593,
    "peak_flux": 8355.032927455324,
    "min_flux": 1.0096309829358725,
    "radius": 0.0,
    "bin_size_x": 0.11912060709304066,
    "bin_size_y": 6.0,
    "xvalues": [
        -0.23824121418608132,
        -0.11912060709304068,
        0.0,
        0.11912060709304068,
        0.23824121418608135
    ],
    "yvalues": [
        -12.0,
        -6.0,
        0.0,
        6.0,
        12.0
    ],
    "flux": [
        [
            25.0,
            25.0,
            21.0,
            24.0,
            24.0
        ],
        [
            38571.0,
            41718.0,
            41464.0,
            41515.0,
            41680.0
        ],
        [
            69519.0,
            74294.0,
            74478.0,
            74352.0,
            74034.0
        ],
        [
            38980.0,
            41990.0,
            42043.0,
            41921.0,
            41998.0
        ],
        [
            11.0,
            13.0,
            15.0,
            9.0,
            9.0
        ]
    ],
    "sim_time": 15.549163818359375
}