{
    "dni": 1000.0,
    "generated_rays": 12501375,
    "power_per_ray": 0.08072369402586757,
    "num_rays": 763178.0,
    "avg_flux": 3447.852775025734,
    "peak_flux": 7972.146999952549,
    "min_flux": 3.049485995589981,
    "radius": 0.0,
    "bin_size_x": 0.11912060709304066,
    "bin_size_y": 6.0,
    "xvalues": [
        -0.23824121418608132,
        -0.11912060709304068,
        0.0,
        0.11912060709304068,
        0.23824121418608135
    ],
    "yvalues": [
        -12.0,
        -6.0,
        0.0,
        6.0,
        12.0
    ],
    "flux": [
        [
            27.0,
            36.0,
            43.0,
            37.0,
            41.0
        ],
        [
            38032.0,
            42665.0,
            42725.0,
            43225.0,
            42706.0
        ],
        [
            62882.0,
            70351.0,
            70348.0,
            70110.0,
            70585.0
        ],
        [
            37993.0,
            42731.0,
            42843.0,
            43026.0,
            42593.0
        ],
        [
            35.0,
            45.0,
            27.0,
            37.0,
            35.0
        ]
    ],
    "sim_time": 15.895576477050781
}