{
    "dni": 1000.0,
    "generated_rays": 61771924,
    "power_per_ray": 0.017588332137594382,
    "num_rays": 383808.0,
    "avg_flux": 377.7987562803038,
    "peak_flux": 1762.0725821696574,
    "min_flux": 0.0,
    "radius": 0.0,
    "bin_size_x": 0.11912060709304066,
    "bin_size_y": 6.0,
    "xvalues": [
        -0.23824121418608132,
        -0.11912060709304068,
        0.0,
        0.11912060709304068,
        0.23824121418608135
    ],
    "yvalues": [
        -12.0,
        -6.0,
        0.0,
        6.0,
        12.0
    ],
    "flux": [
        [
            0.0,
            0.0,
            1435.0,
            7211.0,
            7238.0
        ],
        [
            0.0,
            0.0,
            9476.0,
            42929.0,
            43157.0
        ],
        [
            0.0,
            0.0,
            16265.0,
            71604.0,
            71210.0
        ],
        [
            0.0,
            0.0,
            9995.0,
            43502.0,
            43871.0
        ],
        [
            0.0,
            0.0,
            1399.0,
            7214.0,
            7302.0
        ]
    ],
    "sim_time": 50.98267388343811
}