{
    "dni": 1000.0,
    "generated_rays": 32411134,
    "power_per_ray": 0.03138612989171944,
    "num_rays": 837968.0,
    "avg_flux": 1471.9296201796533,
    "peak_flux": 3701.7896623822216,
    "min_flux": 0.0,
    "radius": 0.0,
    "bin_size_x": 0.11912060709304066,
    "bin_size_y": 6.0,
    "xvalues": [
        -0.23824121418608132,
        -0.11912060709304068,
        0.0,
        0.11912060709304068,
        0.23824121418608135
    ],
    "yvalues": [
        -12.0,
        -6.0,
        0.0,
        6.0,
        12.0
    ],
    "flux": [
        [
            0.0,
            0.0,
            0.0,
            0.0,
            0.0
        ],
        [
            5260.0,
            5217.0,
            5235.0,
            5191.0,
            5163.0
        ],
        [
            73955.0,
            81428.0,
            81328.0,
            80709.0,
            81988.0
        ],
        [
            76197.0,
            83779.0,
            84297.0,
            84011.0,
            84187.0
        ],
        [
            3.0,
            2.0,
            6.0,
            5.0,
            7.0
        ]
    ],
    "sim_time": 30.51523518562317
}