{
    "dni": 1000.0,
    "generated_rays": 14140042,
    "power_per_ray": 0.07379013320143253,
    "num_rays": 788122.0,
    "avg_flux": 3254.7196648383,
    "peak_flux": 9377.035330790746,
    "min_flux": 0.0,
    "radius": 0.0,
    "bin_size_x": 0.11912060709304066,
    "bin_size_y": 6.0,
    "xvalues": [
        -0.23824121418608132,
        -0.11912060709304068,
        0.0,
        0.11912060709304068,
        0.23824121418608135
    ],
    "yvalues": [
        -12.0,
        -6.0,
        0.0,
        6.0,
        12.0
    ],
    "flux": [
        [
            24.0,
            27.0,
            23.0,
            32.0,
            34.0
        ],
        [
            32845.0,
            46524.0,
            46582.0,
            46635.0,
            46355.0
        ],
        [
            64355.0,
            90825.0,
            90314.0,
            90069.0,
            90059.0
        ],
        [
            21923.0,
            30359.0,
            30457.0,
            30209.0,
            30464.0
        ],
        [
            0.0,
            1.0,
            5.0,
            0.0,
            1.0
        ]
    ],
    "sim_time": 16.97721767425537
}