{
    "dni": 1000.0,
    "generated_rays": 17578330,
    "power_per_ray": 0.060021480764992335,
    "num_rays": 704863.0,
    "avg_flux": 2367.7359179010027,
    "peak_flux": 5881.944130480111,
    "min_flux": 4.8707579784390065,
    "radius": 0.0,
    "bin_size_x": 0.11912060709304066,
    "bin_size_y": 6.0,
    "xvalues": [
        -0.23824121418608132,
        -0.11912060709304068,
        0.0,
        0.11912060709304068,
        0.23824121418608135
    ],
    "yvalues": [
        -12.0,
        -6.0,
        0.0,
        6.0,
        12.0
    ],
    "flux": [
        [
            65.0,
            115.0,
            145.0,
            143.0,
            132.0
        ],
        [
            23550.0,
            42374.0,
            42215.0,
            42128.0,
            42024.0
        ],
        [
            40674.0,
            70041.0,
            69320.0,
            69016.0,
            69232.0
        ],
        [
            23730.0,
            42678.0,
            42406.0,
            42259.0,
            42042.0
        ],
        [
            58.0,
            139.0,
            140.0,
            115.0,
            122.0
        ]
    ],
    "sim_time": 19.35601234436035
}