{
    "dni": 1000.0,
    "generated_rays": 58261208,
    "power_per_ray": 0.018850634016137426,
    "num_rays": 476121.0,
    "avg_flux": 502.3022709181453,
    "peak_flux": 2147.455856831893,
    "min_flux": 0.0,
    "radius": 0.0,
    "bin_size_x": 0.11912060709304066,
    "bin_size_y": 6.0,
    "xvalues": [
        -0.23824121418608132,
        -0.11912060709304068,
        0.0,
        0.11912060709304068,
        0.23824121418608135
    ],
    "yvalues": [
        -12.0,
        -6.0,
        0.0,
        6.0,
        12.0
    ],
    "flux": [
        [
            0.0,
            0.0,
            1624.0,
            1751.0,
            1729.0
        ],
        [
            0.0,
            6.0,
            27246.0,
            30888.0,
            31378.0
        ],
        [
            0.0,
            13.0,
            68437.0,
            80788.0,
            81421.0
        ],
        [
            0.0,
            10.0,
            40682.0,
            48737.0,
            48283.0
        ],
        [
            0.0,
            2.0,
            3817.0,
            4617.0,
            4692.0
        ]
    ],
    "sim_time": 48.16696071624756
}