{
    "dni": 1000.0,
    "generated_rays": 43480225,
    "power_per_ray": 0.022995951176545067,
    "num_rays": 864796.0,
    "avg_flux": 1112.9788024075815,
    "peak_flux": 3171.6439029010817,
    "min_flux": 0.0,
    "radius": 0.0,
    "bin_size_x": 0.11912060709304066,
    "bin_size_y": 6.0,
    "xvalues": [
        -0.23824121418608132,
        -0.11912060709304068,
        0.0,
        0.11912060709304068,
        0.23824121418608135
    ],
    "yvalues": [
        -12.0,
        -6.0,
        0.0,
        6.0,
        12.0
    ],
    "flux": [
        [
            3.0,
            8.0,
            1.0,
            7.0,
            2.0
        ],
        [
            98576.0,
            98313.0,
            98541.0,
            98267.0,
            98217.0
        ],
        [
            68292.0,
            68753.0,
            67853.0,
            68435.0,
            68340.0
        ],
        [
            6243.0,
            6177.0,
            6380.0,
            6197.0,
            6191.0
        ],
        [
            0.0,
            0.0,
            0.0,
            0.0,
            0.0
        ]
    ],
    "sim_time": 38.55097579956055
}