{
    "dni": 1000.0,
    "generated_rays": 12732815,
    "power_per_ray": 0.07891380117182518,
    "num_rays": 772110.0,
    "avg_flux": 3409.996893607037,
    "peak_flux": 8212.527325879246,
    "min_flux": 0.8832930265394922,
    "radius": 0.0,
    "bin_size_x": 0.11912060709304066,
    "bin_size_y": 6.0,
    "xvalues": [
        -0.23824121418608132,
        -0.11912060709304068,
        0.0,
        0.11912060709304068,
        0.23824121418608135
    ],
    "yvalues": [
        -12.0,
        -6.0,
        0.0,
        6.0,
        12.0
    ],
    "flux": [
        [
            27.0,
            28.0,
            23.0,
            27.0,
            24.0
        ],
        [
            37181.0,
            41530.0,
            41225.0,
            41548.0,
            41520.0
        ],
        [
            66800.0,
            74141.0,
            74226.0,
            74381.0,
            74034.0
        ],
        [
            37649.0,
            41876.0,
            42077.0,
            41691.0,
            42044.0
        ],
        [
            12.0,
            12.0,
            16.0,
            8.0,
            10.0
        ]
    ],
    "sim_time": 15.929153680801392
}