{
    "dni": 1000.0,
    "generated_rays": 18102637,
    "power_per_ray": 0.05603171771113189,
    "num_rays": 830658.0,
    "avg_flux": 2604.8218807425565,
    "peak_flux": 8239.14175203633,
    "min_flux": 0.0,
    "radius": 0.0,
    "bin_size_x": 0.11912060709304066,
    "bin_size_y": 6.0,
    "xvalues": [
        -0.23824121418608132,
        -0.11912060709304068,
        0.0,
        0.11912060709304068,
        0.23824121418608135
    ],
    "yvalues": [
        -12.0,
        -6.0,
        0.0,
        6.0,
        12.0
    ],
    "flux": [
        [
            0.0,
            0.0,
            0.0,
            0.0,
            0.0
        ],
        [
            4867.0,
            5048.0,
            5135.0,
            5154.0,
            5067.0
        ],
        [
            97792.0,
            105041.0,
            104660.0,
            105068.0,
            105096.0
        ],
        [
            54418.0,
            58266.0,
            58392.0,
            58435.0,
            58181.0
        ],
        [
            4.0,
            11.0,
            7.0,
            8.0,
            8.0
        ]
    ],
    "sim_time": 20.189095973968506
}