{
    "dni": 1000.0,
    "generated_rays": 17490933,
    "power_per_ray": 0.060245226938383384,
    "num_rays": 718472.0,
    "avg_flux": 2422.4472851601167,
    "peak_flux": 6259.9185365754,
    "min_flux": 3.708832095998352,
    "radius": 0.0,
    "bin_size_x": 0.11912060709304066,
    "bin_size_y": 6.0,
    "xvalues": [
        -0.23824121418608132,
        -0.11912060709304068,
        0.0,
        0.11912060709304068,
        0.23824121418608135
    ],
    "yvalues": [
        -12.0,
        -6.0,
        0.0,
        6.0,
        12.0
    ],
    "flux": [
        [
            44.0,
            71.0,
            73.0,
            89.0,
            77.0
        ],
        [
            25232.0,
            41029.0,
            40998.0,
            40800.0,
            40391.0
        ],
        [
            45002.0,
            74265.0,
            73426.0,
            73094.0,
            73135.0
        ],
        [
            25113.0,
            41756.0,
            41382.0,
            41116.0,
            41091.0
        ],
        [
            49.0,
            58.0,
            61.0,
            57.0,
            63.0
        ]
    ],
    "sim_time": 19.27531385421753
}