{
    "dni": 1000.0,
    "generated_rays": 14043135,
    "power_per_ray": 0.07111619061485329,
    "num_rays": 837869.0,
    "avg_flux": 3334.7743360495174,
    "peak_flux": 10258.22339021258,
    "min_flux": 0.0,
    "radius": 0.0,
    "bin_size_x": 0.11912060709304066,
    "bin_size_y": 6.0,
    "xvalues": [
        -0.23824121418608132,
        -0.11912060709304068,
        0.0,
        0.11912060709304068,
        0.23824121418608135
    ],
    "yvalues": [
        -12.0,
        -6.0,
        0.0,
        6.0,
        12.0
    ],
    "flux": [
        [
            9.0,
            15.0,
            10.0,
            14.0,
            13.0
        ],
        [
            50722.0,
            51026.0,
            50932.0,
            50537.0,
            50677.0
        ],
        [
            102225.0,
            103096.0,
            102591.0,
            102459.0,
            102933.0
        ],
        [
            14146.0,
            14032.0,
            14258.0,
            14019.0,
            14154.0
        ],
        [
            0.0,
            1.0,
            0.0,
            0.0,
            0.0
        ]
    ],
    "sim_time": 17.109436750411987
}