{
    "dni": 1000.0,
    "generated_rays": 39557782,
    "power_per_ray": 0.02766845648419697,
    "num_rays": 578669.0,
    "avg_flux": 896.0597966478505,
    "peak_flux": 3303.3038942798507,
    "min_flux": 0.0,
    "radius": 0.0,
    "bin_size_x": 0.11912060709304066,
    "bin_size_y": 6.0,
    "xvalues": [
        -0.23824121418608132,
        -0.11912060709304068,
        0.0,
        0.11912060709304068,
        0.23824121418608135
    ],
    "yvalues": [
        -12.0,
        -6.0,
        0.0,
        6.0,
        12.0
    ],
    "flux": [
        [
            0.0,
            753.0,
            1926.0,
            1809.0,
            1775.0
        ],
        [
            0.0,
            21353.0,
            46156.0,
            46574.0,
            46135.0
        ],
        [
            0.0,
            39042.0,
            85229.0,
            85210.0,
            85330.0
        ],
        [
            0.0,
            15580.0,
            32953.0,
            33216.0,
            33086.0
        ],
        [
            0.0,
            368.0,
            714.0,
            726.0,
            734.0
        ]
    ],
    "sim_time": 35.34113311767578
}