{
    "dni": 1000.0,
    "generated_rays": 21683060,
    "power_per_ray": 0.04934115168737563,
    "num_rays": 676035.0,
    "avg_flux": 1866.8108060106167,
    "peak_flux": 5486.510387660689,
    "min_flux": 4.142117211410541,
    "radius": 0.0,
    "bin_size_x": 0.11912060709304066,
    "bin_size_y": 6.0,
    "xvalues": [
        -0.23824121418608132,
        -0.11912060709304068,
        0.0,
        0.11912060709304068,
        0.23824121418608135
    ],
    "yvalues": [
        -12.0,
        -6.0,
        0.0,
        6.0,
        12.0
    ],
    "flux": [
        [
            60.0,
            303.0,
            273.0,
            268.0,
            288.0
        ],
        [
            12256.0,
            46049.0,
            41628.0,
            41517.0,
            41690.0
        ],
        [
            21331.0,
            79474.0,
            69313.0,
            69167.0,
            69425.0
        ],
        [
            12178.0,
            46085.0,
            41058.0,
            41375.0,
            41131.0
        ],
        [
            64.0,
            336.0,
            268.0,
            261.0,
            237.0
        ]
    ],
    "sim_time": 22.090303897857666
}