{
    "dni": 1000.0,
    "generated_rays": 70627648,
    "power_per_ray": 0.014160099719066784,
    "num_rays": 886831.0,
    "avg_flux": 702.7955783867259,
    "peak_flux": 2085.549054725068,
    "min_flux": 0.0,
    "radius": 0.0,
    "bin_size_x": 0.11912060709304066,
    "bin_size_y": 6.0,
    "xvalues": [
        -0.23824121418608132,
        -0.11912060709304068,
        0.0,
        0.11912060709304068,
        0.23824121418608135
    ],
    "yvalues": [
        -12.0,
        -6.0,
        0.0,
        6.0,
        12.0
    ],
    "flux": [
        [
            0.0,
            0.0,
            0.0,
            0.0,
            0.0
        ],
        [
            8586.0,
            8552.0,
            8468.0,
            8532.0,
            8615.0
        ],
        [
            63783.0,
            64341.0,
            64140.0,
            64105.0,
            64480.0
        ],
        [
            103225.0,
            104910.0,
            105075.0,
            104728.0,
            105267.0
        ],
        [
            7.0,
            7.0,
            3.0,
            5.0,
            2.0
        ]
    ],
    "sim_time": 58.52017116546631
}