{
    "dni": 1000.0,
    "generated_rays": 15110480,
    "power_per_ray": 0.06902084149443165,
    "num_rays": 730210.0,
    "avg_flux": 2820.654343390734,
    "peak_flux": 6781.43307938564,
    "min_flux": 4.442218669833807,
    "radius": 0.0,
    "bin_size_x": 0.11912060709304066,
    "bin_size_y": 6.0,
    "xvalues": [
        -0.23824121418608132,
        -0.11912060709304068,
        0.0,
        0.11912060709304068,
        0.23824121418608135
    ],
    "yvalues": [
        -12.0,
        -6.0,
        0.0,
        6.0,
        12.0
    ],
    "flux": [
        [
            53.0,
            65.0,
            64.0,
            80.0,
            67.0
        ],
        [
            30029.0,
            42204.0,
            42502.0,
            42021.0,
            42501.0
        ],
        [
            50542.0,
            69898.0,
            69804.0,
            69636.0,
            70223.0
        ],
        [
            29800.0,
            42573.0,
            42448.0,
            42799.0,
            42582.0
        ],
        [
            46.0,
            67.0,
            62.0,
            69.0,
            75.0
        ]
    ],
    "sim_time": 17.724372625350952
}