{
    "dni": 1000.0,
    "generated_rays": 58384991,
    "power_per_ray": 0.01880313520165637,
    "num_rays": 444218.0,
    "avg_flux": 467.4641002842559,
    "peak_flux": 2028.8929880104931,
    "min_flux": 0.0,
    "radius": 0.0,
    "bin_size_x": 0.11912060709304066,
    "bin_size_y": 6.0,
    "xvalues": [
        -0.23824121418608132,
        -0.11912060709304068,
        0.0,
        0.11912060709304068,
        0.23824121418608135
    ],
    "yvalues": [
        -12.0,
        -6.0,
        0.0,
        6.0,
        12.0
    ],
    "flux": [
        [
            0.0,
            0.0,
            2094.0,
            3042.0,
            2992.0
        ],
        [
            0.0,
            0.0,
            23760.0,
            35526.0,
            35571.0
        ],
        [
            0.0,
            0.0,
            50868.0,
            76678.0,
            77120.0
        ],
        [
            0.0,
            0.0,
            30512.0,
            46010.0,
            46001.0
        ],
        [
            0.0,
            0.0,
            3358.0,
            5376.0,
            5310.0
        ]
    ],
    "sim_time": 48.256505727767944
}