{
    "dni": 1000.0,
    "generated_rays": 18331327,
    "power_per_ray": 0.05556485780269331,
    "num_rays": 824788.0,
    "avg_flux": 2564.864247295869,
    "peak_flux": 8183.8645077384,
    "min_flux": 0.0,
    "radius": 0.0,
    "bin_size_x": 0.11912060709304066,
    "bin_size_y": 6.0,
    "xvalues": [
        -0.23824121418608132,
        -0.11912060709304068,
        0.0,
        0.11912060709304068,
        0.23824121418608135
    ],
    "yvalues": [
        -12.0,
        -6.0,
        0.0,
        6.0,
        12.0
    ],
    "flux": [
        [
            3.0,
            8.0,
            9.0,
            13.0,
            7.0
        ],
        [
            52319.0,
            58251.0,
            58305.0,
            58014.0,
            58246.0
        ],
        [
            94439.0,
            105268.0,
            104891.0,
            104742.0,
            105236.0
        ],
        [
            4851.0,
            5024.0,
            5079.0,
            5155.0,
            4927.0
        ],
        [
            1.0,
            0.0,
            0.0,
            0.0,
            0.0
        ]
    ],
    "sim_time": 20.088589906692505
}