{
    "dni": 1000.0,
    "generated_rays": 17588599,
    "power_per_ray": 0.05991101279356493,
    "num_rays": 779716.0,
    "avg_flux": 2614.3573526765213,
    "peak_flux": 8557.427108717811,
    "min_flux": 0.0,
    "radius": 0.0,
    "bin_size_x": 0.11912060709304066,
    "bin_size_y": 6.0,
    "xvalues": [
        -0.23824121418608132,
        -0.11912060709304068,
        0.0,
        0.11912060709304068,
        0.23824121418608135
    ],
    "yvalues": [
        -12.0,
        -6.0,
        0.0,
        6.0,
        12.0
    ],
    "flux": [
        [
            19.0,
            32.0,
            30.0,
            29.0,
            24.0
        ],
        [
            33366.0,
            51167.0,
            50760.0,
            50670.0,
            50710.0
        ],
        [
            66561.0,
            102088.0,
            101927.0,
            101900.0,
            101470.0
        ],
        [
            9968.0,
            14774.0,
            14621.0,
            14808.0,
            14788.0
        ],
        [
            0.0,
            2.0,
            0.0,
            1.0,
            1.0
        ]
    ],
    "sim_time": 19.51190972328186
}