{
    "dni": 1000.0,
    "generated_rays": 70466858,
    "power_per_ray": 0.014153735458339327,
    "num_rays": 889324.0,
    "avg_flux": 704.4544706929242,
    "peak_flux": 2083.859186768426,
    "min_flux": 0.0,
    "radius": 0.0,
    "bin_size_x": 0.11912060709304066,
    "bin_size_y": 6.0,
    "xvalues": [
        -0.23824121418608132,
        -0.11912060709304068,
        0.0,
        0.11912060709304068,
        0.23824121418608135
    ],
    "yvalues": [
        -12.0,
        -6.0,
        0.0,
        6.0,
        12.0
    ],
    "flux": [
        [
            0.0,
            0.0,
            0.0,
            0.0,
            0.0
        ],
        [
            8573.0,
            8565.0,
            8451.0,
            8550.0,
            8620.0
        ],
        [
            64306.0,
            64344.0,
            64201.0,
            64091.0,
            64511.0
        ],
        [
            104825.0,
            105016.0,
            105153.0,
            104864.0,
            105229.0
        ],
        [
            8.0,
            6.0,
            3.0,
            5.0,
            3.0
        ]
    ],
    "sim_time": 58.34912657737732
}