{
    "dni": 1000.0,
    "generated_rays": 64914025,
    "power_per_ray": 0.01674302831520745,
    "num_rays": 374752.0,
    "avg_flux": 351.15577398402934,
    "peak_flux": 1686.8974204667322,
    "min_flux": 0.0,
    "radius": 0.0,
    "bin_size_x": 0.11912060709304066,
    "bin_size_y": 6.0,
    "xvalues": [
        -0.23824121418608132,
        -0.11912060709304068,
        0.0,
        0.11912060709304068,
        0.23824121418608135
    ],
    "yvalues": [
        -12.0,
        -6.0,
        0.0,
        6.0,
        12.0
    ],
    "flux": [
        [
            0.0,
            0.0,
            910.0,
            7562.0,
            7866.0
        ],
        [
            0.0,
            0.0,
            5924.0,
            43770.0,
            43976.0
        ],
        [
            0.0,
            0.0,
            9805.0,
            71104.0,
            72010.0
        ],
        [
            0.0,
            0.0,
            5963.0,
            44077.0,
            45020.0
        ],
        [
            0.0,
            0.0,
            943.0,
            7711.0,
            8111.0
        ]
    ],
    "sim_time": 53.32406687736511
}