{
    "dni": 1000.0,
    "generated_rays": 45608056,
    "power_per_ray": 0.02239580295433628,
    "num_rays": 842679.0,
    "avg_flux": 1056.210916443509,
    "peak_flux": 3073.390908833976,
    "min_flux": 0.0,
    "radius": 0.0,
    "bin_size_x": 0.11912060709304066,
    "bin_size_y": 6.0,
    "xvalues": [
        -0.23824121418608132,
        -0.11912060709304068,
        0.0,
        0.11912060709304068,
        0.23824121418608135
    ],
    "yvalues": [
        -12.0,
        -6.0,
        0.0,
        6.0,
        12.0
    ],
    "flux": [
        [
            3.0,
            7.0,
            5.0,
            3.0,
            4.0
        ],
        [
            85567.0,
            97835.0,
            98082.0,
            97748.0,
            97928.0
        ],
        [
            61434.0,
            68348.0,
            67717.0,
            68278.0,
            68462.0
        ],
        [
            6376.0,
            6188.0,
            6318.0,
            6237.0,
            6139.0
        ],
        [
            0.0,
            0.0,
            0.0,
            0.0,
            0.0
        ]
    ],
    "sim_time": 40.13857889175415
}