{
    "dni": 1000.0,
    "generated_rays": 18308914,
    "power_per_ray": 0.058406987066500736,
    "num_rays": 721865.0,
    "avg_flux": 2359.623060339645,
    "peak_flux": 6702.648120114484,
    "min_flux": 2.6967494265274077,
    "radius": 0.0,
    "bin_size_x": 0.11912060709304066,
    "bin_size_y": 6.0,
    "xvalues": [
        -0.23824121418608132,
        -0.11912060709304068,
        0.0,
        0.11912060709304068,
        0.23824121418608135
    ],
    "yvalues": [
        -12.0,
        -6.0,
        0.0,
        6.0,
        12.0
    ],
    "flux": [
        [
            42.0,
            133.0,
            125.0,
            123.0,
            132.0
        ],
        [
            14676.0,
            43650.0,
            43529.0,
            43462.0,
            43468.0
        ],
        [
            26940.0,
            82020.0,
            81600.0,
            81207.0,
            81916.0
        ],
        [
            13630.0,
            41209.0,
            41277.0,
            41275.0,
            41049.0
        ],
        [
            33.0,
            92.0,
            87.0,
            108.0,
            82.0
        ]
    ],
    "sim_time": 20.077789545059204
}