{
    "dni": 1000.0,
    "generated_rays": 35862761,
    "power_per_ray": 0.030084194011040635,
    "num_rays": 573849.0,
    "avg_flux": 966.179576052561,
    "peak_flux": 3453.696024332563,
    "min_flux": 0.0,
    "radius": 0.0,
    "bin_size_x": 0.11912060709304066,
    "bin_size_y": 6.0,
    "xvalues": [
        -0.23824121418608132,
        -0.11912060709304068,
        0.0,
        0.11912060709304068,
        0.23824121418608135
    ],
    "yvalues": [
        -12.0,
        -6.0,
        0.0,
        6.0,
        12.0
    ],
    "flux": [
        [
            0.0,
            944.0,
            1847.0,
            1744.0,
            1670.0
        ],
        [
            0.0,
            24999.0,
            47555.0,
            39593.0,
            39567.0
        ],
        [
            0.0,
            43341.0,
            82051.0,
            66545.0,
            65962.0
        ],
        [
            0.0,
            25071.0,
            47251.0,
            39867.0,
            39543.0
        ],
        [
            0.0,
            974.0,
            1949.0,
            1685.0,
            1691.0
        ]
    ],
    "sim_time": 32.49950981140137
}