{
    "dni": 1000.0,
    "generated_rays": 30066078,
    "power_per_ray": 0.03480422797352321,
    "num_rays": 795293.0,
    "avg_flux": 1549.1055411947727,
    "peak_flux": 4497.373652307528,
    "min_flux": 0.0,
    "radius": 0.0,
    "bin_size_x": 0.11912060709304066,
    "bin_size_y": 6.0,
    "xvalues": [
        -0.23824121418608132,
        -0.11912060709304068,
        0.0,
        0.11912060709304068,
        0.23824121418608135
    ],
    "yvalues": [
        -12.0,
        -6.0,
        0.0,
        6.0,
        12.0
    ],
    "flux": [
        [
            0.0,
            0.0,
            0.0,
            0.0,
            1.0
        ],
        [
            4429.0,
            4705.0,
            4795.0,
            4668.0,
            4727.0
        ],
        [
            64491.0,
            92311.0,
            92321.0,
            92327.0,
            92356.0
        ],
        [
            49614.0,
            72096.0,
            72310.0,
            71715.0,
            72354.0
        ],
        [
            10.0,
            19.0,
            12.0,
            17.0,
            15.0
        ]
    ],
    "sim_time": 28.744299173355103
}