{
    "dni": 1000.0,
    "generated_rays": 21708830,
    "power_per_ray": 0.04912999550602518,
    "num_rays": 672247.0,
    "avg_flux": 1848.4062998516215,
    "peak_flux": 5420.893258452574,
    "min_flux": 4.33061050814106,
    "radius": 0.0,
    "bin_size_x": 0.11912060709304066,
    "bin_size_y": 6.0,
    "xvalues": [
        -0.23824121418608132,
        -0.11912060709304068,
        0.0,
        0.11912060709304068,
        0.23824121418608135
    ],
    "yvalues": [
        -12.0,
        -6.0,
        0.0,
        6.0,
        12.0
    ],
    "flux": [
        [
            63.0,
            300.0,
            303.0,
            291.0,
            305.0
        ],
        [
            11598.0,
            46316.0,
            41571.0,
            41536.0,
            41611.0
        ],
        [
            20094.0,
            78861.0,
            68431.0,
            68810.0,
            68250.0
        ],
        [
            11644.0,
            45951.0,
            41506.0,
            41810.0,
            41721.0
        ],
        [
            73.0,
            322.0,
            281.0,
            337.0,
            262.0
        ]
    ],
    "sim_time": 22.409310817718506
}