{
    "dni": 1000.0,
    "generated_rays": 16692314,
    "power_per_ray": 0.06379525173532227,
    "num_rays": 747840.0,
    "avg_flux": 2670.046894599855,
    "peak_flux": 7610.63691658833,
    "min_flux": 0.892586280019742,
    "radius": 0.0,
    "bin_size_x": 0.11912060709304066,
    "bin_size_y": 6.0,
    "xvalues": [
        -0.23824121418608132,
        -0.11912060709304068,
        0.0,
        0.11912060709304068,
        0.23824121418608135
    ],
    "yvalues": [
        -12.0,
        -6.0,
        0.0,
        6.0,
        12.0
    ],
    "flux": [
        [
            10.0,
            24.0,
            24.0,
            23.0,
            20.0
        ],
        [
            17547.0,
            37084.0,
            37230.0,
            36922.0,
            36812.0
        ],
        [
            40319.0,
            85093.0,
            85235.0,
            85265.0,
            84643.0
        ],
        [
            21385.0,
            45032.0,
            44824.0,
            45011.0,
            44995.0
        ],
        [
            38.0,
            77.0,
            88.0,
            84.0,
            55.0
        ]
    ],
    "sim_time": 18.84745764732361
}