{
    "dni": 1000.0,
    "generated_rays": 43594984,
    "power_per_ray": 0.022995047634191145,
    "num_rays": 862466.0,
    "avg_flux": 1109.9365165469042,
    "peak_flux": 3168.3019505543684,
    "min_flux": 0.0,
    "radius": 0.0,
    "bin_size_x": 0.11912060709304066,
    "bin_size_y": 6.0,
    "xvalues": [
        -0.23824121418608132,
        -0.11912060709304068,
        0.0,
        0.11912060709304068,
        0.23824121418608135
    ],
    "yvalues": [
        -12.0,
        -6.0,
        0.0,
        6.0,
        12.0
    ],
    "flux": [
        [
            3.0,
            7.0,
            1.0,
            6.0,
            3.0
        ],
        [
            97099.0,
            98219.0,
            98476.0,
            98318.0,
            98271.0
        ],
        [
            67507.0,
            68687.0,
            67890.0,
            68337.0,
            68463.0
        ],
        [
            6257.0,
            6171.0,
            6364.0,
            6176.0,
            6211.0
        ],
        [
            0.0,
            0.0,
            0.0,
            0.0,
            0.0
        ]
    ],
    "sim_time": 38.892221212387085
}