{
    "dni": 1000.0,
    "generated_rays": 45303386,
    "power_per_ray": 0.023938708915503357,
    "num_rays": 530437.0,
    "avg_flux": 710.6510088605653,
    "peak_flux": 2766.609605989569,
    "min_flux": 0.0,
    "radius": 0.0,
    "bin_size_x": 0.11912060709304066,
    "bin_size_y": 6.0,
    "xvalues": [
        -0.23824121418608132,
        -0.11912060709304068,
        0.0,
        0.11912060709304068,
        0.23824121418608135
    ],
    "yvalues": [
        -12.0,
        -6.0,
        0.0,
        6.0,
        12.0
    ],
    "flux": [
        [
            0.0,
            316.0,
            3408.0,
            3431.0,
            2553.0
        ],
        [
            0.0,
            4844.0,
            47056.0,
            46774.0,
            38183.0
        ],
        [
            0.0,
            8948.0,
            82601.0,
            80735.0,
            66474.0
        ],
        [
            0.0,
            5100.0,
            47282.0,
            45896.0,
            37158.0
        ],
        [
            0.0,
            329.0,
            3424.0,
            3229.0,
            2696.0
        ]
    ],
    "sim_time": 39.024794578552246
}