{
    "dni": 1000.0,
    "generated_rays": 35904564,
    "power_per_ray": 0.03013081578516617,
    "num_rays": 575265.0,
    "avg_flux": 970.0646633494347,
    "peak_flux": 3474.0562485392325,
    "min_flux": 0.0,
    "radius": 0.0,
    "bin_size_x": 0.11912060709304066,
    "bin_size_y": 6.0,
    "xvalues": [
        -0.23824121418608132,
        -0.11912060709304068,
        0.0,
        0.11912060709304068,
        0.23824121418608135
    ],
    "yvalues": [
        -12.0,
        -6.0,
        0.0,
        6.0,
        12.0
    ],
    "flux": [
        [
            0.0,
            941.0,
            1913.0,
            1650.0,
            1593.0
        ],
        [
            0.0,
            25123.0,
            47867.0,
            39691.0,
            39353.0
        ],
        [
            0.0,
            43902.0,
            82407.0,
            66812.0,
            66174.0
        ],
        [
            0.0,
            25231.0,
            47088.0,
            39884.0,
            39514.0
        ],
        [
            0.0,
            975.0,
            1907.0,
            1586.0,
            1654.0
        ]
    ],
    "sim_time": 32.41195726394653
}