{
    "dni": 1000.0,
    "generated_rays": 12308473,
    "power_per_ray": 0.08111081882860646,
    "num_rays": 775803.0,
    "avg_flux": 3521.6977770291933,
    "peak_flux": 8269.920340849138,
    "min_flux": 2.4966825049220693,
    "radius": 0.0,
    "bin_size_x": 0.11912060709304066,
    "bin_size_y": 6.0,
    "xvalues": [
        -0.23824121418608132,
        -0.11912060709304068,
        0.0,
        0.11912060709304068,
        0.23824121418608135
    ],
    "yvalues": [
        -12.0,
        -6.0,
        0.0,
        6.0,
        12.0
    ],
    "flux": [
        [
            31.0,
            22.0,
            33.0,
            27.0,
            30.0
        ],
        [
            39269.0,
            42587.0,
            42541.0,
            42184.0,
            42870.0
        ],
        [
            67640.0,
            72872.0,
            72281.0,
            72277.0,
            71950.0
        ],
        [
            39513.0,
            42278.0,
            42436.0,
            42295.0,
            42528.0
        ],
        [
            27.0,
            27.0,
            32.0,
            31.0,
            22.0
        ]
    ],
    "sim_time": 15.636966466903687
}