{
    "dni": 1000.0,
    "generated_rays": 15029445,
    "power_per_ray": 0.07024131855302737,
    "num_rays": 755668.0,
    "avg_flux": 2970.609256374423,
    "peak_flux": 8020.729117829712,
    "min_flux": 1.8672742484501799,
    "radius": 0.0,
    "bin_size_x": 0.11912060709304066,
    "bin_size_y": 6.0,
    "xvalues": [
        -0.23824121418608132,
        -0.11912060709304068,
        0.0,
        0.11912060709304068,
        0.23824121418608135
    ],
    "yvalues": [
        -12.0,
        -6.0,
        0.0,
        6.0,
        12.0
    ],
    "flux": [
        [
            19.0,
            45.0,
            37.0,
            39.0,
            29.0
        ],
        [
            22066.0,
            41832.0,
            41461.0,
            41453.0,
            41432.0
        ],
        [
            43336.0,
            81536.0,
            81613.0,
            81523.0,
            81288.0
        ],
        [
            23502.0,
            43317.0,
            43813.0,
            43893.0,
            43205.0
        ],
        [
            39.0,
            49.0,
            45.0,
            44.0,
            52.0
        ]
    ],
    "sim_time": 17.806294918060303
}