{
    "dni": 1000.0,
    "generated_rays": 16211483,
    "power_per_ray": 0.06478574596379366,
    "num_rays": 718790.0,
    "avg_flux": 2606.173551199988,
    "peak_flux": 6345.838074138788,
    "min_flux": 4.985445864438827,
    "radius": 0.0,
    "bin_size_x": 0.11912060709304066,
    "bin_size_y": 6.0,
    "xvalues": [
        -0.23824121418608132,
        -0.11912060709304068,
        0.0,
        0.11912060709304068,
        0.23824121418608135
    ],
    "yvalues": [
        -12.0,
        -6.0,
        0.0,
        6.0,
        12.0
    ],
    "flux": [
        [
            57.0,
            91.0,
            88.0,
            109.0,
            88.0
        ],
        [
            27156.0,
            41966.0,
            42364.0,
            41914.0,
            42362.0
        ],
        [
            46375.0,
            69618.0,
            69777.0,
            69390.0,
            70008.0
        ],
        [
            27304.0,
            42641.0,
            42438.0,
            42422.0,
            42213.0
        ],
        [
            55.0,
            84.0,
            89.0,
            90.0,
            91.0
        ]
    ],
    "sim_time": 18.62479305267334
}