{
    "dni": 1000.0,
    "generated_rays": 11958118,
    "power_per_ray": 0.08291682660476728,
    "num_rays": 778999.0,
    "avg_flux": 3614.9426806192932,
    "peak_flux": 8244.075305942892,
    "min_flux": 2.90031075185855,
    "radius": 0.0,
    "bin_size_x": 0.11912060709304066,
    "bin_size_y": 6.0,
    "xvalues": [
        -0.23824121418608132,
        -0.11912060709304068,
        0.0,
        0.11912060709304068,
        0.23824121418608135
    ],
    "yvalues": [
        -12.0,
        -6.0,
        0.0,
        6.0,
        12.0
    ],
    "flux": [
        [
            25.0,
            35.0,
            37.0,
            40.0,
            37.0
        ],
        [
            41661.0,
            43048.0,
            43438.0,
            43177.0,
            42809.0
        ],
        [
            68071.0,
            70966.0,
            70621.0,
            70751.0,
            71062.0
        ],
        [
            41253.0,
            42870.0,
            43209.0,
            42858.0,
            42869.0
        ],
        [
            34.0,
            34.0,
            28.0,
            31.0,
            35.0
        ]
    ],
    "sim_time": 15.503036975860596
}