{
    "dni": 1000.0,
    "generated_rays": 29264340,
    "power_per_ray": 0.03675061504318826,
    "num_rays": 618618.0,
    "avg_flux": 1272.3570691134291,
    "peak_flux": 3746.772748088814,
    "min_flux": 0.0,
    "radius": 0.0,
    "bin_size_x": 0.11912060709304066,
    "bin_size_y": 6.0,
    "xvalues": [
        -0.23824121418608132,
        -0.11912060709304068,
        0.0,
        0.11912060709304068,
        0.23824121418608135
    ],
    "yvalues": [
        -12.0,
        -6.0,
        0.0,
        6.0,
        12.0
    ],
    "flux": [
        [
            0.0,
            830.0,
            917.0,
            889.0,
            895.0
        ],
        [
            0.0,
            42050.0,
            42735.0,
            40700.0,
            40493.0
        ],
        [
            0.0,
            72867.0,
            72034.0,
            67891.0,
            67384.0
        ],
        [
            0.0,
            41767.0,
            42448.0,
            40721.0,
            40453.0
        ],
        [
            0.0,
            818.0,
            924.0,
            943.0,
            859.0
        ]
    ],
    "sim_time": 28.038429737091064
}