{
    "dni": 1000.0,
    "generated_rays": 15045804,
    "power_per_ray": 0.06942820423995316,
    "num_rays": 749455.0,
    "avg_flux": 2912.08023411168,
    "peak_flux": 7704.556367237987,
    "min_flux": 1.8456586602304983,
    "radius": 0.0,
    "bin_size_x": 0.11912060709304066,
    "bin_size_y": 6.0,
    "xvalues": [
        -0.23824121418608132,
        -0.11912060709304068,
        0.0,
        0.11912060709304068,
        0.23824121418608135
    ],
    "yvalues": [
        -12.0,
        -6.0,
        0.0,
        6.0,
        12.0
    ],
    "flux": [
        [
            35.0,
            60.0,
            51.0,
            52.0,
            38.0
        ],
        [
            27232.0,
            42841.0,
            42976.0,
            43070.0,
            43073.0
        ],
        [
            50349.0,
            79314.0,
            78947.0,
            79273.0,
            78418.0
        ],
        [
            27094.0,
            39268.0,
            39220.0,
            39088.0,
            38941.0
        ],
        [
            21.0,
            24.0,
            29.0,
            22.0,
            19.0
        ]
    ],
    "sim_time": 17.819361925125122
}