{
    "dni": 1000.0,
    "generated_rays": 11314746,
    "power_per_ray": 0.08637723456964516,
    "num_rays": 811699.0,
    "avg_flux": 3923.8839041053743,
    "peak_flux": 9657.566618320478,
    "min_flux": 0.24170806568108216,
    "radius": 0.0,
    "bin_size_x": 0.11912060709304066,
    "bin_size_y": 6.0,
    "xvalues": [
        -0.23824121418608132,
        -0.11912060709304068,
        0.0,
        0.11912060709304068,
        0.23824121418608135
    ],
    "yvalues": [
        -12.0,
        -6.0,
        0.0,
        6.0,
        12.0
    ],
    "flux": [
        [
            10.0,
            2.0,
            3.0,
            10.0,
            6.0
        ],
        [
            39114.0,
            39350.0,
            39122.0,
            39093.0,
            39209.0
        ],
        [
            79463.0,
            79576.0,
            79703.0,
            79911.0,
            79237.0
        ],
        [
            43434.0,
            43671.0,
            43629.0,
            43631.0,
            43457.0
        ],
        [
            12.0,
            10.0,
            15.0,
            12.0,
            19.0
        ]
    ],
    "sim_time": 15.192221879959106
}