{
    "dni": 1000.0,
    "generated_rays": 39667021,
    "power_per_ray": 0.027593300475190284,
    "num_rays": 599534.0,
    "avg_flux": 925.8471846756969,
    "peak_flux": 3469.606664793193,
    "min_flux": 0.0,
    "radius": 0.0,
    "bin_size_x": 0.11912060709304066,
    "bin_size_y": 6.0,
    "xvalues": [
        -0.23824121418608132,
        -0.11912060709304068,
        0.0,
        0.11912060709304068,
        0.23824121418608135
    ],
    "yvalues": [
        -12.0,
        -6.0,
        0.0,
        6.0,
        12.0
    ],
    "flux": [
        [
            0.0,
            261.0,
            321.0,
            367.0,
            321.0
        ],
        [
            0.0,
            16620.0,
            27402.0,
            27148.0,
            27553.0
        ],
        [
            0.0,
            52017.0,
            89334.0,
            89297.0,
            89870.0
        ],
        [
            0.0,
            28412.0,
            48764.0,
            48434.0,
            48303.0
        ],
        [
            0.0,
            787.0,
            1466.0,
            1451.0,
            1406.0
        ]
    ],
    "sim_time": 35.042726278305054
}