{
    "dni": 1000.0,
    "generated_rays": 28627393,
    "power_per_ray": 0.036339846653243864,
    "num_rays": 804140.0,
    "avg_flux": 1635.4474679551765,
    "peak_flux": 4701.09287210982,
    "min_flux": 0.0,
    "radius": 0.0,
    "bin_size_x": 0.11912060709304066,
    "bin_size_y": 6.0,
    "xvalues": [
        -0.23824121418608132,
        -0.11912060709304068,
        0.0,
        0.11912060709304068,
        0.23824121418608135
    ],
    "yvalues": [
        -12.0,
        -6.0,
        0.0,
        6.0,
        12.0
    ],
    "flux": [
        [
            1.0,
            0.0,
            0.0,
            0.0,
            0.0
        ],
        [
            4459.0,
            4707.0,
            4785.0,
            4683.0,
            4722.0
        ],
        [
            69548.0,
            92460.0,
            92384.0,
            92252.0,
            92204.0
        ],
        [
            53526.0,
            72088.0,
            72398.0,
            71682.0,
            72187.0
        ],
        [
            9.0,
            16.0,
            9.0,
            11.0,
            9.0
        ]
    ],
    "sim_time": 27.50976276397705
}