{
    "dni": 1000.0,
    "generated_rays": 12017998,
    "power_per_ray": 0.0824355715716289,
    "num_rays": 780266.0,
    "avg_flux": 3599.806686549727,
    "peak_flux": 8259.547277162932,
    "min_flux": 2.19144263124514,
    "radius": 0.0,
    "bin_size_x": 0.11912060709304066,
    "bin_size_y": 6.0,
    "xvalues": [
        -0.23824121418608132,
        -0.11912060709304068,
        0.0,
        0.11912060709304068,
        0.23824121418608135
    ],
    "yvalues": [
        -12.0,
        -6.0,
        0.0,
        6.0,
        12.0
    ],
    "flux": [
        [
            19.0,
            33.0,
            32.0,
            33.0,
            37.0
        ],
        [
            41251.0,
            42655.0,
            42810.0,
            42513.0,
            42511.0
        ],
        [
            69035.0,
            71445.0,
            71393.0,
            71476.0,
            71611.0
        ],
        [
            41313.0,
            43167.0,
            43290.0,
            42729.0,
            42780.0
        ],
        [
            28.0,
            21.0,
            23.0,
            23.0,
            38.0
        ]
    ],
    "sim_time": 15.460105657577515
}