{
    "dni": 1000.0,
    "generated_rays": 12952657,
    "power_per_ray": 0.07862800130460557,
    "num_rays": 756692.0,
    "avg_flux": 3329.800556210708,
    "peak_flux": 7770.350184958831,
    "min_flux": 3.3003526099893103,
    "radius": 0.0,
    "bin_size_x": 0.11912060709304066,
    "bin_size_y": 6.0,
    "xvalues": [
        -0.23824121418608132,
        -0.11912060709304068,
        0.0,
        0.11912060709304068,
        0.23824121418608135
    ],
    "yvalues": [
        -12.0,
        -6.0,
        0.0,
        6.0,
        12.0
    ],
    "flux": [
        [
            30.0,
            39.0,
            54.0,
            50.0,
            47.0
        ],
        [
            36068.0,
            42793.0,
            43025.0,
            43154.0,
            42504.0
        ],
        [
            60444.0,
            70395.0,
            70416.0,
            70164.0,
            70632.0
        ],
        [
            36036.0,
            42636.0,
            42851.0,
            42826.0,
            42346.0
        ],
        [
            32.0,
            35.0,
            36.0,
            40.0,
            39.0
        ]
    ],
    "sim_time": 16.013526439666748
}