{
    "dni": 1000.0,
    "generated_rays": 32552108,
    "power_per_ray": 0.031250205414098654,
    "num_rays": 837948.0,
    "avg_flux": 1465.5201292966433,
    "peak_flux": 3693.3224174318534,
    "min_flux": 0.0,
    "radius": 0.0,
    "bin_size_x": 0.11912060709304066,
    "bin_size_y": 6.0,
    "xvalues": [
        -0.23824121418608132,
        -0.11912060709304068,
        0.0,
        0.11912060709304068,
        0.23824121418608135
    ],
    "yvalues": [
        -12.0,
        -6.0,
        0.0,
        6.0,
        12.0
    ],
    "flux": [
        [
            5.0,
            4.0,
            10.0,
            4.0,
            4.0
        ],
        [
            75552.0,
            84470.0,
            84076.0,
            84091.0,
            83856.0
        ],
        [
            74605.0,
            81391.0,
            81346.0,
            81087.0,
            81708.0
        ],
        [
            5171.0,
            5155.0,
            5178.0,
            5141.0,
            5094.0
        ],
        [
            0.0,
            0.0,
            0.0,
            0.0,
            0.0
        ]
    ],
    "sim_time": 30.983787059783936
}