{
    "dni": 1000.0,
    "generated_rays": 11092395,
    "power_per_ray": 0.08906172514186007,
    "num_rays": 834985.0,
    "avg_flux": 4161.899796760446,
    "peak_flux": 10685.807384904978,
    "min_flux": 0.0,
    "radius": 0.0,
    "bin_size_x": 0.11912060709304066,
    "bin_size_y": 6.0,
    "xvalues": [
        -0.23824121418608132,
        -0.11912060709304068,
        0.0,
        0.11912060709304068,
        0.23824121418608135
    ],
    "yvalues": [
        -12.0,
        -6.0,
        0.0,
        6.0,
        12.0
    ],
    "flux": [
        [
            1.0,
            4.0,
            0.0,
            2.0,
            2.0
        ],
        [
            36664.0,
            37181.0,
            37390.0,
            36504.0,
            36795.0
        ],
        [
            84991.0,
            85754.0,
            84981.0,
            85084.0,
            84844.0
        ],
        [
            44839.0,
            44783.0,
            45022.0,
            45297.0,
            44775.0
        ],
        [
            24.0,
            13.0,
            15.0,
            10.0,
            10.0
        ]
    ],
    "sim_time": 14.94085431098938
}