{
    "dni": 1000.0,
    "generated_rays": 12408170,
    "power_per_ray": 0.08025591764084541,
    "num_rays": 779512.0,
    "avg_flux": 3501.2386408892326,
    "peak_flux": 8367.69678595149,
    "min_flux": 1.235183840972992,
    "radius": 0.0,
    "bin_size_x": 0.11912060709304066,
    "bin_size_y": 6.0,
    "xvalues": [
        -0.23824121418608132,
        -0.11912060709304068,
        0.0,
        0.11912060709304068,
        0.23824121418608135
    ],
    "yvalues": [
        -12.0,
        -6.0,
        0.0,
        6.0,
        12.0
    ],
    "flux": [
        [
            12.0,
            21.0,
            15.0,
            14.0,
            11.0
        ],
        [
            38898.0,
            42155.0,
            42107.0,
            42074.0,
            42030.0
        ],
        [
            69316.0,
            74460.0,
            74519.0,
            74346.0,
            74104.0
        ],
        [
            38808.0,
            41679.0,
            41709.0,
            41424.0,
            41710.0
        ],
        [
            22.0,
            25.0,
            24.0,
            15.0,
            14.0
        ]
    ],
    "sim_time": 15.752180099487305
}