{
    "dni": 1000.0,
    "generated_rays": 16198846,
    "power_per_ray": 0.06477465128727587,
    "num_rays": 725671.0,
    "avg_flux": 2630.6719506880313,
    "peak_flux": 6528.999987581027,
    "min_flux": 3.625157889302496,
    "radius": 0.0,
    "bin_size_x": 0.11912060709304066,
    "bin_size_y": 6.0,
    "xvalues": [
        -0.23824121418608132,
        -0.11912060709304068,
        0.0,
        0.11912060709304068,
        0.23824121418608135
    ],
    "yvalues": [
        -12.0,
        -6.0,
        0.0,
        6.0,
        12.0
    ],
    "flux": [
        [
            51.0,
            75.0,
            73.0,
            62.0,
            64.0
        ],
        [
            27346.0,
            41716.0,
            41656.0,
            41961.0,
            41411.0
        ],
        [
            48735.0,
            72041.0,
            71674.0,
            71394.0,
            71173.0
        ],
        [
            27726.0,
            42486.0,
            41813.0,
            42152.0,
            41742.0
        ],
        [
            40.0,
            77.0,
            56.0,
            73.0,
            74.0
        ]
    ],
    "sim_time": 18.278045892715454
}