{
    "dni": 1000.0,
    "generated_rays": 14223998,
    "power_per_ray": 0.07277473707925718,
    "num_rays": 739525.0,
    "avg_flux": 3012.002639000536,
    "peak_flux": 7171.846992258637,
    "min_flux": 3.6655993713538857,
    "radius": 0.0,
    "bin_size_x": 0.11912060709304066,
    "bin_size_y": 6.0,
    "xvalues": [
        -0.23824121418608132,
        -0.11912060709304068,
        0.0,
        0.11912060709304068,
        0.23824121418608135
    ],
    "yvalues": [
        -12.0,
        -6.0,
        0.0,
        6.0,
        12.0
    ],
    "flux": [
        [
            36.0,
            56.0,
            52.0,
            60.0,
            52.0
        ],
        [
            32324.0,
            42364.0,
            42528.0,
            42269.0,
            42566.0
        ],
        [
            54081.0,
            70270.0,
            69786.0,
            69681.0,
            70435.0
        ],
        [
            31885.0,
            42813.0,
            42645.0,
            42780.0,
            42584.0
        ],
        [
            37.0,
            55.0,
            50.0,
            63.0,
            53.0
        ]
    ],
    "sim_time": 17.054465532302856
}