{
    "dni": 1000.0,
    "generated_rays": 32307063,
    "power_per_ray": 0.033320507155629654,
    "num_rays": 718186.0,
    "avg_flux": 1339.2769080042247,
    "peak_flux": 4787.887067279015,
    "min_flux": 0.23310063618690433,
    "radius": 0.0,
    "bin_size_x": 0.11912060709304066,
    "bin_size_y": 6.0,
    "xvalues": [
        -0.23824121418608132,
        -0.11912060709304068,
        0.0,
        0.11912060709304068,
        0.23824121418608135
    ],
    "yvalues": [
        -12.0,
        -6.0,
        0.0,
        6.0,
        12.0
    ],
    "flux": [
        [
            36.0,
            169.0,
            125.0,
            128.0,
            163.0
        ],
        [
            15509.0,
            58220.0,
            58334.0,
            59017.0,
            58255.0
        ],
        [
            27471.0,
            102192.0,
            102700.0,
            102172.0,
            101948.0
        ],
        [
            3501.0,
            7040.0,
            6929.0,
            7013.0,
            7215.0
        ],
        [
            10.0,
            13.0,
            9.0,
            5.0,
            12.0
        ]
    ],
    "sim_time": 30.8926944732666
}