{
    "dni": 1000.0,
    "generated_rays": 57838790,
    "power_per_ray": 0.018911972899632336,
    "num_rays": 547318.0,
    "avg_flux": 579.2931738724434,
    "peak_flux": 2380.7870067845884,
    "min_flux": 0.0,
    "radius": 0.0,
    "bin_size_x": 0.11912060709304066,
    "bin_size_y": 6.0,
    "xvalues": [
        -0.23824121418608132,
        -0.11912060709304068,
        0.0,
        0.11912060709304068,
        0.23824121418608135
    ],
    "yvalues": [
        -12.0,
        -6.0,
        0.0,
        6.0,
        12.0
    ],
    "flux": [
        [
            0.0,
            652.0,
            2903.0,
            2893.0,
            2999.0
        ],
        [
            0.0,
            13872.0,
            55039.0,
            54842.0,
            55350.0
        ],
        [
            0.0,
            23697.0,
            89698.0,
            89975.0,
            89079.0
        ],
        [
            0.0,
            7264.0,
            19241.0,
            19196.0,
            19054.0
        ],
        [
            0.0,
            317.0,
            434.0,
            410.0,
            403.0
        ]
    ],
    "sim_time": 48.369476556777954
}