{
    "dni": 1000.0,
    "generated_rays": 70581937,
    "power_per_ray": 0.014158485795396492,
    "num_rays": 888164.0,
    "avg_flux": 703.7717310132366,
    "peak_flux": 2084.5189610063526,
    "min_flux": 0.0,
    "radius": 0.0,
    "bin_size_x": 0.11912060709304066,
    "bin_size_y": 6.0,
    "xvalues": [
        -0.23824121418608132,
        -0.11912060709304068,
        0.0,
        0.11912060709304068,
        0.23824121418608135
    ],
    "yvalues": [
        -12.0,
        -6.0,
        0.0,
        6.0,
        12.0
    ],
    "flux": [
        [
            1.0,
            4.0,
            4.0,
            6.0,
            6.0
        ],
        [
            103929.0,
            105227.0,
            104914.0,
            104969.0,
            105111.0
        ],
        [
            64177.0,
            64326.0,
            64149.0,
            64187.0,
            64530.0
        ],
        [
            8544.0,
            8511.0,
            8609.0,
            8475.0,
            8485.0
        ],
        [
            0.0,
            0.0,
            0.0,
            0.0,
            0.0
        ]
    ],
    "sim_time": 59.004822731018066
}