{
    "dni": 1000.0,
    "generated_rays": 70465086,
    "power_per_ray": 0.014154091385233849,
    "num_rays": 889892.0,
    "avg_flux": 704.9221232365815,
    "peak_flux": 2087.139574581797,
    "min_flux": 0.0,
    "radius": 0.0,
    "bin_size_x": 0.11912060709304066,
    "bin_size_y": 6.0,
    "xvalues": [
        -0.23824121418608132,
        -0.11912060709304068,
        0.0,
        0.11912060709304068,
        0.23824121418608135
    ],
    "yvalues": [
        -12.0,
        -6.0,
        0.0,
        6.0,
        12.0
    ],
    "flux": [
        [
            1.0,
            4.0,
            4.0,
            6.0,
            6.0
        ],
        [
            105171.0,
            105392.0,
            104880.0,
            105075.0,
            105084.0
        ],
        [
            64477.0,
            64305.0,
            64134.0,
            64221.0,
            64518.0
        ],
        [
            8488.0,
            8538.0,
            8605.0,
            8511.0,
            8472.0
        ],
        [
            0.0,
            0.0,
            0.0,
            0.0,
            0.0
        ]
    ],
    "sim_time": 59.04641938209534
}