{
    "dni": 1000.0,
    "generated_rays": 24846312,
    "power_per_ray": 0.04275625493106634,
    "num_rays": 763869.0,
    "avg_flux": 1827.8492974451833,
    "peak_flux": 6253.979710618307,
    "min_flux": 0.0,
    "radius": 0.0,
    "bin_size_x": 0.11912060709304066,
    "bin_size_y": 6.0,
    "xvalues": [
        -0.23824121418608132,
        -0.11912060709304068,
        0.0,
        0.11912060709304068,
        0.23824121418608135
    ],
    "yvalues": [
        -12.0,
        -6.0,
        0.0,
        6.0,
        12.0
    ],
    "flux": [
        [
            19.0,
            44.0,
            32.0,
            34.0,
            42.0
        ],
        [
            31411.0,
            58171.0,
            58060.0,
            58201.0,
            58306.0
        ],
        [
            56008.0,
            103910.0,
            104543.0,
            103897.0,
            103685.0
        ],
        [
            4162.0,
            5885.0,
            5804.0,
            5769.0,
            5874.0
        ],
        [
            4.0,
            4.0,
            3.0,
            1.0,
            0.0
        ]
    ],
    "sim_time": 24.915129899978638
}