{
    "dni": 1000.0,
    "generated_rays": 14271095,
    "power_per_ray": 0.07242247666380659,
    "num_rays": 744992.0,
    "avg_flux": 3019.5819766981213,
    "peak_flux": 7322.767583747314,
    "min_flux": 3.445197639965803,
    "radius": 0.0,
    "bin_size_x": 0.11912060709304066,
    "bin_size_y": 6.0,
    "xvalues": [
        -0.23824121418608132,
        -0.11912060709304068,
        0.0,
        0.11912060709304068,
        0.23824121418608135
    ],
    "yvalues": [
        -12.0,
        -6.0,
        0.0,
        6.0,
        12.0
    ],
    "flux": [
        [
            40.0,
            34.0,
            57.0,
            50.0,
            47.0
        ],
        [
            32257.0,
            41951.0,
            42153.0,
            42199.0,
            41944.0
        ],
        [
            56343.0,
            72267.0,
            71573.0,
            71730.0,
            71653.0
        ],
        [
            32516.0,
            42191.0,
            42124.0,
            41648.0,
            42006.0
        ],
        [
            37.0,
            50.0,
            40.0,
            41.0,
            41.0
        ]
    ],
    "sim_time": 17.1044864654541
}