{
    "dni": 1000.0,
    "generated_rays": 18749198,
    "power_per_ray": 0.05656903708343676,
    "num_rays": 769241.0,
    "avg_flux": 2435.359350886667,
    "peak_flux": 8065.352359470345,
    "min_flux": 0.0,
    "radius": 0.0,
    "bin_size_x": 0.11912060709304066,
    "bin_size_y": 6.0,
    "xvalues": [
        -0.23824121418608132,
        -0.11912060709304068,
        0.0,
        0.11912060709304068,
        0.23824121418608135
    ],
    "yvalues": [
        -12.0,
        -6.0,
        0.0,
        6.0,
        12.0
    ],
    "flux": [
        [
            22.0,
            37.0,
            38.0,
            33.0,
            42.0
        ],
        [
            29959.0,
            51283.0,
            51011.0,
            50856.0,
            50743.0
        ],
        [
            59514.0,
            101790.0,
            101608.0,
            101902.0,
            101305.0
        ],
        [
            9183.0,
            14993.0,
            15072.0,
            15009.0,
            14834.0
        ],
        [
            1.0,
            3.0,
            0.0,
            2.0,
            1.0
        ]
    ],
    "sim_time": 20.380332946777344
}