{
    "dni": 1000.0,
    "generated_rays": 14095984,
    "power_per_ray": 0.07355781924272324,
    "num_rays": 759072.0,
    "avg_flux": 3124.8822702076645,
    "peak_flux": 8147.285605201132,
    "min_flux": 1.6466855688038364,
    "radius": 0.0,
    "bin_size_x": 0.11912060709304066,
    "bin_size_y": 6.0,
    "xvalues": [
        -0.23824121418608132,
        -0.11912060709304068,
        0.0,
        0.11912060709304068,
        0.23824121418608135
    ],
    "yvalues": [
        -12.0,
        -6.0,
        0.0,
        6.0,
        12.0
    ],
    "flux": [
        [
            32.0,
            17.0,
            18.0,
            18.0,
            16.0
        ],
        [
            29131.0,
            39136.0,
            39020.0,
            38831.0,
            38972.0
        ],
        [
            54775.0,
            79130.0,
            79050.0,
            79163.0,
            78756.0
        ],
        [
            30115.0,
            43280.0,
            43319.0,
            42883.0,
            43263.0
        ],
        [
            27.0,
            29.0,
            35.0,
            27.0,
            29.0
        ]
    ],
    "sim_time": 16.972032070159912
}