{
    "dni": 1000.0,
    "generated_rays": 18504104,
    "power_per_ray": 0.05791604739515976,
    "num_rays": 730568.0,
    "avg_flux": 2367.99839232625,
    "peak_flux": 6911.934510841033,
    "min_flux": 1.620655703730693,
    "radius": 0.0,
    "bin_size_x": 0.11912060709304066,
    "bin_size_y": 6.0,
    "xvalues": [
        -0.23824121418608132,
        -0.11912060709304068,
        0.0,
        0.11912060709304068,
        0.23824121418608135
    ],
    "yvalues": [
        -12.0,
        -6.0,
        0.0,
        6.0,
        12.0
    ],
    "flux": [
        [
            20.0,
            44.0,
            53.0,
            34.0,
            45.0
        ],
        [
            13758.0,
            37091.0,
            36954.0,
            37209.0,
            36993.0
        ],
        [
            31352.0,
            85032.0,
            85298.0,
            84963.0,
            84800.0
        ],
        [
            16573.0,
            45136.0,
            44665.0,
            44957.0,
            45062.0
        ],
        [
            52.0,
            114.0,
            127.0,
            124.0,
            112.0
        ]
    ],
    "sim_time": 20.466029405593872
}