{
    "dni": 1000.0,
    "generated_rays": 70943290,
    "power_per_ray": 0.014150021204672356,
    "num_rays": 883085.0,
    "avg_flux": 699.3288444077067,
    "peak_flux": 2082.3026434916733,
    "min_flux": 0.0,
    "radius": 0.0,
    "bin_size_x": 0.11912060709304066,
    "bin_size_y": 6.0,
    "xvalues": [
        -0.23824121418608132,
        -0.11912060709304068,
        0.0,
        0.11912060709304068,
        0.23824121418608135
    ],
    "yvalues": [
        -12.0,
        -6.0,
        0.0,
        6.0,
        12.0
    ],
    "flux": [
        [
            0.0,
            0.0,
            0.0,
            0.0,
            0.0
        ],
        [
            8701.0,
            8548.0,
            8475.0,
            8506.0,
            8641.0
        ],
        [
            63063.0,
            64276.0,
            64038.0,
            64096.0,
            64424.0
        ],
        [
            100926.0,
            104733.0,
            104747.0,
            104709.0,
            105178.0
        ],
        [
            7.0,
            7.0,
            3.0,
            5.0,
            2.0
        ]
    ],
    "sim_time": 59.397013425827026
}