{
    "dni": 1000.0,
    "generated_rays": 26045112,
    "power_per_ray": 0.03925990238998078,
    "num_rays": 826996.0,
    "avg_flux": 1817.0817532041383,
    "peak_flux": 5101.750854669816,
    "min_flux": 0.0,
    "radius": 0.0,
    "bin_size_x": 0.11912060709304066,
    "bin_size_y": 6.0,
    "xvalues": [
        -0.23824121418608132,
        -0.11912060709304068,
        0.0,
        0.11912060709304068,
        0.23824121418608135
    ],
    "yvalues": [
        -12.0,
        -6.0,
        0.0,
        6.0,
        12.0
    ],
    "flux": [
        [
            1.0,
            0.0,
            0.0,
            0.0,
            0.0
        ],
        [
            4570.0,
            4693.0,
            4736.0,
            4652.0,
            4660.0
        ],
        [
            81045.0,
            92722.0,
            92603.0,
            92461.0,
            92877.0
        ],
        [
            63293.0,
            72147.0,
            72253.0,
            71902.0,
            72338.0
        ],
        [
            10.0,
            12.0,
            2.0,
            8.0,
            11.0
        ]
    ],
    "sim_time": 25.930737257003784
}