{
    "dni": 1000.0,
    "generated_rays": 11821132,
    "power_per_ray": 0.08313289007177581,
    "num_rays": 784271.0,
    "avg_flux": 3648.890896968952,
    "peak_flux": 8223.102720329262,
    "min_flux": 2.6752388724779412,
    "radius": 0.0,
    "bin_size_x": 0.11912060709304066,
    "bin_size_y": 6.0,
    "xvalues": [
        -0.23824121418608132,
        -0.11912060709304068,
        0.0,
        0.11912060709304068,
        0.23824121418608135
    ],
    "yvalues": [
        -12.0,
        -6.0,
        0.0,
        6.0,
        12.0
    ],
    "flux": [
        [
            28.0,
            32.0,
            35.0,
            31.0,
            38.0
        ],
        [
            43182.0,
            43048.0,
            43140.0,
            43098.0,
            43030.0
        ],
        [
            70515.0,
            70697.0,
            70455.0,
            70621.0,
            70586.0
        ],
        [
            43169.0,
            43127.0,
            43347.0,
            42870.0,
            43057.0
        ],
        [
            43.0,
            37.0,
            23.0,
            34.0,
            28.0
        ]
    ],
    "sim_time": 15.517870426177979
}