{
    "dni": 1000.0,
    "generated_rays": 33626840,
    "power_per_ray": 0.03175203922310972,
    "num_rays": 740051.0,
    "avg_flux": 1315.0889087700314,
    "peak_flux": 4399.646611893345,
    "min_flux": 0.17770247033921058,
    "radius": 0.0,
    "bin_size_x": 0.11912060709304066,
    "bin_size_y": 6.0,
    "xvalues": [
        -0.23824121418608132,
        -0.11912060709304068,
        0.0,
        0.11912060709304068,
        0.23824121418608135
    ],
    "yvalues": [
        -12.0,
        -6.0,
        0.0,
        6.0,
        12.0
    ],
    "flux": [
        [
            28.0,
            88.0,
            67.0,
            74.0,
            67.0
        ],
        [
            24526.0,
            64302.0,
            64482.0,
            64400.0,
            64038.0
        ],
        [
            38732.0,
            98643.0,
            99012.0,
            99034.0,
            98611.0
        ],
        [
            3803.0,
            5009.0,
            4993.0,
            5069.0,
            5046.0
        ],
        [
            5.0,
            6.0,
            4.0,
            6.0,
            6.0
        ]
    ],
    "sim_time": 31.053225994110107
}