{
    "dni": 1000.0,
    "generated_rays": 12936214,
    "power_per_ray": 0.07866906430411406,
    "num_rays": 755616.0,
    "avg_flux": 3326.8021458167054,
    "peak_flux": 7764.7221132987415,
    "min_flux": 3.3020761992368204,
    "radius": 0.0,
    "bin_size_x": 0.11912060709304066,
    "bin_size_y": 6.0,
    "xvalues": [
        -0.23824121418608132,
        -0.11912060709304068,
        0.0,
        0.11912060709304068,
        0.23824121418608135
    ],
    "yvalues": [
        -12.0,
        -6.0,
        0.0,
        6.0,
        12.0
    ],
    "flux": [
        [
            30.0,
            35.0,
            48.0,
            39.0,
            39.0
        ],
        [
            36094.0,
            42711.0,
            42630.0,
            42967.0,
            42754.0
        ],
        [
            60245.0,
            70020.0,
            70325.0,
            69850.0,
            70544.0
        ],
        [
            36200.0,
            42651.0,
            42877.0,
            43008.0,
            42360.0
        ],
        [
            30.0,
            43.0,
            37.0,
            44.0,
            35.0
        ]
    ],
    "sim_time": 16.09488844871521
}