{
    "dni": 1000.0,
    "generated_rays": 12625348,
    "power_per_ray": 0.07979713053232688,
    "num_rays": 769003.0,
    "avg_flux": 3434.291472497375,
    "peak_flux": 8113.761070529039,
    "min_flux": 2.2329506338059635,
    "radius": 0.0,
    "bin_size_x": 0.11912060709304066,
    "bin_size_y": 6.0,
    "xvalues": [
        -0.23824121418608132,
        -0.11912060709304068,
        0.0,
        0.11912060709304068,
        0.23824121418608135
    ],
    "yvalues": [
        -12.0,
        -6.0,
        0.0,
        6.0,
        12.0
    ],
    "flux": [
        [
            27.0,
            26.0,
            23.0,
            35.0,
            20.0
        ],
        [
            37508.0,
            42133.0,
            42183.0,
            42201.0,
            42437.0
        ],
        [
            64793.0,
            72673.0,
            71966.0,
            72494.0,
            72259.0
        ],
        [
            38049.0,
            42576.0,
            42570.0,
            42458.0,
            42432.0
        ],
        [
            25.0,
            34.0,
            22.0,
            37.0,
            22.0
        ]
    ],
    "sim_time": 15.773090362548828
}