{
    "dni": 1000.0,
    "generated_rays": 27716818,
    "power_per_ray": 0.038582659465376534,
    "num_rays": 745273.0,
    "avg_flux": 1609.2717607503132,
    "peak_flux": 5611.709957862356,
    "min_flux": 0.16194787957738102,
    "radius": 0.0,
    "bin_size_x": 0.11912060709304066,
    "bin_size_y": 6.0,
    "xvalues": [
        -0.23824121418608132,
        -0.11912060709304068,
        0.0,
        0.11912060709304068,
        0.23824121418608135
    ],
    "yvalues": [
        -12.0,
        -6.0,
        0.0,
        6.0,
        12.0
    ],
    "flux": [
        [
            31.0,
            83.0,
            59.0,
            54.0,
            82.0
        ],
        [
            25037.0,
            57853.0,
            58166.0,
            58536.0,
            58240.0
        ],
        [
            44709.0,
            103144.0,
            103954.0,
            103652.0,
            102590.0
        ],
        [
            4030.0,
            6340.0,
            6197.0,
            6214.0,
            6279.0
        ],
        [
            5.0,
            3.0,
            4.0,
            4.0,
            7.0
        ]
    ],
    "sim_time": 27.021198987960815
}