{
    "dni": 1000.0,
    "generated_rays": 21397758,
    "power_per_ray": 0.05041373303912544,
    "num_rays": 716990.0,
    "avg_flux": 2022.94371135355,
    "peak_flux": 6343.653421964795,
    "min_flux": 0.9169677487690256,
    "radius": 0.0,
    "bin_size_x": 0.11912060709304066,
    "bin_size_y": 6.0,
    "xvalues": [
        -0.23824121418608132,
        -0.11912060709304068,
        0.0,
        0.11912060709304068,
        0.23824121418608135
    ],
    "yvalues": [
        -12.0,
        -6.0,
        0.0,
        6.0,
        12.0
    ],
    "flux": [
        [
            49.0,
            175.0,
            212.0,
            174.0,
            159.0
        ],
        [
            13277.0,
            46365.0,
            46724.0,
            46530.0,
            46623.0
        ],
        [
            25231.0,
            89874.0,
            89935.0,
            89758.0,
            89428.0
        ],
        [
            8999.0,
            31096.0,
            30819.0,
            30569.0,
            30858.0
        ],
        [
            13.0,
            38.0,
            28.0,
            25.0,
            31.0
        ]
    ],
    "sim_time": 22.35431170463562
}