{
    "dni": 1000.0,
    "generated_rays": 21364164,
    "power_per_ray": 0.047710085745403835,
    "num_rays": 827167.0,
    "avg_flux": 2208.6415585477125,
    "peak_flux": 6705.425059198332,
    "min_flux": 0.0,
    "radius": 0.0,
    "bin_size_x": 0.11912060709304066,
    "bin_size_y": 6.0,
    "xvalues": [
        -0.23824121418608132,
        -0.11912060709304068,
        0.0,
        0.11912060709304068,
        0.23824121418608135
    ],
    "yvalues": [
        -12.0,
        -6.0,
        0.0,
        6.0,
        12.0
    ],
    "flux": [
        [
            0.0,
            0.0,
            0.0,
            1.0,
            0.0
        ],
        [
            4209.0,
            4572.0,
            4536.0,
            4431.0,
            4468.0
        ],
        [
            90245.0,
            100352.0,
            100451.0,
            99954.0,
            100336.0
        ],
        [
            57237.0,
            63901.0,
            64446.0,
            64077.0,
            63909.0
        ],
        [
            8.0,
            8.0,
            4.0,
            10.0,
            12.0
        ]
    ],
    "sim_time": 22.91754174232483
}