{
    "dni": 1000.0,
    "generated_rays": 23107693,
    "power_per_ray": 0.0448379185030412,
    "num_rays": 807015.0,
    "avg_flux": 2025.111281961435,
    "peak_flux": 6290.588885464303,
    "min_flux": 0.0,
    "radius": 0.0,
    "bin_size_x": 0.11912060709304066,
    "bin_size_y": 6.0,
    "xvalues": [
        -0.23824121418608132,
        -0.11912060709304068,
        0.0,
        0.11912060709304068,
        0.23824121418608135
    ],
    "yvalues": [
        -12.0,
        -6.0,
        0.0,
        6.0,
        12.0
    ],
    "flux": [
        [
            1.0,
            0.0,
            0.0,
            1.0,
            0.0
        ],
        [
            4156.0,
            4538.0,
            4584.0,
            4471.0,
            4471.0
        ],
        [
            78183.0,
            100264.0,
            100273.0,
            99700.0,
            100104.0
        ],
        [
            49546.0,
            64096.0,
            64153.0,
            64262.0,
            64150.0
        ],
        [
            10.0,
            11.0,
            7.0,
            16.0,
            18.0
        ]
    ],
    "sim_time": 23.909591674804688
}