{
    "dni": 1000.0,
    "generated_rays": 11922354,
    "power_per_ray": 0.08417061661575383,
    "num_rays": 791852.0,
    "avg_flux": 3730.150628282116,
    "peak_flux": 9395.306413752787,
    "min_flux": 0.4710666422869571,
    "radius": 0.0,
    "bin_size_x": 0.11912060709304066,
    "bin_size_y": 6.0,
    "xvalues": [
        -0.23824121418608132,
        -0.11912060709304068,
        0.0,
        0.11912060709304068,
        0.23824121418608135
    ],
    "yvalues": [
        -12.0,
        -6.0,
        0.0,
        6.0,
        12.0
    ],
    "flux": [
        [
            11.0,
            4.0,
            5.0,
            10.0,
            6.0
        ],
        [
            35101.0,
            39230.0,
            38976.0,
            39152.0,
            39204.0
        ],
        [
            69950.0,
            79366.0,
            79557.0,
            79779.0,
            79144.0
        ],
        [
            38363.0,
            43292.0,
            43596.0,
            43614.0,
            43415.0
        ],
        [
            14.0,
            18.0,
            11.0,
            16.0,
            18.0
        ]
    ],
    "sim_time": 15.390780687332153
}