{
    "dni": 1000.0,
    "generated_rays": 18119219,
    "power_per_ray": 0.055980439676295735,
    "num_rays": 829234.0,
    "avg_flux": 2597.9766807980195,
    "peak_flux": 8259.720141526854,
    "min_flux": 0.0,
    "radius": 0.0,
    "bin_size_x": 0.11912060709304066,
    "bin_size_y": 6.0,
    "xvalues": [
        -0.23824121418608132,
        -0.11912060709304068,
        0.0,
        0.11912060709304068,
        0.23824121418608135
    ],
    "yvalues": [
        -12.0,
        -6.0,
        0.0,
        6.0,
        12.0
    ],
    "flux": [
        [
            3.0,
            8.0,
            8.0,
            13.0,
            7.0
        ],
        [
            53741.0,
            58145.0,
            58339.0,
            58107.0,
            58356.0
        ],
        [
            97104.0,
            105307.0,
            104884.0,
            104834.0,
            105455.0
        ],
        [
            4889.0,
            5022.0,
            5016.0,
            5075.0,
            4921.0
        ],
        [
            0.0,
            0.0,
            0.0,
            0.0,
            0.0
        ]
    ],
    "sim_time": 19.96568012237549
}