{
    "dni": 1000.0,
    "generated_rays": 66078602,
    "power_per_ray": 0.016470143556030704,
    "num_rays": 358341.0,
    "avg_flux": 330.305441744535,
    "peak_flux": 1640.9223264812604,
    "min_flux": 0.0,
    "radius": 0.0,
    "bin_size_x": 0.11912060709304066,
    "bin_size_y": 6.0,
    "xvalues": [
        -0.23824121418608132,
        -0.11912060709304068,
        0.0,
        0.11912060709304068,
        0.23824121418608135
    ],
    "yvalues": [
        -12.0,
        -6.0,
        0.0,
        6.0,
        12.0
    ],
    "flux": [
        [
            0.0,
            0.0,
            565.0,
            7767.0,
            8272.0
        ],
        [
            0.0,
            0.0,
            3505.0,
            42824.0,
            44100.0
        ],
        [
            0.0,
            0.0,
            5508.0,
            68196.0,
            71208.0
        ],
        [
            0.0,
            0.0,
            3163.0,
            42395.0,
            44008.0
        ],
        [
            0.0,
            0.0,
            588.0,
            7913.0,
            8329.0
        ]
    ],
    "sim_time": 54.24455380439758
}