{
    "dni": 1000.0,
    "generated_rays": 12918219,
    "power_per_ray": 0.07758501678783328,
    "num_rays": 832105.0,
    "avg_flux": 3613.082122939791,
    "peak_flux": 10526.550123653788,
    "min_flux": 0.0,
    "radius": 0.0,
    "bin_size_x": 0.11912060709304066,
    "bin_size_y": 6.0,
    "xvalues": [
        -0.23824121418608132,
        -0.11912060709304068,
        0.0,
        0.11912060709304068,
        0.23824121418608135
    ],
    "yvalues": [
        -12.0,
        -6.0,
        0.0,
        6.0,
        12.0
    ],
    "flux": [
        [
            1.0,
            0.0,
            0.0,
            0.0,
            0.0
        ],
        [
            21538.0,
            22289.0,
            22379.0,
            22330.0,
            22414.0
        ],
        [
            93829.0,
            96972.0,
            96566.0,
            96629.0,
            96536.0
        ],
        [
            46961.0,
            48537.0,
            48671.0,
            48147.0,
            48236.0
        ],
        [
            13.0,
            13.0,
            18.0,
            11.0,
            15.0
        ]
    ],
    "sim_time": 16.239318132400513
}