{
    "dni": 1000.0,
    "generated_rays": 44926213,
    "power_per_ray": 0.022659266951724176,
    "num_rays": 846497.0,
    "avg_flux": 1073.477934949973,
    "peak_flux": 3126.4125294347364,
    "min_flux": 0.0,
    "radius": 0.0,
    "bin_size_x": 0.11912060709304066,
    "bin_size_y": 6.0,
    "xvalues": [
        -0.23824121418608132,
        -0.11912060709304068,
        0.0,
        0.11912060709304068,
        0.23824121418608135
    ],
    "yvalues": [
        -12.0,
        -6.0,
        0.0,
        6.0,
        12.0
    ],
    "flux": [
        [
            0.0,
            0.0,
            0.0,
            0.0,
            0.0
        ],
        [
            6284.0,
            6253.0,
            6127.0,
            6196.0,
            6200.0
        ],
        [
            62872.0,
            68026.0,
            68152.0,
            67959.0,
            68357.0
        ],
        [
            87497.0,
            98614.0,
            98052.0,
            98082.0,
            97808.0
        ],
        [
            3.0,
            5.0,
            4.0,
            2.0,
            4.0
        ]
    ],
    "sim_time": 40.033260107040405
}