{
    "dni": 1000.0,
    "generated_rays": 59402105,
    "power_per_ray": 0.01809241039179427,
    "num_rays": 723818.0,
    "avg_flux": 732.904945362882,
    "peak_flux": 2092.3166548417216,
    "min_flux": 0.17719698244379714,
    "radius": 0.0,
    "bin_size_x": 0.11912060709304066,
    "bin_size_y": 6.0,
    "xvalues": [
        -0.23824121418608132,
        -0.11912060709304068,
        0.0,
        0.11912060709304068,
        0.23824121418608135
    ],
    "yvalues": [
        -12.0,
        -6.0,
        0.0,
        6.0,
        12.0
    ],
    "flux": [
        [
            30.0,
            163.0,
            198.0,
            179.0,
            195.0
        ],
        [
            18184.0,
            82573.0,
            82655.0,
            82378.0,
            82518.0
        ],
        [
            24553.0,
            80344.0,
            80628.0,
            80330.0,
            80723.0
        ],
        [
            5155.0,
            5747.0,
            5843.0,
            5739.0,
            5637.0
        ],
        [
            12.0,
            11.0,
            8.0,
            7.0,
            8.0
        ]
    ],
    "sim_time": 50.24789762496948
}