{
    "dni": 1000.0,
    "generated_rays": 25174818,
    "power_per_ray": 0.04159072781297253,
    "num_rays": 789789.0,
    "avg_flux": 1838.3552675608005,
    "peak_flux": 5831.005218819913,
    "min_flux": 0.0,
    "radius": 0.0,
    "bin_size_x": 0.11912060709304066,
    "bin_size_y": 6.0,
    "xvalues": [
        -0.23824121418608132,
        -0.11912060709304068,
        0.0,
        0.11912060709304068,
        0.23824121418608135
    ],
    "yvalues": [
        -12.0,
        -6.0,
        0.0,
        6.0,
        12.0
    ],
    "flux": [
        [
            12.0,
            17.0,
            21.0,
            10.0,
            19.0
        ],
        [
            43586.0,
            64049.0,
            63917.0,
            63683.0,
            64117.0
        ],
        [
            67970.0,
            99991.0,
            100113.0,
            100204.0,
            100005.0
        ],
        [
            4017.0,
            4473.0,
            4529.0,
            4563.0,
            4492.0
        ],
        [
            0.0,
            0.0,
            1.0,
            0.0,
            0.0
        ]
    ],
    "sim_time": 25.073407411575317
}