{
    "dni": 1000.0,
    "generated_rays": 12196318,
    "power_per_ray": 0.08204597642220297,
    "num_rays": 771515.0,
    "avg_flux": 3542.6113104530486,
    "peak_flux": 8169.77324982771,
    "min_flux": 2.984643657990424,
    "radius": 0.0,
    "bin_size_x": 0.11912060709304066,
    "bin_size_y": 6.0,
    "xvalues": [
        -0.23824121418608132,
        -0.11912060709304068,
        0.0,
        0.11912060709304068,
        0.23824121418608135
    ],
    "yvalues": [
        -12.0,
        -6.0,
        0.0,
        6.0,
        12.0
    ],
    "flux": [
        [
            29.0,
            31.0,
            26.0,
            41.0,
            39.0
        ],
        [
            39808.0,
            42828.0,
            42751.0,
            42658.0,
            42776.0
        ],
        [
            65608.0,
            71091.0,
            70127.0,
            71169.0,
            70711.0
        ],
        [
            39729.0,
            42915.0,
            43263.0,
            42773.0,
            42973.0
        ],
        [
            36.0,
            35.0,
            33.0,
            34.0,
            31.0
        ]
    ],
    "sim_time": 15.547200441360474
}