{
    "dni": 1000.0,
    "generated_rays": 17785152,
    "power_per_ray": 0.05953817480087219,
    "num_rays": 722380.0,
    "avg_flux": 2407.0387014879902,
    "peak_flux": 6736.079712838927,
    "min_flux": 2.998885394583448,
    "radius": 0.0,
    "bin_size_x": 0.11912060709304066,
    "bin_size_y": 6.0,
    "xvalues": [
        -0.23824121418608132,
        -0.11912060709304068,
        0.0,
        0.11912060709304068,
        0.23824121418608135
    ],
    "yvalues": [
        -12.0,
        -6.0,
        0.0,
        6.0,
        12.0
    ],
    "flux": [
        [
            57.0,
            122.0,
            97.0,
            103.0,
            95.0
        ],
        [
            19710.0,
            43604.0,
            42810.0,
            42821.0,
            42828.0
        ],
        [
            36013.0,
            80863.0,
            78505.0,
            78255.0,
            78497.0
        ],
        [
            19998.0,
            40828.0,
            39019.0,
            39163.0,
            38707.0
        ],
        [
            36.0,
            70.0,
            72.0,
            64.0,
            43.0
        ]
    ],
    "sim_time": 19.69150137901306
}