{
    "dni": 1000.0,
    "generated_rays": 19897690,
    "power_per_ray": 0.052151738255398004,
    "num_rays": 804844.0,
    "avg_flux": 2349.10452796485,
    "peak_flux": 7656.354520574665,
    "min_flux": 0.0,
    "radius": 0.0,
    "bin_size_x": 0.11912060709304066,
    "bin_size_y": 6.0,
    "xvalues": [
        -0.23824121418608132,
        -0.11912060709304068,
        0.0,
        0.11912060709304068,
        0.23824121418608135
    ],
    "yvalues": [
        -12.0,
        -6.0,
        0.0,
        6.0,
        12.0
    ],
    "flux": [
        [
            2.0,
            0.0,
            0.0,
            0.0,
            0.0
        ],
        [
            4596.0,
            5206.0,
            5311.0,
            5269.0,
            5186.0
        ],
        [
            81596.0,
            104928.0,
            104702.0,
            104647.0,
            104793.0
        ],
        [
            45245.0,
            58449.0,
            58251.0,
            58251.0,
            58351.0
        ],
        [
            10.0,
            12.0,
            11.0,
            13.0,
            15.0
        ]
    ],
    "sim_time": 21.30418300628662
}