{
    "dni": 1000.0,
    "generated_rays": 20874806,
    "power_per_ray": 0.05151777950878972,
    "num_rays": 698596.0,
    "avg_flux": 2014.2115106141641,
    "peak_flux": 5900.165589314941,
    "min_flux": 1.946178863985137,
    "radius": 0.0,
    "bin_size_x": 0.11912060709304066,
    "bin_size_y": 6.0,
    "xvalues": [
        -0.23824121418608132,
        -0.11912060709304068,
        0.0,
        0.11912060709304068,
        0.23824121418608135
    ],
    "yvalues": [
        -12.0,
        -6.0,
        0.0,
        6.0,
        12.0
    ],
    "flux": [
        [
            42.0,
            263.0,
            237.0,
            218.0,
            241.0
        ],
        [
            8476.0,
            43795.0,
            43353.0,
            43439.0,
            43422.0
        ],
        [
            15258.0,
            81855.0,
            81680.0,
            81340.0,
            81741.0
        ],
        [
            7661.0,
            41163.0,
            41435.0,
            41155.0,
            41098.0
        ],
        [
            27.0,
            179.0,
            183.0,
            156.0,
            179.0
        ]
    ],
    "sim_time": 21.67025661468506
}