{
    "dni": 1000.0,
    "generated_rays": 16959091,
    "power_per_ray": 0.0608147049506996,
    "num_rays": 810002.0,
    "avg_flux": 2756.8715909918874,
    "peak_flux": 9012.905721350833,
    "min_flux": 0.0,
    "radius": 0.0,
    "bin_size_x": 0.11912060709304066,
    "bin_size_y": 6.0,
    "xvalues": [
        -0.23824121418608132,
        -0.11912060709304068,
        0.0,
        0.11912060709304068,
        0.23824121418608135
    ],
    "yvalues": [
        -12.0,
        -6.0,
        0.0,
        6.0,
        12.0
    ],
    "flux": [
        [
            15.0,
            16.0,
            18.0,
            9.0,
            13.0
        ],
        [
            44399.0,
            54101.0,
            54182.0,
            53886.0,
            53870.0
        ],
        [
            86776.0,
            105716.0,
            105924.0,
            105755.0,
            105686.0
        ],
        [
            7073.0,
            8174.0,
            8207.0,
            8155.0,
            8025.0
        ],
        [
            1.0,
            1.0,
            0.0,
            0.0,
            0.0
        ]
    ],
    "sim_time": 19.171226263046265
}