{
    "dni": 1000.0,
    "generated_rays": 42459138,
    "power_per_ray": 0.02552919515540383,
    "num_rays": 537923.0,
    "avg_flux": 768.5623045252034,
    "peak_flux": 2867.8049788594067,
    "min_flux": 0.0,
    "radius": 0.0,
    "bin_size_x": 0.11912060709304066,
    "bin_size_y": 6.0,
    "xvalues": [
        -0.23824121418608132,
        -0.11912060709304068,
        0.0,
        0.11912060709304068,
        0.23824121418608135
    ],
    "yvalues": [
        -12.0,
        -6.0,
        0.0,
        6.0,
        12.0
    ],
    "flux": [
        [
            0.0,
            430.0,
            3021.0,
            2799.0,
            2242.0
        ],
        [
            0.0,
            8125.0,
            45528.0,
            43920.0,
            38056.0
        ],
        [
            0.0,
            13846.0,
            80288.0,
            79687.0,
            72674.0
        ],
        [
            0.0,
            7401.0,
            45137.0,
            44816.0,
            41104.0
        ],
        [
            0.0,
            489.0,
            2973.0,
            2935.0,
            2452.0
        ]
    ],
    "sim_time": 37.06163454055786
}