{
    "dni": 1000.0,
    "generated_rays": 16456352,
    "power_per_ray": 0.06458027785257353,
    "num_rays": 739943.0,
    "avg_flux": 2674.360924400101,
    "peak_flux": 7394.7257995541495,
    "min_flux": 2.0782107966830665,
    "radius": 0.0,
    "bin_size_x": 0.11912060709304066,
    "bin_size_y": 6.0,
    "xvalues": [
        -0.23824121418608132,
        -0.11912060709304068,
        0.0,
        0.11912060709304068,
        0.23824121418608135
    ],
    "yvalues": [
        -12.0,
        -6.0,
        0.0,
        6.0,
        12.0
    ],
    "flux": [
        [
            50.0,
            72.0,
            64.0,
            82.0,
            74.0
        ],
        [
            19429.0,
            43248.0,
            43558.0,
            43561.0,
            43584.0
        ],
        [
            36138.0,
            81750.0,
            81839.0,
            81412.0,
            81527.0
        ],
        [
            18137.0,
            41283.0,
            41553.0,
            41240.0,
            41097.0
        ],
        [
            23.0,
            58.0,
            53.0,
            57.0,
            54.0
        ]
    ],
    "sim_time": 18.5076003074646
}