{
    "dni": 1000.0,
    "generated_rays": 18952232,
    "power_per_ray": 0.05657287050230662,
    "num_rays": 738478.0,
    "avg_flux": 2338.124431606324,
    "peak_flux": 7126.188680553698,
    "min_flux": 0.7915348973179714,
    "radius": 0.0,
    "bin_size_x": 0.11912060709304066,
    "bin_size_y": 6.0,
    "xvalues": [
        -0.23824121418608132,
        -0.11912060709304068,
        0.0,
        0.11912060709304068,
        0.23824121418608135
    ],
    "yvalues": [
        -12.0,
        -6.0,
        0.0,
        6.0,
        12.0
    ],
    "flux": [
        [
            10.0,
            14.0,
            16.0,
            16.0,
            14.0
        ],
        [
            12733.0,
            31083.0,
            31075.0,
            30917.0,
            30657.0
        ],
        [
            36582.0,
            90030.0,
            89685.0,
            89680.0,
            90024.0
        ],
        [
            19390.0,
            46729.0,
            46145.0,
            46706.0,
            46530.0
        ],
        [
            42.0,
            77.0,
            114.0,
            104.0,
            105.0
        ]
    ],
    "sim_time": 20.56428050994873
}