{
    "dni": 1000.0,
    "generated_rays": 18936463,
    "power_per_ray": 0.0542668414703665,
    "num_rays": 815524.0,
    "avg_flux": 2476.8125181851774,
    "peak_flux": 7980.158342943209,
    "min_flux": 0.0,
    "radius": 0.0,
    "bin_size_x": 0.11912060709304066,
    "bin_size_y": 6.0,
    "xvalues": [
        -0.23824121418608132,
        -0.11912060709304068,
        0.0,
        0.11912060709304068,
        0.23824121418608135
    ],
    "yvalues": [
        -12.0,
        -6.0,
        0.0,
        6.0,
        12.0
    ],
    "flux": [
        [
            6.0,
            9.0,
            10.0,
            15.0,
            7.0
        ],
        [
            49111.0,
            58104.0,
            58271.0,
            58028.0,
            58291.0
        ],
        [
            88639.0,
            105103.0,
            104920.0,
            104752.0,
            105096.0
        ],
        [
            4720.0,
            5059.0,
            5113.0,
            5215.0,
            5055.0
        ],
        [
            0.0,
            0.0,
            0.0,
            0.0,
            0.0
        ]
    ],
    "sim_time": 20.59175705909729
}