{
    "dni": 1000.0,
    "generated_rays": 14473436,
    "power_per_ray": 0.07019213341371382,
    "num_rays": 823397.0,
    "avg_flux": 3234.5924290166085,
    "peak_flux": 10111.182640993164,
    "min_flux": 0.0,
    "radius": 0.0,
    "bin_size_x": 0.11912060709304066,
    "bin_size_y": 6.0,
    "xvalues": [
        -0.23824121418608132,
        -0.11912060709304068,
        0.0,
        0.11912060709304068,
        0.23824121418608135
    ],
    "yvalues": [
        -12.0,
        -6.0,
        0.0,
        6.0,
        12.0
    ],
    "flux": [
        [
            0.0,
            0.0,
            0.0,
            0.0,
            0.0
        ],
        [
            13084.0,
            14382.0,
            14169.0,
            14206.0,
            14097.0
        ],
        [
            93433.0,
            102956.0,
            102331.0,
            102469.0,
            102552.0
        ],
        [
            46570.0,
            50916.0,
            50729.0,
            50844.0,
            50606.0
        ],
        [
            11.0,
            10.0,
            13.0,
            11.0,
            8.0
        ]
    ],
    "sim_time": 17.219729900360107
}