{
    "dni": 1000.0,
    "generated_rays": 39516693,
    "power_per_ray": 0.027697225825003887,
    "num_rays": 578763.0,
    "avg_flux": 897.1372181157645,
    "peak_flux": 3317.744300852122,
    "min_flux": 0.0,
    "radius": 0.0,
    "bin_size_x": 0.11912060709304066,
    "bin_size_y": 6.0,
    "xvalues": [
        -0.23824121418608132,
        -0.11912060709304068,
        0.0,
        0.11912060709304068,
        0.23824121418608135
    ],
    "yvalues": [
        -12.0,
        -6.0,
        0.0,
        6.0,
        12.0
    ],
    "flux": [
        [
            0.0,
            339.0,
            771.0,
            793.0,
            742.0
        ],
        [
            0.0,
            15613.0,
            33360.0,
            33036.0,
            33241.0
        ],
        [
            0.0,
            38943.0,
            85040.0,
            84683.0,
            85614.0
        ],
        [
            0.0,
            21436.0,
            46235.0,
            46239.0,
            46463.0
        ],
        [
            0.0,
            746.0,
            1837.0,
            1807.0,
            1825.0
        ]
    ],
    "sim_time": 34.868555545806885
}