{
    "dni": 1000.0,
    "generated_rays": 12517308,
    "power_per_ray": 0.08066047362230323,
    "num_rays": 764244.0,
    "avg_flux": 3449.964676268843,
    "peak_flux": 7977.527564367269,
    "min_flux": 3.0470977285807535,
    "radius": 0.0,
    "bin_size_x": 0.11912060709304066,
    "bin_size_y": 6.0,
    "xvalues": [
        -0.23824121418608132,
        -0.11912060709304068,
        0.0,
        0.11912060709304068,
        0.23824121418608135
    ],
    "yvalues": [
        -12.0,
        -6.0,
        0.0,
        6.0,
        12.0
    ],
    "flux": [
        [
            29.0,
            42.0,
            46.0,
            43.0,
            44.0
        ],
        [
            37935.0,
            42771.0,
            43148.0,
            43264.0,
            42546.0
        ],
        [
            63071.0,
            70676.0,
            70523.0,
            70389.0,
            70688.0
        ],
        [
            37817.0,
            42678.0,
            42875.0,
            43007.0,
            42493.0
        ],
        [
            32.0,
            34.0,
            27.0,
            33.0,
            33.0
        ]
    ],
    "sim_time": 15.763203859329224
}