{
    "dni": 1000.0,
    "generated_rays": 44692371,
    "power_per_ray": 0.022714090871711907,
    "num_rays": 849365.0,
    "avg_flux": 1079.7210359067926,
    "peak_flux": 3122.694874028408,
    "min_flux": 0.0,
    "radius": 0.0,
    "bin_size_x": 0.11912060709304066,
    "bin_size_y": 6.0,
    "xvalues": [
        -0.23824121418608132,
        -0.11912060709304068,
        0.0,
        0.11912060709304068,
        0.23824121418608135
    ],
    "yvalues": [
        -12.0,
        -6.0,
        0.0,
        6.0,
        12.0
    ],
    "flux": [
        [
            3.0,
            7.0,
            3.0,
            3.0,
            4.0
        ],
        [
            89422.0,
            98077.0,
            98259.0,
            97929.0,
            98003.0
        ],
        [
            63515.0,
            68365.0,
            67943.0,
            68236.0,
            68417.0
        ],
        [
            6312.0,
            6189.0,
            6310.0,
            6252.0,
            6116.0
        ],
        [
            0.0,
            0.0,
            0.0,
            0.0,
            0.0
        ]
    ],
    "sim_time": 39.692923069000244
}