{
    "dni": 1000.0,
    "generated_rays": 16167888,
    "power_per_ray": 0.06472430126836996,
    "num_rays": 731025.0,
    "avg_flux": 2648.0211101092477,
    "peak_flux": 6674.7953887631165,
    "min_flux": 2.445079510719527,
    "radius": 0.0,
    "bin_size_x": 0.11912060709304066,
    "bin_size_y": 6.0,
    "xvalues": [
        -0.23824121418608132,
        -0.11912060709304068,
        0.0,
        0.11912060709304068,
        0.23824121418608135
    ],
    "yvalues": [
        -12.0,
        -6.0,
        0.0,
        6.0,
        12.0
    ],
    "flux": [
        [
            42.0,
            57.0,
            44.0,
            44.0,
            27.0
        ],
        [
            28067.0,
            41432.0,
            41596.0,
            41501.0,
            41260.0
        ],
        [
            50560.0,
            73707.0,
            73290.0,
            73679.0,
            73061.0
        ],
        [
            28062.0,
            41082.0,
            41057.0,
            41171.0,
            41029.0
        ],
        [
            31.0,
            58.0,
            58.0,
            52.0,
            58.0
        ]
    ],
    "sim_time": 18.514102697372437
}