{
    "dni": 1000.0,
    "generated_rays": 15129895,
    "power_per_ray": 0.06865438807393902,
    "num_rays": 740191.0,
    "avg_flux": 2844.028496437814,
    "peak_flux": 7071.54267786149,
    "min_flux": 2.2093167647968466,
    "radius": 0.0,
    "bin_size_x": 0.11912060709304066,
    "bin_size_y": 6.0,
    "xvalues": [
        -0.23824121418608132,
        -0.11912060709304068,
        0.0,
        0.11912060709304068,
        0.23824121418608135
    ],
    "yvalues": [
        -12.0,
        -6.0,
        0.0,
        6.0,
        12.0
    ],
    "flux": [
        [
            32.0,
            46.0,
            50.0,
            51.0,
            46.0
        ],
        [
            30301.0,
            41180.0,
            41215.0,
            40855.0,
            41002.0
        ],
        [
            54741.0,
            73618.0,
            73428.0,
            73561.0,
            73493.0
        ],
        [
            30447.0,
            41564.0,
            41661.0,
            41210.0,
            41559.0
        ],
        [
            28.0,
            23.0,
            29.0,
            23.0,
            28.0
        ]
    ],
    "sim_time": 17.468948125839233
}