{
    "dni": 1000.0,
    "generated_rays": 17198025,
    "power_per_ray": 0.06194045087538097,
    "num_rays": 754112.0,
    "avg_flux": 2614.1593482674707,
    "peak_flux": 7804.394637297869,
    "min_flux": 0.43331748935626785,
    "radius": 0.0,
    "bin_size_x": 0.11912060709304066,
    "bin_size_y": 6.0,
    "xvalues": [
        -0.23824121418608132,
        -0.11912060709304068,
        0.0,
        0.11912060709304068,
        0.23824121418608135
    ],
    "yvalues": [
        -12.0,
        -6.0,
        0.0,
        6.0,
        12.0
    ],
    "flux": [
        [
            6.0,
            7.0,
            11.0,
            7.0,
            5.0
        ],
        [
            15611.0,
            30870.0,
            30935.0,
            30838.0,
            30453.0
        ],
        [
            45459.0,
            89984.0,
            90054.0,
            89453.0,
            89735.0
        ],
        [
            23850.0,
            46884.0,
            46165.0,
            46758.0,
            46705.0
        ],
        [
            36.0,
            61.0,
            81.0,
            80.0,
            64.0
        ]
    ],
    "sim_time": 19.094509601593018
}