{
    "dni": 1000.0,
    "generated_rays": 66048120,
    "power_per_ray": 0.016477744724934146,
    "num_rays": 358194.0,
    "avg_flux": 330.32231998801296,
    "peak_flux": 1639.3049969253855,
    "min_flux": 0.0,
    "radius": 0.0,
    "bin_size_x": 0.11912060709304066,
    "bin_size_y": 6.0,
    "xvalues": [
        -0.23824121418608132,
        -0.11912060709304068,
        0.0,
        0.11912060709304068,
        0.23824121418608135
    ],
    "yvalues": [
        -12.0,
        -6.0,
        0.0,
        6.0,
        12.0
    ],
    "flux": [
        [
            0.0,
            0.0,
            552.0,
            7768.0,
            8305.0
        ],
        [
            0.0,
            0.0,
            3351.0,
            42733.0,
            43607.0
        ],
        [
            0.0,
            0.0,
            5512.0,
            67766.0,
            71105.0
        ],
        [
            0.0,
            0.0,
            3395.0,
            42642.0,
            44647.0
        ],
        [
            0.0,
            0.0,
            585.0,
            7814.0,
            8412.0
        ]
    ],
    "sim_time": 54.527846336364746
}