{
    "dni": 1000.0,
    "generated_rays": 24385913,
    "power_per_ray": 0.04397311594611338,
    "num_rays": 666700.0,
    "avg_flux": 1640.7391419899595,
    "peak_flux": 5344.707139785877,
    "min_flux": 2.7686088716644734,
    "radius": 0.0,
    "bin_size_x": 0.11912060709304066,
    "bin_size_y": 6.0,
    "xvalues": [
        -0.23824121418608132,
        -0.11912060709304068,
        0.0,
        0.11912060709304068,
        0.23824121418608135
    ],
    "yvalues": [
        -12.0,
        -6.0,
        0.0,
        6.0,
        12.0
    ],
    "flux": [
        [
            49.0,
            468.0,
            276.0,
            260.0,
            278.0
        ],
        [
            5806.0,
            48861.0,
            40606.0,
            40734.0,
            40724.0
        ],
        [
            10811.0,
            86871.0,
            71664.0,
            71964.0,
            72048.0
        ],
        [
            6191.0,
            48047.0,
            39730.0,
            39889.0,
            39972.0
        ],
        [
            45.0,
            391.0,
            366.0,
            321.0,
            328.0
        ]
    ],
    "sim_time": 24.35088086128235
}