{
    "dni": 1000.0,
    "generated_rays": 57854053,
    "power_per_ray": 0.018653218707019577,
    "num_rays": 674964.0,
    "avg_flux": 704.622058747064,
    "peak_flux": 2357.399679851297,
    "min_flux": 0.0,
    "radius": 0.0,
    "bin_size_x": 0.11912060709304066,
    "bin_size_y": 6.0,
    "xvalues": [
        -0.23824121418608132,
        -0.11912060709304068,
        0.0,
        0.11912060709304068,
        0.23824121418608135
    ],
    "yvalues": [
        -12.0,
        -6.0,
        0.0,
        6.0,
        12.0
    ],
    "flux": [
        [
            1.0,
            477.0,
            551.0,
            529.0,
            522.0
        ],
        [
            126.0,
            70207.0,
            72448.0,
            72738.0,
            72822.0
        ],
        [
            126.0,
            90327.0,
            88725.0,
            88404.0,
            89353.0
        ],
        [
            6.0,
            9526.0,
            5968.0,
            5874.0,
            6025.0
        ],
        [
            0.0,
            86.0,
            43.0,
            35.0,
            45.0
        ]
    ],
    "sim_time": 48.87919616699219
}