{
    "dni": 1000.0,
    "generated_rays": 67045973,
    "power_per_ray": 0.01616090522417682,
    "num_rays": 337920.0,
    "avg_flux": 305.6338292549934,
    "peak_flux": 1580.4014901417868,
    "min_flux": 0.0,
    "radius": 0.0,
    "bin_size_x": 0.11912060709304066,
    "bin_size_y": 6.0,
    "xvalues": [
        -0.23824121418608132,
        -0.11912060709304068,
        0.0,
        0.11912060709304068,
        0.23824121418608135
    ],
    "yvalues": [
        -12.0,
        -6.0,
        0.0,
        6.0,
        12.0
    ],
    "flux": [
        [
            0.0,
            0.0,
            213.0,
            7822.0,
            8680.0
        ],
        [
            0.0,
            0.0,
            1183.0,
            39949.0,
            43952.0
        ],
        [
            0.0,
            0.0,
            1949.0,
            63006.0,
            69894.0
        ],
        [
            0.0,
            0.0,
            1222.0,
            39470.0,
            43804.0
        ],
        [
            0.0,
            0.0,
            198.0,
            7709.0,
            8869.0
        ]
    ],
    "sim_time": 55.01750063896179
}