{
    "dni": 1000.0,
    "generated_rays": 13517595,
    "power_per_ray": 0.07597220622453157,
    "num_rays": 748767.0,
    "avg_flux": 3183.635047219703,
    "peak_flux": 7524.581791052344,
    "min_flux": 3.188877561931519,
    "radius": 0.0,
    "bin_size_x": 0.11912060709304066,
    "bin_size_y": 6.0,
    "xvalues": [
        -0.23824121418608132,
        -0.11912060709304068,
        0.0,
        0.11912060709304068,
        0.23824121418608135
    ],
    "yvalues": [
        -12.0,
        -6.0,
        0.0,
        6.0,
        12.0
    ],
    "flux": [
        [
            30.0,
            51.0,
            43.0,
            50.0,
            47.0
        ],
        [
            34402.0,
            42427.0,
            42388.0,
            42714.0,
            42587.0
        ],
        [
            57298.0,
            70416.0,
            69830.0,
            70100.0,
            70789.0
        ],
        [
            34171.0,
            42836.0,
            42839.0,
            42853.0,
            42679.0
        ],
        [
            32.0,
            47.0,
            43.0,
            50.0,
            45.0
        ]
    ],
    "sim_time": 16.696775913238525
}