{
    "dni": 1000.0,
    "generated_rays": 35883253,
    "power_per_ray": 0.030148710422957165,
    "num_rays": 575242.0,
    "avg_flux": 970.6019752779864,
    "peak_flux": 3471.9434334236935,
    "min_flux": 0.0,
    "radius": 0.0,
    "bin_size_x": 0.11912060709304066,
    "bin_size_y": 6.0,
    "xvalues": [
        -0.23824121418608132,
        -0.11912060709304068,
        0.0,
        0.11912060709304068,
        0.23824121418608135
    ],
    "yvalues": [
        -12.0,
        -6.0,
        0.0,
        6.0,
        12.0
    ],
    "flux": [
        [
            0.0,
            965.0,
            1855.0,
            1683.0,
            1709.0
        ],
        [
            0.0,
            25401.0,
            47515.0,
            39472.0,
            39471.0
        ],
        [
            0.0,
            43973.0,
            82308.0,
            66774.0,
            66437.0
        ],
        [
            0.0,
            25251.0,
            47213.0,
            39593.0,
            39506.0
        ],
        [
            0.0,
            974.0,
            1895.0,
            1674.0,
            1573.0
        ]
    ],
    "sim_time": 32.775338888168335
}