{
    "dni": 1000.0,
    "generated_rays": 16196896,
    "power_per_ray": 0.06478244973026212,
    "num_rays": 725459.0,
    "avg_flux": 2630.22004033042,
    "peak_flux": 6488.998100075093,
    "min_flux": 3.8975139096147426,
    "radius": 0.0,
    "bin_size_x": 0.11912060709304066,
    "bin_size_y": 6.0,
    "xvalues": [
        -0.23824121418608132,
        -0.11912060709304068,
        0.0,
        0.11912060709304068,
        0.23824121418608135
    ],
    "yvalues": [
        -12.0,
        -6.0,
        0.0,
        6.0,
        12.0
    ],
    "flux": [
        [
            57.0,
            66.0,
            78.0,
            74.0,
            64.0
        ],
        [
            27436.0,
            41633.0,
            42217.0,
            41969.0,
            41434.0
        ],
        [
            48871.0,
            71530.0,
            71591.0,
            71473.0,
            71386.0
        ],
        [
            27791.0,
            41882.0,
            41971.0,
            41764.0,
            41865.0
        ],
        [
            43.0,
            72.0,
            57.0,
            73.0,
            62.0
        ]
    ],
    "sim_time": 18.24197554588318
}