{
    "dni": 1000.0,
    "generated_rays": 39507920,
    "power_per_ray": 0.027657209329952293,
    "num_rays": 560041.0,
    "avg_flux": 866.8621127413495,
    "peak_flux": 3144.35080177272,
    "min_flux": 0.0,
    "radius": 0.0,
    "bin_size_x": 0.11912060709304066,
    "bin_size_y": 6.0,
    "xvalues": [
        -0.23824121418608132,
        -0.11912060709304068,
        0.0,
        0.11912060709304068,
        0.23824121418608135
    ],
    "yvalues": [
        -12.0,
        -6.0,
        0.0,
        6.0,
        12.0
    ],
    "flux": [
        [
            0.0,
            712.0,
            2107.0,
            2192.0,
            2078.0
        ],
        [
            0.0,
            15681.0,
            44831.0,
            44805.0,
            44932.0
        ],
        [
            0.0,
            28226.0,
            80607.0,
            81257.0,
            81071.0
        ],
        [
            0.0,
            13197.0,
            37906.0,
            37764.0,
            37977.0
        ],
        [
            0.0,
            520.0,
            1440.0,
            1404.0,
            1334.0
        ]
    ],
    "sim_time": 35.163177490234375
}