{
    "dni": 1000.0,
    "generated_rays": 63952878,
    "power_per_ray": 0.01662206685375283,
    "num_rays": 776732.0,
    "avg_flux": 722.5669034949834,
    "peak_flux": 2205.4266934550556,
    "min_flux": 0.0,
    "radius": 0.0,
    "bin_size_x": 0.11912060709304066,
    "bin_size_y": 6.0,
    "xvalues": [
        -0.23824121418608132,
        -0.11912060709304068,
        0.0,
        0.11912060709304068,
        0.23824121418608135
    ],
    "yvalues": [
        -12.0,
        -6.0,
        0.0,
        6.0,
        12.0
    ],
    "flux": [
        [
            23.0,
            45.0,
            41.0,
            34.0,
            54.0
        ],
        [
            45531.0,
            94200.0,
            94830.0,
            94758.0,
            94640.0
        ],
        [
            41965.0,
            69727.0,
            69256.0,
            69179.0,
            69293.0
        ],
        [
            6751.0,
            6614.0,
            6608.0,
            6626.0,
            6554.0
        ],
        [
            1.0,
            0.0,
            0.0,
            1.0,
            1.0
        ]
    ],
    "sim_time": 53.301276206970215
}