{
    "dni": 1000.0,
    "generated_rays": 17227214,
    "power_per_ray": 0.061835501820902306,
    "num_rays": 753763.0,
    "avg_flux": 2608.522264196991,
    "peak_flux": 7834.77562579853,
    "min_flux": 0.3460666368867921,
    "radius": 0.0,
    "bin_size_x": 0.11912060709304066,
    "bin_size_y": 6.0,
    "xvalues": [
        -0.23824121418608132,
        -0.11912060709304068,
        0.0,
        0.11912060709304068,
        0.23824121418608135
    ],
    "yvalues": [
        -12.0,
        -6.0,
        0.0,
        6.0,
        12.0
    ],
    "flux": [
        [
            41.0,
            71.0,
            72.0,
            52.0,
            59.0
        ],
        [
            23739.0,
            46358.0,
            46680.0,
            46490.0,
            46588.0
        ],
        [
            45389.0,
            90121.0,
            90514.0,
            90558.0,
            89647.0
        ],
        [
            15420.0,
            30866.0,
            30386.0,
            30230.0,
            30454.0
        ],
        [
            6.0,
            7.0,
            5.0,
            6.0,
            4.0
        ]
    ],
    "sim_time": 19.32364249229431
}