{
    "dni": 1000.0,
    "generated_rays": 12287899,
    "power_per_ray": 0.08236637379265077,
    "num_rays": 785294.0,
    "avg_flux": 3619.962474424784,
    "peak_flux": 9167.061476039351,
    "min_flux": 0.8066958782625835,
    "radius": 0.0,
    "bin_size_x": 0.11912060709304066,
    "bin_size_y": 6.0,
    "xvalues": [
        -0.23824121418608132,
        -0.11912060709304068,
        0.0,
        0.11912060709304068,
        0.23824121418608135
    ],
    "yvalues": [
        -12.0,
        -6.0,
        0.0,
        6.0,
        12.0
    ],
    "flux": [
        [
            19.0,
            16.0,
            22.0,
            14.0,
            15.0
        ],
        [
            36267.0,
            43165.0,
            43475.0,
            43428.0,
            43401.0
        ],
        [
            66775.0,
            79420.0,
            79546.0,
            79468.0,
            79200.0
        ],
        [
            34019.0,
            39208.0,
            39374.0,
            39211.0,
            39204.0
        ],
        [
            9.0,
            10.0,
            9.0,
            7.0,
            12.0
        ]
    ],
    "sim_time": 15.611618280410767
}