{
    "dni": 1000.0,
    "generated_rays": 43871078,
    "power_per_ray": 0.02295340026570914,
    "num_rays": 857866.0,
    "avg_flux": 1102.0170874360401,
    "peak_flux": 3160.701021816933,
    "min_flux": 0.0,
    "radius": 0.0,
    "bin_size_x": 0.11912060709304066,
    "bin_size_y": 6.0,
    "xvalues": [
        -0.23824121418608132,
        -0.11912060709304068,
        0.0,
        0.11912060709304068,
        0.23824121418608135
    ],
    "yvalues": [
        -12.0,
        -6.0,
        0.0,
        6.0,
        12.0
    ],
    "flux": [
        [
            3.0,
            7.0,
            3.0,
            5.0,
            3.0
        ],
        [
            94411.0,
            98138.0,
            98418.0,
            98197.0,
            98159.0
        ],
        [
            66084.0,
            68571.0,
            67950.0,
            68408.0,
            68333.0
        ],
        [
            6251.0,
            6195.0,
            6348.0,
            6181.0,
            6201.0
        ],
        [
            0.0,
            0.0,
            0.0,
            0.0,
            0.0
        ]
    ],
    "sim_time": 39.43521761894226
}