{
    "dni": 1000.0,
    "generated_rays": 39673436,
    "power_per_ray": 0.02758883877385067,
    "num_rays": 599268.0,
    "avg_flux": 925.2867681919804,
    "peak_flux": 3464.838169219796,
    "min_flux": 0.0,
    "radius": 0.0,
    "bin_size_x": 0.11912060709304066,
    "bin_size_y": 6.0,
    "xvalues": [
        -0.23824121418608132,
        -0.11912060709304068,
        0.0,
        0.11912060709304068,
        0.23824121418608135
    ],
    "yvalues": [
        -12.0,
        -6.0,
        0.0,
        6.0,
        12.0
    ],
    "flux": [
        [
            0.0,
            791.0,
            1461.0,
            1348.0,
            1446.0
        ],
        [
            0.0,
            28155.0,
            48567.0,
            48848.0,
            48887.0
        ],
        [
            0.0,
            51720.0,
            89524.0,
            89467.0,
            89761.0
        ],
        [
            0.0,
            16418.0,
            27295.0,
            27185.0,
            27146.0
        ],
        [
            0.0,
            266.0,
            315.0,
            343.0,
            325.0
        ]
    ],
    "sim_time": 35.181312084198
}