{
    "dni": 1000.0,
    "generated_rays": 20669739,
    "power_per_ray": 0.04851411239428982,
    "num_rays": 843844.0,
    "avg_flux": 2291.142490415712,
    "peak_flux": 6841.980885949385,
    "min_flux": 0.0,
    "radius": 0.0,
    "bin_size_x": 0.11912060709304066,
    "bin_size_y": 6.0,
    "xvalues": [
        -0.23824121418608132,
        -0.11912060709304068,
        0.0,
        0.11912060709304068,
        0.23824121418608135
    ],
    "yvalues": [
        -12.0,
        -6.0,
        0.0,
        6.0,
        12.0
    ],
    "flux": [
        [
            5.0,
            5.0,
            4.0,
            8.0,
            8.0
        ],
        [
            64242.0,
            64135.0,
            63949.0,
            63886.0,
            63870.0
        ],
        [
            99761.0,
            100206.0,
            100706.0,
            100368.0,
            100798.0
        ],
        [
            4464.0,
            4365.0,
            4414.0,
            4342.0,
            4308.0
        ],
        [
            0.0,
            0.0,
            0.0,
            0.0,
            0.0
        ]
    ],
    "sim_time": 21.970787048339844
}