{
    "dni": 1000.0,
    "generated_rays": 70964841,
    "power_per_ray": 0.014145724047056208,
    "num_rays": 883604.0,
    "avg_flux": 699.5273477248361,
    "peak_flux": 2079.374420177668,
    "min_flux": 0.0,
    "radius": 0.0,
    "bin_size_x": 0.11912060709304066,
    "bin_size_y": 6.0,
    "xvalues": [
        -0.23824121418608132,
        -0.11912060709304068,
        0.0,
        0.11912060709304068,
        0.23824121418608135
    ],
    "yvalues": [
        -12.0,
        -6.0,
        0.0,
        6.0,
        12.0
    ],
    "flux": [
        [
            1.0,
            4.0,
            5.0,
            6.0,
            6.0
        ],
        [
            101090.0,
            105062.0,
            104729.0,
            104892.0,
            104972.0
        ],
        [
            63208.0,
            64171.0,
            64177.0,
            64050.0,
            64523.0
        ],
        [
            8586.0,
            8520.0,
            8641.0,
            8480.0,
            8481.0
        ],
        [
            0.0,
            0.0,
            0.0,
            0.0,
            0.0
        ]
    ],
    "sim_time": 58.56291675567627
}