{
    "dni": 1000.0,
    "generated_rays": 21401507,
    "power_per_ray": 0.047626837508165654,
    "num_rays": 826158.0,
    "avg_flux": 2202.098292494341,
    "peak_flux": 6695.657381210114,
    "min_flux": 0.0,
    "radius": 0.0,
    "bin_size_x": 0.11912060709304066,
    "bin_size_y": 6.0,
    "xvalues": [
        -0.23824121418608132,
        -0.11912060709304068,
        0.0,
        0.11912060709304068,
        0.23824121418608135
    ],
    "yvalues": [
        -12.0,
        -6.0,
        0.0,
        6.0,
        12.0
    ],
    "flux": [
        [
            6.0,
            7.0,
            6.0,
            7.0,
            11.0
        ],
        [
            57429.0,
            64269.0,
            63952.0,
            63576.0,
            64004.0
        ],
        [
            89424.0,
            100298.0,
            100421.0,
            100367.0,
            100480.0
        ],
        [
            4352.0,
            4399.0,
            4417.0,
            4384.0,
            4349.0
        ],
        [
            0.0,
            0.0,
            0.0,
            0.0,
            0.0
        ]
    ],
    "sim_time": 22.619338512420654
}