{
    "dni": 1000.0,
    "generated_rays": 27683180,
    "power_per_ray": 0.03862954148901314,
    "num_rays": 745129.0,
    "avg_flux": 1610.915878878106,
    "peak_flux": 5595.288045592678,
    "min_flux": 0.05404822114285265,
    "radius": 0.0,
    "bin_size_x": 0.11912060709304066,
    "bin_size_y": 6.0,
    "xvalues": [
        -0.23824121418608132,
        -0.11912060709304068,
        0.0,
        0.11912060709304068,
        0.23824121418608135
    ],
    "yvalues": [
        -12.0,
        -6.0,
        0.0,
        6.0,
        12.0
    ],
    "flux": [
        [
            1.0,
            6.0,
            8.0,
            7.0,
            2.0
        ],
        [
            4062.0,
            6385.0,
            6375.0,
            6404.0,
            6225.0
        ],
        [
            44419.0,
            103524.0,
            103103.0,
            102679.0,
            103072.0
        ],
        [
            24932.0,
            58483.0,
            58381.0,
            58388.0,
            58372.0
        ],
        [
            30.0,
            59.0,
            72.0,
            65.0,
            75.0
        ]
    ],
    "sim_time": 26.93826723098755
}