{
    "dni": 1000.0,
    "generated_rays": 18312520,
    "power_per_ray": 0.05562192303897402,
    "num_rays": 826139.0,
    "avg_flux": 2571.703922540959,
    "peak_flux": 8177.716458263275,
    "min_flux": 0.0,
    "radius": 0.0,
    "bin_size_x": 0.11912060709304066,
    "bin_size_y": 6.0,
    "xvalues": [
        -0.23824121418608132,
        -0.11912060709304068,
        0.0,
        0.11912060709304068,
        0.23824121418608135
    ],
    "yvalues": [
        -12.0,
        -6.0,
        0.0,
        6.0,
        12.0
    ],
    "flux": [
        [
            0.0,
            0.0,
            0.0,
            0.0,
            0.0
        ],
        [
            4812.0,
            5046.0,
            5164.0,
            5145.0,
            5061.0
        ],
        [
            95136.0,
            105005.0,
            104783.0,
            104900.0,
            105081.0
        ],
        [
            52703.0,
            58297.0,
            58372.0,
            58337.0,
            58255.0
        ],
        [
            5.0,
            11.0,
            7.0,
            9.0,
            10.0
        ]
    ],
    "sim_time": 20.189258813858032
}