{
    "dni": 1000.0,
    "generated_rays": 30086132,
    "power_per_ray": 0.03618418043534373,
    "num_rays": 632601.0,
    "avg_flux": 1281.0629096106065,
    "peak_flux": 4229.110851639582,
    "min_flux": 0.0,
    "radius": 0.0,
    "bin_size_x": 0.11912060709304066,
    "bin_size_y": 6.0,
    "xvalues": [
        -0.23824121418608132,
        -0.11912060709304068,
        0.0,
        0.11912060709304068,
        0.23824121418608135
    ],
    "yvalues": [
        -12.0,
        -6.0,
        0.0,
        6.0,
        12.0
    ],
    "flux": [
        [
            0.0,
            363.0,
            475.0,
            468.0,
            461.0
        ],
        [
            0.0,
            29378.0,
            37431.0,
            37447.0,
            37666.0
        ],
        [
            0.0,
            65534.0,
            83341.0,
            83535.0,
            83449.0
        ],
        [
            0.0,
            35593.0,
            44929.0,
            44631.0,
            44671.0
        ],
        [
            0.0,
            646.0,
            893.0,
            844.0,
            846.0
        ]
    ],
    "sim_time": 28.252429723739624
}