{
    "dni": 1000.0,
    "generated_rays": 34950728,
    "power_per_ray": 0.030936798168686712,
    "num_rays": 595855.0,
    "avg_flux": 1031.662856811155,
    "peak_flux": 3655.546368087558,
    "min_flux": 0.0,
    "radius": 0.0,
    "bin_size_x": 0.11912060709304066,
    "bin_size_y": 6.0,
    "xvalues": [
        -0.23824121418608132,
        -0.11912060709304068,
        0.0,
        0.11912060709304068,
        0.23824121418608135
    ],
    "yvalues": [
        -12.0,
        -6.0,
        0.0,
        6.0,
        12.0
    ],
    "flux": [
        [
            0.0,
            953.0,
            1490.0,
            1295.0,
            1283.0
        ],
        [
            0.0,
            29833.0,
            47511.0,
            38839.0,
            38371.0
        ],
        [
            0.0,
            52288.0,
            84453.0,
            69985.0,
            69751.0
        ],
        [
            0.0,
            29206.0,
            47488.0,
            39382.0,
            39042.0
        ],
        [
            0.0,
            888.0,
            1590.0,
            1165.0,
            1042.0
        ]
    ],
    "sim_time": 31.64165997505188
}