{
    "dni": 1000.0,
    "generated_rays": 31798105,
    "power_per_ray": 0.03175549193525838,
    "num_rays": 845912.0,
    "avg_flux": 1503.3699793552994,
    "peak_flux": 3745.531232256756,
    "min_flux": 0.0,
    "radius": 0.0,
    "bin_size_x": 0.11912060709304066,
    "bin_size_y": 6.0,
    "xvalues": [
        -0.23824121418608132,
        -0.11912060709304068,
        0.0,
        0.11912060709304068,
        0.23824121418608135
    ],
    "yvalues": [
        -12.0,
        -6.0,
        0.0,
        6.0,
        12.0
    ],
    "flux": [
        [
            0.0,
            0.0,
            0.0,
            0.0,
            0.0
        ],
        [
            5246.0,
            5191.0,
            5272.0,
            5161.0,
            5234.0
        ],
        [
            77513.0,
            81333.0,
            81151.0,
            80903.0,
            82118.0
        ],
        [
            80130.0,
            83946.0,
            84174.0,
            84301.0,
            84218.0
        ],
        [
            3.0,
            1.0,
            6.0,
            5.0,
            6.0
        ]
    ],
    "sim_time": 30.23872470855713
}