{
    "dni": 1000.0,
    "generated_rays": 17932874,
    "power_per_ray": 0.05633145483162179,
    "num_rays": 834677.0,
    "avg_flux": 2631.426578037788,
    "peak_flux": 8279.117954112831,
    "min_flux": 0.0,
    "radius": 0.0,
    "bin_size_x": 0.11912060709304066,
    "bin_size_y": 6.0,
    "xvalues": [
        -0.23824121418608132,
        -0.11912060709304068,
        0.0,
        0.11912060709304068,
        0.23824121418608135
    ],
    "yvalues": [
        -12.0,
        -6.0,
        0.0,
        6.0,
        12.0
    ],
    "flux": [
        [
            0.0,
            0.0,
            0.0,
            0.0,
            0.0
        ],
        [
            4929.0,
            5034.0,
            5124.0,
            5130.0,
            5068.0
        ],
        [
            100358.0,
            104935.0,
            104790.0,
            105044.0,
            105009.0
        ],
        [
            55809.0,
            58186.0,
            58431.0,
            58481.0,
            58313.0
        ],
        [
            3.0,
            11.0,
            7.0,
            9.0,
            6.0
        ]
    ],
    "sim_time": 19.967644929885864
}