{
    "dni": 1000.0,
    "generated_rays": 42433350,
    "power_per_ray": 0.025544710001266045,
    "num_rays": 537119.0,
    "avg_flux": 767.8799622220085,
    "peak_flux": 2872.371342472346,
    "min_flux": 0.0,
    "radius": 0.0,
    "bin_size_x": 0.11912060709304066,
    "bin_size_y": 6.0,
    "xvalues": [
        -0.23824121418608132,
        -0.11912060709304068,
        0.0,
        0.11912060709304068,
        0.23824121418608135
    ],
    "yvalues": [
        -12.0,
        -6.0,
        0.0,
        6.0,
        12.0
    ],
    "flux": [
        [
            0.0,
            419.0,
            2987.0,
            3054.0,
            2551.0
        ],
        [
            0.0,
            7562.0,
            45135.0,
            44707.0,
            41124.0
        ],
        [
            0.0,
            13941.0,
            80367.0,
            79176.0,
            72887.0
        ],
        [
            0.0,
            7794.0,
            45257.0,
            44045.0,
            37784.0
        ],
        [
            0.0,
            444.0,
            2944.0,
            2810.0,
            2131.0
        ]
    ],
    "sim_time": 37.03915333747864
}