{
    "dni": 1000.0,
    "generated_rays": 19299965,
    "power_per_ray": 0.05508246553507069,
    "num_rays": 699608.0,
    "avg_flux": 2156.701206084385,
    "peak_flux": 5838.532791596896,
    "min_flux": 5.394774088700634,
    "radius": 0.0,
    "bin_size_x": 0.11912060709304066,
    "bin_size_y": 6.0,
    "xvalues": [
        -0.23824121418608132,
        -0.11912060709304068,
        0.0,
        0.11912060709304068,
        0.23824121418608135
    ],
    "yvalues": [
        -12.0,
        -6.0,
        0.0,
        6.0,
        12.0
    ],
    "flux": [
        [
            70.0,
            138.0,
            139.0,
            170.0,
            150.0
        ],
        [
            19303.0,
            43790.0,
            41907.0,
            41528.0,
            41661.0
        ],
        [
            34022.0,
            75758.0,
            71217.0,
            70817.0,
            71055.0
        ],
        [
            19061.0,
            44042.0,
            41554.0,
            40989.0,
            41591.0
        ],
        [
            72.0,
            138.0,
            159.0,
            126.0,
            151.0
        ]
    ],
    "sim_time": 20.354235887527466
}