{
    "dni": 1000.0,
    "generated_rays": 58399393,
    "power_per_ray": 0.018798498120014544,
    "num_rays": 444509.0,
    "avg_flux": 467.65497057968633,
    "peak_flux": 2031.312135009626,
    "min_flux": 0.0,
    "radius": 0.0,
    "bin_size_x": 0.11912060709304066,
    "bin_size_y": 6.0,
    "xvalues": [
        -0.23824121418608132,
        -0.11912060709304068,
        0.0,
        0.11912060709304068,
        0.23824121418608135
    ],
    "yvalues": [
        -12.0,
        -6.0,
        0.0,
        6.0,
        12.0
    ],
    "flux": [
        [
            0.0,
            0.0,
            3305.0,
            5336.0,
            5335.0
        ],
        [
            0.0,
            0.0,
            30167.0,
            46046.0,
            46408.0
        ],
        [
            0.0,
            0.0,
            50777.0,
            77002.0,
            77231.0
        ],
        [
            0.0,
            0.0,
            23628.0,
            35432.0,
            35811.0
        ],
        [
            0.0,
            0.0,
            2089.0,
            2991.0,
            2951.0
        ]
    ],
    "sim_time": 48.431790351867676
}