{
    "dni": 1000.0,
    "generated_rays": 14383067,
    "power_per_ray": 0.07200642809418611,
    "num_rays": 800402.0,
    "avg_flux": 3225.5314153677837,
    "peak_flux": 9731.880296722202,
    "min_flux": 0.0,
    "radius": 0.0,
    "bin_size_x": 0.11912060709304066,
    "bin_size_y": 6.0,
    "xvalues": [
        -0.23824121418608132,
        -0.11912060709304068,
        0.0,
        0.11912060709304068,
        0.23824121418608135
    ],
    "yvalues": [
        -12.0,
        -6.0,
        0.0,
        6.0,
        12.0
    ],
    "flux": [
        [
            3.0,
            0.0,
            1.0,
            0.0,
            0.0
        ],
        [
            17564.0,
            22471.0,
            22294.0,
            22623.0,
            22678.0
        ],
        [
            75588.0,
            96597.0,
            96279.0,
            96544.0,
            96282.0
        ],
        [
            38004.0,
            48463.0,
            48280.0,
            48589.0,
            48041.0
        ],
        [
            17.0,
            23.0,
            20.0,
            14.0,
            27.0
        ]
    ],
    "sim_time": 17.181971549987793
}