{
    "dni": 1000.0,
    "generated_rays": 35736344,
    "power_per_ray": 0.0290382147236334,
    "num_rays": 813806.0,
    "avg_flux": 1322.5516529323677,
    "peak_flux": 3407.0730328621135,
    "min_flux": 0.0,
    "radius": 0.0,
    "bin_size_x": 0.11912060709304066,
    "bin_size_y": 6.0,
    "xvalues": [
        -0.23824121418608132,
        -0.11912060709304068,
        0.0,
        0.11912060709304068,
        0.23824121418608135
    ],
    "yvalues": [
        -12.0,
        -6.0,
        0.0,
        6.0,
        12.0
    ],
    "flux": [
        [
            7.0,
            8.0,
            15.0,
            11.0,
            5.0
        ],
        [
            63605.0,
            83859.0,
            83729.0,
            83831.0,
            83337.0
        ],
        [
            64490.0,
            81334.0,
            81250.0,
            81061.0,
            81384.0
        ],
        [
            5175.0,
            5253.0,
            5206.0,
            5067.0,
            5178.0
        ],
        [
            0.0,
            1.0,
            0.0,
            0.0,
            0.0
        ]
    ],
    "sim_time": 32.81615972518921
}