{
    "dni": 1000.0,
    "generated_rays": 24525026,
    "power_per_ray": 0.04406972623017778,
    "num_rays": 666354.0,
    "avg_flux": 1643.4905243807323,
    "peak_flux": 5017.937251244398,
    "min_flux": 0.18497943934988748,
    "radius": 0.0,
    "bin_size_x": 0.11912060709304066,
    "bin_size_y": 6.0,
    "xvalues": [
        -0.23824121418608132,
        -0.11912060709304068,
        0.0,
        0.11912060709304068,
        0.23824121418608135
    ],
    "yvalues": [
        -12.0,
        -6.0,
        0.0,
        6.0,
        12.0
    ],
    "flux": [
        [
            7.0,
            484.0,
            485.0,
            461.0,
            446.0
        ],
        [
            678.0,
            43448.0,
            43517.0,
            43378.0,
            43442.0
        ],
        [
            1022.0,
            79548.0,
            81005.0,
            81381.0,
            81060.0
        ],
        [
            392.0,
            40438.0,
            41135.0,
            41438.0,
            41145.0
        ],
        [
            3.0,
            368.0,
            383.0,
            348.0,
            342.0
        ]
    ],
    "sim_time": 24.347522020339966
}