{
    "dni": 1000.0,
    "generated_rays": 13582174,
    "power_per_ray": 0.07547576757182979,
    "num_rays": 753840.0,
    "avg_flux": 3184.260278431272,
    "peak_flux": 7665.072572095334,
    "min_flux": 2.534431931256982,
    "radius": 0.0,
    "bin_size_x": 0.11912060709304066,
    "bin_size_y": 6.0,
    "xvalues": [
        -0.23824121418608132,
        -0.11912060709304068,
        0.0,
        0.11912060709304068,
        0.23824121418608135
    ],
    "yvalues": [
        -12.0,
        -6.0,
        0.0,
        6.0,
        12.0
    ],
    "flux": [
        [
            26.0,
            40.0,
            38.0,
            41.0,
            36.0
        ],
        [
            34130.0,
            41946.0,
            41871.0,
            42157.0,
            42124.0
        ],
        [
            59416.0,
            72585.0,
            71662.0,
            71712.0,
            71978.0
        ],
        [
            34288.0,
            42530.0,
            42493.0,
            42228.0,
            42355.0
        ],
        [
            28.0,
            55.0,
            24.0,
            47.0,
            30.0
        ]
    ],
    "sim_time": 16.411736965179443
}