{
    "dni": 1000.0,
    "generated_rays": 13061811,
    "power_per_ray": 0.07874976649534064,
    "num_rays": 803835.0,
    "avg_flux": 3542.729792690387,
    "peak_flux": 9997.81543037231,
    "min_flux": 0.0,
    "radius": 0.0,
    "bin_size_x": 0.11912060709304066,
    "bin_size_y": 6.0,
    "xvalues": [
        -0.23824121418608132,
        -0.11912060709304068,
        0.0,
        0.11912060709304068,
        0.23824121418608135
    ],
    "yvalues": [
        -12.0,
        -6.0,
        0.0,
        6.0,
        12.0
    ],
    "flux": [
        [
            18.0,
            18.0,
            12.0,
            19.0,
            24.0
        ],
        [
            37509.0,
            46460.0,
            46658.0,
            46580.0,
            46325.0
        ],
        [
            72782.0,
            90739.0,
            90289.0,
            89870.0,
            90452.0
        ],
        [
            24716.0,
            30339.0,
            30166.0,
            30410.0,
            30443.0
        ],
        [
            2.0,
            0.0,
            3.0,
            0.0,
            1.0
        ]
    ],
    "sim_time": 16.301228523254395
}