{
    "dni": 1000.0,
    "generated_rays": 42778264,
    "power_per_ray": 0.025021777640113638,
    "num_rays": 733968.0,
    "avg_flux": 1027.8201529880032,
    "peak_flux": 3196.8490884513867,
    "min_flux": 0.07001804935555794,
    "radius": 0.0,
    "bin_size_x": 0.11912060709304066,
    "bin_size_y": 6.0,
    "xvalues": [
        -0.23824121418608132,
        -0.11912060709304068,
        0.0,
        0.11912060709304068,
        0.23824121418608135
    ],
    "yvalues": [
        -12.0,
        -6.0,
        0.0,
        6.0,
        12.0
    ],
    "flux": [
        [
            11.0,
            2.0,
            8.0,
            9.0,
            3.0
        ],
        [
            4140.0,
            5111.0,
            5120.0,
            5126.0,
            5093.0
        ],
        [
            32344.0,
            90991.0,
            91315.0,
            91122.0,
            90754.0
        ],
        [
            23130.0,
            72354.0,
            72035.0,
            72335.0,
            72532.0
        ],
        [
            23.0,
            106.0,
            102.0,
            97.0,
            105.0
        ]
    ],
    "sim_time": 37.96038842201233
}