{
    "dni": 1000.0,
    "generated_rays": 16231867,
    "power_per_ray": 0.06480893919234623,
    "num_rays": 736641.0,
    "avg_flux": 2671.853507165807,
    "peak_flux": 7194.30690317723,
    "min_flux": 2.5389537848369357,
    "radius": 0.0,
    "bin_size_x": 0.11912060709304066,
    "bin_size_y": 6.0,
    "xvalues": [
        -0.23824121418608132,
        -0.11912060709304068,
        0.0,
        0.11912060709304068,
        0.23824121418608135
    ],
    "yvalues": [
        -12.0,
        -6.0,
        0.0,
        6.0,
        12.0
    ],
    "flux": [
        [
            50.0,
            87.0,
            72.0,
            67.0,
            68.0
        ],
        [
            23908.0,
            42674.0,
            43003.0,
            42795.0,
            42854.0
        ],
        [
            44311.0,
            79340.0,
            78797.0,
            79024.0,
            78334.0
        ],
        [
            24476.0,
            39414.0,
            39125.0,
            39115.0,
            38941.0
        ],
        [
            29.0,
            41.0,
            50.0,
            38.0,
            28.0
        ]
    ],
    "sim_time": 18.753464698791504
}