{
    "dni": 1000.0,
    "generated_rays": 11970403,
    "power_per_ray": 0.08283173062137894,
    "num_rays": 778526.0,
    "avg_flux": 3609.0400302371163,
    "peak_flux": 8232.717231921413,
    "min_flux": 2.8973342173520185,
    "radius": 0.0,
    "bin_size_x": 0.11912060709304066,
    "bin_size_y": 6.0,
    "xvalues": [
        -0.23824121418608132,
        -0.11912060709304068,
        0.0,
        0.11912060709304068,
        0.23824121418608135
    ],
    "yvalues": [
        -12.0,
        -6.0,
        0.0,
        6.0,
        12.0
    ],
    "flux": [
        [
            28.0,
            31.0,
            25.0,
            39.0,
            42.0
        ],
        [
            41449.0,
            42863.0,
            42899.0,
            42779.0,
            42758.0
        ],
        [
            68324.0,
            70971.0,
            70273.0,
            71037.0,
            71020.0
        ],
        [
            41292.0,
            43202.0,
            43401.0,
            43002.0,
            42925.0
        ],
        [
            36.0,
            34.0,
            30.0,
            33.0,
            33.0
        ]
    ],
    "sim_time": 15.466278314590454
}