{
    "dni": 1000.0,
    "generated_rays": 25552612,
    "power_per_ray": 0.03976180373929212,
    "num_rays": 833409.0,
    "avg_flux": 1854.5822815625831,
    "peak_flux": 5180.713202888198,
    "min_flux": 0.0,
    "radius": 0.0,
    "bin_size_x": 0.11912060709304066,
    "bin_size_y": 6.0,
    "xvalues": [
        -0.23824121418608132,
        -0.11912060709304068,
        0.0,
        0.11912060709304068,
        0.23824121418608135
    ],
    "yvalues": [
        -12.0,
        -6.0,
        0.0,
        6.0,
        12.0
    ],
    "flux": [
        [
            3.0,
            5.0,
            8.0,
            4.0,
            7.0
        ],
        [
            66005.0,
            71919.0,
            72532.0,
            72040.0,
            71900.0
        ],
        [
            84887.0,
            93124.0,
            92915.0,
            92037.0,
            92976.0
        ],
        [
            4652.0,
            4562.0,
            4664.0,
            4651.0,
            4518.0
        ],
        [
            0.0,
            0.0,
            0.0,
            0.0,
            0.0
        ]
    ],
    "sim_time": 25.939598321914673
}