{
    "dni": 1000.0,
    "generated_rays": 29296046,
    "power_per_ray": 0.036806199934726766,
    "num_rays": 620129.0,
    "avg_flux": 1277.3939800074356,
    "peak_flux": 3782.5140102110267,
    "min_flux": 0.0,
    "radius": 0.0,
    "bin_size_x": 0.11912060709304066,
    "bin_size_y": 6.0,
    "xvalues": [
        -0.23824121418608132,
        -0.11912060709304068,
        0.0,
        0.11912060709304068,
        0.23824121418608135
    ],
    "yvalues": [
        -12.0,
        -6.0,
        0.0,
        6.0,
        12.0
    ],
    "flux": [
        [
            0.0,
            800.0,
            920.0,
            880.0,
            871.0
        ],
        [
            0.0,
            42259.0,
            42581.0,
            40572.0,
            40779.0
        ],
        [
            0.0,
            73451.0,
            72390.0,
            67816.0,
            67912.0
        ],
        [
            0.0,
            41862.0,
            42597.0,
            40367.0,
            40649.0
        ],
        [
            0.0,
            802.0,
            902.0,
            892.0,
            827.0
        ]
    ],
    "sim_time": 27.92340874671936
}