{
    "dni": 1000.0,
    "generated_rays": 16246105,
    "power_per_ray": 0.0647521409827926,
    "num_rays": 736443.0,
    "avg_flux": 2668.7943771444334,
    "peak_flux": 7146.6894127129135,
    "min_flux": 2.446131207130073,
    "radius": 0.0,
    "bin_size_x": 0.11912060709304066,
    "bin_size_y": 6.0,
    "xvalues": [
        -0.23824121418608132,
        -0.11912060709304068,
        0.0,
        0.11912060709304068,
        0.23824121418608135
    ],
    "yvalues": [
        -12.0,
        -6.0,
        0.0,
        6.0,
        12.0
    ],
    "flux": [
        [
            42.0,
            41.0,
            40.0,
            27.0,
            49.0
        ],
        [
            24592.0,
            38994.0,
            39275.0,
            38765.0,
            38834.0
        ],
        [
            44065.0,
            78884.0,
            78733.0,
            78862.0,
            78655.0
        ],
        [
            23990.0,
            43205.0,
            42954.0,
            43196.0,
            42910.0
        ],
        [
            50.0,
            64.0,
            77.0,
            64.0,
            75.0
        ]
    ],
    "sim_time": 18.34777021408081
}