{
    "dni": 1000.0,
    "generated_rays": 25804614,
    "power_per_ray": 0.039494721749614686,
    "num_rays": 830020.0,
    "avg_flux": 1834.6340876190495,
    "peak_flux": 5146.411426297707,
    "min_flux": 0.0,
    "radius": 0.0,
    "bin_size_x": 0.11912060709304066,
    "bin_size_y": 6.0,
    "xvalues": [
        -0.23824121418608132,
        -0.11912060709304068,
        0.0,
        0.11912060709304068,
        0.23824121418608135
    ],
    "yvalues": [
        -12.0,
        -6.0,
        0.0,
        6.0,
        12.0
    ],
    "flux": [
        [
            3.0,
            5.0,
            8.0,
            4.0,
            8.0
        ],
        [
            64524.0,
            72042.0,
            72410.0,
            72028.0,
            71919.0
        ],
        [
            83030.0,
            93133.0,
            92940.0,
            91936.0,
            93042.0
        ],
        [
            4606.0,
            4562.0,
            4653.0,
            4647.0,
            4520.0
        ],
        [
            0.0,
            0.0,
            0.0,
            0.0,
            0.0
        ]
    ],
    "sim_time": 25.61616349220276
}