{
    "dni": 1000.0,
    "generated_rays": 16212159,
    "power_per_ray": 0.06478304458612573,
    "num_rays": 718914.0,
    "avg_flux": 2606.514459148854,
    "peak_flux": 6336.78132410676,
    "min_flux": 4.441393841902294,
    "radius": 0.0,
    "bin_size_x": 0.11912060709304066,
    "bin_size_y": 6.0,
    "xvalues": [
        -0.23824121418608132,
        -0.11912060709304068,
        0.0,
        0.11912060709304068,
        0.23824121418608135
    ],
    "yvalues": [
        -12.0,
        -6.0,
        0.0,
        6.0,
        12.0
    ],
    "flux": [
        [
            57.0,
            99.0,
            95.0,
            107.0,
            97.0
        ],
        [
            27087.0,
            42248.0,
            42516.0,
            42420.0,
            42363.0
        ],
        [
            46469.0,
            69911.0,
            69559.0,
            69635.0,
            69672.0
        ],
        [
            27139.0,
            42188.0,
            42400.0,
            42426.0,
            42029.0
        ],
        [
            49.0,
            91.0,
            94.0,
            81.0,
            82.0
        ]
    ],
    "sim_time": 18.366653203964233
}