{
    "dni": 1000.0,
    "generated_rays": 58080264,
    "power_per_ray": 0.018886823917273615,
    "num_rays": 510771.0,
    "avg_flux": 539.8921409410981,
    "peak_flux": 2268.14082246527,
    "min_flux": 0.0,
    "radius": 0.0,
    "bin_size_x": 0.11912060709304066,
    "bin_size_y": 6.0,
    "xvalues": [
        -0.23824121418608132,
        -0.11912060709304068,
        0.0,
        0.11912060709304068,
        0.23824121418608135
    ],
    "yvalues": [
        -12.0,
        -6.0,
        0.0,
        6.0,
        12.0
    ],
    "flux": [
        [
            0.0,
            124.0,
            1030.0,
            946.0,
            905.0
        ],
        [
            0.0,
            1895.0,
            26399.0,
            25363.0,
            25500.0
        ],
        [
            0.0,
            4759.0,
            84789.0,
            85832.0,
            85741.0
        ],
        [
            0.0,
            2817.0,
            50550.0,
            51520.0,
            51270.0
        ],
        [
            0.0,
            167.0,
            3713.0,
            3741.0,
            3710.0
        ]
    ],
    "sim_time": 48.79495596885681
}