{
    "dni": 1000.0,
    "generated_rays": 14132520,
    "power_per_ray": 0.07382940782350568,
    "num_rays": 788398.0,
    "avg_flux": 3257.5923897462426,
    "peak_flux": 9340.913695480693,
    "min_flux": 0.10329783909098712,
    "radius": 0.0,
    "bin_size_x": 0.11912060709304066,
    "bin_size_y": 6.0,
    "xvalues": [
        -0.23824121418608132,
        -0.11912060709304068,
        0.0,
        0.11912060709304068,
        0.23824121418608135
    ],
    "yvalues": [
        -12.0,
        -6.0,
        0.0,
        6.0,
        12.0
    ],
    "flux": [
        [
            1.0,
            2.0,
            2.0,
            2.0,
            1.0
        ],
        [
            21614.0,
            30703.0,
            30586.0,
            30614.0,
            30189.0
        ],
        [
            64068.0,
            90338.0,
            90168.0,
            90427.0,
            89877.0
        ],
        [
            33129.0,
            47093.0,
            46333.0,
            46521.0,
            46588.0
        ],
        [
            20.0,
            40.0,
            38.0,
            23.0,
            21.0
        ]
    ],
    "sim_time": 17.025310516357422
}