{
    "dni": 1000.0,
    "generated_rays": 22603751,
    "power_per_ray": 0.047385527765510145,
    "num_rays": 682064.0,
    "avg_flux": 1808.8089261561602,
    "peak_flux": 5590.007851494019,
    "min_flux": 3.1160572735600884,
    "radius": 0.0,
    "bin_size_x": 0.11912060709304066,
    "bin_size_y": 6.0,
    "xvalues": [
        -0.23824121418608132,
        -0.11912060709304068,
        0.0,
        0.11912060709304068,
        0.23824121418608135
    ],
    "yvalues": [
        -12.0,
        -6.0,
        0.0,
        6.0,
        12.0
    ],
    "flux": [
        [
            56.0,
            301.0,
            207.0,
            212.0,
            219.0
        ],
        [
            7261.0,
            45580.0,
            38629.0,
            38760.0,
            38537.0
        ],
        [
            13037.0,
            84315.0,
            77739.0,
            77604.0,
            77874.0
        ],
        [
            6793.0,
            46435.0,
            42498.0,
            42438.0,
            42349.0
        ],
        [
            47.0,
            359.0,
            308.0,
            241.0,
            265.0
        ]
    ],
    "sim_time": 22.894245624542236
}