{
    "dni": 1000.0,
    "generated_rays": 70689345,
    "power_per_ray": 0.014159207817294283,
    "num_rays": 886091.0,
    "avg_flux": 702.1649133713489,
    "peak_flux": 2086.6459584989243,
    "min_flux": 0.0,
    "radius": 0.0,
    "bin_size_x": 0.11912060709304066,
    "bin_size_y": 6.0,
    "xvalues": [
        -0.23824121418608132,
        -0.11912060709304068,
        0.0,
        0.11912060709304068,
        0.23824121418608135
    ],
    "yvalues": [
        -12.0,
        -6.0,
        0.0,
        6.0,
        12.0
    ],
    "flux": [
        [
            0.0,
            0.0,
            0.0,
            0.0,
            0.0
        ],
        [
            8611.0,
            8558.0,
            8471.0,
            8534.0,
            8626.0
        ],
        [
            63588.0,
            64334.0,
            64158.0,
            64056.0,
            64476.0
        ],
        [
            102744.0,
            104857.0,
            105008.0,
            104717.0,
            105329.0
        ],
        [
            7.0,
            7.0,
            3.0,
            5.0,
            2.0
        ]
    ],
    "sim_time": 58.952956199645996
}