{
    "dni": 1000.0,
    "generated_rays": 70768803,
    "power_per_ray": 0.0141557243025006,
    "num_rays": 885753.0,
    "avg_flux": 701.7243880856248,
    "peak_flux": 2083.122099662145,
    "min_flux": 0.0,
    "radius": 0.0,
    "bin_size_x": 0.11912060709304066,
    "bin_size_y": 6.0,
    "xvalues": [
        -0.23824121418608132,
        -0.11912060709304068,
        0.0,
        0.11912060709304068,
        0.23824121418608135
    ],
    "yvalues": [
        -12.0,
        -6.0,
        0.0,
        6.0,
        12.0
    ],
    "flux": [
        [
            1.0,
            4.0,
            5.0,
            6.0,
            6.0
        ],
        [
            102405.0,
            105177.0,
            104833.0,
            104873.0,
            105080.0
        ],
        [
            63618.0,
            64270.0,
            64149.0,
            64107.0,
            64543.0
        ],
        [
            8556.0,
            8513.0,
            8641.0,
            8453.0,
            8513.0
        ],
        [
            0.0,
            0.0,
            0.0,
            0.0,
            0.0
        ]
    ],
    "sim_time": 58.968743085861206
}