{
    "dni": 1000.0,
    "generated_rays": 30304661,
    "power_per_ray": 0.03597102808950352,
    "num_rays": 646982.0,
    "avg_flux": 1302.467488670302,
    "peak_flux": 4434.652752962795,
    "min_flux": 0.0,
    "radius": 0.0,
    "bin_size_x": 0.11912060709304066,
    "bin_size_y": 6.0,
    "xvalues": [
        -0.23824121418608132,
        -0.11912060709304068,
        0.0,
        0.11912060709304068,
        0.23824121418608135
    ],
    "yvalues": [
        -12.0,
        -6.0,
        0.0,
        6.0,
        12.0
    ],
    "flux": [
        [
            0.0,
            218.0,
            222.0,
            211.0,
            226.0
        ],
        [
            0.0,
            28074.0,
            32245.0,
            31906.0,
            32318.0
        ],
        [
            0.0,
            75967.0,
            87724.0,
            88114.0,
            87440.0
        ],
        [
            0.0,
            40276.0,
            46415.0,
            46224.0,
            46656.0
        ],
        [
            0.0,
            622.0,
            686.0,
            702.0,
            736.0
        ]
    ],
    "sim_time": 28.335620880126953
}