{
    "dni": 1000.0,
    "generated_rays": 24922633,
    "power_per_ray": 0.04032485722758398,
    "num_rays": 846133.0,
    "avg_flux": 1909.5600250983332,
    "peak_flux": 5251.310944497714,
    "min_flux": 0.0,
    "radius": 0.0,
    "bin_size_x": 0.11912060709304066,
    "bin_size_y": 6.0,
    "xvalues": [
        -0.23824121418608132,
        -0.11912060709304068,
        0.0,
        0.11912060709304068,
        0.23824121418608135
    ],
    "yvalues": [
        -12.0,
        -6.0,
        0.0,
        6.0,
        12.0
    ],
    "flux": [
        [
            0.0,
            0.0,
            0.0,
            0.0,
            0.0
        ],
        [
            4642.0,
            4681.0,
            4765.0,
            4578.0,
            4679.0
        ],
        [
            91142.0,
            92770.0,
            92502.0,
            92779.0,
            93075.0
        ],
        [
            71279.0,
            72191.0,
            72212.0,
            72306.0,
            72498.0
        ],
        [
            11.0,
            8.0,
            3.0,
            4.0,
            8.0
        ]
    ],
    "sim_time": 25.117772817611694
}