{
    "dni": 1000.0,
    "generated_rays": 11440295,
    "power_per_ray": 0.08619106381351466,
    "num_rays": 805393.0,
    "avg_flux": 3885.0081527728985,
    "peak_flux": 9615.888767527324,
    "min_flux": 0.36178066044523277,
    "radius": 0.0,
    "bin_size_x": 0.11912060709304066,
    "bin_size_y": 6.0,
    "xvalues": [
        -0.23824121418608132,
        -0.11912060709304068,
        0.0,
        0.11912060709304068,
        0.23824121418608135
    ],
    "yvalues": [
        -12.0,
        -6.0,
        0.0,
        6.0,
        12.0
    ],
    "flux": [
        [
            9.0,
            3.0,
            3.0,
            10.0,
            4.0
        ],
        [
            37929.0,
            39266.0,
            39075.0,
            38996.0,
            39333.0
        ],
        [
            76512.0,
            79393.0,
            79738.0,
            79700.0,
            79276.0
        ],
        [
            41778.0,
            43472.0,
            43775.0,
            43502.0,
            43547.0
        ],
        [
            14.0,
            13.0,
            14.0,
            12.0,
            19.0
        ]
    ],
    "sim_time": 15.037729263305664
}