{
    "dni": 1000.0,
    "generated_rays": 46687581,
    "power_per_ray": 0.023231684577570865,
    "num_rays": 505060.0,
    "avg_flux": 656.6674957470303,
    "peak_flux": 2551.955300290812,
    "min_flux": 0.0,
    "radius": 0.0,
    "bin_size_x": 0.11912060709304066,
    "bin_size_y": 6.0,
    "xvalues": [
        -0.23824121418608132,
        -0.11912060709304068,
        0.0,
        0.11912060709304068,
        0.23824121418608135
    ],
    "yvalues": [
        -12.0,
        -6.0,
        0.0,
        6.0,
        12.0
    ],
    "flux": [
        [
            0.0,
            87.0,
            3774.0,
            3889.0,
            3365.0
        ],
        [
            0.0,
            1233.0,
            45302.0,
            46431.0,
            37875.0
        ],
        [
            0.0,
            2211.0,
            77639.0,
            78511.0,
            63415.0
        ],
        [
            0.0,
            1310.0,
            44906.0,
            46032.0,
            37910.0
        ],
        [
            0.0,
            93.0,
            3765.0,
            3902.0,
            3410.0
        ]
    ],
    "sim_time": 40.03564643859863
}