{
    "dni": 1000.0,
    "generated_rays": 12117739,
    "power_per_ray": 0.08307234180443034,
    "num_rays": 824594.0,
    "avg_flux": 3833.7030168860088,
    "peak_flux": 10549.50134928952,
    "min_flux": 0.0,
    "radius": 0.0,
    "bin_size_x": 0.11912060709304066,
    "bin_size_y": 6.0,
    "xvalues": [
        -0.23824121418608132,
        -0.11912060709304068,
        0.0,
        0.11912060709304068,
        0.23824121418608135
    ],
    "yvalues": [
        -12.0,
        -6.0,
        0.0,
        6.0,
        12.0
    ],
    "flux": [
        [
            0.0,
            1.0,
            0.0,
            1.0,
            0.0
        ],
        [
            28180.0,
            30579.0,
            30545.0,
            30246.0,
            30608.0
        ],
        [
            83910.0,
            90236.0,
            90764.0,
            90217.0,
            90128.0
        ],
        [
            43012.0,
            46793.0,
            46363.0,
            46385.0,
            46549.0
        ],
        [
            14.0,
            17.0,
            15.0,
            19.0,
            12.0
        ]
    ],
    "sim_time": 15.75366997718811
}