{
    "dni": 1000.0,
    "generated_rays": 30596763,
    "power_per_ray": 0.035614384485001586,
    "num_rays": 662259.0,
    "avg_flux": 1320.0037189328382,
    "peak_flux": 4632.25813916589,
    "min_flux": 0.0,
    "radius": 0.0,
    "bin_size_x": 0.11912060709304066,
    "bin_size_y": 6.0,
    "xvalues": [
        -0.23824121418608132,
        -0.11912060709304068,
        0.0,
        0.11912060709304068,
        0.23824121418608135
    ],
    "yvalues": [
        -12.0,
        -6.0,
        0.0,
        6.0,
        12.0
    ],
    "flux": [
        [
            0.0,
            100.0,
            84.0,
            83.0,
            94.0
        ],
        [
            3.0,
            24496.0,
            25276.0,
            25310.0,
            25383.0
        ],
        [
            45.0,
            88579.0,
            92874.0,
            92962.0,
            92725.0
        ],
        [
            61.0,
            46767.0,
            48606.0,
            48497.0,
            48170.0
        ],
        [
            1.0,
            509.0,
            527.0,
            546.0,
            561.0
        ]
    ],
    "sim_time": 28.73021912574768
}