{
    "dni": 1000.0,
    "generated_rays": 8640366,
    "power_per_ray": 0.18024371746726695,
    "num_rays": 153121.0,
    "avg_flux": 2702.9877971186183,
    "peak_flux": 5882.296410648126,
    "min_flux": 0.0,
    "radius": 0.0,
    "bin_size_x": 0.06807059529144252,
    "bin_size_y": 6.0,
    "xvalues": [
        -0.13614119058288504,
        -0.0680705952914425,
        2.7755575615628914e-17,
        0.06807059529144252,
        0.13614119058288507
    ],
    "yvalues": [
        -12.0,
        -6.0,
        0.0,
        6.0,
        12.0
    ],
    "flux": [
        [
            0.0,
            7282.0,
            9228.0,
            8991.0,
            9242.0
        ],
        [
            0.0,
            13329.0,
            13038.0,
            12877.0,
            12840.0
        ],
        [
            0.0,
            12866.0,
            8827.0,
            8589.0,
            8689.0
        ],
        [
            0.0,
            8041.0,
            3716.0,
            3720.0,
            3643.0
        ],
        [
            0.0,
            3319.0,
            1626.0,
            1637.0,
            1621.0
        ]
    ],
    "sim_time": 14.143830060958862
}