{
    "dni": 1000.0,
    "generated_rays": 387137,
    "power_per_ray": 3.551741878451439,
    "num_rays": 95954.0,
    "avg_flux": 33377.48981977572,
    "peak_flux": 79813.92166191654,
    "min_flux": 5913.430674450125,
    "radius": 0.0,
    "bin_size_x": 0.06807059529144252,
    "bin_size_y": 6.0,
    "xvalues": [
        -0.13614119058288504,
        -0.0680705952914425,
        2.7755575615628914e-17,
        0.06807059529144252,
        0.13614119058288507
    ],
    "yvalues": [
        -12.0,
        -6.0,
        0.0,
        6.0,
        12.0
    ],
    "flux": [
        [
            717.0,
            729.0,
            722.0,
            801.0,
            762.0
        ],
        [
            4260.0,
            4450.0,
            4322.0,
            4317.0,
            4360.0
        ],
        [
            9054.0,
            9017.0,
            9178.0,
            9164.0,
            9057.0
        ],
        [
            4269.0,
            4443.0,
            4180.0,
            4272.0,
            4281.0
        ],
        [
            723.0,
            699.0,
            680.0,
            718.0,
            779.0
        ]
    ],
    "sim_time": 1.5774710178375244
}