{
    "dni": 1000.0,
    "generated_rays": 1931534,
    "power_per_ray": 0.7118749634218475,
    "num_rays": 479979.0,
    "avg_flux": 33463.79168130176,
    "peak_flux": 79628.13596846274,
    "min_flux": 6238.132836404249,
    "radius": 0.0,
    "bin_size_x": 0.06807059529144252,
    "bin_size_y": 6.0,
    "xvalues": [
        -0.13614119058288504,
        -0.0680705952914425,
        2.7755575615628914e-17,
        0.06807059529144252,
        0.13614119058288507
    ],
    "yvalues": [
        -12.0,
        -6.0,
        0.0,
        6.0,
        12.0
    ],
    "flux": [
        [
            3835.0,
            3750.0,
            3631.0,
            3706.0,
            3579.0
        ],
        [
            21439.0,
            21620.0,
            21550.0,
            21619.0,
            21712.0
        ],
        [
            45650.0,
            45058.0,
            45685.0,
            45254.0,
            45280.0
        ],
        [
            21545.0,
            21722.0,
            21672.0,
            21657.0,
            21569.0
        ],
        [
            3724.0,
            3720.0,
            3711.0,
            3644.0,
            3647.0
        ]
    ],
    "sim_time": 7.680882215499878
}