{
    "dni": 1000.0,
    "generated_rays": 3869693,
    "power_per_ray": 0.3553281088701494,
    "num_rays": 959860.0,
    "avg_flux": 33403.09053366724,
    "peak_flux": 79619.70069514368,
    "min_flux": 6210.923033563499,
    "radius": 0.0,
    "bin_size_x": 0.06807059529144252,
    "bin_size_y": 6.0,
    "xvalues": [
        -0.13614119058288504,
        -0.0680705952914425,
        2.7755575615628914e-17,
        0.06807059529144252,
        0.13614119058288507
    ],
    "yvalues": [
        -12.0,
        -6.0,
        0.0,
        6.0,
        12.0
    ],
    "flux": [
        [
            7338.0,
            7139.0,
            7442.0,
            7334.0,
            7213.0
        ],
        [
            43100.0,
            43019.0,
            43314.0,
            43158.0,
            43118.0
        ],
        [
            90540.0,
            91517.0,
            91146.0,
            91260.0,
            90975.0
        ],
        [
            43137.0,
            43265.0,
            43063.0,
            43370.0,
            43188.0
        ],
        [
            7280.0,
            7333.0,
            7196.0,
            7233.0,
            7182.0
        ]
    ],
    "sim_time": 9.640694618225098
}