{
    "dni": 1000.0,
    "generated_rays": 34441384,
    "power_per_ray": 0.045218034447099445,
    "num_rays": 612587.0,
    "avg_flux": 2712.8679130098735,
    "peak_flux": 5885.865879431979,
    "min_flux": 0.0,
    "radius": 0.0,
    "bin_size_x": 0.06807059529144252,
    "bin_size_y": 6.0,
    "xvalues": [
        -0.13614119058288504,
        -0.0680705952914425,
        2.7755575615628914e-17,
        0.06807059529144252,
        0.13614119058288507
    ],
    "yvalues": [
        -12.0,
        -6.0,
        0.0,
        6.0,
        12.0
    ],
    "flux": [
        [
            0.0,
            29913.0,
            36692.0,
            36616.0,
            36321.0
        ],
        [
            0.0,
            53163.0,
            51151.0,
            51194.0,
            50805.0
        ],
        [
            0.0,
            51520.0,
            34583.0,
            34712.0,
            34600.0
        ],
        [
            0.0,
            32107.0,
            15109.0,
            15178.0,
            14932.0
        ],
        [
            0.0,
            13533.0,
            6847.0,
            6686.0,
            6925.0
        ]
    ],
    "sim_time": 20.066585779190063
}