{
    "dni": 1000.0,
    "generated_rays": 8590910,
    "power_per_ray": 0.18128134133843557,
    "num_rays": 152890.0,
    "avg_flux": 2714.4470784159316,
    "peak_flux": 5912.60866171408,
    "min_flux": 0.0,
    "radius": 0.0,
    "bin_size_x": 0.06807059529144252,
    "bin_size_y": 6.0,
    "xvalues": [
        -0.13614119058288504,
        -0.0680705952914425,
        2.7755575615628914e-17,
        0.06807059529144252,
        0.13614119058288507
    ],
    "yvalues": [
        -12.0,
        -6.0,
        0.0,
        6.0,
        12.0
    ],
    "flux": [
        [
            0.0,
            7377.0,
            9086.0,
            8971.0,
            9114.0
        ],
        [
            0.0,
            13321.0,
            12694.0,
            12857.0,
            12767.0
        ],
        [
            0.0,
            12948.0,
            8804.0,
            8659.0,
            8656.0
        ],
        [
            0.0,
            7951.0,
            3858.0,
            3768.0,
            3733.0
        ],
        [
            0.0,
            3334.0,
            1651.0,
            1628.0,
            1713.0
        ]
    ],
    "sim_time": 14.176976442337036
}