{
    "dni": 1000.0,
    "generated_rays": 3460646,
    "power_per_ray": 0.45002340260106916,
    "num_rays": 61018.0,
    "avg_flux": 2689.3186269680536,
    "peak_flux": 5779.227522389885,
    "min_flux": 0.0,
    "radius": 0.0,
    "bin_size_x": 0.06807059529144252,
    "bin_size_y": 6.0,
    "xvalues": [
        -0.13614119058288504,
        -0.0680705952914425,
        2.7755575615628914e-17,
        0.06807059529144252,
        0.13614119058288507
    ],
    "yvalues": [
        -12.0,
        -6.0,
        0.0,
        6.0,
        12.0
    ],
    "flux": [
        [
            0.0,
            2903.0,
            3663.0,
            3670.0,
            3650.0
        ],
        [
            0.0,
            5245.0,
            5132.0,
            5146.0,
            5212.0
        ],
        [
            0.0,
            5040.0,
            3380.0,
            3455.0,
            3425.0
        ],
        [
            0.0,
            3221.0,
            1509.0,
            1479.0,
            1477.0
        ],
        [
            0.0,
            1373.0,
            647.0,
            678.0,
            713.0
        ]
    ],
    "sim_time": 5.783727407455444
}