{
    "dni": 1000.0,
    "generated_rays": 103441390,
    "power_per_ray": 0.015055595135736087,
    "num_rays": 1836876.0,
    "avg_flux": 2708.488273793313,
    "peak_flux": 5867.325190634266,
    "min_flux": 0.0,
    "radius": 0.0,
    "bin_size_x": 0.06807059529144252,
    "bin_size_y": 6.0,
    "xvalues": [
        -0.13614119058288504,
        -0.0680705952914425,
        2.7755575615628914e-17,
        0.06807059529144252,
        0.13614119058288507
    ],
    "yvalues": [
        -12.0,
        -6.0,
        0.0,
        6.0,
        12.0
    ],
    "flux": [
        [
            0.0,
            89462.0,
            109721.0,
            109809.0,
            109463.0
        ],
        [
            0.0,
            159167.0,
            153316.0,
            153037.0,
            152349.0
        ],
        [
            0.0,
            154909.0,
            104673.0,
            104377.0,
            104091.0
        ],
        [
            0.0,
            96042.0,
            45225.0,
            45571.0,
            45238.0
        ],
        [
            0.0,
            40357.0,
            20065.0,
            19946.0,
            20058.0
        ]
    ],
    "sim_time": 44.50877237319946
}