{
    "dni": 1000.0,
    "generated_rays": 8639392,
    "power_per_ray": 0.1802640380385309,
    "num_rays": 153057.0,
    "avg_flux": 2702.1626349267412,
    "peak_flux": 5802.631072309968,
    "min_flux": 0.0,
    "radius": 0.0,
    "bin_size_x": 0.06807059529144252,
    "bin_size_y": 6.0,
    "xvalues": [
        -0.13614119058288504,
        -0.0680705952914425,
        2.7755575615628914e-17,
        0.06807059529144252,
        0.13614119058288507
    ],
    "yvalues": [
        -12.0,
        -6.0,
        0.0,
        6.0,
        12.0
    ],
    "flux": [
        [
            0.0,
            7417.0,
            9172.0,
            9203.0,
            9152.0
        ],
        [
            0.0,
            13147.0,
            12571.0,
            12870.0,
            12833.0
        ],
        [
            0.0,
            12889.0,
            8800.0,
            8686.0,
            8682.0
        ],
        [
            0.0,
            8077.0,
            3723.0,
            3859.0,
            3839.0
        ],
        [
            0.0,
            3260.0,
            1659.0,
            1567.0,
            1651.0
        ]
    ],
    "sim_time": 14.06562328338623
}