{
    "dni": 1000.0,
    "generated_rays": 1727866,
    "power_per_ray": 0.9013266585011682,
    "num_rays": 30693.0,
    "avg_flux": 2709.3851621669974,
    "peak_flux": 6059.990596643025,
    "min_flux": 0.0,
    "radius": 0.0,
    "bin_size_x": 0.06807059529144252,
    "bin_size_y": 6.0,
    "xvalues": [
        -0.13614119058288504,
        -0.0680705952914425,
        2.7755575615628914e-17,
        0.06807059529144252,
        0.13614119058288507
    ],
    "yvalues": [
        -12.0,
        -6.0,
        0.0,
        6.0,
        12.0
    ],
    "flux": [
        [
            0.0,
            1445.0,
            1859.0,
            1813.0,
            1794.0
        ],
        [
            0.0,
            2746.0,
            2594.0,
            2565.0,
            2591.0
        ],
        [
            0.0,
            2612.0,
            1690.0,
            1720.0,
            1796.0
        ],
        [
            0.0,
            1599.0,
            704.0,
            750.0,
            732.0
        ],
        [
            0.0,
            698.0,
            327.0,
            328.0,
            330.0
        ]
    ],
    "sim_time": 2.9261837005615234
}