{
    "dni": 1000.0,
    "generated_rays": 172462330,
    "power_per_ray": 0.009030213659514976,
    "num_rays": 3061243.0,
    "avg_flux": 2707.3538616137066,
    "peak_flux": 5859.107444049448,
    "min_flux": 0.0,
    "radius": 0.0,
    "bin_size_x": 0.06807059529144252,
    "bin_size_y": 6.0,
    "xvalues": [
        -0.13614119058288504,
        -0.0680705952914425,
        2.7755575615628914e-17,
        0.06807059529144252,
        0.13614119058288507
    ],
    "yvalues": [
        -12.0,
        -6.0,
        0.0,
        6.0,
        12.0
    ],
    "flux": [
        [
            0.0,
            149182.0,
            182522.0,
            183385.0,
            182450.0
        ],
        [
            0.0,
            264999.0,
            256275.0,
            255565.0,
            254165.0
        ],
        [
            0.0,
            257970.0,
            174017.0,
            173088.0,
            173774.0
        ],
        [
            0.0,
            159926.0,
            75275.0,
            75829.0,
            75437.0
        ],
        [
            0.0,
            67091.0,
            33326.0,
            33548.0,
            33419.0
        ]
    ],
    "sim_time": 71.42174220085144
}