{
    "dni": 1000.0,
    "generated_rays": 3866057,
    "power_per_ray": 0.3556622925109627,
    "num_rays": 959813.0,
    "avg_flux": 33432.868773979986,
    "peak_flux": 79742.47742453204,
    "min_flux": 6217.635181181571,
    "radius": 0.0,
    "bin_size_x": 0.06807059529144252,
    "bin_size_y": 6.0,
    "xvalues": [
        -0.13614119058288504,
        -0.0680705952914425,
        2.7755575615628914e-17,
        0.06807059529144252,
        0.13614119058288507
    ],
    "yvalues": [
        -12.0,
        -6.0,
        0.0,
        6.0,
        12.0
    ],
    "flux": [
        [
            7271.0,
            7140.0,
            7385.0,
            7362.0,
            7163.0
        ],
        [
            43073.0,
            43232.0,
            43528.0,
            43196.0,
            42911.0
        ],
        [
            90646.0,
            91572.0,
            91070.0,
            91124.0,
            90756.0
        ],
        [
            43135.0,
            43265.0,
            43184.0,
            43177.0,
            43176.0
        ],
        [
            7319.0,
            7347.0,
            7271.0,
            7221.0,
            7289.0
        ]
    ],
    "sim_time": 9.766032457351685
}