{
    "dni": 1000.0,
    "generated_rays": 17267859,
    "power_per_ray": 0.09018904359352131,
    "num_rays": 306500.0,
    "avg_flux": 2707.2817313713535,
    "peak_flux": 5938.795667496019,
    "min_flux": 0.0,
    "radius": 0.0,
    "bin_size_x": 0.06807059529144252,
    "bin_size_y": 6.0,
    "xvalues": [
        -0.13614119058288504,
        -0.0680705952914425,
        2.7755575615628914e-17,
        0.06807059529144252,
        0.13614119058288507
    ],
    "yvalues": [
        -12.0,
        -6.0,
        0.0,
        6.0,
        12.0
    ],
    "flux": [
        [
            0.0,
            14860.0,
            18203.0,
            18041.0,
            18234.0
        ],
        [
            0.0,
            26894.0,
            25515.0,
            25849.0,
            25751.0
        ],
        [
            0.0,
            25844.0,
            17370.0,
            17242.0,
            17498.0
        ],
        [
            0.0,
            15786.0,
            7391.0,
            7707.0,
            7610.0
        ],
        [
            0.0,
            6688.0,
            3355.0,
            3329.0,
            3333.0
        ]
    ],
    "sim_time": 28.571535110473633
}