{
    "dni": 1000.0,
    "generated_rays": 1933179,
    "power_per_ray": 0.7112692076616054,
    "num_rays": 479774.0,
    "avg_flux": 33421.036046043315,
    "peak_flux": 79513.35752824486,
    "min_flux": 6236.307619883587,
    "radius": 0.0,
    "bin_size_x": 0.06807059529144252,
    "bin_size_y": 6.0,
    "xvalues": [
        -0.13614119058288504,
        -0.0680705952914425,
        2.7755575615628914e-17,
        0.06807059529144252,
        0.13614119058288507
    ],
    "yvalues": [
        -12.0,
        -6.0,
        0.0,
        6.0,
        12.0
    ],
    "flux": [
        [
            3715.0,
            3629.0,
            3653.0,
            3752.0,
            3651.0
        ],
        [
            21460.0,
            21649.0,
            21852.0,
            21811.0,
            21629.0
        ],
        [
            45149.0,
            45658.0,
            45424.0,
            45271.0,
            45510.0
        ],
        [
            21579.0,
            21517.0,
            21536.0,
            21728.0,
            21415.0
        ],
        [
            3581.0,
            3597.0,
            3660.0,
            3714.0,
            3634.0
        ]
    ],
    "sim_time": 7.590965509414673
}