{
    "dni": 1000.0,
    "generated_rays": 8665872,
    "power_per_ray": 0.17971321156345024,
    "num_rays": 153182.0,
    "avg_flux": 2696.1058154257307,
    "peak_flux": 5882.583894717819,
    "min_flux": 0.0,
    "radius": 0.0,
    "bin_size_x": 0.06807059529144252,
    "bin_size_y": 6.0,
    "xvalues": [
        -0.13614119058288504,
        -0.0680705952914425,
        2.7755575615628914e-17,
        0.06807059529144252,
        0.13614119058288507
    ],
    "yvalues": [
        -12.0,
        -6.0,
        0.0,
        6.0,
        12.0
    ],
    "flux": [
        [
            0.0,
            7344.0,
            9111.0,
            8989.0,
            9221.0
        ],
        [
            0.0,
            13369.0,
            12824.0,
            12792.0,
            12761.0
        ],
        [
            0.0,
            12905.0,
            8667.0,
            8756.0,
            8519.0
        ],
        [
            0.0,
            8138.0,
            3792.0,
            3848.0,
            3680.0
        ],
        [
            0.0,
            3421.0,
            1654.0,
            1714.0,
            1677.0
        ]
    ],
    "sim_time": 14.921313524246216
}