{
    "dni": 1000.0,
    "generated_rays": 1939279,
    "power_per_ray": 0.7090319111371055,
    "num_rays": 479846.0,
    "avg_flux": 33320.90995383308,
    "peak_flux": 79025.4134664265,
    "min_flux": 6138.570374492741,
    "radius": 0.0,
    "bin_size_x": 0.06807059529144252,
    "bin_size_y": 6.0,
    "xvalues": [
        -0.13614119058288504,
        -0.0680705952914425,
        2.7755575615628914e-17,
        0.06807059529144252,
        0.13614119058288507
    ],
    "yvalues": [
        -12.0,
        -6.0,
        0.0,
        6.0,
        12.0
    ],
    "flux": [
        [
            3736.0,
            3536.0,
            3656.0,
            3611.0,
            3691.0
        ],
        [
            21806.0,
            21697.0,
            21483.0,
            21643.0,
            21809.0
        ],
        [
            45269.0,
            45521.0,
            45237.0,
            45173.0,
            45515.0
        ],
        [
            21563.0,
            21687.0,
            21737.0,
            21390.0,
            21612.0
        ],
        [
            3670.0,
            3760.0,
            3707.0,
            3634.0,
            3703.0
        ]
    ],
    "sim_time": 7.874818563461304
}