{
    "dni": 1000.0,
    "generated_rays": 103438380,
    "power_per_ray": 0.01505603324527878,
    "num_rays": 1837330.0,
    "avg_flux": 2709.2365354046583,
    "peak_flux": 5871.477213899749,
    "min_flux": 0.0,
    "radius": 0.0,
    "bin_size_x": 0.06807059529144252,
    "bin_size_y": 6.0,
    "xvalues": [
        -0.13614119058288504,
        -0.0680705952914425,
        2.7755575615628914e-17,
        0.06807059529144252,
        0.13614119058288507
    ],
    "yvalues": [
        -12.0,
        -6.0,
        0.0,
        6.0,
        12.0
    ],
    "flux": [
        [
            0.0,
            89356.0,
            109734.0,
            109722.0,
            109525.0
        ],
        [
            0.0,
            159275.0,
            153330.0,
            153160.0,
            152388.0
        ],
        [
            0.0,
            155103.0,
            104527.0,
            104156.0,
            104177.0
        ],
        [
            0.0,
            96103.0,
            45398.0,
            45596.0,
            45248.0
        ],
        [
            0.0,
            40443.0,
            20115.0,
            19904.0,
            20070.0
        ]
    ],
    "sim_time": 43.598294258117676
}