{
    "dni": 1000.0,
    "generated_rays": 966604,
    "power_per_ray": 1.4225170758635954,
    "num_rays": 240019.0,
    "avg_flux": 33438.92465068807,
    "peak_flux": 79801.24923407784,
    "min_flux": 6008.081133414117,
    "radius": 0.0,
    "bin_size_x": 0.06807059529144252,
    "bin_size_y": 6.0,
    "xvalues": [
        -0.13614119058288504,
        -0.0680705952914425,
        2.7755575615628914e-17,
        0.06807059529144252,
        0.13614119058288507
    ],
    "yvalues": [
        -12.0,
        -6.0,
        0.0,
        6.0,
        12.0
    ],
    "flux": [
        [
            1962.0,
            1725.0,
            1810.0,
            1806.0,
            1868.0
        ],
        [
            10717.0,
            10800.0,
            10702.0,
            10870.0,
            10830.0
        ],
        [
            22716.0,
            22668.0,
            22708.0,
            22729.0,
            22912.0
        ],
        [
            10839.0,
            10832.0,
            10791.0,
            10728.0,
            10753.0
        ],
        [
            1844.0,
            1843.0,
            1799.0,
            1847.0,
            1920.0
        ]
    ],
    "sim_time": 3.929952383041382
}