{
    "dni": 1000.0,
    "generated_rays": 3870263,
    "power_per_ray": 0.3552757772787159,
    "num_rays": 959853.0,
    "avg_flux": 33397.92746909988,
    "peak_flux": 79805.43525219744,
    "min_flux": 6256.11146596839,
    "radius": 0.0,
    "bin_size_x": 0.06807059529144252,
    "bin_size_y": 6.0,
    "xvalues": [
        -0.13614119058288504,
        -0.0680705952914425,
        2.7755575615628914e-17,
        0.06807059529144252,
        0.13614119058288507
    ],
    "yvalues": [
        -12.0,
        -6.0,
        0.0,
        6.0,
        12.0
    ],
    "flux": [
        [
            7346.0,
            7199.0,
            7471.0,
            7310.0,
            7192.0
        ],
        [
            43050.0,
            43093.0,
            43399.0,
            43086.0,
            42882.0
        ],
        [
            90280.0,
            91744.0,
            91005.0,
            91119.0,
            91206.0
        ],
        [
            43169.0,
            43207.0,
            43139.0,
            43286.0,
            43292.0
        ],
        [
            7245.0,
            7321.0,
            7350.0,
            7222.0,
            7240.0
        ]
    ],
    "sim_time": 9.705401420593262
}