{
    "dni": 1000.0,
    "generated_rays": 11603734,
    "power_per_ray": 0.11849726093325258,
    "num_rays": 2879058.0,
    "avg_flux": 33412.41893628209,
    "peak_flux": 79376.68726646535,
    "min_flux": 6274.131673424956,
    "radius": 0.0,
    "bin_size_x": 0.06807059529144252,
    "bin_size_y": 6.0,
    "xvalues": [
        -0.13614119058288504,
        -0.0680705952914425,
        2.7755575615628914e-17,
        0.06807059529144252,
        0.13614119058288507
    ],
    "yvalues": [
        -12.0,
        -6.0,
        0.0,
        6.0,
        12.0
    ],
    "flux": [
        [
            22079.0,
            21750.0,
            21732.0,
            22092.0,
            21625.0
        ],
        [
            129472.0,
            129976.0,
            130220.0,
            130234.0,
            129398.0
        ],
        [
            272353.0,
            273480.0,
            273587.0,
            272973.0,
            271643.0
        ],
        [
            129112.0,
            129638.0,
            129795.0,
            130186.0,
            128455.0
        ],
        [
            21852.0,
            21780.0,
            21923.0,
            21911.0,
            21792.0
        ]
    ],
    "sim_time": 22.637563467025757
}