{
    "dni": 1000.0,
    "generated_rays": 11607093,
    "power_per_ray": 0.11846296877246136,
    "num_rays": 2879093.0,
    "avg_flux": 33403.15571814302,
    "peak_flux": 79445.08181492235,
    "min_flux": 6307.702003742638,
    "radius": 0.0,
    "bin_size_x": 0.06807059529144252,
    "bin_size_y": 6.0,
    "xvalues": [
        -0.13614119058288504,
        -0.0680705952914425,
        2.7755575615628914e-17,
        0.06807059529144252,
        0.13614119058288507
    ],
    "yvalues": [
        -12.0,
        -6.0,
        0.0,
        6.0,
        12.0
    ],
    "flux": [
        [
            22049.0,
            21774.0,
            21805.0,
            22161.0,
            21747.0
        ],
        [
            129489.0,
            129980.0,
            130018.0,
            130115.0,
            129171.0
        ],
        [
            272068.0,
            273519.0,
            273902.0,
            272910.0,
            272074.0
        ],
        [
            129192.0,
            129468.0,
            129831.0,
            129925.0,
            128737.0
        ],
        [
            21901.0,
            21747.0,
            21789.0,
            21906.0,
            21815.0
        ]
    ],
    "sim_time": 21.9858877658844
}