{
    "dni": 1000.0,
    "generated_rays": 8603706,
    "power_per_ray": 0.18101172775055072,
    "num_rays": 153416.0,
    "avg_flux": 2719.734818995048,
    "peak_flux": 5888.303176521387,
    "min_flux": 0.0,
    "radius": 0.0,
    "bin_size_x": 0.06807059529144252,
    "bin_size_y": 6.0,
    "xvalues": [
        -0.13614119058288504,
        -0.0680705952914425,
        2.7755575615628914e-17,
        0.06807059529144252,
        0.13614119058288507
    ],
    "yvalues": [
        -12.0,
        -6.0,
        0.0,
        6.0,
        12.0
    ],
    "flux": [
        [
            0.0,
            7669.0,
            9032.0,
            9240.0,
            9061.0
        ],
        [
            0.0,
            13286.0,
            12638.0,
            12704.0,
            12955.0
        ],
        [
            0.0,
            12822.0,
            8819.0,
            8697.0,
            8867.0
        ],
        [
            0.0,
            7983.0,
            3778.0,
            3828.0,
            3765.0
        ],
        [
            0.0,
            3349.0,
            1669.0,
            1669.0,
            1585.0
        ]
    ],
    "sim_time": 14.571207761764526
}