{
    "dni": 1000.0,
    "generated_rays": 172453629,
    "power_per_ray": 0.009030669271203214,
    "num_rays": 3061573.0,
    "avg_flux": 2707.782324538322,
    "peak_flux": 5867.274589956424,
    "min_flux": 0.0,
    "radius": 0.0,
    "bin_size_x": 0.06807059529144252,
    "bin_size_y": 6.0,
    "xvalues": [
        -0.13614119058288504,
        -0.0680705952914425,
        2.7755575615628914e-17,
        0.06807059529144252,
        0.13614119058288507
    ],
    "yvalues": [
        -12.0,
        -6.0,
        0.0,
        6.0,
        12.0
    ],
    "flux": [
        [
            0.0,
            148637.0,
            182766.0,
            183588.0,
            182580.0
        ],
        [
            0.0,
            265355.0,
            256074.0,
            255756.0,
            254236.0
        ],
        [
            0.0,
            257855.0,
            173628.0,
            173442.0,
            173653.0
        ],
        [
            0.0,
            159871.0,
            75296.0,
            76033.0,
            75451.0
        ],
        [
            0.0,
            67136.0,
            33461.0,
            33475.0,
            33280.0
        ]
    ],
    "sim_time": 70.88966250419617
}