{
    "dni": 1000.0,
    "generated_rays": 3866897,
    "power_per_ray": 0.35558503254626506,
    "num_rays": 959695.0,
    "avg_flux": 33421.49683951111,
    "peak_flux": 79885.35065844307,
    "min_flux": 6231.955839543305,
    "radius": 0.0,
    "bin_size_x": 0.06807059529144252,
    "bin_size_y": 6.0,
    "xvalues": [
        -0.13614119058288504,
        -0.0680705952914425,
        2.7755575615628914e-17,
        0.06807059529144252,
        0.13614119058288507
    ],
    "yvalues": [
        -12.0,
        -6.0,
        0.0,
        6.0,
        12.0
    ],
    "flux": [
        [
            7353.0,
            7158.0,
            7425.0,
            7323.0,
            7242.0
        ],
        [
            43312.0,
            43294.0,
            43236.0,
            43078.0,
            42808.0
        ],
        [
            90460.0,
            91756.0,
            91167.0,
            91181.0,
            90607.0
        ],
        [
            43034.0,
            43126.0,
            43024.0,
            43494.0,
            43202.0
        ],
        [
            7301.0,
            7381.0,
            7268.0,
            7238.0,
            7227.0
        ]
    ],
    "sim_time": 9.51341199874878
}