{
    "dni": 1000.0,
    "generated_rays": 1935129,
    "power_per_ray": 0.7105524725214984,
    "num_rays": 479850.0,
    "avg_flux": 33392.646999254765,
    "peak_flux": 79267.95744644394,
    "min_flux": 6320.490077539468,
    "radius": 0.0,
    "bin_size_x": 0.06807059529144252,
    "bin_size_y": 6.0,
    "xvalues": [
        -0.13614119058288504,
        -0.0680705952914425,
        2.7755575615628914e-17,
        0.06807059529144252,
        0.13614119058288507
    ],
    "yvalues": [
        -12.0,
        -6.0,
        0.0,
        6.0,
        12.0
    ],
    "flux": [
        [
            3690.0,
            3757.0,
            3651.0,
            3693.0,
            3702.0
        ],
        [
            21771.0,
            21702.0,
            21715.0,
            21541.0,
            21487.0
        ],
        [
            45563.0,
            45292.0,
            45313.0,
            45547.0,
            45233.0
        ],
        [
            21602.0,
            21615.0,
            21513.0,
            21580.0,
            21602.0
        ],
        [
            3639.0,
            3635.0,
            3721.0,
            3633.0,
            3653.0
        ]
    ],
    "sim_time": 7.52125096321106
}