{
    "dni": 1000.0,
    "generated_rays": 3444044,
    "power_per_ray": 0.4521927385706395,
    "num_rays": 61301.0,
    "avg_flux": 2714.815596801807,
    "peak_flux": 5907.83838132104,
    "min_flux": 0.0,
    "radius": 0.0,
    "bin_size_x": 0.06807059529144252,
    "bin_size_y": 6.0,
    "xvalues": [
        -0.13614119058288504,
        -0.0680705952914425,
        2.7755575615628914e-17,
        0.06807059529144252,
        0.13614119058288507
    ],
    "yvalues": [
        -12.0,
        -6.0,
        0.0,
        6.0,
        12.0
    ],
    "flux": [
        [
            0.0,
            2930.0,
            3626.0,
            3602.0,
            3721.0
        ],
        [
            0.0,
            5336.0,
            5015.0,
            5129.0,
            5008.0
        ],
        [
            0.0,
            5311.0,
            3600.0,
            3447.0,
            3474.0
        ],
        [
            0.0,
            3213.0,
            1464.0,
            1452.0,
            1521.0
        ],
        [
            0.0,
            1406.0,
            659.0,
            688.0,
            699.0
        ]
    ],
    "sim_time": 5.89096736907959
}