{
    "dni": 1000.0,
    "generated_rays": 194073,
    "power_per_ray": 7.085017986005548,
    "num_rays": 47955.0,
    "avg_flux": 33275.45822727259,
    "peak_flux": 80907.48471066591,
    "min_flux": 5707.238951502805,
    "radius": 0.0,
    "bin_size_x": 0.06807059529144252,
    "bin_size_y": 6.0,
    "xvalues": [
        -0.13614119058288504,
        -0.0680705952914425,
        2.7755575615628914e-17,
        0.06807059529144252,
        0.13614119058288507
    ],
    "yvalues": [
        -12.0,
        -6.0,
        0.0,
        6.0,
        12.0
    ],
    "flux": [
        [
            396.0,
            399.0,
            371.0,
            355.0,
            380.0
        ],
        [
            2101.0,
            2166.0,
            2133.0,
            2162.0,
            2156.0
        ],
        [
            4449.0,
            4608.0,
            4607.0,
            4664.0,
            4544.0
        ],
        [
            2181.0,
            2092.0,
            2092.0,
            2144.0,
            2118.0
        ],
        [
            403.0,
            354.0,
            329.0,
            380.0,
            371.0
        ]
    ],
    "sim_time": 0.7653381824493408
}