{
    "dni": 1000.0,
    "generated_rays": 34430198,
    "power_per_ray": 0.04523272529881413,
    "num_rays": 612539.0,
    "avg_flux": 2713.536655407455,
    "peak_flux": 5883.348151922172,
    "min_flux": 0.0,
    "radius": 0.0,
    "bin_size_x": 0.06807059529144252,
    "bin_size_y": 6.0,
    "xvalues": [
        -0.13614119058288504,
        -0.0680705952914425,
        2.7755575615628914e-17,
        0.06807059529144252,
        0.13614119058288507
    ],
    "yvalues": [
        -12.0,
        -6.0,
        0.0,
        6.0,
        12.0
    ],
    "flux": [
        [
            0.0,
            29985.0,
            36681.0,
            36645.0,
            36342.0
        ],
        [
            0.0,
            53123.0,
            51188.0,
            51208.0,
            51054.0
        ],
        [
            0.0,
            51651.0,
            34651.0,
            34641.0,
            34667.0
        ],
        [
            0.0,
            31888.0,
            14994.0,
            15194.0,
            14876.0
        ],
        [
            0.0,
            13416.0,
            6786.0,
            6712.0,
            6837.0
        ]
    ],
    "sim_time": 21.795267343521118
}