{
    "dni": 1000.0,
    "generated_rays": 11604091,
    "power_per_ray": 0.11849361536358641,
    "num_rays": 2879087.0,
    "avg_flux": 33411.72754703282,
    "peak_flux": 79415.15277233893,
    "min_flux": 6287.5744932273265,
    "radius": 0.0,
    "bin_size_x": 0.06807059529144252,
    "bin_size_y": 6.0,
    "xvalues": [
        -0.13614119058288504,
        -0.0680705952914425,
        2.7755575615628914e-17,
        0.06807059529144252,
        0.13614119058288507
    ],
    "yvalues": [
        -12.0,
        -6.0,
        0.0,
        6.0,
        12.0
    ],
    "flux": [
        [
            22094.0,
            21672.0,
            21817.0,
            22175.0,
            21727.0
        ],
        [
            129445.0,
            130137.0,
            130281.0,
            129938.0,
            129166.0
        ],
        [
            271864.0,
            273728.0,
            273705.0,
            273063.0,
            271896.0
        ],
        [
            129152.0,
            129577.0,
            129921.0,
            130043.0,
            128552.0
        ],
        [
            21877.0,
            21773.0,
            21849.0,
            21787.0,
            21848.0
        ]
    ],
    "sim_time": 21.988187551498413
}