{
    "dni": 1000.0,
    "generated_rays": 3443272,
    "power_per_ray": 0.4522941226013453,
    "num_rays": 61005.0,
    "avg_flux": 2702.312487123087,
    "peak_flux": 5836.073603449991,
    "min_flux": 0.0,
    "radius": 0.0,
    "bin_size_x": 0.06807059529144252,
    "bin_size_y": 6.0,
    "xvalues": [
        -0.13614119058288504,
        -0.0680705952914425,
        2.7755575615628914e-17,
        0.06807059529144252,
        0.13614119058288507
    ],
    "yvalues": [
        -12.0,
        -6.0,
        0.0,
        6.0,
        12.0
    ],
    "flux": [
        [
            0.0,
            2838.0,
            3709.0,
            3602.0,
            3682.0
        ],
        [
            0.0,
            5270.0,
            5028.0,
            5104.0,
            5030.0
        ],
        [
            0.0,
            5219.0,
            3422.0,
            3442.0,
            3478.0
        ],
        [
            0.0,
            3251.0,
            1498.0,
            1537.0,
            1544.0
        ],
        [
            0.0,
            1307.0,
            675.0,
            644.0,
            725.0
        ]
    ],
    "sim_time": 6.09581184387207
}