{
    "dni": 1000.0,
    "generated_rays": 3867965,
    "power_per_ray": 0.3554868504751348,
    "num_rays": 959804.0,
    "avg_flux": 33416.06358052323,
    "peak_flux": 79712.71610909776,
    "min_flux": 6218.049680436266,
    "radius": 0.0,
    "bin_size_x": 0.06807059529144252,
    "bin_size_y": 6.0,
    "xvalues": [
        -0.13614119058288504,
        -0.0680705952914425,
        2.7755575615628914e-17,
        0.06807059529144252,
        0.13614119058288507
    ],
    "yvalues": [
        -12.0,
        -6.0,
        0.0,
        6.0,
        12.0
    ],
    "flux": [
        [
            7348.0,
            7144.0,
            7462.0,
            7327.0,
            7173.0
        ],
        [
            43165.0,
            43264.0,
            43218.0,
            43056.0,
            42919.0
        ],
        [
            90577.0,
            91583.0,
            90866.0,
            91292.0,
            91054.0
        ],
        [
            43072.0,
            43300.0,
            43151.0,
            43343.0,
            43199.0
        ],
        [
            7284.0,
            7274.0,
            7297.0,
            7178.0,
            7258.0
        ]
    ],
    "sim_time": 9.523759126663208
}