{
    "dni": 1000.0,
    "generated_rays": 8613118,
    "power_per_ray": 0.18081392686339368,
    "num_rays": 153317.0,
    "avg_flux": 2715.0096852857478,
    "peak_flux": 5828.743309038162,
    "min_flux": 0.0,
    "radius": 0.0,
    "bin_size_x": 0.06807059529144252,
    "bin_size_y": 6.0,
    "xvalues": [
        -0.13614119058288504,
        -0.0680705952914425,
        2.7755575615628914e-17,
        0.06807059529144252,
        0.13614119058288507
    ],
    "yvalues": [
        -12.0,
        -6.0,
        0.0,
        6.0,
        12.0
    ],
    "flux": [
        [
            0.0,
            7486.0,
            9131.0,
            9110.0,
            9157.0
        ],
        [
            0.0,
            13166.0,
            12799.0,
            12702.0,
            12903.0
        ],
        [
            0.0,
            13042.0,
            8743.0,
            8661.0,
            8769.0
        ],
        [
            0.0,
            7821.0,
            3768.0,
            3778.0,
            3862.0
        ],
        [
            0.0,
            3397.0,
            1667.0,
            1657.0,
            1698.0
        ]
    ],
    "sim_time": 14.635166645050049
}