{
    "dni": 1000.0,
    "generated_rays": 1930814,
    "power_per_ray": 0.7121404213963928,
    "num_rays": 479615.0,
    "avg_flux": 33450.883037497515,
    "peak_flux": 79727.57455925971,
    "min_flux": 6102.712104043937,
    "radius": 0.0,
    "bin_size_x": 0.06807059529144252,
    "bin_size_y": 6.0,
    "xvalues": [
        -0.13614119058288504,
        -0.0680705952914425,
        2.7755575615628914e-17,
        0.06807059529144252,
        0.13614119058288507
    ],
    "yvalues": [
        -12.0,
        -6.0,
        0.0,
        6.0,
        12.0
    ],
    "flux": [
        [
            3527.0,
            3585.0,
            3661.0,
            3596.0,
            3614.0
        ],
        [
            21539.0,
            21507.0,
            21670.0,
            21531.0,
            21547.0
        ],
        [
            45510.0,
            45548.0,
            45351.0,
            45387.0,
            45725.0
        ],
        [
            21567.0,
            21681.0,
            21748.0,
            21577.0,
            21657.0
        ],
        [
            3736.0,
            3616.0,
            3616.0,
            3619.0,
            3500.0
        ]
    ],
    "sim_time": 7.532851696014404
}