{
    "dni": 1000.0,
    "generated_rays": 1734184,
    "power_per_ray": 0.8980429343816917,
    "num_rays": 30535.0,
    "avg_flux": 2685.6178632334536,
    "peak_flux": 5905.98459198056,
    "min_flux": 0.0,
    "radius": 0.0,
    "bin_size_x": 0.06807059529144252,
    "bin_size_y": 6.0,
    "xvalues": [
        -0.13614119058288504,
        -0.0680705952914425,
        2.7755575615628914e-17,
        0.06807059529144252,
        0.13614119058288507
    ],
    "yvalues": [
        -12.0,
        -6.0,
        0.0,
        6.0,
        12.0
    ],
    "flux": [
        [
            0.0,
            1514.0,
            1770.0,
            1740.0,
            1888.0
        ],
        [
            0.0,
            2686.0,
            2549.0,
            2537.0,
            2513.0
        ],
        [
            0.0,
            2580.0,
            1686.0,
            1758.0,
            1845.0
        ],
        [
            0.0,
            1590.0,
            768.0,
            748.0,
            706.0
        ],
        [
            0.0,
            671.0,
            332.0,
            322.0,
            332.0
        ]
    ],
    "sim_time": 2.9067535400390625
}