{
    "dni": 1000.0,
    "generated_rays": 51700066,
    "power_per_ray": 0.030123205028747536,
    "num_rays": 918251.0,
    "avg_flux": 2709.0173098897335,
    "peak_flux": 5872.5058902206565,
    "min_flux": 0.0,
    "radius": 0.0,
    "bin_size_x": 0.06807059529144252,
    "bin_size_y": 6.0,
    "xvalues": [
        -0.13614119058288504,
        -0.0680705952914425,
        2.7755575615628914e-17,
        0.06807059529144252,
        0.13614119058288507
    ],
    "yvalues": [
        -12.0,
        -6.0,
        0.0,
        6.0,
        12.0
    ],
    "flux": [
        [
            0.0,
            44599.0,
            54568.0,
            54752.0,
            54617.0
        ],
        [
            0.0,
            79622.0,
            76708.0,
            76899.0,
            76391.0
        ],
        [
            0.0,
            77379.0,
            52181.0,
            52132.0,
            51866.0
        ],
        [
            0.0,
            48142.0,
            22568.0,
            22731.0,
            22522.0
        ],
        [
            0.0,
            20346.0,
            10025.0,
            10013.0,
            10190.0
        ]
    ],
    "sim_time": 28.571762800216675
}