{
    "dni": 1000.0,
    "generated_rays": 5799353,
    "power_per_ray": 0.23709725819381142,
    "num_rays": 1439551.0,
    "avg_flux": 33427.41396328659,
    "peak_flux": 79770.14721123352,
    "min_flux": 6246.374290403113,
    "radius": 0.0,
    "bin_size_x": 0.06807059529144252,
    "bin_size_y": 6.0,
    "xvalues": [
        -0.13614119058288504,
        -0.0680705952914425,
        2.7755575615628914e-17,
        0.06807059529144252,
        0.13614119058288507
    ],
    "yvalues": [
        -12.0,
        -6.0,
        0.0,
        6.0,
        12.0
    ],
    "flux": [
        [
            11024.0,
            10760.0,
            11078.0,
            11079.0,
            10832.0
        ],
        [
            64760.0,
            65029.0,
            65092.0,
            64820.0,
            64438.0
        ],
        [
            135805.0,
            137412.0,
            136953.0,
            136233.0,
            136066.0
        ],
        [
            64531.0,
            64948.0,
            64620.0,
            64998.0,
            64564.0
        ],
        [
            11075.0,
            10945.0,
            10821.0,
            10836.0,
            10832.0
        ]
    ],
    "sim_time": 12.9662504196167
}