{
    "dni": 1000.0,
    "generated_rays": 5798897,
    "power_per_ray": 0.23711590248939665,
    "num_rays": 1439545.0,
    "avg_flux": 33429.90321422088,
    "peak_flux": 79532.00266784527,
    "min_flux": 6267.765771489058,
    "radius": 0.0,
    "bin_size_x": 0.06807059529144252,
    "bin_size_y": 6.0,
    "xvalues": [
        -0.13614119058288504,
        -0.0680705952914425,
        2.7755575615628914e-17,
        0.06807059529144252,
        0.13614119058288507
    ],
    "yvalues": [
        -12.0,
        -6.0,
        0.0,
        6.0,
        12.0
    ],
    "flux": [
        [
            10997.0,
            10864.0,
            11087.0,
            11040.0,
            10796.0
        ],
        [
            64691.0,
            64827.0,
            65195.0,
            65001.0,
            64622.0
        ],
        [
            135814.0,
            136942.0,
            136991.0,
            136444.0,
            136235.0
        ],
        [
            64592.0,
            64842.0,
            64454.0,
            64985.0,
            64417.0
        ],
        [
            11095.0,
            11008.0,
            10837.0,
            10846.0,
            10923.0
        ]
    ],
    "sim_time": 12.728334903717041
}