{
    "dni": 1000.0,
    "generated_rays": 193368,
    "power_per_ray": 7.110849238747129,
    "num_rays": 47965.0,
    "avg_flux": 33403.741343940106,
    "peak_flux": 81132.82323713171,
    "min_flux": 5902.151733344989,
    "radius": 0.0,
    "bin_size_x": 0.06807059529144252,
    "bin_size_y": 6.0,
    "xvalues": [
        -0.13614119058288504,
        -0.0680705952914425,
        2.7755575615628914e-17,
        0.06807059529144252,
        0.13614119058288507
    ],
    "yvalues": [
        -12.0,
        -6.0,
        0.0,
        6.0,
        12.0
    ],
    "flux": [
        [
            369.0,
            370.0,
            377.0,
            375.0,
            380.0
        ],
        [
            2010.0,
            2179.0,
            2118.0,
            2177.0,
            2189.0
        ],
        [
            4430.0,
            4626.0,
            4660.0,
            4604.0,
            4534.0
        ],
        [
            2233.0,
            2125.0,
            2086.0,
            2142.0,
            2143.0
        ],
        [
            395.0,
            339.0,
            365.0,
            371.0,
            368.0
        ]
    ],
    "sim_time": 0.7345566749572754
}