{
    "dni": 1000.0,
    "generated_rays": 172445042,
    "power_per_ray": 0.009031118958571041,
    "num_rays": 3061724.0,
    "avg_flux": 2708.0507174378595,
    "peak_flux": 5866.837053666885,
    "min_flux": 0.0,
    "radius": 0.0,
    "bin_size_x": 0.06807059529144252,
    "bin_size_y": 6.0,
    "xvalues": [
        -0.13614119058288504,
        -0.0680705952914425,
        2.7755575615628914e-17,
        0.06807059529144252,
        0.13614119058288507
    ],
    "yvalues": [
        -12.0,
        -6.0,
        0.0,
        6.0,
        12.0
    ],
    "flux": [
        [
            0.0,
            148905.0,
            182556.0,
            183456.0,
            182521.0
        ],
        [
            0.0,
            265322.0,
            256078.0,
            255656.0,
            254160.0
        ],
        [
            0.0,
            257892.0,
            173789.0,
            173316.0,
            173588.0
        ],
        [
            0.0,
            160016.0,
            75262.0,
            76042.0,
            75481.0
        ],
        [
            0.0,
            67410.0,
            33335.0,
            33508.0,
            33431.0
        ]
    ],
    "sim_time": 70.572598695755
}