{
    "dni": 1000.0,
    "generated_rays": 19341426,
    "power_per_ray": 0.0710914849607291,
    "num_rays": 4797866.0,
    "avg_flux": 33405.26278855419,
    "peak_flux": 79372.61287788113,
    "min_flux": 6308.569993647016,
    "radius": 0.0,
    "bin_size_x": 0.06807059529144252,
    "bin_size_y": 6.0,
    "xvalues": [
        -0.13614119058288504,
        -0.0680705952914425,
        2.7755575615628914e-17,
        0.06807059529144252,
        0.13614119058288507
    ],
    "yvalues": [
        -12.0,
        -6.0,
        0.0,
        6.0,
        12.0
    ],
    "flux": [
        [
            36550.0,
            36337.0,
            36243.0,
            36679.0,
            36461.0
        ],
        [
            215806.0,
            216982.0,
            216704.0,
            216367.0,
            215391.0
        ],
        [
            453668.0,
            455867.0,
            455999.0,
            454675.0,
            453265.0
        ],
        [
            215268.0,
            215436.0,
            216245.0,
            216703.0,
            215436.0
        ],
        [
            36351.0,
            36381.0,
            36277.0,
            36392.0,
            36383.0
        ]
    ],
    "sim_time": 33.92793369293213
}