{
    "dni": 1000.0,
    "generated_rays": 3868255,
    "power_per_ray": 0.35546019990875855,
    "num_rays": 959627.0,
    "avg_flux": 33407.396521938426,
    "peak_flux": 79905.17362672395,
    "min_flux": 6204.528681584069,
    "radius": 0.0,
    "bin_size_x": 0.06807059529144252,
    "bin_size_y": 6.0,
    "xvalues": [
        -0.13614119058288504,
        -0.0680705952914425,
        2.7755575615628914e-17,
        0.06807059529144252,
        0.13614119058288507
    ],
    "yvalues": [
        -12.0,
        -6.0,
        0.0,
        6.0,
        12.0
    ],
    "flux": [
        [
            7355.0,
            7129.0,
            7423.0,
            7358.0,
            7273.0
        ],
        [
            43056.0,
            43107.0,
            43376.0,
            43051.0,
            42789.0
        ],
        [
            90207.0,
            91811.0,
            91402.0,
            91013.0,
            90962.0
        ],
        [
            43010.0,
            43258.0,
            43199.0,
            43322.0,
            43212.0
        ],
        [
            7273.0,
            7374.0,
            7268.0,
            7204.0,
            7195.0
        ]
    ],
    "sim_time": 9.531565427780151
}