{
    "dni": 1000.0,
    "generated_rays": 1722520,
    "power_per_ray": 0.9041240090784314,
    "num_rays": 30382.0,
    "avg_flux": 2690.2556604372926,
    "peak_flux": 5892.848206243889,
    "min_flux": 0.0,
    "radius": 0.0,
    "bin_size_x": 0.06807059529144252,
    "bin_size_y": 6.0,
    "xvalues": [
        -0.13614119058288504,
        -0.0680705952914425,
        2.7755575615628914e-17,
        0.06807059529144252,
        0.13614119058288507
    ],
    "yvalues": [
        -12.0,
        -6.0,
        0.0,
        6.0,
        12.0
    ],
    "flux": [
        [
            0.0,
            1427.0,
            1771.0,
            1779.0,
            1812.0
        ],
        [
            0.0,
            2662.0,
            2647.0,
            2484.0,
            2595.0
        ],
        [
            0.0,
            2497.0,
            1741.0,
            1756.0,
            1754.0
        ],
        [
            0.0,
            1557.0,
            704.0,
            796.0,
            750.0
        ],
        [
            0.0,
            647.0,
            330.0,
            334.0,
            339.0
        ]
    ],
    "sim_time": 2.835632562637329
}