{
    "dni": 1000.0,
    "generated_rays": 385117,
    "power_per_ray": 3.5703713302660094,
    "num_rays": 95920.0,
    "avg_flux": 33540.67117456899,
    "peak_flux": 80398.6532507587,
    "min_flux": 6066.833245191534,
    "radius": 0.0,
    "bin_size_x": 0.06807059529144252,
    "bin_size_y": 6.0,
    "xvalues": [
        -0.13614119058288504,
        -0.0680705952914425,
        2.7755575615628914e-17,
        0.06807059529144252,
        0.13614119058288507
    ],
    "yvalues": [
        -12.0,
        -6.0,
        0.0,
        6.0,
        12.0
    ],
    "flux": [
        [
            712.0,
            755.0,
            735.0,
            750.0,
            723.0
        ],
        [
            4286.0,
            4348.0,
            4310.0,
            4312.0,
            4326.0
        ],
        [
            9197.0,
            8940.0,
            8991.0,
            9089.0,
            9180.0
        ],
        [
            4317.0,
            4304.0,
            4283.0,
            4339.0,
            4385.0
        ],
        [
            757.0,
            723.0,
            716.0,
            748.0,
            694.0
        ]
    ],
    "sim_time": 1.5539414882659912
}