{
    "dni": 1000.0,
    "generated_rays": 1938384,
    "power_per_ray": 0.7093592887673726,
    "num_rays": 479971.0,
    "avg_flux": 33344.97915791128,
    "peak_flux": 79388.42410942362,
    "min_flux": 6158.772930757972,
    "radius": 0.0,
    "bin_size_x": 0.06807059529144252,
    "bin_size_y": 6.0,
    "xvalues": [
        -0.13614119058288504,
        -0.0680705952914425,
        2.7755575615628914e-17,
        0.06807059529144252,
        0.13614119058288507
    ],
    "yvalues": [
        -12.0,
        -6.0,
        0.0,
        6.0,
        12.0
    ],
    "flux": [
        [
            3615.0,
            3564.0,
            3699.0,
            3616.0,
            3664.0
        ],
        [
            21580.0,
            21958.0,
            21535.0,
            21662.0,
            21664.0
        ],
        [
            45586.0,
            45429.0,
            45709.0,
            45327.0,
            45080.0
        ],
        [
            21523.0,
            21410.0,
            21827.0,
            21519.0,
            21670.0
        ],
        [
            3603.0,
            3702.0,
            3762.0,
            3546.0,
            3721.0
        ]
    ],
    "sim_time": 7.798764705657959
}