{
    "dni": 1000.0,
    "generated_rays": 5802116,
    "power_per_ray": 0.23698435115707006,
    "num_rays": 1439735.0,
    "avg_flux": 33415.766220574194,
    "peak_flux": 79666.59292020087,
    "min_flux": 6275.893262331791,
    "radius": 0.0,
    "bin_size_x": 0.06807059529144252,
    "bin_size_y": 6.0,
    "xvalues": [
        -0.13614119058288504,
        -0.0680705952914425,
        2.7755575615628914e-17,
        0.06807059529144252,
        0.13614119058288507
    ],
    "yvalues": [
        -12.0,
        -6.0,
        0.0,
        6.0,
        12.0
    ],
    "flux": [
        [
            10915.0,
            10816.0,
            11045.0,
            11027.0,
            10885.0
        ],
        [
            64471.0,
            64914.0,
            65109.0,
            64837.0,
            64429.0
        ],
        [
            135897.0,
            137211.0,
            137299.0,
            136433.0,
            135883.0
        ],
        [
            64564.0,
            64978.0,
            64562.0,
            65064.0,
            64628.0
        ],
        [
            11026.0,
            11025.0,
            10987.0,
            10866.0,
            10864.0
        ]
    ],
    "sim_time": 12.87425971031189
}