{
    "dni": 1000.0,
    "generated_rays": 172460139,
    "power_per_ray": 0.009030328382825782,
    "num_rays": 3062036.0,
    "avg_flux": 2708.089592542023,
    "peak_flux": 5858.297472256546,
    "min_flux": 0.0,
    "radius": 0.0,
    "bin_size_x": 0.06807059529144252,
    "bin_size_y": 6.0,
    "xvalues": [
        -0.13614119058288504,
        -0.0680705952914425,
        2.7755575615628914e-17,
        0.06807059529144252,
        0.13614119058288507
    ],
    "yvalues": [
        -12.0,
        -6.0,
        0.0,
        6.0,
        12.0
    ],
    "flux": [
        [
            0.0,
            148908.0,
            182602.0,
            183564.0,
            182424.0
        ],
        [
            0.0,
            264959.0,
            255981.0,
            255683.0,
            254163.0
        ],
        [
            0.0,
            258227.0,
            173758.0,
            173570.0,
            173833.0
        ],
        [
            0.0,
            159980.0,
            75335.0,
            75905.0,
            75579.0
        ],
        [
            0.0,
            67253.0,
            33520.0,
            33551.0,
            33241.0
        ]
    ],
    "sim_time": 70.74535536766052
}