{
    "dni": 1000.0,
    "generated_rays": 3866651,
    "power_per_ray": 0.3556076552029275,
    "num_rays": 959877.0,
    "avg_flux": 33429.96172251113,
    "peak_flux": 79861.70048542386,
    "min_flux": 6241.9298407161095,
    "radius": 0.0,
    "bin_size_x": 0.06807059529144252,
    "bin_size_y": 6.0,
    "xvalues": [
        -0.13614119058288504,
        -0.0680705952914425,
        2.7755575615628914e-17,
        0.06807059529144252,
        0.13614119058288507
    ],
    "yvalues": [
        -12.0,
        -6.0,
        0.0,
        6.0,
        12.0
    ],
    "flux": [
        [
            7245.0,
            7172.0,
            7464.0,
            7360.0,
            7169.0
        ],
        [
            43169.0,
            43183.0,
            43416.0,
            42977.0,
            42879.0
        ],
        [
            90446.0,
            91723.0,
            91098.0,
            91234.0,
            90971.0
        ],
        [
            43202.0,
            43315.0,
            42975.0,
            43267.0,
            43225.0
        ],
        [
            7259.0,
            7381.0,
            7270.0,
            7260.0,
            7217.0
        ]
    ],
    "sim_time": 9.757562637329102
}