{
    "dni": 1000.0,
    "generated_rays": 19336911,
    "power_per_ray": 0.07110808420217969,
    "num_rays": 4797790.0,
    "avg_flux": 33412.53335048227,
    "peak_flux": 79393.9313507895,
    "min_flux": 6304.471669009657,
    "radius": 0.0,
    "bin_size_x": 0.06807059529144252,
    "bin_size_y": 6.0,
    "xvalues": [
        -0.13614119058288504,
        -0.0680705952914425,
        2.7755575615628914e-17,
        0.06807059529144252,
        0.13614119058288507
    ],
    "yvalues": [
        -12.0,
        -6.0,
        0.0,
        6.0,
        12.0
    ],
    "flux": [
        [
            36539.0,
            36392.0,
            36239.0,
            36842.0,
            36211.0
        ],
        [
            216073.0,
            217252.0,
            216412.0,
            216405.0,
            215460.0
        ],
        [
            453332.0,
            456015.0,
            455871.0,
            454594.0,
            453142.0
        ],
        [
            215310.0,
            215648.0,
            216234.0,
            216679.0,
            215377.0
        ],
        [
            36266.0,
            36454.0,
            36391.0,
            36431.0,
            36221.0
        ]
    ],
    "sim_time": 33.93925380706787
}