{
    "dni": 1000.0,
    "generated_rays": 34458702,
    "power_per_ray": 0.04519530910124762,
    "num_rays": 612477.0,
    "avg_flux": 2711.0176049721094,
    "peak_flux": 5884.899647252947,
    "min_flux": 0.0,
    "radius": 0.0,
    "bin_size_x": 0.06807059529144252,
    "bin_size_y": 6.0,
    "xvalues": [
        -0.13614119058288504,
        -0.0680705952914425,
        2.7755575615628914e-17,
        0.06807059529144252,
        0.13614119058288507
    ],
    "yvalues": [
        -12.0,
        -6.0,
        0.0,
        6.0,
        12.0
    ],
    "flux": [
        [
            0.0,
            29850.0,
            36407.0,
            36590.0,
            36259.0
        ],
        [
            0.0,
            53181.0,
            51323.0,
            51194.0,
            50903.0
        ],
        [
            0.0,
            51733.0,
            34516.0,
            34898.0,
            34590.0
        ],
        [
            0.0,
            32052.0,
            15099.0,
            15252.0,
            14793.0
        ],
        [
            0.0,
            13479.0,
            6816.0,
            6692.0,
            6850.0
        ]
    ],
    "sim_time": 20.541012048721313
}