{
    "dni": 1000.0,
    "generated_rays": 172448622,
    "power_per_ray": 0.009030931474290236,
    "num_rays": 3061367.0,
    "avg_flux": 2707.678744033658,
    "peak_flux": 5869.213879147567,
    "min_flux": 0.0,
    "radius": 0.0,
    "bin_size_x": 0.06807059529144252,
    "bin_size_y": 6.0,
    "xvalues": [
        -0.13614119058288504,
        -0.0680705952914425,
        2.7755575615628914e-17,
        0.06807059529144252,
        0.13614119058288507
    ],
    "yvalues": [
        -12.0,
        -6.0,
        0.0,
        6.0,
        12.0
    ],
    "flux": [
        [
            0.0,
            148852.0,
            182589.0,
            183397.0,
            182261.0
        ],
        [
            0.0,
            265435.0,
            255929.0,
            255226.0,
            254102.0
        ],
        [
            0.0,
            258120.0,
            173842.0,
            173591.0,
            173649.0
        ],
        [
            0.0,
            160087.0,
            75475.0,
            75888.0,
            75519.0
        ],
        [
            0.0,
            67215.0,
            33340.0,
            33531.0,
            33319.0
        ]
    ],
    "sim_time": 69.41631579399109
}