{
    "dni": 1000.0,
    "generated_rays": 19339912,
    "power_per_ray": 0.07109705026569173,
    "num_rays": 4797698.0,
    "avg_flux": 33406.70808055357,
    "peak_flux": 79414.68627187944,
    "min_flux": 6317.4195361575985,
    "radius": 0.0,
    "bin_size_x": 0.06807059529144252,
    "bin_size_y": 6.0,
    "xvalues": [
        -0.13614119058288504,
        -0.0680705952914425,
        2.7755575615628914e-17,
        0.06807059529144252,
        0.13614119058288507
    ],
    "yvalues": [
        -12.0,
        -6.0,
        0.0,
        6.0,
        12.0
    ],
    "flux": [
        [
            36462.0,
            36362.0,
            36291.0,
            36758.0,
            36419.0
        ],
        [
            215594.0,
            217180.0,
            216341.0,
            216403.0,
            215299.0
        ],
        [
            453376.0,
            456060.0,
            456205.0,
            454438.0,
            453581.0
        ],
        [
            215520.0,
            215601.0,
            216168.0,
            216360.0,
            215333.0
        ],
        [
            36405.0,
            36413.0,
            36374.0,
            36397.0,
            36358.0
        ]
    ],
    "sim_time": 33.76555943489075
}