{
    "dni": 1000.0,
    "generated_rays": 11602917,
    "power_per_ray": 0.1185056047197489,
    "num_rays": 2878817.0,
    "avg_flux": 33411.97453436322,
    "peak_flux": 79487.8923848176,
    "min_flux": 6287.340218092332,
    "radius": 0.0,
    "bin_size_x": 0.06807059529144252,
    "bin_size_y": 6.0,
    "xvalues": [
        -0.13614119058288504,
        -0.0680705952914425,
        2.7755575615628914e-17,
        0.06807059529144252,
        0.13614119058288507
    ],
    "yvalues": [
        -12.0,
        -6.0,
        0.0,
        6.0,
        12.0
    ],
    "flux": [
        [
            22071.0,
            21669.0,
            21808.0,
            22116.0,
            21688.0
        ],
        [
            129302.0,
            130169.0,
            130202.0,
            130114.0,
            129190.0
        ],
        [
            272371.0,
            273601.0,
            273951.0,
            273001.0,
            271530.0
        ],
        [
            129113.0,
            129334.0,
            129915.0,
            130003.0,
            128479.0
        ],
        [
            21860.0,
            21766.0,
            21873.0,
            21934.0,
            21757.0
        ]
    ],
    "sim_time": 22.30687141418457
}