{
    "dni": 1000.0,
    "generated_rays": 172449465,
    "power_per_ray": 0.009030887327587705,
    "num_rays": 3061612.0,
    "avg_flux": 2707.882201256078,
    "peak_flux": 5865.006100988381,
    "min_flux": 0.0,
    "radius": 0.0,
    "bin_size_x": 0.06807059529144252,
    "bin_size_y": 6.0,
    "xvalues": [
        -0.13614119058288504,
        -0.0680705952914425,
        2.7755575615628914e-17,
        0.06807059529144252,
        0.13614119058288507
    ],
    "yvalues": [
        -12.0,
        -6.0,
        0.0,
        6.0,
        12.0
    ],
    "flux": [
        [
            0.0,
            148936.0,
            182707.0,
            183370.0,
            182344.0
        ],
        [
            0.0,
            265246.0,
            256005.0,
            255748.0,
            254128.0
        ],
        [
            0.0,
            257924.0,
            173990.0,
            173409.0,
            173566.0
        ],
        [
            0.0,
            160061.0,
            75387.0,
            75857.0,
            75445.0
        ],
        [
            0.0,
            67396.0,
            33396.0,
            33372.0,
            33325.0
        ]
    ],
    "sim_time": 70.35380101203918
}