{
    "dni": 1000.0,
    "generated_rays": 8603392,
    "power_per_ray": 0.18101833417770335,
    "num_rays": 152883.0,
    "avg_flux": 2710.384796411394,
    "peak_flux": 5865.471045784749,
    "min_flux": 0.0,
    "radius": 0.0,
    "bin_size_x": 0.06807059529144252,
    "bin_size_y": 6.0,
    "xvalues": [
        -0.13614119058288504,
        -0.0680705952914425,
        2.7755575615628914e-17,
        0.06807059529144252,
        0.13614119058288507
    ],
    "yvalues": [
        -12.0,
        -6.0,
        0.0,
        6.0,
        12.0
    ],
    "flux": [
        [
            0.0,
            7337.0,
            9130.0,
            9232.0,
            9186.0
        ],
        [
            0.0,
            13234.0,
            12742.0,
            12728.0,
            12791.0
        ],
        [
            0.0,
            12981.0,
            8765.0,
            8671.0,
            8607.0
        ],
        [
            0.0,
            7901.0,
            3689.0,
            3774.0,
            3664.0
        ],
        [
            0.0,
            3392.0,
            1744.0,
            1653.0,
            1662.0
        ]
    ],
    "sim_time": 15.10899829864502
}