{
    "dni": 1000.0,
    "generated_rays": 103473749,
    "power_per_ray": 0.015050886849743692,
    "num_rays": 1837018.0,
    "avg_flux": 2707.8505719505893,
    "peak_flux": 5867.885647729584,
    "min_flux": 0.0,
    "radius": 0.0,
    "bin_size_x": 0.06807059529144252,
    "bin_size_y": 6.0,
    "xvalues": [
        -0.13614119058288504,
        -0.0680705952914425,
        2.7755575615628914e-17,
        0.06807059529144252,
        0.13614119058288507
    ],
    "yvalues": [
        -12.0,
        -6.0,
        0.0,
        6.0,
        12.0
    ],
    "flux": [
        [
            0.0,
            89469.0,
            109516.0,
            109758.0,
            109405.0
        ],
        [
            0.0,
            159232.0,
            153595.0,
            153378.0,
            152031.0
        ],
        [
            0.0,
            154954.0,
            104580.0,
            104338.0,
            103957.0
        ],
        [
            0.0,
            96130.0,
            45270.0,
            45582.0,
            45227.0
        ],
        [
            0.0,
            40423.0,
            20109.0,
            19931.0,
            20133.0
        ]
    ],
    "sim_time": 43.86664032936096
}