{
    "dni": 1000.0,
    "generated_rays": 3868084,
    "power_per_ray": 0.35547591406961554,
    "num_rays": 959743.0,
    "avg_flux": 33412.91186855093,
    "peak_flux": 79791.20734564553,
    "min_flux": 6218.728745632852,
    "radius": 0.0,
    "bin_size_x": 0.06807059529144252,
    "bin_size_y": 6.0,
    "xvalues": [
        -0.13614119058288504,
        -0.0680705952914425,
        2.7755575615628914e-17,
        0.06807059529144252,
        0.13614119058288507
    ],
    "yvalues": [
        -12.0,
        -6.0,
        0.0,
        6.0,
        12.0
    ],
    "flux": [
        [
            7249.0,
            7145.0,
            7433.0,
            7356.0,
            7245.0
        ],
        [
            43181.0,
            43238.0,
            43277.0,
            43087.0,
            42913.0
        ],
        [
            90463.0,
            91676.0,
            91147.0,
            91102.0,
            91212.0
        ],
        [
            43255.0,
            43091.0,
            42922.0,
            43391.0,
            43270.0
        ],
        [
            7239.0,
            7270.0,
            7222.0,
            7186.0,
            7173.0
        ]
    ],
    "sim_time": 9.51836895942688
}