{
    "dni": 1000.0,
    "generated_rays": 11603873,
    "power_per_ray": 0.11849584148310265,
    "num_rays": 2878790.0,
    "avg_flux": 33408.908505708874,
    "peak_flux": 79463.93588571162,
    "min_flux": 6286.2419679204995,
    "radius": 0.0,
    "bin_size_x": 0.06807059529144252,
    "bin_size_y": 6.0,
    "xvalues": [
        -0.13614119058288504,
        -0.0680705952914425,
        2.7755575615628914e-17,
        0.06807059529144252,
        0.13614119058288507
    ],
    "yvalues": [
        -12.0,
        -6.0,
        0.0,
        6.0,
        12.0
    ],
    "flux": [
        [
            22058.0,
            21667.0,
            21817.0,
            22071.0,
            21680.0
        ],
        [
            129237.0,
            130107.0,
            130191.0,
            130085.0,
            129348.0
        ],
        [
            271948.0,
            273590.0,
            273891.0,
            272747.0,
            271846.0
        ],
        [
            129162.0,
            129657.0,
            129692.0,
            130174.0,
            128580.0
        ],
        [
            21874.0,
            21779.0,
            21889.0,
            21925.0,
            21775.0
        ]
    ],
    "sim_time": 22.72017502784729
}