{
    "dni": 1000.0,
    "generated_rays": 1935212,
    "power_per_ray": 0.7105219973822272,
    "num_rays": 479721.0,
    "avg_flux": 33382.23811587063,
    "peak_flux": 79936.07009001792,
    "min_flux": 6054.049574816914,
    "radius": 0.0,
    "bin_size_x": 0.06807059529144252,
    "bin_size_y": 6.0,
    "xvalues": [
        -0.13614119058288504,
        -0.0680705952914425,
        2.7755575615628914e-17,
        0.06807059529144252,
        0.13614119058288507
    ],
    "yvalues": [
        -12.0,
        -6.0,
        0.0,
        6.0,
        12.0
    ],
    "flux": [
        [
            3631.0,
            3624.0,
            3557.0,
            3664.0,
            3480.0
        ],
        [
            21480.0,
            21551.0,
            21632.0,
            21435.0,
            21862.0
        ],
        [
            45329.0,
            45573.0,
            45359.0,
            45949.0,
            45434.0
        ],
        [
            21687.0,
            21562.0,
            21596.0,
            21527.0,
            21473.0
        ],
        [
            3656.0,
            3645.0,
            3690.0,
            3689.0,
            3636.0
        ]
    ],
    "sim_time": 7.4183876514434814
}