{
    "dni": 1000.0,
    "generated_rays": 19340314,
    "power_per_ray": 0.07109557247095652,
    "num_rays": 4797855.0,
    "avg_flux": 33407.10688143717,
    "peak_flux": 79421.21702755436,
    "min_flux": 6291.525400495553,
    "radius": 0.0,
    "bin_size_x": 0.06807059529144252,
    "bin_size_y": 6.0,
    "xvalues": [
        -0.13614119058288504,
        -0.0680705952914425,
        2.7755575615628914e-17,
        0.06807059529144252,
        0.13614119058288507
    ],
    "yvalues": [
        -12.0,
        -6.0,
        0.0,
        6.0,
        12.0
    ],
    "flux": [
        [
            36600.0,
            36336.0,
            36143.0,
            36806.0,
            36480.0
        ],
        [
            215847.0,
            217086.0,
            216319.0,
            216407.0,
            215449.0
        ],
        [
            453532.0,
            456252.0,
            455784.0,
            454452.0,
            452972.0
        ],
        [
            215496.0,
            215907.0,
            215958.0,
            216866.0,
            215252.0
        ],
        [
            36410.0,
            36320.0,
            36410.0,
            36456.0,
            36315.0
        ]
    ],
    "sim_time": 33.980676889419556
}