{
    "dni": 1000.0,
    "generated_rays": 11599457,
    "power_per_ray": 0.11854095373585632,
    "num_rays": 2878995.0,
    "avg_flux": 33424.00749688223,
    "peak_flux": 79497.96152325752,
    "min_flux": 6274.123175449274,
    "radius": 0.0,
    "bin_size_x": 0.06807059529144252,
    "bin_size_y": 6.0,
    "xvalues": [
        -0.13614119058288504,
        -0.0680705952914425,
        2.7755575615628914e-17,
        0.06807059529144252,
        0.13614119058288507
    ],
    "yvalues": [
        -12.0,
        -6.0,
        0.0,
        6.0,
        12.0
    ],
    "flux": [
        [
            22064.0,
            21757.0,
            21725.0,
            22091.0,
            21617.0
        ],
        [
            129587.0,
            129961.0,
            130178.0,
            130050.0,
            129239.0
        ],
        [
            272000.0,
            273823.0,
            273904.0,
            272774.0,
            271839.0
        ],
        [
            129114.0,
            129390.0,
            129907.0,
            130098.0,
            128901.0
        ],
        [
            21862.0,
            21736.0,
            21832.0,
            21817.0,
            21729.0
        ]
    ],
    "sim_time": 22.045143842697144
}