{
    "dni": 1000.0,
    "generated_rays": 11602166,
    "power_per_ray": 0.11851327550373394,
    "num_rays": 2878952.0,
    "avg_flux": 33415.70419916875,
    "peak_flux": 79420.49446306056,
    "min_flux": 6283.684778636456,
    "radius": 0.0,
    "bin_size_x": 0.06807059529144252,
    "bin_size_y": 6.0,
    "xvalues": [
        -0.13614119058288504,
        -0.0680705952914425,
        2.7755575615628914e-17,
        0.06807059529144252,
        0.13614119058288507
    ],
    "yvalues": [
        -12.0,
        -6.0,
        0.0,
        6.0,
        12.0
    ],
    "flux": [
        [
            22027.0,
            21670.0,
            21752.0,
            22116.0,
            21655.0
        ],
        [
            129294.0,
            129974.0,
            130365.0,
            130019.0,
            129406.0
        ],
        [
            271816.0,
            273621.0,
            273701.0,
            272906.0,
            272215.0
        ],
        [
            129194.0,
            129440.0,
            129805.0,
            129811.0,
            128901.0
        ],
        [
            21795.0,
            21898.0,
            21914.0,
            21855.0,
            21802.0
        ]
    ],
    "sim_time": 22.05437970161438
}