{
    "dni": 1000.0,
    "generated_rays": 194228,
    "power_per_ray": 7.079363920742914,
    "num_rays": 47960.0,
    "avg_flux": 33252.37005152832,
    "peak_flux": 81830.92108698143,
    "min_flux": 5824.018107440322,
    "radius": 0.0,
    "bin_size_x": 0.06807059529144252,
    "bin_size_y": 6.0,
    "xvalues": [
        -0.13614119058288504,
        -0.0680705952914425,
        2.7755575615628914e-17,
        0.06807059529144252,
        0.13614119058288507
    ],
    "yvalues": [
        -12.0,
        -6.0,
        0.0,
        6.0,
        12.0
    ],
    "flux": [
        [
            398.0,
            367.0,
            376.0,
            382.0,
            342.0
        ],
        [
            2164.0,
            2208.0,
            2190.0,
            2068.0,
            2244.0
        ],
        [
            4461.0,
            4721.0,
            4615.0,
            4510.0,
            4460.0
        ],
        [
            2100.0,
            2199.0,
            2140.0,
            2072.0,
            2126.0
        ],
        [
            358.0,
            365.0,
            365.0,
            393.0,
            336.0
        ]
    ],
    "sim_time": 0.7542858123779297
}