{
    "dni": 1000.0,
    "generated_rays": 19336966,
    "power_per_ray": 0.07110788194994265,
    "num_rays": 4797829.0,
    "avg_flux": 33412.70991655342,
    "peak_flux": 79476.40458740541,
    "min_flux": 6316.292760030847,
    "radius": 0.0,
    "bin_size_x": 0.06807059529144252,
    "bin_size_y": 6.0,
    "xvalues": [
        -0.13614119058288504,
        -0.0680705952914425,
        2.7755575615628914e-17,
        0.06807059529144252,
        0.13614119058288507
    ],
    "yvalues": [
        -12.0,
        -6.0,
        0.0,
        6.0,
        12.0
    ],
    "flux": [
        [
            36533.0,
            36385.0,
            36335.0,
            36708.0,
            36279.0
        ],
        [
            215612.0,
            217149.0,
            216442.0,
            216557.0,
            215438.0
        ],
        [
            453666.0,
            456228.0,
            456490.0,
            454309.0,
            453257.0
        ],
        [
            215117.0,
            215751.0,
            216103.0,
            216471.0,
            215166.0
        ],
        [
            36383.0,
            36303.0,
            36389.0,
            36429.0,
            36329.0
        ]
    ],
    "sim_time": 33.95531368255615
}