{
    "dni": 1000.0,
    "generated_rays": 387313,
    "power_per_ray": 3.5501279213402466,
    "num_rays": 96068.0,
    "avg_flux": 33401.95941062873,
    "peak_flux": 79490.80828428816,
    "min_flux": 6197.588442503822,
    "radius": 0.0,
    "bin_size_x": 0.06807059529144252,
    "bin_size_y": 6.0,
    "xvalues": [
        -0.13614119058288504,
        -0.0680705952914425,
        2.7755575615628914e-17,
        0.06807059529144252,
        0.13614119058288507
    ],
    "yvalues": [
        -12.0,
        -6.0,
        0.0,
        6.0,
        12.0
    ],
    "flux": [
        [
            751.0,
            726.0,
            766.0,
            719.0,
            745.0
        ],
        [
            4258.0,
            4323.0,
            4331.0,
            4222.0,
            4283.0
        ],
        [
            9062.0,
            9099.0,
            8968.0,
            9145.0,
            9120.0
        ],
        [
            4442.0,
            4328.0,
            4386.0,
            4327.0,
            4355.0
        ],
        [
            756.0,
            728.0,
            769.0,
            713.0,
            746.0
        ]
    ],
    "sim_time": 1.567037582397461
}