{
    "dni": 1000.0,
    "generated_rays": 11599346,
    "power_per_ray": 0.11854208811411046,
    "num_rays": 2879060.0,
    "avg_flux": 33425.081979924646,
    "peak_flux": 79443.57610689856,
    "min_flux": 6288.985609374304,
    "radius": 0.0,
    "bin_size_x": 0.06807059529144252,
    "bin_size_y": 6.0,
    "xvalues": [
        -0.13614119058288504,
        -0.0680705952914425,
        2.7755575615628914e-17,
        0.06807059529144252,
        0.13614119058288507
    ],
    "yvalues": [
        -12.0,
        -6.0,
        0.0,
        6.0,
        12.0
    ],
    "flux": [
        [
            22037.0,
            21710.0,
            21791.0,
            22123.0,
            21668.0
        ],
        [
            129325.0,
            129912.0,
            130284.0,
            130064.0,
            129329.0
        ],
        [
            272000.0,
            273714.0,
            273698.0,
            272983.0,
            272202.0
        ],
        [
            128892.0,
            129435.0,
            129794.0,
            130065.0,
            128768.0
        ],
        [
            21881.0,
            21826.0,
            21874.0,
            21866.0,
            21819.0
        ]
    ],
    "sim_time": 22.330448150634766
}