{
    "dni": 1000.0,
    "generated_rays": 1936709,
    "power_per_ray": 0.709972791781344,
    "num_rays": 480010.0,
    "avg_flux": 33376.52999055485,
    "peak_flux": 79279.77559213531,
    "min_flux": 6125.856320009754,
    "radius": 0.0,
    "bin_size_x": 0.06807059529144252,
    "bin_size_y": 6.0,
    "xvalues": [
        -0.13614119058288504,
        -0.0680705952914425,
        2.7755575615628914e-17,
        0.06807059529144252,
        0.13614119058288507
    ],
    "yvalues": [
        -12.0,
        -6.0,
        0.0,
        6.0,
        12.0
    ],
    "flux": [
        [
            3653.0,
            3590.0,
            3679.0,
            3594.0,
            3625.0
        ],
        [
            21444.0,
            21804.0,
            22002.0,
            21814.0,
            21456.0
        ],
        [
            45587.0,
            45118.0,
            45402.0,
            45607.0,
            45439.0
        ],
        [
            21846.0,
            21522.0,
            21699.0,
            21468.0,
            21576.0
        ],
        [
            3612.0,
            3524.0,
            3694.0,
            3569.0,
            3686.0
        ]
    ],
    "sim_time": 7.888847589492798
}