{
    "dni": 1000.0,
    "generated_rays": 172461594,
    "power_per_ray": 0.009030252197006712,
    "num_rays": 3061776.0,
    "avg_flux": 2707.836801129338,
    "peak_flux": 5864.460962620597,
    "min_flux": 0.0,
    "radius": 0.0,
    "bin_size_x": 0.06807059529144252,
    "bin_size_y": 6.0,
    "xvalues": [
        -0.13614119058288504,
        -0.0680705952914425,
        2.7755575615628914e-17,
        0.06807059529144252,
        0.13614119058288507
    ],
    "yvalues": [
        -12.0,
        -6.0,
        0.0,
        6.0,
        12.0
    ],
    "flux": [
        [
            0.0,
            149149.0,
            182375.0,
            183463.0,
            182704.0
        ],
        [
            0.0,
            265240.0,
            256016.0,
            255631.0,
            254097.0
        ],
        [
            0.0,
            258211.0,
            173807.0,
            173372.0,
            173568.0
        ],
        [
            0.0,
            160088.0,
            75183.0,
            75803.0,
            75449.0
        ],
        [
            0.0,
            67310.0,
            33477.0,
            33431.0,
            33402.0
        ]
    ],
    "sim_time": 70.85895085334778
}