{
    "dni": 1000.0,
    "generated_rays": 8618284,
    "power_per_ray": 0.18070554278761056,
    "num_rays": 153197.0,
    "avg_flux": 2711.2585025303188,
    "peak_flux": 5845.601959475475,
    "min_flux": 0.0,
    "radius": 0.0,
    "bin_size_x": 0.06807059529144252,
    "bin_size_y": 6.0,
    "xvalues": [
        -0.13614119058288504,
        -0.0680705952914425,
        2.7755575615628914e-17,
        0.06807059529144252,
        0.13614119058288507
    ],
    "yvalues": [
        -12.0,
        -6.0,
        0.0,
        6.0,
        12.0
    ],
    "flux": [
        [
            0.0,
            7289.0,
            9217.0,
            9209.0,
            9059.0
        ],
        [
            0.0,
            13212.0,
            12888.0,
            12769.0,
            12867.0
        ],
        [
            0.0,
            13076.0,
            8623.0,
            8764.0,
            8573.0
        ],
        [
            0.0,
            7977.0,
            3841.0,
            3759.0,
            3922.0
        ],
        [
            0.0,
            3291.0,
            1581.0,
            1631.0,
            1649.0
        ]
    ],
    "sim_time": 14.064773797988892
}