{
    "dni": 1000.0,
    "generated_rays": 194754,
    "power_per_ray": 7.060243669439676,
    "num_rays": 47881.0,
    "avg_flux": 33107.935047831066,
    "peak_flux": 79535.51991137964,
    "min_flux": 5756.428630838821,
    "radius": 0.0,
    "bin_size_x": 0.06807059529144252,
    "bin_size_y": 6.0,
    "xvalues": [
        -0.13614119058288504,
        -0.0680705952914425,
        2.7755575615628914e-17,
        0.06807059529144252,
        0.13614119058288507
    ],
    "yvalues": [
        -12.0,
        -6.0,
        0.0,
        6.0,
        12.0
    ],
    "flux": [
        [
            335.0,
            333.0,
            346.0,
            373.0,
            347.0
        ],
        [
            2099.0,
            2156.0,
            2121.0,
            2213.0,
            2171.0
        ],
        [
            4583.0,
            4589.0,
            4545.0,
            4581.0,
            4601.0
        ],
        [
            2126.0,
            2084.0,
            2150.0,
            2208.0,
            2110.0
        ],
        [
            361.0,
            359.0,
            377.0,
            334.0,
            379.0
        ]
    ],
    "sim_time": 0.7925033569335938
}