{
    "dni": 1000.0,
    "generated_rays": 103441075,
    "power_per_ray": 0.015055640983214642,
    "num_rays": 1836552.0,
    "avg_flux": 2708.018779682088,
    "peak_flux": 5867.822274427769,
    "min_flux": 0.0,
    "radius": 0.0,
    "bin_size_x": 0.06807059529144252,
    "bin_size_y": 6.0,
    "xvalues": [
        -0.13614119058288504,
        -0.0680705952914425,
        2.7755575615628914e-17,
        0.06807059529144252,
        0.13614119058288507
    ],
    "yvalues": [
        -12.0,
        -6.0,
        0.0,
        6.0,
        12.0
    ],
    "flux": [
        [
            0.0,
            89348.0,
            109541.0,
            109835.0,
            109437.0
        ],
        [
            0.0,
            159180.0,
            153359.0,
            153095.0,
            152226.0
        ],
        [
            0.0,
            154917.0,
            104598.0,
            104150.0,
            104146.0
        ],
        [
            0.0,
            96071.0,
            45192.0,
            45578.0,
            45311.0
        ],
        [
            0.0,
            40351.0,
            20158.0,
            19962.0,
            20097.0
        ]
    ],
    "sim_time": 44.71852779388428
}