{
    "dni": 1000.0,
    "generated_rays": 385182,
    "power_per_ray": 3.569768825121773,
    "num_rays": 95928.0,
    "avg_flux": 33537.80805452829,
    "peak_flux": 80114.1347228667,
    "min_flux": 5847.300472354116,
    "radius": 0.0,
    "bin_size_x": 0.06807059529144252,
    "bin_size_y": 6.0,
    "xvalues": [
        -0.13614119058288504,
        -0.0680705952914425,
        2.7755575615628914e-17,
        0.06807059529144252,
        0.13614119058288507
    ],
    "yvalues": [
        -12.0,
        -6.0,
        0.0,
        6.0,
        12.0
    ],
    "flux": [
        [
            747.0,
            794.0,
            700.0,
            739.0,
            730.0
        ],
        [
            4295.0,
            4287.0,
            4363.0,
            4362.0,
            4288.0
        ],
        [
            9166.0,
            9121.0,
            9087.0,
            9023.0,
            9121.0
        ],
        [
            4261.0,
            4318.0,
            4308.0,
            4321.0,
            4354.0
        ],
        [
            705.0,
            760.0,
            684.0,
            669.0,
            725.0
        ]
    ],
    "sim_time": 1.5611639022827148
}