{
    "dni": 1000.0,
    "generated_rays": 1937885,
    "power_per_ray": 0.7095419468121456,
    "num_rays": 479861.0,
    "avg_flux": 33345.921410114504,
    "peak_flux": 79605.17789809273,
    "min_flux": 6242.010479417031,
    "radius": 0.0,
    "bin_size_x": 0.06807059529144252,
    "bin_size_y": 6.0,
    "xvalues": [
        -0.13614119058288504,
        -0.0680705952914425,
        2.7755575615628914e-17,
        0.06807059529144252,
        0.13614119058288507
    ],
    "yvalues": [
        -12.0,
        -6.0,
        0.0,
        6.0,
        12.0
    ],
    "flux": [
        [
            3718.0,
            3593.0,
            3611.0,
            3728.0,
            3696.0
        ],
        [
            21548.0,
            21242.0,
            21769.0,
            21869.0,
            21519.0
        ],
        [
            45375.0,
            45822.0,
            45558.0,
            45316.0,
            45432.0
        ],
        [
            21711.0,
            21665.0,
            21487.0,
            21650.0,
            21281.0
        ],
        [
            3685.0,
            3671.0,
            3612.0,
            3689.0,
            3614.0
        ]
    ],
    "sim_time": 7.685039758682251
}