{
    "dni": 1000.0,
    "generated_rays": 34459352,
    "power_per_ray": 0.045194456590993914,
    "num_rays": 612661.0,
    "avg_flux": 2711.7808946183673,
    "peak_flux": 5894.637011998496,
    "min_flux": 0.0,
    "radius": 0.0,
    "bin_size_x": 0.06807059529144252,
    "bin_size_y": 6.0,
    "xvalues": [
        -0.13614119058288504,
        -0.0680705952914425,
        2.7755575615628914e-17,
        0.06807059529144252,
        0.13614119058288507
    ],
    "yvalues": [
        -12.0,
        -6.0,
        0.0,
        6.0,
        12.0
    ],
    "flux": [
        [
            0.0,
            29849.0,
            36708.0,
            36506.0,
            36215.0
        ],
        [
            0.0,
            53270.0,
            51187.0,
            51107.0,
            51048.0
        ],
        [
            0.0,
            51603.0,
            34690.0,
            34699.0,
            34562.0
        ],
        [
            0.0,
            32044.0,
            15152.0,
            15231.0,
            14924.0
        ],
        [
            0.0,
            13490.0,
            6792.0,
            6762.0,
            6822.0
        ]
    ],
    "sim_time": 20.140456199645996
}