{
    "dni": 1000.0,
    "generated_rays": 51706297,
    "power_per_ray": 0.030119574954628435,
    "num_rays": 918500.0,
    "avg_flux": 2709.425362241455,
    "peak_flux": 5874.969283695305,
    "min_flux": 0.0,
    "radius": 0.0,
    "bin_size_x": 0.06807059529144252,
    "bin_size_y": 6.0,
    "xvalues": [
        -0.13614119058288504,
        -0.0680705952914425,
        2.7755575615628914e-17,
        0.06807059529144252,
        0.13614119058288507
    ],
    "yvalues": [
        -12.0,
        -6.0,
        0.0,
        6.0,
        12.0
    ],
    "flux": [
        [
            0.0,
            44560.0,
            54805.0,
            54838.0,
            54512.0
        ],
        [
            0.0,
            79665.0,
            76696.0,
            76932.0,
            76393.0
        ],
        [
            0.0,
            77484.0,
            52235.0,
            52080.0,
            51873.0
        ],
        [
            0.0,
            48138.0,
            22491.0,
            22759.0,
            22403.0
        ],
        [
            0.0,
            20420.0,
            10039.0,
            10057.0,
            10120.0
        ]
    ],
    "sim_time": 28.700137615203857
}