{
    "dni": 1000.0,
    "generated_rays": 51669971,
    "power_per_ray": 0.030140750187720826,
    "num_rays": 918476.0,
    "avg_flux": 2711.259347827613,
    "peak_flux": 5883.527482088712,
    "min_flux": 0.0,
    "radius": 0.0,
    "bin_size_x": 0.06807059529144252,
    "bin_size_y": 6.0,
    "xvalues": [
        -0.13614119058288504,
        -0.0680705952914425,
        2.7755575615628914e-17,
        0.06807059529144252,
        0.13614119058288507
    ],
    "yvalues": [
        -12.0,
        -6.0,
        0.0,
        6.0,
        12.0
    ],
    "flux": [
        [
            0.0,
            44594.0,
            54745.0,
            54736.0,
            54424.0
        ],
        [
            0.0,
            79725.0,
            76921.0,
            76916.0,
            76403.0
        ],
        [
            0.0,
            77389.0,
            52189.0,
            52010.0,
            51789.0
        ],
        [
            0.0,
            48243.0,
            22442.0,
            22806.0,
            22273.0
        ],
        [
            0.0,
            20493.0,
            10130.0,
            10076.0,
            10172.0
        ]
    ],
    "sim_time": 28.503143310546875
}