{
    "dni": 1000.0,
    "generated_rays": 11602124,
    "power_per_ray": 0.11851370452496929,
    "num_rays": 2878944.0,
    "avg_flux": 33415.73230938835,
    "peak_flux": 79495.93690846395,
    "min_flux": 6281.96648463767,
    "radius": 0.0,
    "bin_size_x": 0.06807059529144252,
    "bin_size_y": 6.0,
    "xvalues": [
        -0.13614119058288504,
        -0.0680705952914425,
        2.7755575615628914e-17,
        0.06807059529144252,
        0.13614119058288507
    ],
    "yvalues": [
        -12.0,
        -6.0,
        0.0,
        6.0,
        12.0
    ],
    "flux": [
        [
            22066.0,
            21693.0,
            21868.0,
            22086.0,
            21649.0
        ],
        [
            129411.0,
            130028.0,
            130166.0,
            129829.0,
            129316.0
        ],
        [
            272040.0,
            273630.0,
            273960.0,
            272952.0,
            271982.0
        ],
        [
            129005.0,
            129637.0,
            129752.0,
            129994.0,
            128746.0
        ],
        [
            21889.0,
            21684.0,
            21848.0,
            22002.0,
            21711.0
        ]
    ],
    "sim_time": 22.72336196899414
}