{
    "dni": 1000.0,
    "generated_rays": 19338955,
    "power_per_ray": 0.0711005685466487,
    "num_rays": 4797858.0,
    "avg_flux": 33409.47537827414,
    "peak_flux": 79420.87926594258,
    "min_flux": 6301.716303494943,
    "radius": 0.0,
    "bin_size_x": 0.06807059529144252,
    "bin_size_y": 6.0,
    "xvalues": [
        -0.13614119058288504,
        -0.0680705952914425,
        2.7755575615628914e-17,
        0.06807059529144252,
        0.13614119058288507
    ],
    "yvalues": [
        -12.0,
        -6.0,
        0.0,
        6.0,
        12.0
    ],
    "flux": [
        [
            36620.0,
            36238.0,
            36199.0,
            36804.0,
            36313.0
        ],
        [
            215878.0,
            217086.0,
            216549.0,
            216320.0,
            215760.0
        ],
        [
            453461.0,
            456108.0,
            456218.0,
            454469.0,
            452886.0
        ],
        [
            215310.0,
            215629.0,
            216183.0,
            216885.0,
            215209.0
        ],
        [
            36244.0,
            36374.0,
            36365.0,
            36358.0,
            36392.0
        ]
    ],
    "sim_time": 33.842193365097046
}