{
    "dni": 1000.0,
    "generated_rays": 51694899,
    "power_per_ray": 0.03012621589835739,
    "num_rays": 918361.0,
    "avg_flux": 2709.6126347631644,
    "peak_flux": 5882.903228837466,
    "min_flux": 0.0,
    "radius": 0.0,
    "bin_size_x": 0.06807059529144252,
    "bin_size_y": 6.0,
    "xvalues": [
        -0.13614119058288504,
        -0.0680705952914425,
        2.7755575615628914e-17,
        0.06807059529144252,
        0.13614119058288507
    ],
    "yvalues": [
        -12.0,
        -6.0,
        0.0,
        6.0,
        12.0
    ],
    "flux": [
        [
            0.0,
            44615.0,
            54649.0,
            54772.0,
            54410.0
        ],
        [
            0.0,
            79755.0,
            77080.0,
            76760.0,
            76480.0
        ],
        [
            0.0,
            77246.0,
            52155.0,
            52082.0,
            51751.0
        ],
        [
            0.0,
            48282.0,
            22413.0,
            22935.0,
            22359.0
        ],
        [
            0.0,
            20454.0,
            10057.0,
            9982.0,
            10124.0
        ]
    ],
    "sim_time": 39.27841544151306
}