{
    "dni": 1000.0,
    "generated_rays": 103467833,
    "power_per_ray": 0.015051747417168575,
    "num_rays": 1836528.0,
    "avg_flux": 2707.2830749905206,
    "peak_flux": 5865.23604143003,
    "min_flux": 0.0,
    "radius": 0.0,
    "bin_size_x": 0.06807059529144252,
    "bin_size_y": 6.0,
    "xvalues": [
        -0.13614119058288504,
        -0.0680705952914425,
        2.7755575615628914e-17,
        0.06807059529144252,
        0.13614119058288507
    ],
    "yvalues": [
        -12.0,
        -6.0,
        0.0,
        6.0,
        12.0
    ],
    "flux": [
        [
            0.0,
            89248.0,
            109363.0,
            109996.0,
            109403.0
        ],
        [
            0.0,
            159151.0,
            153561.0,
            153183.0,
            152162.0
        ],
        [
            0.0,
            154930.0,
            104641.0,
            104247.0,
            104081.0
        ],
        [
            0.0,
            95884.0,
            45261.0,
            45639.0,
            45251.0
        ],
        [
            0.0,
            40371.0,
            20115.0,
            20013.0,
            20028.0
        ]
    ],
    "sim_time": 43.72927165031433
}