{
    "dni": 1000.0,
    "generated_rays": 11599116,
    "power_per_ray": 0.11854443869671229,
    "num_rays": 2879312.0,
    "avg_flux": 33428.67047671393,
    "peak_flux": 79475.33727321714,
    "min_flux": 6280.1126024607565,
    "radius": 0.0,
    "bin_size_x": 0.06807059529144252,
    "bin_size_y": 6.0,
    "xvalues": [
        -0.13614119058288504,
        -0.0680705952914425,
        2.7755575615628914e-17,
        0.06807059529144252,
        0.13614119058288507
    ],
    "yvalues": [
        -12.0,
        -6.0,
        0.0,
        6.0,
        12.0
    ],
    "flux": [
        [
            22087.0,
            21695.0,
            21855.0,
            22186.0,
            21637.0
        ],
        [
            129455.0,
            129763.0,
            130337.0,
            130032.0,
            129409.0
        ],
        [
            272189.0,
            273705.0,
            273818.0,
            272991.0,
            272004.0
        ],
        [
            129035.0,
            129509.0,
            129783.0,
            130119.0,
            128531.0
        ],
        [
            21909.0,
            21753.0,
            21826.0,
            21887.0,
            21797.0
        ]
    ],
    "sim_time": 21.87862277030945
}