{
    "dni": 1000.0,
    "generated_rays": 3865869,
    "power_per_ray": 0.35567958862497795,
    "num_rays": 959630.0,
    "avg_flux": 33428.119946244165,
    "peak_flux": 79953.61994374594,
    "min_flux": 6237.967320085528,
    "radius": 0.0,
    "bin_size_x": 0.06807059529144252,
    "bin_size_y": 6.0,
    "xvalues": [
        -0.13614119058288504,
        -0.0680705952914425,
        2.7755575615628914e-17,
        0.06807059529144252,
        0.13614119058288507
    ],
    "yvalues": [
        -12.0,
        -6.0,
        0.0,
        6.0,
        12.0
    ],
    "flux": [
        [
            7318.0,
            7193.0,
            7426.0,
            7306.0,
            7163.0
        ],
        [
            43092.0,
            42977.0,
            43354.0,
            43035.0,
            42805.0
        ],
        [
            90449.0,
            91810.0,
            91040.0,
            91136.0,
            91101.0
        ],
        [
            43161.0,
            43174.0,
            43114.0,
            43261.0,
            43272.0
        ],
        [
            7277.0,
            7386.0,
            7291.0,
            7251.0,
            7238.0
        ]
    ],
    "sim_time": 9.68264126777649
}