{
    "dni": 1000.0,
    "generated_rays": 1930669,
    "power_per_ray": 0.7121939056348109,
    "num_rays": 479847.0,
    "avg_flux": 33469.57743638335,
    "peak_flux": 79398.75988652857,
    "min_flux": 6190.3585882146235,
    "radius": 0.0,
    "bin_size_x": 0.06807059529144252,
    "bin_size_y": 6.0,
    "xvalues": [
        -0.13614119058288504,
        -0.0680705952914425,
        2.7755575615628914e-17,
        0.06807059529144252,
        0.13614119058288507
    ],
    "yvalues": [
        -12.0,
        -6.0,
        0.0,
        6.0,
        12.0
    ],
    "flux": [
        [
            3614.0,
            3736.0,
            3655.0,
            3700.0,
            3649.0
        ],
        [
            21450.0,
            21663.0,
            21652.0,
            21862.0,
            21603.0
        ],
        [
            45429.0,
            45533.0,
            45415.0,
            45384.0,
            45220.0
        ],
        [
            21567.0,
            21630.0,
            21813.0,
            21757.0,
            21379.0
        ],
        [
            3640.0,
            3595.0,
            3680.0,
            3671.0,
            3550.0
        ]
    ],
    "sim_time": 7.764343976974487
}