{
    "dni": 1000.0,
    "generated_rays": 8627657,
    "power_per_ray": 0.18050922609901848,
    "num_rays": 153005.0,
    "avg_flux": 2704.9187216135515,
    "peak_flux": 5949.742791144347,
    "min_flux": 0.0,
    "radius": 0.0,
    "bin_size_x": 0.06807059529144252,
    "bin_size_y": 6.0,
    "xvalues": [
        -0.13614119058288504,
        -0.0680705952914425,
        2.7755575615628914e-17,
        0.06807059529144252,
        0.13614119058288507
    ],
    "yvalues": [
        -12.0,
        -6.0,
        0.0,
        6.0,
        12.0
    ],
    "flux": [
        [
            0.0,
            7404.0,
            9312.0,
            8944.0,
            9270.0
        ],
        [
            0.0,
            13462.0,
            12764.0,
            12942.0,
            12780.0
        ],
        [
            0.0,
            12781.0,
            8655.0,
            8684.0,
            8633.0
        ],
        [
            0.0,
            7839.0,
            3687.0,
            3817.0,
            3633.0
        ],
        [
            0.0,
            3344.0,
            1724.0,
            1652.0,
            1678.0
        ]
    ],
    "sim_time": 14.7684326171875
}