{
    "dni": 1000.0,
    "generated_rays": 1934444,
    "power_per_ray": 0.7108040840665611,
    "num_rays": 479774.0,
    "avg_flux": 33399.180871844306,
    "peak_flux": 79715.45356011145,
    "min_flux": 6171.316878965925,
    "radius": 0.0,
    "bin_size_x": 0.06807059529144252,
    "bin_size_y": 6.0,
    "xvalues": [
        -0.13614119058288504,
        -0.0680705952914425,
        2.7755575615628914e-17,
        0.06807059529144252,
        0.13614119058288507
    ],
    "yvalues": [
        -12.0,
        -6.0,
        0.0,
        6.0,
        12.0
    ],
    "flux": [
        [
            3684.0,
            3546.0,
            3603.0,
            3770.0,
            3767.0
        ],
        [
            21402.0,
            21775.0,
            21607.0,
            21431.0,
            21424.0
        ],
        [
            45458.0,
            45804.0,
            45370.0,
            45467.0,
            45188.0
        ],
        [
            21497.0,
            21742.0,
            21792.0,
            21660.0,
            21588.0
        ],
        [
            3730.0,
            3630.0,
            3661.0,
            3564.0,
            3614.0
        ]
    ],
    "sim_time": 7.687725305557251
}