{
    "dni": 1000.0,
    "generated_rays": 103441085,
    "power_per_ray": 0.015055639527734841,
    "num_rays": 1836910.0,
    "avg_flux": 2708.5463932929792,
    "peak_flux": 5860.52287126893,
    "min_flux": 0.0,
    "radius": 0.0,
    "bin_size_x": 0.06807059529144252,
    "bin_size_y": 6.0,
    "xvalues": [
        -0.13614119058288504,
        -0.0680705952914425,
        2.7755575615628914e-17,
        0.06807059529144252,
        0.13614119058288507
    ],
    "yvalues": [
        -12.0,
        -6.0,
        0.0,
        6.0,
        12.0
    ],
    "flux": [
        [
            0.0,
            89525.0,
            109568.0,
            109837.0,
            109388.0
        ],
        [
            0.0,
            158982.0,
            153579.0,
            153103.0,
            152412.0
        ],
        [
            0.0,
            154852.0,
            104623.0,
            104277.0,
            104066.0
        ],
        [
            0.0,
            96236.0,
            45247.0,
            45489.0,
            45279.0
        ],
        [
            0.0,
            40326.0,
            20185.0,
            19920.0,
            20016.0
        ]
    ],
    "sim_time": 43.76897192001343
}