{
    "dni": 1000.0,
    "generated_rays": 5800543,
    "power_per_ray": 0.23704861693087265,
    "num_rays": 1439452.0,
    "avg_flux": 33418.257842215455,
    "peak_flux": 79682.39303741835,
    "min_flux": 6204.4648993728715,
    "radius": 0.0,
    "bin_size_x": 0.06807059529144252,
    "bin_size_y": 6.0,
    "xvalues": [
        -0.13614119058288504,
        -0.0680705952914425,
        2.7755575615628914e-17,
        0.06807059529144252,
        0.13614119058288507
    ],
    "yvalues": [
        -12.0,
        -6.0,
        0.0,
        6.0,
        12.0
    ],
    "flux": [
        [
            10938.0,
            10690.0,
            11098.0,
            11036.0,
            10827.0
        ],
        [
            64832.0,
            64946.0,
            65252.0,
            64553.0,
            64604.0
        ],
        [
            135674.0,
            137289.0,
            136969.0,
            136315.0,
            136001.0
        ],
        [
            64502.0,
            64987.0,
            64745.0,
            64655.0,
            64875.0
        ],
        [
            11041.0,
            10992.0,
            10835.0,
            10901.0,
            10895.0
        ]
    ],
    "sim_time": 12.839914321899414
}