{
    "dni": 1000.0,
    "generated_rays": 966964,
    "power_per_ray": 1.421987473781914,
    "num_rays": 239775.0,
    "avg_flux": 33392.49447001891,
    "peak_flux": 79587.01189554397,
    "min_flux": 6026.734222458839,
    "radius": 0.0,
    "bin_size_x": 0.06807059529144252,
    "bin_size_y": 6.0,
    "xvalues": [
        -0.13614119058288504,
        -0.0680705952914425,
        2.7755575615628914e-17,
        0.06807059529144252,
        0.13614119058288507
    ],
    "yvalues": [
        -12.0,
        -6.0,
        0.0,
        6.0,
        12.0
    ],
    "flux": [
        [
            1780.0,
            1871.0,
            1835.0,
            1831.0,
            1796.0
        ],
        [
            10789.0,
            10744.0,
            10782.0,
            10883.0,
            10918.0
        ],
        [
            22603.0,
            22859.0,
            22668.0,
            22747.0,
            22751.0
        ],
        [
            10595.0,
            10952.0,
            10810.0,
            10745.0,
            10764.0
        ],
        [
            1811.0,
            1731.0,
            1880.0,
            1760.0,
            1870.0
        ]
    ],
    "sim_time": 3.820013999938965
}