{
    "dni": 1000.0,
    "generated_rays": 967316,
    "power_per_ray": 1.4214700217902474,
    "num_rays": 239904.0,
    "avg_flux": 33398.30192929509,
    "peak_flux": 79735.55017842038,
    "min_flux": 6121.991827317393,
    "radius": 0.0,
    "bin_size_x": 0.06807059529144252,
    "bin_size_y": 6.0,
    "xvalues": [
        -0.13614119058288504,
        -0.0680705952914425,
        2.7755575615628914e-17,
        0.06807059529144252,
        0.13614119058288507
    ],
    "yvalues": [
        -12.0,
        -6.0,
        0.0,
        6.0,
        12.0
    ],
    "flux": [
        [
            1803.0,
            1846.0,
            1913.0,
            1897.0,
            1814.0
        ],
        [
            10804.0,
            10726.0,
            10837.0,
            10807.0,
            10764.0
        ],
        [
            22765.0,
            22651.0,
            22910.0,
            22837.0,
            22906.0
        ],
        [
            10763.0,
            10809.0,
            10600.0,
            10669.0,
            10743.0
        ],
        [
            1759.0,
            1898.0,
            1766.0,
            1796.0,
            1821.0
        ]
    ],
    "sim_time": 3.7726190090179443
}