{
    "dni": 1000.0,
    "generated_rays": 3867739,
    "power_per_ray": 0.35550762230803445,
    "num_rays": 959836.0,
    "avg_flux": 33419.13031167043,
    "peak_flux": 79789.62028798622,
    "min_flux": 6208.838189887261,
    "radius": 0.0,
    "bin_size_x": 0.06807059529144252,
    "bin_size_y": 6.0,
    "xvalues": [
        -0.13614119058288504,
        -0.0680705952914425,
        2.7755575615628914e-17,
        0.06807059529144252,
        0.13614119058288507
    ],
    "yvalues": [
        -12.0,
        -6.0,
        0.0,
        6.0,
        12.0
    ],
    "flux": [
        [
            7333.0,
            7191.0,
            7418.0,
            7354.0,
            7176.0
        ],
        [
            42854.0,
            43174.0,
            43318.0,
            43243.0,
            42940.0
        ],
        [
            90573.0,
            91666.0,
            91140.0,
            91249.0,
            91074.0
        ],
        [
            43120.0,
            43249.0,
            43023.0,
            43281.0,
            43234.0
        ],
        [
            7203.0,
            7376.0,
            7305.0,
            7209.0,
            7133.0
        ]
    ],
    "sim_time": 9.72633957862854
}