{
    "dni": 1000.0,
    "generated_rays": 172457896,
    "power_per_ray": 0.009030445831936738,
    "num_rays": 3061604.0,
    "avg_flux": 2707.7427448634407,
    "peak_flux": 5862.729432488742,
    "min_flux": 0.0,
    "radius": 0.0,
    "bin_size_x": 0.06807059529144252,
    "bin_size_y": 6.0,
    "xvalues": [
        -0.13614119058288504,
        -0.0680705952914425,
        2.7755575615628914e-17,
        0.06807059529144252,
        0.13614119058288507
    ],
    "yvalues": [
        -12.0,
        -6.0,
        0.0,
        6.0,
        12.0
    ],
    "flux": [
        [
            0.0,
            148903.0,
            182444.0,
            183491.0,
            182481.0
        ],
        [
            0.0,
            265156.0,
            255815.0,
            255673.0,
            254284.0
        ],
        [
            0.0,
            258190.0,
            173875.0,
            173370.0,
            173490.0
        ],
        [
            0.0,
            160124.0,
            75168.0,
            76053.0,
            75609.0
        ],
        [
            0.0,
            67171.0,
            33463.0,
            33489.0,
            33355.0
        ]
    ],
    "sim_time": 70.58404493331909
}