{
    "dni": 1000.0,
    "generated_rays": 387472,
    "power_per_ray": 3.5486711184241826,
    "num_rays": 95981.0,
    "avg_flux": 33358.01615554947,
    "peak_flux": 79814.42587722505,
    "min_flux": 5856.185830747842,
    "radius": 0.0,
    "bin_size_x": 0.06807059529144252,
    "bin_size_y": 6.0,
    "xvalues": [
        -0.13614119058288504,
        -0.0680705952914425,
        2.7755575615628914e-17,
        0.06807059529144252,
        0.13614119058288507
    ],
    "yvalues": [
        -12.0,
        -6.0,
        0.0,
        6.0,
        12.0
    ],
    "flux": [
        [
            725.0,
            758.0,
            736.0,
            742.0,
            719.0
        ],
        [
            4347.0,
            4127.0,
            4268.0,
            4446.0,
            4343.0
        ],
        [
            9054.0,
            9186.0,
            9138.0,
            9129.0,
            9097.0
        ],
        [
            4296.0,
            4382.0,
            4261.0,
            4309.0,
            4290.0
        ],
        [
            745.0,
            674.0,
            757.0,
            705.0,
            747.0
        ]
    ],
    "sim_time": 1.5315468311309814
}