{
    "dni": 1000.0,
    "generated_rays": 103432836,
    "power_per_ray": 0.015056840248659328,
    "num_rays": 1837143.0,
    "avg_flux": 2709.10599469178,
    "peak_flux": 5871.017744381421,
    "min_flux": 0.0,
    "radius": 0.0,
    "bin_size_x": 0.06807059529144252,
    "bin_size_y": 6.0,
    "xvalues": [
        -0.13614119058288504,
        -0.0680705952914425,
        2.7755575615628914e-17,
        0.06807059529144252,
        0.13614119058288507
    ],
    "yvalues": [
        -12.0,
        -6.0,
        0.0,
        6.0,
        12.0
    ],
    "flux": [
        [
            0.0,
            89441.0,
            109614.0,
            109949.0,
            109596.0
        ],
        [
            0.0,
            159254.0,
            153401.0,
            153194.0,
            152006.0
        ],
        [
            0.0,
            154908.0,
            104738.0,
            104241.0,
            104082.0
        ],
        [
            0.0,
            95919.0,
            45363.0,
            45625.0,
            45226.0
        ],
        [
            0.0,
            40316.0,
            20232.0,
            19989.0,
            20049.0
        ]
    ],
    "sim_time": 43.67414736747742
}