{
    "dni": 1000.0,
    "generated_rays": 172491643,
    "power_per_ray": 0.009028679077036673,
    "num_rays": 3061305.0,
    "avg_flux": 2706.9486007959595,
    "peak_flux": 5861.405573798161,
    "min_flux": 0.0,
    "radius": 0.0,
    "bin_size_x": 0.06807059529144252,
    "bin_size_y": 6.0,
    "xvalues": [
        -0.13614119058288504,
        -0.0680705952914425,
        2.7755575615628914e-17,
        0.06807059529144252,
        0.13614119058288507
    ],
    "yvalues": [
        -12.0,
        -6.0,
        0.0,
        6.0,
        12.0
    ],
    "flux": [
        [
            0.0,
            149025.0,
            182838.0,
            183190.0,
            182564.0
        ],
        [
            0.0,
            265148.0,
            255915.0,
            255591.0,
            254111.0
        ],
        [
            0.0,
            258218.0,
            173771.0,
            173415.0,
            173734.0
        ],
        [
            0.0,
            159829.0,
            75366.0,
            75927.0,
            75361.0
        ],
        [
            0.0,
            67130.0,
            33353.0,
            33414.0,
            33405.0
        ]
    ],
    "sim_time": 70.93212127685547
}