{
    "dni": 1000.0,
    "generated_rays": 17192005,
    "power_per_ray": 0.09058697273050931,
    "num_rays": 305864.0,
    "avg_flux": 2713.5842046154607,
    "peak_flux": 5907.109705745329,
    "min_flux": 0.0,
    "radius": 0.0,
    "bin_size_x": 0.06807059529144252,
    "bin_size_y": 6.0,
    "xvalues": [
        -0.13614119058288504,
        -0.0680705952914425,
        2.7755575615628914e-17,
        0.06807059529144252,
        0.13614119058288507
    ],
    "yvalues": [
        -12.0,
        -6.0,
        0.0,
        6.0,
        12.0
    ],
    "flux": [
        [
            0.0,
            14656.0,
            18091.0,
            18202.0,
            18227.0
        ],
        [
            0.0,
            26633.0,
            25729.0,
            25524.0,
            25871.0
        ],
        [
            0.0,
            25897.0,
            17148.0,
            17322.0,
            17355.0
        ],
        [
            0.0,
            15946.0,
            7515.0,
            7335.0,
            7668.0
        ],
        [
            0.0,
            6800.0,
            3373.0,
            3243.0,
            3329.0
        ]
    ],
    "sim_time": 28.6125545501709
}