{
    "dni": 1000.0,
    "generated_rays": 34473300,
    "power_per_ray": 0.045176170779060304,
    "num_rays": 612517.0,
    "avg_flux": 2710.0465801818696,
    "peak_flux": 5897.229522706977,
    "min_flux": 0.0,
    "radius": 0.0,
    "bin_size_x": 0.06807059529144252,
    "bin_size_y": 6.0,
    "xvalues": [
        -0.13614119058288504,
        -0.0680705952914425,
        2.7755575615628914e-17,
        0.06807059529144252,
        0.13614119058288507
    ],
    "yvalues": [
        -12.0,
        -6.0,
        0.0,
        6.0,
        12.0
    ],
    "flux": [
        [
            0.0,
            29901.0,
            36623.0,
            36607.0,
            36304.0
        ],
        [
            0.0,
            53315.0,
            51158.0,
            51133.0,
            50811.0
        ],
        [
            0.0,
            51671.0,
            34741.0,
            34807.0,
            34498.0
        ],
        [
            0.0,
            32049.0,
            15059.0,
            15172.0,
            14826.0
        ],
        [
            0.0,
            13497.0,
            6823.0,
            6677.0,
            6845.0
        ]
    ],
    "sim_time": 19.982722282409668
}