{
    "dni": 1000.0,
    "generated_rays": 11602632,
    "power_per_ray": 0.11850851561939177,
    "num_rays": 2878931.0,
    "avg_flux": 33414.118379104024,
    "peak_flux": 79487.52359058704,
    "min_flux": 6288.36513893475,
    "radius": 0.0,
    "bin_size_x": 0.06807059529144252,
    "bin_size_y": 6.0,
    "xvalues": [
        -0.13614119058288504,
        -0.0680705952914425,
        2.7755575615628914e-17,
        0.06807059529144252,
        0.13614119058288507
    ],
    "yvalues": [
        -12.0,
        -6.0,
        0.0,
        6.0,
        12.0
    ],
    "flux": [
        [
            22034.0,
            21774.0,
            21799.0,
            22052.0,
            21672.0
        ],
        [
            129516.0,
            130029.0,
            130191.0,
            130189.0,
            129261.0
        ],
        [
            272073.0,
            273561.0,
            273943.0,
            272955.0,
            271868.0
        ],
        [
            129015.0,
            129458.0,
            129811.0,
            129876.0,
            128714.0
        ],
        [
            21976.0,
            21787.0,
            21809.0,
            21853.0,
            21715.0
        ]
    ],
    "sim_time": 22.13834547996521
}