{
    "dni": 1000.0,
    "generated_rays": 51694771,
    "power_per_ray": 0.0301262904930516,
    "num_rays": 918153.0,
    "avg_flux": 2709.005641044555,
    "peak_flux": 5875.467795992688,
    "min_flux": 0.0,
    "radius": 0.0,
    "bin_size_x": 0.06807059529144252,
    "bin_size_y": 6.0,
    "xvalues": [
        -0.13614119058288504,
        -0.0680705952914425,
        2.7755575615628914e-17,
        0.06807059529144252,
        0.13614119058288507
    ],
    "yvalues": [
        -12.0,
        -6.0,
        0.0,
        6.0,
        12.0
    ],
    "flux": [
        [
            0.0,
            44543.0,
            54530.0,
            54762.0,
            54423.0
        ],
        [
            0.0,
            79654.0,
            77053.0,
            76926.0,
            76404.0
        ],
        [
            0.0,
            77304.0,
            52135.0,
            52111.0,
            51611.0
        ],
        [
            0.0,
            48228.0,
            22479.0,
            22895.0,
            22409.0
        ],
        [
            0.0,
            20392.0,
            10115.0,
            9979.0,
            10200.0
        ]
    ],
    "sim_time": 28.864761352539062
}