{
    "dni": 1000.0,
    "generated_rays": 1735271,
    "power_per_ray": 0.897480386704889,
    "num_rays": 30621.0,
    "avg_flux": 2691.4946954337634,
    "peak_flux": 5946.233504656741,
    "min_flux": 0.0,
    "radius": 0.0,
    "bin_size_x": 0.06807059529144252,
    "bin_size_y": 6.0,
    "xvalues": [
        -0.13614119058288504,
        -0.0680705952914425,
        2.7755575615628914e-17,
        0.06807059529144252,
        0.13614119058288507
    ],
    "yvalues": [
        -12.0,
        -6.0,
        0.0,
        6.0,
        12.0
    ],
    "flux": [
        [
            0.0,
            1511.0,
            1781.0,
            1796.0,
            1841.0
        ],
        [
            0.0,
            2706.0,
            2508.0,
            2517.0,
            2572.0
        ],
        [
            0.0,
            2618.0,
            1807.0,
            1731.0,
            1657.0
        ],
        [
            0.0,
            1643.0,
            777.0,
            733.0,
            740.0
        ],
        [
            0.0,
            646.0,
            346.0,
            349.0,
            342.0
        ]
    ],
    "sim_time": 2.973787307739258
}