{
    "dni": 1000.0,
    "generated_rays": 1934962,
    "power_per_ray": 0.7106137978927001,
    "num_rays": 479529.0,
    "avg_flux": 33373.18876388389,
    "peak_flux": 79704.5526586255,
    "min_flux": 6187.063725258072,
    "radius": 0.0,
    "bin_size_x": 0.06807059529144252,
    "bin_size_y": 6.0,
    "xvalues": [
        -0.13614119058288504,
        -0.0680705952914425,
        2.7755575615628914e-17,
        0.06807059529144252,
        0.13614119058288507
    ],
    "yvalues": [
        -12.0,
        -6.0,
        0.0,
        6.0,
        12.0
    ],
    "flux": [
        [
            3679.0,
            3665.0,
            3746.0,
            3632.0,
            3556.0
        ],
        [
            21605.0,
            21582.0,
            21402.0,
            21561.0,
            21315.0
        ],
        [
            45326.0,
            45810.0,
            45578.0,
            45429.0,
            45607.0
        ],
        [
            21444.0,
            21606.0,
            21776.0,
            21539.0,
            21489.0
        ],
        [
            3668.0,
            3570.0,
            3608.0,
            3631.0,
            3705.0
        ]
    ],
    "sim_time": 7.711088180541992
}