{
    "dni": 1000.0,
    "generated_rays": 8630002,
    "power_per_ray": 0.18046017696378047,
    "num_rays": 152734.0,
    "avg_flux": 2699.394116786973,
    "peak_flux": 5817.781622908795,
    "min_flux": 0.0,
    "radius": 0.0,
    "bin_size_x": 0.06807059529144252,
    "bin_size_y": 6.0,
    "xvalues": [
        -0.13614119058288504,
        -0.0680705952914425,
        2.7755575615628914e-17,
        0.06807059529144252,
        0.13614119058288507
    ],
    "yvalues": [
        -12.0,
        -6.0,
        0.0,
        6.0,
        12.0
    ],
    "flux": [
        [
            0.0,
            7401.0,
            9157.0,
            9052.0,
            9036.0
        ],
        [
            0.0,
            13167.0,
            12802.0,
            12753.0,
            12659.0
        ],
        [
            0.0,
            12901.0,
            8798.0,
            8716.0,
            8600.0
        ],
        [
            0.0,
            8047.0,
            3766.0,
            3765.0,
            3764.0
        ],
        [
            0.0,
            3325.0,
            1690.0,
            1689.0,
            1646.0
        ]
    ],
    "sim_time": 14.676734447479248
}