{
    "dni": 1000.0,
    "generated_rays": 34449696,
    "power_per_ray": 0.04520712426947917,
    "num_rays": 612170.0,
    "avg_flux": 2710.3670971349306,
    "peak_flux": 5889.094589863273,
    "min_flux": 0.0,
    "radius": 0.0,
    "bin_size_x": 0.06807059529144252,
    "bin_size_y": 6.0,
    "xvalues": [
        -0.13614119058288504,
        -0.0680705952914425,
        2.7755575615628914e-17,
        0.06807059529144252,
        0.13614119058288507
    ],
    "yvalues": [
        -12.0,
        -6.0,
        0.0,
        6.0,
        12.0
    ],
    "flux": [
        [
            0.0,
            29875.0,
            36557.0,
            36499.0,
            36253.0
        ],
        [
            0.0,
            53205.0,
            51227.0,
            51281.0,
            50743.0
        ],
        [
            0.0,
            51537.0,
            34581.0,
            34691.0,
            34572.0
        ],
        [
            0.0,
            32047.0,
            15081.0,
            15235.0,
            14949.0
        ],
        [
            0.0,
            13565.0,
            6803.0,
            6663.0,
            6806.0
        ]
    ],
    "sim_time": 19.8577139377594
}