{
    "dni": 1000.0,
    "generated_rays": 3867793,
    "power_per_ray": 0.3555026589060104,
    "num_rays": 959854.0,
    "avg_flux": 33419.29043914869,
    "peak_flux": 79877.28980188124,
    "min_flux": 6213.974063896241,
    "radius": 0.0,
    "bin_size_x": 0.06807059529144252,
    "bin_size_y": 6.0,
    "xvalues": [
        -0.13614119058288504,
        -0.0680705952914425,
        2.7755575615628914e-17,
        0.06807059529144252,
        0.13614119058288507
    ],
    "yvalues": [
        -12.0,
        -6.0,
        0.0,
        6.0,
        12.0
    ],
    "flux": [
        [
            7266.0,
            7139.0,
            7473.0,
            7343.0,
            7145.0
        ],
        [
            43114.0,
            43137.0,
            43339.0,
            43269.0,
            42863.0
        ],
        [
            90351.0,
            91768.0,
            91121.0,
            91076.0,
            90974.0
        ],
        [
            43138.0,
            43201.0,
            43027.0,
            43393.0,
            43245.0
        ],
        [
            7347.0,
            7423.0,
            7284.0,
            7226.0,
            7192.0
        ]
    ],
    "sim_time": 9.837814092636108
}