{
    "dni": 1000.0,
    "generated_rays": 3446166,
    "power_per_ray": 0.4519142978364303,
    "num_rays": 60998.0,
    "avg_flux": 2699.733340208941,
    "peak_flux": 5898.668168076768,
    "min_flux": 0.0,
    "radius": 0.0,
    "bin_size_x": 0.06807059529144252,
    "bin_size_y": 6.0,
    "xvalues": [
        -0.13614119058288504,
        -0.0680705952914425,
        2.7755575615628914e-17,
        0.06807059529144252,
        0.13614119058288507
    ],
    "yvalues": [
        -12.0,
        -6.0,
        0.0,
        6.0,
        12.0
    ],
    "flux": [
        [
            0.0,
            2922.0,
            3613.0,
            3724.0,
            3632.0
        ],
        [
            0.0,
            5331.0,
            5244.0,
            5048.0,
            5084.0
        ],
        [
            0.0,
            5164.0,
            3399.0,
            3419.0,
            3387.0
        ],
        [
            0.0,
            3088.0,
            1534.0,
            1546.0,
            1530.0
        ],
        [
            0.0,
            1373.0,
            647.0,
            696.0,
            617.0
        ]
    ],
    "sim_time": 5.788926124572754
}