{
    "dni": 1000.0,
    "generated_rays": 19337754,
    "power_per_ray": 0.07110498435330467,
    "num_rays": 4797562.0,
    "avg_flux": 33409.48902468751,
    "peak_flux": 79405.61666080616,
    "min_flux": 6312.553451868596,
    "radius": 0.0,
    "bin_size_x": 0.06807059529144252,
    "bin_size_y": 6.0,
    "xvalues": [
        -0.13614119058288504,
        -0.0680705952914425,
        2.7755575615628914e-17,
        0.06807059529144252,
        0.13614119058288507
    ],
    "yvalues": [
        -12.0,
        -6.0,
        0.0,
        6.0,
        12.0
    ],
    "flux": [
        [
            36589.0,
            36360.0,
            36259.0,
            36841.0,
            36291.0
        ],
        [
            215685.0,
            216954.0,
            216396.0,
            216418.0,
            215457.0
        ],
        [
            453324.0,
            456102.0,
            455780.0,
            454761.0,
            453202.0
        ],
        [
            215489.0,
            215577.0,
            216001.0,
            216708.0,
            215382.0
        ],
        [
            36429.0,
            36334.0,
            36388.0,
            36521.0,
            36314.0
        ]
    ],
    "sim_time": 34.14022898674011
}