{
    "dni": 1000.0,
    "generated_rays": 11599497,
    "power_per_ray": 0.11854054495622136,
    "num_rays": 2879153.0,
    "avg_flux": 33425.72654865025,
    "peak_flux": 79445.15407896171,
    "min_flux": 6280.777042004988,
    "radius": 0.0,
    "bin_size_x": 0.06807059529144252,
    "bin_size_y": 6.0,
    "xvalues": [
        -0.13614119058288504,
        -0.0680705952914425,
        2.7755575615628914e-17,
        0.06807059529144252,
        0.13614119058288507
    ],
    "yvalues": [
        -12.0,
        -6.0,
        0.0,
        6.0,
        12.0
    ],
    "flux": [
        [
            22099.0,
            21673.0,
            21831.0,
            22065.0,
            21640.0
        ],
        [
            129453.0,
            129888.0,
            130146.0,
            130032.0,
            129416.0
        ],
        [
            271965.0,
            273500.0,
            273723.0,
            273109.0,
            272051.0
        ],
        [
            129201.0,
            129565.0,
            129774.0,
            130259.0,
            128649.0
        ],
        [
            21870.0,
            21893.0,
            21800.0,
            21871.0,
            21680.0
        ]
    ],
    "sim_time": 22.030597925186157
}