{
    "dni": 1000.0,
    "generated_rays": 172437717,
    "power_per_ray": 0.0090315025924275,
    "num_rays": 3062191.0,
    "avg_flux": 2708.57882532087,
    "peak_flux": 5861.690680450742,
    "min_flux": 0.0,
    "radius": 0.0,
    "bin_size_x": 0.06807059529144252,
    "bin_size_y": 6.0,
    "xvalues": [
        -0.13614119058288504,
        -0.0680705952914425,
        2.7755575615628914e-17,
        0.06807059529144252,
        0.13614119058288507
    ],
    "yvalues": [
        -12.0,
        -6.0,
        0.0,
        6.0,
        12.0
    ],
    "flux": [
        [
            0.0,
            149053.0,
            182538.0,
            183397.0,
            182635.0
        ],
        [
            0.0,
            265078.0,
            256223.0,
            255750.0,
            254147.0
        ],
        [
            0.0,
            258228.0,
            173861.0,
            173594.0,
            173766.0
        ],
        [
            0.0,
            159986.0,
            75395.0,
            75786.0,
            75406.0
        ],
        [
            0.0,
            67200.0,
            33379.0,
            33386.0,
            33383.0
        ]
    ],
    "sim_time": 69.28048539161682
}