{
    "dni": 1000.0,
    "generated_rays": 103454034,
    "power_per_ray": 0.015053755063024216,
    "num_rays": 1837189.0,
    "avg_flux": 2708.618710920273,
    "peak_flux": 5866.128938255742,
    "min_flux": 0.0,
    "radius": 0.0,
    "bin_size_x": 0.06807059529144252,
    "bin_size_y": 6.0,
    "xvalues": [
        -0.13614119058288504,
        -0.0680705952914425,
        2.7755575615628914e-17,
        0.06807059529144252,
        0.13614119058288507
    ],
    "yvalues": [
        -12.0,
        -6.0,
        0.0,
        6.0,
        12.0
    ],
    "flux": [
        [
            0.0,
            89392.0,
            109583.0,
            109768.0,
            109266.0
        ],
        [
            0.0,
            159154.0,
            153439.0,
            153286.0,
            152262.0
        ],
        [
            0.0,
            155125.0,
            104623.0,
            104231.0,
            104278.0
        ],
        [
            0.0,
            96061.0,
            45300.0,
            45657.0,
            45272.0
        ],
        [
            0.0,
            40375.0,
            20116.0,
            19912.0,
            20089.0
        ]
    ],
    "sim_time": 44.64768981933594
}