{
    "dni": 1000.0,
    "generated_rays": 51652668,
    "power_per_ray": 0.0301508469633704,
    "num_rays": 918868.0,
    "avg_flux": 2713.325122633984,
    "peak_flux": 5887.860710295675,
    "min_flux": 0.0,
    "radius": 0.0,
    "bin_size_x": 0.06807059529144252,
    "bin_size_y": 6.0,
    "xvalues": [
        -0.13614119058288504,
        -0.0680705952914425,
        2.7755575615628914e-17,
        0.06807059529144252,
        0.13614119058288507
    ],
    "yvalues": [
        -12.0,
        -6.0,
        0.0,
        6.0,
        12.0
    ],
    "flux": [
        [
            0.0,
            44574.0,
            54720.0,
            55076.0,
            54511.0
        ],
        [
            0.0,
            79757.0,
            76906.0,
            76793.0,
            76384.0
        ],
        [
            0.0,
            77400.0,
            52213.0,
            52197.0,
            52033.0
        ],
        [
            0.0,
            47983.0,
            22481.0,
            22693.0,
            22447.0
        ],
        [
            0.0,
            20399.0,
            10026.0,
            10115.0,
            10160.0
        ]
    ],
    "sim_time": 28.75462532043457
}