{
    "dni": 1000.0,
    "generated_rays": 5797508,
    "power_per_ray": 0.2371727120683671,
    "num_rays": 1439651.0,
    "avg_flux": 33440.374720787506,
    "peak_flux": 79606.22416429184,
    "min_flux": 6248.9428404938835,
    "radius": 0.0,
    "bin_size_x": 0.06807059529144252,
    "bin_size_y": 6.0,
    "xvalues": [
        -0.13614119058288504,
        -0.0680705952914425,
        2.7755575615628914e-17,
        0.06807059529144252,
        0.13614119058288507
    ],
    "yvalues": [
        -12.0,
        -6.0,
        0.0,
        6.0,
        12.0
    ],
    "flux": [
        [
            10937.0,
            10806.0,
            11028.0,
            11131.0,
            10876.0
        ],
        [
            64714.0,
            64710.0,
            65122.0,
            64709.0,
            64578.0
        ],
        [
            136067.0,
            137055.0,
            137086.0,
            136332.0,
            136231.0
        ],
        [
            64392.0,
            64924.0,
            64529.0,
            65111.0,
            64856.0
        ],
        [
            11007.0,
            10954.0,
            10831.0,
            10761.0,
            10904.0
        ]
    ],
    "sim_time": 12.855108737945557
}