{
    "dni": 1000.0,
    "generated_rays": 17244041,
    "power_per_ray": 0.09031361547550133,
    "num_rays": 306205.0,
    "avg_flux": 2708.411809658677,
    "peak_flux": 5917.3674520718305,
    "min_flux": 0.0,
    "radius": 0.0,
    "bin_size_x": 0.06807059529144252,
    "bin_size_y": 6.0,
    "xvalues": [
        -0.13614119058288504,
        -0.0680705952914425,
        2.7755575615628914e-17,
        0.06807059529144252,
        0.13614119058288507
    ],
    "yvalues": [
        -12.0,
        -6.0,
        0.0,
        6.0,
        12.0
    ],
    "flux": [
        [
            0.0,
            14786.0,
            18007.0,
            18098.0,
            18321.0
        ],
        [
            0.0,
            26760.0,
            25671.0,
            25685.0,
            25421.0
        ],
        [
            0.0,
            25766.0,
            17568.0,
            17496.0,
            17364.0
        ],
        [
            0.0,
            15779.0,
            7583.0,
            7487.0,
            7566.0
        ],
        [
            0.0,
            6754.0,
            3344.0,
            3348.0,
            3401.0
        ]
    ],
    "sim_time": 28.75264000892639
}