{
    "dni": 1000.0,
    "generated_rays": 3868728,
    "power_per_ray": 0.35541674048887767,
    "num_rays": 959797.0,
    "avg_flux": 33409.22952223083,
    "peak_flux": 79933.69373327155,
    "min_flux": 6225.525501799844,
    "radius": 0.0,
    "bin_size_x": 0.06807059529144252,
    "bin_size_y": 6.0,
    "xvalues": [
        -0.13614119058288504,
        -0.0680705952914425,
        2.7755575615628914e-17,
        0.06807059529144252,
        0.13614119058288507
    ],
    "yvalues": [
        -12.0,
        -6.0,
        0.0,
        6.0,
        12.0
    ],
    "flux": [
        [
            7325.0,
            7182.0,
            7442.0,
            7307.0,
            7154.0
        ],
        [
            43099.0,
            43209.0,
            43395.0,
            43105.0,
            42919.0
        ],
        [
            90653.0,
            91855.0,
            91100.0,
            90853.0,
            90995.0
        ],
        [
            43232.0,
            43251.0,
            43032.0,
            43232.0,
            43103.0
        ],
        [
            7288.0,
            7377.0,
            7251.0,
            7205.0,
            7233.0
        ]
    ],
    "sim_time": 9.711209774017334
}