{
    "dni": 1000.0,
    "generated_rays": 17262270,
    "power_per_ray": 0.09021824407321746,
    "num_rays": 306311.0,
    "avg_flux": 2706.4883098684486,
    "peak_flux": 5856.557923119164,
    "min_flux": 0.0,
    "radius": 0.0,
    "bin_size_x": 0.06807059529144252,
    "bin_size_y": 6.0,
    "xvalues": [
        -0.13614119058288504,
        -0.0680705952914425,
        2.7755575615628914e-17,
        0.06807059529144252,
        0.13614119058288507
    ],
    "yvalues": [
        -12.0,
        -6.0,
        0.0,
        6.0,
        12.0
    ],
    "flux": [
        [
            0.0,
            15036.0,
            18498.0,
            18244.0,
            18401.0
        ],
        [
            0.0,
            26513.0,
            25636.0,
            25494.0,
            25522.0
        ],
        [
            0.0,
            25594.0,
            17408.0,
            17361.0,
            17174.0
        ],
        [
            0.0,
            15962.0,
            7468.0,
            7543.0,
            7537.0
        ],
        [
            0.0,
            6731.0,
            3400.0,
            3426.0,
            3363.0
        ]
    ],
    "sim_time": 28.31213355064392
}