{
    "dni": 1000.0,
    "generated_rays": 385507,
    "power_per_ray": 3.5667593470366423,
    "num_rays": 95940.0,
    "avg_flux": 33513.72598693035,
    "peak_flux": 80317.31756874049,
    "min_flux": 5990.831776900725,
    "radius": 0.0,
    "bin_size_x": 0.06807059529144252,
    "bin_size_y": 6.0,
    "xvalues": [
        -0.13614119058288504,
        -0.0680705952914425,
        2.7755575615628914e-17,
        0.06807059529144252,
        0.13614119058288507
    ],
    "yvalues": [
        -12.0,
        -6.0,
        0.0,
        6.0,
        12.0
    ],
    "flux": [
        [
            705.0,
            718.0,
            736.0,
            735.0,
            705.0
        ],
        [
            4302.0,
            4327.0,
            4384.0,
            4218.0,
            4265.0
        ],
        [
            8936.0,
            9197.0,
            9140.0,
            9182.0,
            9159.0
        ],
        [
            4277.0,
            4363.0,
            4295.0,
            4341.0,
            4316.0
        ],
        [
            692.0,
            686.0,
            727.0,
            741.0,
            793.0
        ]
    ],
    "sim_time": 1.6008033752441406
}