{
    "dni": 1000.0,
    "generated_rays": 17205383,
    "power_per_ray": 0.0905165370696938,
    "num_rays": 306019.0,
    "avg_flux": 2712.8483342853815,
    "peak_flux": 5939.084637079696,
    "min_flux": 0.0,
    "radius": 0.0,
    "bin_size_x": 0.06807059529144252,
    "bin_size_y": 6.0,
    "xvalues": [
        -0.13614119058288504,
        -0.0680705952914425,
        2.7755575615628914e-17,
        0.06807059529144252,
        0.13614119058288507
    ],
    "yvalues": [
        -12.0,
        -6.0,
        0.0,
        6.0,
        12.0
    ],
    "flux": [
        [
            0.0,
            14935.0,
            18174.0,
            18395.0,
            18270.0
        ],
        [
            0.0,
            26798.0,
            25474.0,
            25573.0,
            25648.0
        ],
        [
            0.0,
            25580.0,
            17382.0,
            17223.0,
            17450.0
        ],
        [
            0.0,
            15871.0,
            7460.0,
            7472.0,
            7499.0
        ],
        [
            0.0,
            6720.0,
            3373.0,
            3436.0,
            3286.0
        ]
    ],
    "sim_time": 28.581931591033936
}