{
    "dni": 1000.0,
    "generated_rays": 51661439,
    "power_per_ray": 0.030145727998745438,
    "num_rays": 918591.0,
    "avg_flux": 2712.0466440793034,
    "peak_flux": 5872.099086073594,
    "min_flux": 0.0,
    "radius": 0.0,
    "bin_size_x": 0.06807059529144252,
    "bin_size_y": 6.0,
    "xvalues": [
        -0.13614119058288504,
        -0.0680705952914425,
        2.7755575615628914e-17,
        0.06807059529144252,
        0.13614119058288507
    ],
    "yvalues": [
        -12.0,
        -6.0,
        0.0,
        6.0,
        12.0
    ],
    "flux": [
        [
            0.0,
            44620.0,
            54763.0,
            54831.0,
            54370.0
        ],
        [
            0.0,
            79557.0,
            76943.0,
            76843.0,
            76369.0
        ],
        [
            0.0,
            77382.0,
            52011.0,
            52180.0,
            51837.0
        ],
        [
            0.0,
            48276.0,
            22564.0,
            22749.0,
            22396.0
        ],
        [
            0.0,
            20312.0,
            10144.0,
            10173.0,
            10271.0
        ]
    ],
    "sim_time": 28.420459508895874
}