{
    "dni": 1000.0,
    "generated_rays": 17233731,
    "power_per_ray": 0.09036764517896789,
    "num_rays": 305799.0,
    "avg_flux": 2706.4388482542763,
    "peak_flux": 5941.705894314594,
    "min_flux": 0.0,
    "radius": 0.0,
    "bin_size_x": 0.06807059529144252,
    "bin_size_y": 6.0,
    "xvalues": [
        -0.13614119058288504,
        -0.0680705952914425,
        2.7755575615628914e-17,
        0.06807059529144252,
        0.13614119058288507
    ],
    "yvalues": [
        -12.0,
        -6.0,
        0.0,
        6.0,
        12.0
    ],
    "flux": [
        [
            0.0,
            14656.0,
            18511.0,
            18218.0,
            18363.0
        ],
        [
            0.0,
            26854.0,
            25781.0,
            25418.0,
            25372.0
        ],
        [
            0.0,
            25765.0,
            17383.0,
            17174.0,
            17255.0
        ],
        [
            0.0,
            15580.0,
            7630.0,
            7343.0,
            7639.0
        ],
        [
            0.0,
            6775.0,
            3372.0,
            3313.0,
            3397.0
        ]
    ],
    "sim_time": 28.000911951065063
}