{
    "dni": 1000.0,
    "generated_rays": 386321,
    "power_per_ray": 3.559243985178271,
    "num_rays": 95839.0,
    "avg_flux": 33407.90374414755,
    "peak_flux": 79912.79054816751,
    "min_flux": 5690.627287672125,
    "radius": 0.0,
    "bin_size_x": 0.06807059529144252,
    "bin_size_y": 6.0,
    "xvalues": [
        -0.13614119058288504,
        -0.0680705952914425,
        2.7755575615628914e-17,
        0.06807059529144252,
        0.13614119058288507
    ],
    "yvalues": [
        -12.0,
        -6.0,
        0.0,
        6.0,
        12.0
    ],
    "flux": [
        [
            682.0,
            714.0,
            682.0,
            730.0,
            731.0
        ],
        [
            4315.0,
            4350.0,
            4321.0,
            4404.0,
            4353.0
        ],
        [
            9164.0,
            9170.0,
            9094.0,
            9056.0,
            8974.0
        ],
        [
            4319.0,
            4306.0,
            4279.0,
            4322.0,
            4330.0
        ],
        [
            716.0,
            693.0,
            726.0,
            653.0,
            755.0
        ]
    ],
    "sim_time": 1.4958465099334717
}