{
    "dni": 1000.0,
    "generated_rays": 19342246,
    "power_per_ray": 0.07108847109058869,
    "num_rays": 4798049.0,
    "avg_flux": 33405.12068560363,
    "peak_flux": 79404.92936428494,
    "min_flux": 6307.9544350576725,
    "radius": 0.0,
    "bin_size_x": 0.06807059529144252,
    "bin_size_y": 6.0,
    "xvalues": [
        -0.13614119058288504,
        -0.0680705952914425,
        2.7755575615628914e-17,
        0.06807059529144252,
        0.13614119058288507
    ],
    "yvalues": [
        -12.0,
        -6.0,
        0.0,
        6.0,
        12.0
    ],
    "flux": [
        [
            36536.0,
            36416.0,
            36278.0,
            36758.0,
            36241.0
        ],
        [
            215722.0,
            217017.0,
            216665.0,
            216492.0,
            215478.0
        ],
        [
            453435.0,
            455859.0,
            456204.0,
            454411.0,
            452965.0
        ],
        [
            215421.0,
            215862.0,
            216294.0,
            216754.0,
            215339.0
        ],
        [
            36380.0,
            36293.0,
            36401.0,
            36460.0,
            36368.0
        ]
    ],
    "sim_time": 34.29710555076599
}