{
    "dni": 1000.0,
    "generated_rays": 19342767,
    "power_per_ray": 0.07108655631317147,
    "num_rays": 4797611.0,
    "avg_flux": 33401.171539635936,
    "peak_flux": 79382.0785056086,
    "min_flux": 6310.221244331297,
    "radius": 0.0,
    "bin_size_x": 0.06807059529144252,
    "bin_size_y": 6.0,
    "xvalues": [
        -0.13614119058288504,
        -0.0680705952914425,
        2.7755575615628914e-17,
        0.06807059529144252,
        0.13614119058288507
    ],
    "yvalues": [
        -12.0,
        -6.0,
        0.0,
        6.0,
        12.0
    ],
    "flux": [
        [
            36535.0,
            36368.0,
            36308.0,
            36809.0,
            36301.0
        ],
        [
            215731.0,
            216827.0,
            217024.0,
            216614.0,
            215426.0
        ],
        [
            453435.0,
            456085.0,
            455735.0,
            454442.0,
            453329.0
        ],
        [
            215242.0,
            216001.0,
            216109.0,
            216403.0,
            215084.0
        ],
        [
            36388.0,
            36409.0,
            36320.0,
            36431.0,
            36255.0
        ]
    ],
    "sim_time": 33.82723045349121
}