{
    "dni": 1000.0,
    "generated_rays": 3452863,
    "power_per_ray": 0.45103778751655643,
    "num_rays": 60828.0,
    "avg_flux": 2686.9875723961504,
    "peak_flux": 5928.087923580643,
    "min_flux": 0.0,
    "radius": 0.0,
    "bin_size_x": 0.06807059529144252,
    "bin_size_y": 6.0,
    "xvalues": [
        -0.13614119058288504,
        -0.0680705952914425,
        2.7755575615628914e-17,
        0.06807059529144252,
        0.13614119058288507
    ],
    "yvalues": [
        -12.0,
        -6.0,
        0.0,
        6.0,
        12.0
    ],
    "flux": [
        [
            0.0,
            3037.0,
            3626.0,
            3568.0,
            3601.0
        ],
        [
            0.0,
            5368.0,
            5048.0,
            5184.0,
            4994.0
        ],
        [
            0.0,
            5173.0,
            3378.0,
            3376.0,
            3423.0
        ],
        [
            0.0,
            3222.0,
            1517.0,
            1538.0,
            1562.0
        ],
        [
            0.0,
            1246.0,
            679.0,
            629.0,
            659.0
        ]
    ],
    "sim_time": 5.824837684631348
}