{
    "dni": 1000.0,
    "generated_rays": 1932844,
    "power_per_ray": 0.7113924846485566,
    "num_rays": 479777.0,
    "avg_flux": 33427.03758707379,
    "peak_flux": 79586.35998748249,
    "min_flux": 6138.105852137975,
    "radius": 0.0,
    "bin_size_x": 0.06807059529144252,
    "bin_size_y": 6.0,
    "xvalues": [
        -0.13614119058288504,
        -0.0680705952914425,
        2.7755575615628914e-17,
        0.06807059529144252,
        0.13614119058288507
    ],
    "yvalues": [
        -12.0,
        -6.0,
        0.0,
        6.0,
        12.0
    ],
    "flux": [
        [
            3602.0,
            3687.0,
            3613.0,
            3632.0,
            3616.0
        ],
        [
            21459.0,
            21766.0,
            21669.0,
            21476.0,
            21518.0
        ],
        [
            45287.0,
            45616.0,
            45239.0,
            45590.0,
            45692.0
        ],
        [
            21633.0,
            21791.0,
            21624.0,
            21547.0,
            21455.0
        ],
        [
            3524.0,
            3700.0,
            3626.0,
            3685.0,
            3730.0
        ]
    ],
    "sim_time": 7.799628257751465
}