{
    "dni": 1000.0,
    "generated_rays": 8605280,
    "power_per_ray": 0.18097861872220075,
    "num_rays": 153048.0,
    "avg_flux": 2712.714696618055,
    "peak_flux": 5929.322068149566,
    "min_flux": 0.0,
    "radius": 0.0,
    "bin_size_x": 0.06807059529144252,
    "bin_size_y": 6.0,
    "xvalues": [
        -0.13614119058288504,
        -0.0680705952914425,
        2.7755575615628914e-17,
        0.06807059529144252,
        0.13614119058288507
    ],
    "yvalues": [
        -12.0,
        -6.0,
        0.0,
        6.0,
        12.0
    ],
    "flux": [
        [
            0.0,
            7435.0,
            9246.0,
            9084.0,
            9084.0
        ],
        [
            0.0,
            13381.0,
            12915.0,
            12733.0,
            12730.0
        ],
        [
            0.0,
            12953.0,
            8850.0,
            8653.0,
            8532.0
        ],
        [
            0.0,
            7767.0,
            3763.0,
            3812.0,
            3746.0
        ],
        [
            0.0,
            3307.0,
            1658.0,
            1703.0,
            1696.0
        ]
    ],
    "sim_time": 14.177826404571533
}