{
    "dni": 1000.0,
    "generated_rays": 5803466,
    "power_per_ray": 0.2369292239496285,
    "num_rays": 1439637.0,
    "avg_flux": 33405.71904004407,
    "peak_flux": 79607.45344392731,
    "min_flux": 6229.185048939303,
    "radius": 0.0,
    "bin_size_x": 0.06807059529144252,
    "bin_size_y": 6.0,
    "xvalues": [
        -0.13614119058288504,
        -0.0680705952914425,
        2.7755575615628914e-17,
        0.06807059529144252,
        0.13614119058288507
    ],
    "yvalues": [
        -12.0,
        -6.0,
        0.0,
        6.0,
        12.0
    ],
    "flux": [
        [
            10977.0,
            10818.0,
            11031.0,
            11105.0,
            10738.0
        ],
        [
            64658.0,
            64832.0,
            65101.0,
            64834.0,
            64482.0
        ],
        [
            136141.0,
            137229.0,
            137016.0,
            136487.0,
            135745.0
        ],
        [
            64733.0,
            64940.0,
            64671.0,
            65039.0,
            64388.0
        ],
        [
            11102.0,
            10936.0,
            10883.0,
            10869.0,
            10882.0
        ]
    ],
    "sim_time": 12.735373735427856
}