{
    "dni": 1000.0,
    "generated_rays": 34426724,
    "power_per_ray": 0.04523728973217955,
    "num_rays": 612423.0,
    "avg_flux": 2713.296548584118,
    "peak_flux": 5887.818465735062,
    "min_flux": 0.0,
    "radius": 0.0,
    "bin_size_x": 0.06807059529144252,
    "bin_size_y": 6.0,
    "xvalues": [
        -0.13614119058288504,
        -0.0680705952914425,
        2.7755575615628914e-17,
        0.06807059529144252,
        0.13614119058288507
    ],
    "yvalues": [
        -12.0,
        -6.0,
        0.0,
        6.0,
        12.0
    ],
    "flux": [
        [
            0.0,
            29808.0,
            36576.0,
            36509.0,
            36308.0
        ],
        [
            0.0,
            53158.0,
            51303.0,
            51239.0,
            50941.0
        ],
        [
            0.0,
            51519.0,
            34508.0,
            34740.0,
            34678.0
        ],
        [
            0.0,
            32150.0,
            15074.0,
            15255.0,
            14863.0
        ],
        [
            0.0,
            13503.0,
            6793.0,
            6682.0,
            6816.0
        ]
    ],
    "sim_time": 20.258904695510864
}