{
    "dni": 1000.0,
    "generated_rays": 34472508,
    "power_per_ray": 0.04517720869388962,
    "num_rays": 612361.0,
    "avg_flux": 2709.4186140680345,
    "peak_flux": 5876.680264101019,
    "min_flux": 0.0,
    "radius": 0.0,
    "bin_size_x": 0.06807059529144252,
    "bin_size_y": 6.0,
    "xvalues": [
        -0.13614119058288504,
        -0.0680705952914425,
        2.7755575615628914e-17,
        0.06807059529144252,
        0.13614119058288507
    ],
    "yvalues": [
        -12.0,
        -6.0,
        0.0,
        6.0,
        12.0
    ],
    "flux": [
        [
            0.0,
            29882.0,
            36473.0,
            36627.0,
            36260.0
        ],
        [
            0.0,
            53128.0,
            51362.0,
            51233.0,
            50892.0
        ],
        [
            0.0,
            51565.0,
            34587.0,
            34604.0,
            34651.0
        ],
        [
            0.0,
            32033.0,
            15082.0,
            15151.0,
            14843.0
        ],
        [
            0.0,
            13575.0,
            6790.0,
            6744.0,
            6879.0
        ]
    ],
    "sim_time": 20.293957471847534
}