{
    "dni": 1000.0,
    "generated_rays": 193471,
    "power_per_ray": 7.107063568173291,
    "num_rays": 48051.0,
    "avg_flux": 33445.818031722774,
    "peak_flux": 80602.39595582813,
    "min_flux": 5777.201091825333,
    "radius": 0.0,
    "bin_size_x": 0.06807059529144252,
    "bin_size_y": 6.0,
    "xvalues": [
        -0.13614119058288504,
        -0.0680705952914425,
        2.7755575615628914e-17,
        0.06807059529144252,
        0.13614119058288507
    ],
    "yvalues": [
        -12.0,
        -6.0,
        0.0,
        6.0,
        12.0
    ],
    "flux": [
        [
            334.0,
            358.0,
            350.0,
            374.0,
            376.0
        ],
        [
            2164.0,
            2204.0,
            2221.0,
            2122.0,
            2124.0
        ],
        [
            4564.0,
            4553.0,
            4632.0,
            4607.0,
            4531.0
        ],
        [
            2208.0,
            2094.0,
            2143.0,
            2147.0,
            2124.0
        ],
        [
            332.0,
            360.0,
            361.0,
            372.0,
            396.0
        ]
    ],
    "sim_time": 0.7650146484375
}