{
    "dni": 1000.0,
    "generated_rays": 1935496,
    "power_per_ray": 0.710417740774486,
    "num_rays": 480062.0,
    "avg_flux": 33401.06546852893,
    "peak_flux": 79901.72849352506,
    "min_flux": 6216.666179812316,
    "radius": 0.0,
    "bin_size_x": 0.06807059529144252,
    "bin_size_y": 6.0,
    "xvalues": [
        -0.13614119058288504,
        -0.0680705952914425,
        2.7755575615628914e-17,
        0.06807059529144252,
        0.13614119058288507
    ],
    "yvalues": [
        -12.0,
        -6.0,
        0.0,
        6.0,
        12.0
    ],
    "flux": [
        [
            3701.0,
            3618.0,
            3650.0,
            3727.0,
            3649.0
        ],
        [
            21605.0,
            21641.0,
            21522.0,
            21729.0,
            21243.0
        ],
        [
            45523.0,
            45653.0,
            45936.0,
            45373.0,
            45272.0
        ],
        [
            21634.0,
            21700.0,
            21688.0,
            21606.0,
            21460.0
        ],
        [
            3600.0,
            3574.0,
            3674.0,
            3657.0,
            3627.0
        ]
    ],
    "sim_time": 7.507382154464722
}