{
    "dni": 1000.0,
    "generated_rays": 964074,
    "power_per_ray": 1.4262501588032193,
    "num_rays": 240104.0,
    "avg_flux": 33538.5508395712,
    "peak_flux": 79930.35207315843,
    "min_flux": 6261.309854828654,
    "radius": 0.0,
    "bin_size_x": 0.06807059529144252,
    "bin_size_y": 6.0,
    "xvalues": [
        -0.13614119058288504,
        -0.0680705952914425,
        2.7755575615628914e-17,
        0.06807059529144252,
        0.13614119058288507
    ],
    "yvalues": [
        -12.0,
        -6.0,
        0.0,
        6.0,
        12.0
    ],
    "flux": [
        [
            1793.0,
            1846.0,
            1870.0,
            1802.0,
            1803.0
        ],
        [
            10844.0,
            10690.0,
            10889.0,
            10813.0,
            10850.0
        ],
        [
            22582.0,
            22748.0,
            22889.0,
            22737.0,
            22688.0
        ],
        [
            10831.0,
            10935.0,
            10931.0,
            10733.0,
            10694.0
        ],
        [
            1806.0,
            1793.0,
            1811.0,
            1879.0,
            1847.0
        ]
    ],
    "sim_time": 3.754497528076172
}