{
    "dni": 1000.0,
    "generated_rays": 3444309,
    "power_per_ray": 0.4521579475354213,
    "num_rays": 61476.0,
    "avg_flux": 2722.356289444902,
    "peak_flux": 5798.889909929239,
    "min_flux": 0.0,
    "radius": 0.0,
    "bin_size_x": 0.06807059529144252,
    "bin_size_y": 6.0,
    "xvalues": [
        -0.13614119058288504,
        -0.0680705952914425,
        2.7755575615628914e-17,
        0.06807059529144252,
        0.13614119058288507
    ],
    "yvalues": [
        -12.0,
        -6.0,
        0.0,
        6.0,
        12.0
    ],
    "flux": [
        [
            0.0,
            3005.0,
            3682.0,
            3655.0,
            3684.0
        ],
        [
            0.0,
            5238.0,
            5125.0,
            5221.0,
            5179.0
        ],
        [
            0.0,
            5053.0,
            3549.0,
            3388.0,
            3468.0
        ],
        [
            0.0,
            3234.0,
            1472.0,
            1564.0,
            1542.0
        ],
        [
            0.0,
            1327.0,
            693.0,
            681.0,
            716.0
        ]
    ],
    "sim_time": 5.970854043960571
}