{
    "dni": 1000.0,
    "generated_rays": 11604127,
    "power_per_ray": 0.11849324775556616,
    "num_rays": 2879013.0,
    "avg_flux": 33410.76512698796,
    "peak_flux": 79418.67800377084,
    "min_flux": 6302.351281963293,
    "radius": 0.0,
    "bin_size_x": 0.06807059529144252,
    "bin_size_y": 6.0,
    "xvalues": [
        -0.13614119058288504,
        -0.0680705952914425,
        2.7755575615628914e-17,
        0.06807059529144252,
        0.13614119058288507
    ],
    "yvalues": [
        -12.0,
        -6.0,
        0.0,
        6.0,
        12.0
    ],
    "flux": [
        [
            22110.0,
            21798.0,
            21723.0,
            22115.0,
            21767.0
        ],
        [
            129580.0,
            130128.0,
            130156.0,
            130029.0,
            129273.0
        ],
        [
            272340.0,
            273347.0,
            273741.0,
            272772.0,
            271978.0
        ],
        [
            129134.0,
            129467.0,
            129933.0,
            129983.0,
            128438.0
        ],
        [
            21803.0,
            21801.0,
            21871.0,
            21887.0,
            21839.0
        ]
    ],
    "sim_time": 22.049998998641968
}