{
    "dni": 1000.0,
    "generated_rays": 51694314,
    "power_per_ray": 0.03012655682243466,
    "num_rays": 918462.0,
    "avg_flux": 2709.9413007704884,
    "peak_flux": 5875.298448593142,
    "min_flux": 0.0,
    "radius": 0.0,
    "bin_size_x": 0.06807059529144252,
    "bin_size_y": 6.0,
    "xvalues": [
        -0.13614119058288504,
        -0.0680705952914425,
        2.7755575615628914e-17,
        0.06807059529144252,
        0.13614119058288507
    ],
    "yvalues": [
        -12.0,
        -6.0,
        0.0,
        6.0,
        12.0
    ],
    "flux": [
        [
            0.0,
            44533.0,
            54872.0,
            54937.0,
            54545.0
        ],
        [
            0.0,
            79651.0,
            76683.0,
            76957.0,
            76386.0
        ],
        [
            0.0,
            77479.0,
            52373.0,
            51999.0,
            51861.0
        ],
        [
            0.0,
            47951.0,
            22525.0,
            22719.0,
            22328.0
        ],
        [
            0.0,
            20428.0,
            10125.0,
            10003.0,
            10107.0
        ]
    ],
    "sim_time": 28.79108452796936
}