{
    "dni": 1000.0,
    "generated_rays": 1732061,
    "power_per_ray": 0.8991436722596834,
    "num_rays": 30674.0,
    "avg_flux": 2701.149973769539,
    "peak_flux": 5889.007123160915,
    "min_flux": 0.0,
    "radius": 0.0,
    "bin_size_x": 0.06807059529144252,
    "bin_size_y": 6.0,
    "xvalues": [
        -0.13614119058288504,
        -0.0680705952914425,
        2.7755575615628914e-17,
        0.06807059529144252,
        0.13614119058288507
    ],
    "yvalues": [
        -12.0,
        -6.0,
        0.0,
        6.0,
        12.0
    ],
    "flux": [
        [
            0.0,
            1451.0,
            1739.0,
            1809.0,
            1832.0
        ],
        [
            0.0,
            2675.0,
            2558.0,
            2547.0,
            2611.0
        ],
        [
            0.0,
            2532.0,
            1729.0,
            1724.0,
            1779.0
        ],
        [
            0.0,
            1652.0,
            829.0,
            751.0,
            802.0
        ],
        [
            0.0,
            681.0,
            337.0,
            307.0,
            329.0
        ]
    ],
    "sim_time": 2.963972330093384
}