{
    "dni": 1000.0,
    "generated_rays": 172464237,
    "power_per_ray": 0.009030113809147455,
    "num_rays": 3062035.0,
    "avg_flux": 2708.024360024845,
    "peak_flux": 5868.041296856127,
    "min_flux": 0.0,
    "radius": 0.0,
    "bin_size_x": 0.06807059529144252,
    "bin_size_y": 6.0,
    "xvalues": [
        -0.13614119058288504,
        -0.0680705952914425,
        2.7755575615628914e-17,
        0.06807059529144252,
        0.13614119058288507
    ],
    "yvalues": [
        -12.0,
        -6.0,
        0.0,
        6.0,
        12.0
    ],
    "flux": [
        [
            0.0,
            148844.0,
            182450.0,
            183523.0,
            182508.0
        ],
        [
            0.0,
            265406.0,
            256141.0,
            255450.0,
            254172.0
        ],
        [
            0.0,
            258125.0,
            173862.0,
            173454.0,
            173780.0
        ],
        [
            0.0,
            160090.0,
            75316.0,
            75925.0,
            75455.0
        ],
        [
            0.0,
            67210.0,
            33342.0,
            33527.0,
            33455.0
        ]
    ],
    "sim_time": 70.91873025894165
}