{
    "dni": 1000.0,
    "generated_rays": 3868133,
    "power_per_ray": 0.3554714110393967,
    "num_rays": 959892.0,
    "avg_flux": 33417.67589216546,
    "peak_flux": 79800.64078044372,
    "min_flux": 6225.612768328612,
    "radius": 0.0,
    "bin_size_x": 0.06807059529144252,
    "bin_size_y": 6.0,
    "xvalues": [
        -0.13614119058288504,
        -0.0680705952914425,
        2.7755575615628914e-17,
        0.06807059529144252,
        0.13614119058288507
    ],
    "yvalues": [
        -12.0,
        -6.0,
        0.0,
        6.0,
        12.0
    ],
    "flux": [
        [
            7331.0,
            7176.0,
            7458.0,
            7334.0,
            7153.0
        ],
        [
            43026.0,
            43179.0,
            43396.0,
            43121.0,
            42848.0
        ],
        [
            90317.0,
            91688.0,
            91501.0,
            91185.0,
            90887.0
        ],
        [
            43110.0,
            43085.0,
            43097.0,
            43394.0,
            43246.0
        ],
        [
            7284.0,
            7334.0,
            7283.0,
            7194.0,
            7265.0
        ]
    ],
    "sim_time": 9.551354169845581
}