{
    "dni": 1000.0,
    "generated_rays": 192300,
    "power_per_ray": 7.150341630775116,
    "num_rays": 47896.0,
    "avg_flux": 33540.93998848465,
    "peak_flux": 79762.6746427343,
    "min_flux": 5724.845172996953,
    "radius": 0.0,
    "bin_size_x": 0.06807059529144252,
    "bin_size_y": 6.0,
    "xvalues": [
        -0.13614119058288504,
        -0.0680705952914425,
        2.7755575615628914e-17,
        0.06807059529144252,
        0.13614119058288507
    ],
    "yvalues": [
        -12.0,
        -6.0,
        0.0,
        6.0,
        12.0
    ],
    "flux": [
        [
            377.0,
            364.0,
            380.0,
            357.0,
            382.0
        ],
        [
            2205.0,
            2126.0,
            2237.0,
            2182.0,
            2130.0
        ],
        [
            4533.0,
            4350.0,
            4500.0,
            4556.0,
            4538.0
        ],
        [
            2100.0,
            2143.0,
            2178.0,
            2233.0,
            2197.0
        ],
        [
            351.0,
            373.0,
            370.0,
            407.0,
            327.0
        ]
    ],
    "sim_time": 0.7815296649932861
}