{
    "dni": 1000.0,
    "generated_rays": 17230601,
    "power_per_ray": 0.09038406078335744,
    "num_rays": 305651.0,
    "avg_flux": 2705.6203876004574,
    "peak_flux": 5887.238972826439,
    "min_flux": 0.0,
    "radius": 0.0,
    "bin_size_x": 0.06807059529144252,
    "bin_size_y": 6.0,
    "xvalues": [
        -0.13614119058288504,
        -0.0680705952914425,
        2.7755575615628914e-17,
        0.06807059529144252,
        0.13614119058288507
    ],
    "yvalues": [
        -12.0,
        -6.0,
        0.0,
        6.0,
        12.0
    ],
    "flux": [
        [
            0.0,
            14842.0,
            18293.0,
            18267.0,
            18192.0
        ],
        [
            0.0,
            26603.0,
            25617.0,
            25520.0,
            25260.0
        ],
        [
            0.0,
            25723.0,
            17451.0,
            17133.0,
            17427.0
        ],
        [
            0.0,
            15955.0,
            7457.0,
            7549.0,
            7481.0
        ],
        [
            0.0,
            6894.0,
            3260.0,
            3332.0,
            3395.0
        ]
    ],
    "sim_time": 28.20359778404236
}