{
    "dni": 1000.0,
    "generated_rays": 172413277,
    "power_per_ray": 0.009032782829815244,
    "num_rays": 3061866.0,
    "avg_flux": 2708.6752621629166,
    "peak_flux": 5863.959143179863,
    "min_flux": 0.0,
    "radius": 0.0,
    "bin_size_x": 0.06807059529144252,
    "bin_size_y": 6.0,
    "xvalues": [
        -0.13614119058288504,
        -0.0680705952914425,
        2.7755575615628914e-17,
        0.06807059529144252,
        0.13614119058288507
    ],
    "yvalues": [
        -12.0,
        -6.0,
        0.0,
        6.0,
        12.0
    ],
    "flux": [
        [
            0.0,
            148983.0,
            182742.0,
            183101.0,
            182515.0
        ],
        [
            0.0,
            265143.0,
            255878.0,
            255617.0,
            254215.0
        ],
        [
            0.0,
            257870.0,
            173935.0,
            173763.0,
            173643.0
        ],
        [
            0.0,
            160252.0,
            75185.0,
            75980.0,
            75540.0
        ],
        [
            0.0,
            67260.0,
            33438.0,
            33486.0,
            33320.0
        ]
    ],
    "sim_time": 68.99995112419128
}