{
    "dni": 1000.0,
    "generated_rays": 19339411,
    "power_per_ray": 0.07109889208094573,
    "num_rays": 4797877.0,
    "avg_flux": 33408.8199248774,
    "peak_flux": 79393.41667136717,
    "min_flux": 6300.523229029673,
    "radius": 0.0,
    "bin_size_x": 0.06807059529144252,
    "bin_size_y": 6.0,
    "xvalues": [
        -0.13614119058288504,
        -0.0680705952914425,
        2.7755575615628914e-17,
        0.06807059529144252,
        0.13614119058288507
    ],
    "yvalues": [
        -12.0,
        -6.0,
        0.0,
        6.0,
        12.0
    ],
    "flux": [
        [
            36575.0,
            36383.0,
            36193.0,
            36770.0,
            36323.0
        ],
        [
            215738.0,
            216946.0,
            216766.0,
            216506.0,
            215650.0
        ],
        [
            453020.0,
            456071.0,
            455922.0,
            454428.0,
            453128.0
        ],
        [
            215368.0,
            215810.0,
            216432.0,
            216475.0,
            215617.0
        ],
        [
            36402.0,
            36320.0,
            36323.0,
            36356.0,
            36355.0
        ]
    ],
    "sim_time": 34.05676817893982
}