{
    "dni": 1000.0,
    "generated_rays": 103460778,
    "power_per_ray": 0.015052773797214048,
    "num_rays": 1836367.0,
    "avg_flux": 2707.2303335792553,
    "peak_flux": 5859.739065858016,
    "min_flux": 0.0,
    "radius": 0.0,
    "bin_size_x": 0.06807059529144252,
    "bin_size_y": 6.0,
    "xvalues": [
        -0.13614119058288504,
        -0.0680705952914425,
        2.7755575615628914e-17,
        0.06807059529144252,
        0.13614119058288507
    ],
    "yvalues": [
        -12.0,
        -6.0,
        0.0,
        6.0,
        12.0
    ],
    "flux": [
        [
            0.0,
            89341.0,
            109513.0,
            109872.0,
            109474.0
        ],
        [
            0.0,
            158991.0,
            153586.0,
            153008.0,
            152252.0
        ],
        [
            0.0,
            154891.0,
            104482.0,
            104082.0,
            104216.0
        ],
        [
            0.0,
            96141.0,
            45212.0,
            45595.0,
            45112.0
        ],
        [
            0.0,
            40320.0,
            20170.0,
            20027.0,
            20082.0
        ]
    ],
    "sim_time": 43.709015130996704
}