{
    "dni": 1000.0,
    "generated_rays": 17264879,
    "power_per_ray": 0.09020461065019798,
    "num_rays": 305524.0,
    "avg_flux": 2699.126629375973,
    "peak_flux": 5889.685411421777,
    "min_flux": 0.0,
    "radius": 0.0,
    "bin_size_x": 0.06807059529144252,
    "bin_size_y": 6.0,
    "xvalues": [
        -0.13614119058288504,
        -0.0680705952914425,
        2.7755575615628914e-17,
        0.06807059529144252,
        0.13614119058288507
    ],
    "yvalues": [
        -12.0,
        -6.0,
        0.0,
        6.0,
        12.0
    ],
    "flux": [
        [
            0.0,
            14797.0,
            18239.0,
            18116.0,
            18231.0
        ],
        [
            0.0,
            26667.0,
            25488.0,
            25634.0,
            25498.0
        ],
        [
            0.0,
            25648.0,
            17480.0,
            17321.0,
            17336.0
        ],
        [
            0.0,
            16019.0,
            7571.0,
            7465.0,
            7376.0
        ],
        [
            0.0,
            6646.0,
            3238.0,
            3436.0,
            3318.0
        ]
    ],
    "sim_time": 28.34136652946472
}