{
    "dni": 1000.0,
    "generated_rays": 172447596,
    "power_per_ray": 0.009030985205022978,
    "num_rays": 3061452.0,
    "avg_flux": 2707.770033890464,
    "peak_flux": 5858.922582649413,
    "min_flux": 0.0,
    "radius": 0.0,
    "bin_size_x": 0.06807059529144252,
    "bin_size_y": 6.0,
    "xvalues": [
        -0.13614119058288504,
        -0.0680705952914425,
        2.7755575615628914e-17,
        0.06807059529144252,
        0.13614119058288507
    ],
    "yvalues": [
        -12.0,
        -6.0,
        0.0,
        6.0,
        12.0
    ],
    "flux": [
        [
            0.0,
            148921.0,
            182472.0,
            183396.0,
            182406.0
        ],
        [
            0.0,
            264968.0,
            256051.0,
            255673.0,
            254070.0
        ],
        [
            0.0,
            258196.0,
            173933.0,
            173325.0,
            173800.0
        ],
        [
            0.0,
            160069.0,
            75363.0,
            75954.0,
            75412.0
        ],
        [
            0.0,
            67227.0,
            33415.0,
            33518.0,
            33283.0
        ]
    ],
    "sim_time": 70.63091325759888
}