{
    "dni": 1000.0,
    "generated_rays": 5800622,
    "power_per_ray": 0.2370453885114484,
    "num_rays": 1439692.0,
    "avg_flux": 33423.374465452645,
    "peak_flux": 79673.76274091052,
    "min_flux": 6261.83911398703,
    "radius": 0.0,
    "bin_size_x": 0.06807059529144252,
    "bin_size_y": 6.0,
    "xvalues": [
        -0.13614119058288504,
        -0.0680705952914425,
        2.7755575615628914e-17,
        0.06807059529144252,
        0.13614119058288507
    ],
    "yvalues": [
        -12.0,
        -6.0,
        0.0,
        6.0,
        12.0
    ],
    "flux": [
        [
            10993.0,
            10789.0,
            11063.0,
            10987.0,
            10827.0
        ],
        [
            64591.0,
            64763.0,
            65003.0,
            64603.0,
            64331.0
        ],
        [
            136152.0,
            137276.0,
            137265.0,
            136516.0,
            136152.0
        ],
        [
            64466.0,
            64852.0,
            64745.0,
            64934.0,
            64621.0
        ],
        [
            11042.0,
            10920.0,
            10948.0,
            10877.0,
            10976.0
        ]
    ],
    "sim_time": 12.79556918144226
}