{
    "dni": 1000.0,
    "generated_rays": 19337115,
    "power_per_ray": 0.0711073340360263,
    "num_rays": 4797980.0,
    "avg_flux": 33413.50403430009,
    "peak_flux": 79382.64765567644,
    "min_flux": 6309.4541150809055,
    "radius": 0.0,
    "bin_size_x": 0.06807059529144252,
    "bin_size_y": 6.0,
    "xvalues": [
        -0.13614119058288504,
        -0.0680705952914425,
        2.7755575615628914e-17,
        0.06807059529144252,
        0.13614119058288507
    ],
    "yvalues": [
        -12.0,
        -6.0,
        0.0,
        6.0,
        12.0
    ],
    "flux": [
        [
            36459.0,
            36354.0,
            36306.0,
            36691.0,
            36282.0
        ],
        [
            215882.0,
            216851.0,
            216691.0,
            216632.0,
            215678.0
        ],
        [
            453708.0,
            455439.0,
            455955.0,
            454351.0,
            453112.0
        ],
        [
            215371.0,
            215796.0,
            216349.0,
            216954.0,
            215460.0
        ],
        [
            36431.0,
            36261.0,
            36276.0,
            36451.0,
            36240.0
        ]
    ],
    "sim_time": 33.30922770500183
}