{
    "dni": 1000.0,
    "generated_rays": 34446056,
    "power_per_ray": 0.0452119014181995,
    "num_rays": 612671.0,
    "avg_flux": 2712.871907484945,
    "peak_flux": 5903.000732311251,
    "min_flux": 0.0,
    "radius": 0.0,
    "bin_size_x": 0.06807059529144252,
    "bin_size_y": 6.0,
    "xvalues": [
        -0.13614119058288504,
        -0.0680705952914425,
        2.7755575615628914e-17,
        0.06807059529144252,
        0.13614119058288507
    ],
    "yvalues": [
        -12.0,
        -6.0,
        0.0,
        6.0,
        12.0
    ],
    "flux": [
        [
            0.0,
            29932.0,
            36644.0,
            36479.0,
            36231.0
        ],
        [
            0.0,
            53325.0,
            51316.0,
            51213.0,
            50736.0
        ],
        [
            0.0,
            51667.0,
            34656.0,
            34602.0,
            34730.0
        ],
        [
            0.0,
            32048.0,
            15033.0,
            15185.0,
            14925.0
        ],
        [
            0.0,
            13534.0,
            6836.0,
            6765.0,
            6814.0
        ]
    ],
    "sim_time": 19.638688325881958
}