{
    "dni": 1000.0,
    "generated_rays": 3866342,
    "power_per_ray": 0.3556360755458402,
    "num_rays": 959907.0,
    "avg_flux": 33433.678365563625,
    "peak_flux": 79774.91249515518,
    "min_flux": 6177.122219269897,
    "radius": 0.0,
    "bin_size_x": 0.06807059529144252,
    "bin_size_y": 6.0,
    "xvalues": [
        -0.13614119058288504,
        -0.0680705952914425,
        2.7755575615628914e-17,
        0.06807059529144252,
        0.13614119058288507
    ],
    "yvalues": [
        -12.0,
        -6.0,
        0.0,
        6.0,
        12.0
    ],
    "flux": [
        [
            7357.0,
            7094.0,
            7475.0,
            7294.0,
            7230.0
        ],
        [
            42908.0,
            43220.0,
            43325.0,
            43117.0,
            42907.0
        ],
        [
            90719.0,
            91616.0,
            91032.0,
            91199.0,
            91048.0
        ],
        [
            43103.0,
            43256.0,
            42991.0,
            43464.0,
            43174.0
        ],
        [
            7231.0,
            7390.0,
            7268.0,
            7193.0,
            7296.0
        ]
    ],
    "sim_time": 9.579344749450684
}