{
    "dni": 1000.0,
    "generated_rays": 966776,
    "power_per_ray": 1.4222639945530866,
    "num_rays": 240050.0,
    "avg_flux": 33437.293585256215,
    "peak_flux": 79780.08706917516,
    "min_flux": 6128.8936377891,
    "radius": 0.0,
    "bin_size_x": 0.06807059529144252,
    "bin_size_y": 6.0,
    "xvalues": [
        -0.13614119058288504,
        -0.0680705952914425,
        2.7755575615628914e-17,
        0.06807059529144252,
        0.13614119058288507
    ],
    "yvalues": [
        -12.0,
        -6.0,
        0.0,
        6.0,
        12.0
    ],
    "flux": [
        [
            1850.0,
            1830.0,
            1805.0,
            1824.0,
            1833.0
        ],
        [
            10784.0,
            10895.0,
            10793.0,
            10979.0,
            10817.0
        ],
        [
            22910.0,
            22791.0,
            22859.0,
            22711.0,
            22451.0
        ],
        [
            10917.0,
            10975.0,
            10480.0,
            10762.0,
            10742.0
        ],
        [
            1834.0,
            1760.0,
            1773.0,
            1858.0,
            1817.0
        ]
    ],
    "sim_time": 3.844069719314575
}