{
    "dni": 1000.0,
    "generated_rays": 3459859,
    "power_per_ray": 0.4501257675869969,
    "num_rays": 60994.0,
    "avg_flux": 2688.8723342439353,
    "peak_flux": 5788.256836512258,
    "min_flux": 0.0,
    "radius": 0.0,
    "bin_size_x": 0.06807059529144252,
    "bin_size_y": 6.0,
    "xvalues": [
        -0.13614119058288504,
        -0.0680705952914425,
        2.7755575615628914e-17,
        0.06807059529144252,
        0.13614119058288507
    ],
    "yvalues": [
        -12.0,
        -6.0,
        0.0,
        6.0,
        12.0
    ],
    "flux": [
        [
            0.0,
            3040.0,
            3529.0,
            3619.0,
            3662.0
        ],
        [
            0.0,
            5252.0,
            4990.0,
            5240.0,
            5199.0
        ],
        [
            0.0,
            5091.0,
            3426.0,
            3459.0,
            3513.0
        ],
        [
            0.0,
            3195.0,
            1467.0,
            1526.0,
            1439.0
        ],
        [
            0.0,
            1333.0,
            672.0,
            685.0,
            657.0
        ]
    ],
    "sim_time": 5.888604164123535
}