{
    "dni": 1000.0,
    "generated_rays": 5803185,
    "power_per_ray": 0.23694069646203847,
    "num_rays": 1439618.0,
    "avg_flux": 33406.895698880304,
    "peak_flux": 79745.89942720543,
    "min_flux": 6265.455029527056,
    "radius": 0.0,
    "bin_size_x": 0.06807059529144252,
    "bin_size_y": 6.0,
    "xvalues": [
        -0.13614119058288504,
        -0.0680705952914425,
        2.7755575615628914e-17,
        0.06807059529144252,
        0.13614119058288507
    ],
    "yvalues": [
        -12.0,
        -6.0,
        0.0,
        6.0,
        12.0
    ],
    "flux": [
        [
            10957.0,
            10840.0,
            11095.0,
            11075.0,
            10800.0
        ],
        [
            64770.0,
            64860.0,
            65216.0,
            64800.0,
            64715.0
        ],
        [
            135970.0,
            137461.0,
            137370.0,
            136205.0,
            135729.0
        ],
        [
            64478.0,
            64722.0,
            64532.0,
            64909.0,
            64483.0
        ],
        [
            11036.0,
            10921.0,
            10917.0,
            10888.0,
            10869.0
        ]
    ],
    "sim_time": 12.799853801727295
}