{
    "dni": 1000.0,
    "generated_rays": 11603153,
    "power_per_ray": 0.11850319439880304,
    "num_rays": 2879013.0,
    "avg_flux": 33413.569716846745,
    "peak_flux": 79515.29043522525,
    "min_flux": 6272.704948783748,
    "radius": 0.0,
    "bin_size_x": 0.06807059529144252,
    "bin_size_y": 6.0,
    "xvalues": [
        -0.13614119058288504,
        -0.0680705952914425,
        2.7755575615628914e-17,
        0.06807059529144252,
        0.13614119058288507
    ],
    "yvalues": [
        -12.0,
        -6.0,
        0.0,
        6.0,
        12.0
    ],
    "flux": [
        [
            22061.0,
            21777.0,
            21827.0,
            22143.0,
            21619.0
        ],
        [
            129555.0,
            129981.0,
            130305.0,
            129928.0,
            129293.0
        ],
        [
            272236.0,
            273390.0,
            274051.0,
            272382.0,
            271982.0
        ],
        [
            129327.0,
            129474.0,
            129802.0,
            130009.0,
            128685.0
        ],
        [
            21895.0,
            21777.0,
            21925.0,
            21827.0,
            21762.0
        ]
    ],
    "sim_time": 22.527631759643555
}