{
    "dni": 1000.0,
    "generated_rays": 3866340,
    "power_per_ray": 0.3556362595110763,
    "num_rays": 959869.0,
    "avg_flux": 33432.372114968304,
    "peak_flux": 79801.07636688925,
    "min_flux": 6219.792336694344,
    "radius": 0.0,
    "bin_size_x": 0.06807059529144252,
    "bin_size_y": 6.0,
    "xvalues": [
        -0.13614119058288504,
        -0.0680705952914425,
        2.7755575615628914e-17,
        0.06807059529144252,
        0.13614119058288507
    ],
    "yvalues": [
        -12.0,
        -6.0,
        0.0,
        6.0,
        12.0
    ],
    "flux": [
        [
            7288.0,
            7143.0,
            7400.0,
            7361.0,
            7180.0
        ],
        [
            43135.0,
            43166.0,
            43419.0,
            43212.0,
            43012.0
        ],
        [
            90325.0,
            91646.0,
            91203.0,
            90971.0,
            91031.0
        ],
        [
            43126.0,
            43272.0,
            43149.0,
            43335.0,
            43156.0
        ],
        [
            7275.0,
            7357.0,
            7209.0,
            7223.0,
            7275.0
        ]
    ],
    "sim_time": 9.492138624191284
}