{
    "dni": 1000.0,
    "generated_rays": 1717236,
    "power_per_ray": 0.9069060327862796,
    "num_rays": 30433.0,
    "avg_flux": 2703.0635061161333,
    "peak_flux": 5868.7911532423195,
    "min_flux": 0.0,
    "radius": 0.0,
    "bin_size_x": 0.06807059529144252,
    "bin_size_y": 6.0,
    "xvalues": [
        -0.13614119058288504,
        -0.0680705952914425,
        2.7755575615628914e-17,
        0.06807059529144252,
        0.13614119058288507
    ],
    "yvalues": [
        -12.0,
        -6.0,
        0.0,
        6.0,
        12.0
    ],
    "flux": [
        [
            0.0,
            1515.0,
            1848.0,
            1778.0,
            1769.0
        ],
        [
            0.0,
            2589.0,
            2638.0,
            2561.0,
            2523.0
        ],
        [
            0.0,
            2643.0,
            1715.0,
            1744.0,
            1737.0
        ],
        [
            0.0,
            1498.0,
            726.0,
            788.0,
            695.0
        ],
        [
            0.0,
            685.0,
            330.0,
            329.0,
            322.0
        ]
    ],
    "sim_time": 3.005239486694336
}