{
    "dni": 1000.0,
    "generated_rays": 3452050,
    "power_per_ray": 0.45114401243254865,
    "num_rays": 61271.0,
    "avg_flux": 2707.1938739878287,
    "peak_flux": 5800.246051276333,
    "min_flux": 0.0,
    "radius": 0.0,
    "bin_size_x": 0.06807059529144252,
    "bin_size_y": 6.0,
    "xvalues": [
        -0.13614119058288504,
        -0.0680705952914425,
        2.7755575615628914e-17,
        0.06807059529144252,
        0.13614119058288507
    ],
    "yvalues": [
        -12.0,
        -6.0,
        0.0,
        6.0,
        12.0
    ],
    "flux": [
        [
            0.0,
            3022.0,
            3661.0,
            3690.0,
            3653.0
        ],
        [
            0.0,
            5242.0,
            5135.0,
            5165.0,
            5178.0
        ],
        [
            0.0,
            5251.0,
            3428.0,
            3422.0,
            3506.0
        ],
        [
            0.0,
            3103.0,
            1448.0,
            1482.0,
            1487.0
        ],
        [
            0.0,
            1335.0,
            688.0,
            682.0,
            693.0
        ]
    ],
    "sim_time": 5.828759670257568
}