{
    "dni": 1000.0,
    "generated_rays": 17247607,
    "power_per_ray": 0.0902949428357093,
    "num_rays": 305870.0,
    "avg_flux": 2704.8893428859096,
    "peak_flux": 5846.724389606759,
    "min_flux": 0.0,
    "radius": 0.0,
    "bin_size_x": 0.06807059529144252,
    "bin_size_y": 6.0,
    "xvalues": [
        -0.13614119058288504,
        -0.0680705952914425,
        2.7755575615628914e-17,
        0.06807059529144252,
        0.13614119058288507
    ],
    "yvalues": [
        -12.0,
        -6.0,
        0.0,
        6.0,
        12.0
    ],
    "flux": [
        [
            0.0,
            14807.0,
            18041.0,
            18371.0,
            18293.0
        ],
        [
            0.0,
            26446.0,
            25516.0,
            25565.0,
            25433.0
        ],
        [
            0.0,
            26071.0,
            17381.0,
            17334.0,
            17307.0
        ],
        [
            0.0,
            15908.0,
            7590.0,
            7657.0,
            7471.0
        ],
        [
            0.0,
            6646.0,
            3281.0,
            3364.0,
            3388.0
        ]
    ],
    "sim_time": 28.29668688774109
}