{
    "dni": 1000.0,
    "generated_rays": 17237733,
    "power_per_ray": 0.09034666496561812,
    "num_rays": 306443.0,
    "avg_flux": 2711.5088322176475,
    "peak_flux": 5862.239924113122,
    "min_flux": 0.0,
    "radius": 0.0,
    "bin_size_x": 0.06807059529144252,
    "bin_size_y": 6.0,
    "xvalues": [
        -0.13614119058288504,
        -0.0680705952914425,
        2.7755575615628914e-17,
        0.06807059529144252,
        0.13614119058288507
    ],
    "yvalues": [
        -12.0,
        -6.0,
        0.0,
        6.0,
        12.0
    ],
    "flux": [
        [
            0.0,
            14889.0,
            18215.0,
            18021.0,
            18433.0
        ],
        [
            0.0,
            26501.0,
            25682.0,
            25679.0,
            25399.0
        ],
        [
            0.0,
            25963.0,
            17471.0,
            17246.0,
            17275.0
        ],
        [
            0.0,
            16060.0,
            7504.0,
            7695.0,
            7618.0
        ],
        [
            0.0,
            6742.0,
            3324.0,
            3403.0,
            3323.0
        ]
    ],
    "sim_time": 28.004976987838745
}