{
    "dni": 1000.0,
    "generated_rays": 3444127,
    "power_per_ray": 0.45218184118000865,
    "num_rays": 61258.0,
    "avg_flux": 2712.8458926510216,
    "peak_flux": 5982.981489718127,
    "min_flux": 0.0,
    "radius": 0.0,
    "bin_size_x": 0.06807059529144252,
    "bin_size_y": 6.0,
    "xvalues": [
        -0.13614119058288504,
        -0.0680705952914425,
        2.7755575615628914e-17,
        0.06807059529144252,
        0.13614119058288507
    ],
    "yvalues": [
        -12.0,
        -6.0,
        0.0,
        6.0,
        12.0
    ],
    "flux": [
        [
            0.0,
            2893.0,
            3564.0,
            3617.0,
            3698.0
        ],
        [
            0.0,
            5404.0,
            5173.0,
            5033.0,
            5182.0
        ],
        [
            0.0,
            5116.0,
            3496.0,
            3510.0,
            3402.0
        ],
        [
            0.0,
            3237.0,
            1458.0,
            1508.0,
            1561.0
        ],
        [
            0.0,
            1331.0,
            684.0,
            676.0,
            715.0
        ]
    ],
    "sim_time": 5.825302600860596
}