{
    "dni": 1000.0,
    "generated_rays": 193817,
    "power_per_ray": 7.0943761156041765,
    "num_rays": 47963.0,
    "avg_flux": 33324.96801552136,
    "peak_flux": 78704.12092567567,
    "min_flux": 5957.959275547727,
    "radius": 0.0,
    "bin_size_x": 0.06807059529144252,
    "bin_size_y": 6.0,
    "xvalues": [
        -0.13614119058288504,
        -0.0680705952914425,
        2.7755575615628914e-17,
        0.06807059529144252,
        0.13614119058288507
    ],
    "yvalues": [
        -12.0,
        -6.0,
        0.0,
        6.0,
        12.0
    ],
    "flux": [
        [
            343.0,
            369.0,
            379.0,
            356.0,
            381.0
        ],
        [
            2132.0,
            2282.0,
            2140.0,
            2167.0,
            2139.0
        ],
        [
            4510.0,
            4516.0,
            4485.0,
            4492.0,
            4531.0
        ],
        [
            2150.0,
            2129.0,
            2227.0,
            2183.0,
            2179.0
        ],
        [
            376.0,
            394.0,
            375.0,
            354.0,
            374.0
        ]
    ],
    "sim_time": 0.7678511142730713
}