{
    "dni": 1000.0,
    "generated_rays": 1732608,
    "power_per_ray": 0.8988598044784392,
    "num_rays": 30834.0,
    "avg_flux": 2714.382335243309,
    "peak_flux": 5898.151925189782,
    "min_flux": 0.0,
    "radius": 0.0,
    "bin_size_x": 0.06807059529144252,
    "bin_size_y": 6.0,
    "xvalues": [
        -0.13614119058288504,
        -0.0680705952914425,
        2.7755575615628914e-17,
        0.06807059529144252,
        0.13614119058288507
    ],
    "yvalues": [
        -12.0,
        -6.0,
        0.0,
        6.0,
        12.0
    ],
    "flux": [
        [
            0.0,
            1495.0,
            1822.0,
            1801.0,
            1785.0
        ],
        [
            0.0,
            2680.0,
            2543.0,
            2571.0,
            2618.0
        ],
        [
            0.0,
            2604.0,
            1744.0,
            1770.0,
            1811.0
        ],
        [
            0.0,
            1658.0,
            748.0,
            747.0,
            744.0
        ],
        [
            0.0,
            674.0,
            348.0,
            350.0,
            321.0
        ]
    ],
    "sim_time": 2.9663918018341064
}