{
    "dni": 1000.0,
    "generated_rays": 11603219,
    "power_per_ray": 0.11850252034354043,
    "num_rays": 2879010.0,
    "avg_flux": 33413.34484036227,
    "peak_flux": 79446.94395081534,
    "min_flux": 6282.824383843791,
    "radius": 0.0,
    "bin_size_x": 0.06807059529144252,
    "bin_size_y": 6.0,
    "xvalues": [
        -0.13614119058288504,
        -0.0680705952914425,
        2.7755575615628914e-17,
        0.06807059529144252,
        0.13614119058288507
    ],
    "yvalues": [
        -12.0,
        -6.0,
        0.0,
        6.0,
        12.0
    ],
    "flux": [
        [
            22126.0,
            21762.0,
            21822.0,
            22033.0,
            21654.0
        ],
        [
            129414.0,
            130011.0,
            130157.0,
            130159.0,
            129348.0
        ],
        [
            271869.0,
            273812.0,
            273817.0,
            272666.0,
            271825.0
        ],
        [
            129148.0,
            129651.0,
            129870.0,
            129896.0,
            128672.0
        ],
        [
            21981.0,
            21824.0,
            21912.0,
            21813.0,
            21768.0
        ]
    ],
    "sim_time": 22.437787532806396
}