{
    "dni": 1000.0,
    "generated_rays": 17238538,
    "power_per_ray": 0.09034244598455968,
    "num_rays": 306098.0,
    "avg_flux": 2708.3296796591226,
    "peak_flux": 5929.43153768911,
    "min_flux": 0.0,
    "radius": 0.0,
    "bin_size_x": 0.06807059529144252,
    "bin_size_y": 6.0,
    "xvalues": [
        -0.13614119058288504,
        -0.0680705952914425,
        2.7755575615628914e-17,
        0.06807059529144252,
        0.13614119058288507
    ],
    "yvalues": [
        -12.0,
        -6.0,
        0.0,
        6.0,
        12.0
    ],
    "flux": [
        [
            0.0,
            14805.0,
            18074.0,
            18289.0,
            18166.0
        ],
        [
            0.0,
            26806.0,
            25465.0,
            25515.0,
            25480.0
        ],
        [
            0.0,
            25993.0,
            17294.0,
            17389.0,
            17144.0
        ],
        [
            0.0,
            16158.0,
            7551.0,
            7516.0,
            7571.0
        ],
        [
            0.0,
            6645.0,
            3432.0,
            3420.0,
            3385.0
        ]
    ],
    "sim_time": 27.91359281539917
}