{
    "dni": 1000.0,
    "generated_rays": 172444318,
    "power_per_ray": 0.009031156875332822,
    "num_rays": 3061669.0,
    "avg_flux": 2708.013440160549,
    "peak_flux": 5864.517788709527,
    "min_flux": 0.0,
    "radius": 0.0,
    "bin_size_x": 0.06807059529144252,
    "bin_size_y": 6.0,
    "xvalues": [
        -0.13614119058288504,
        -0.0680705952914425,
        2.7755575615628914e-17,
        0.06807059529144252,
        0.13614119058288507
    ],
    "yvalues": [
        -12.0,
        -6.0,
        0.0,
        6.0,
        12.0
    ],
    "flux": [
        [
            0.0,
            148938.0,
            182513.0,
            183406.0,
            182382.0
        ],
        [
            0.0,
            265216.0,
            256115.0,
            255729.0,
            254484.0
        ],
        [
            0.0,
            258176.0,
            173733.0,
            173625.0,
            173409.0
        ],
        [
            0.0,
            159954.0,
            75322.0,
            75886.0,
            75378.0
        ],
        [
            0.0,
            67132.0,
            33511.0,
            33404.0,
            33356.0
        ]
    ],
    "sim_time": 70.68474745750427
}