{
    "dni": 1000.0,
    "generated_rays": 3868712,
    "power_per_ray": 0.35541821040130533,
    "num_rays": 959841.0,
    "avg_flux": 33410.899280783015,
    "peak_flux": 79666.86689142065,
    "min_flux": 6189.872244054212,
    "radius": 0.0,
    "bin_size_x": 0.06807059529144252,
    "bin_size_y": 6.0,
    "xvalues": [
        -0.13614119058288504,
        -0.0680705952914425,
        2.7755575615628914e-17,
        0.06807059529144252,
        0.13614119058288507
    ],
    "yvalues": [
        -12.0,
        -6.0,
        0.0,
        6.0,
        12.0
    ],
    "flux": [
        [
            7278.0,
            7113.0,
            7441.0,
            7321.0,
            7248.0
        ],
        [
            42902.0,
            43199.0,
            43408.0,
            43165.0,
            43021.0
        ],
        [
            90448.0,
            91548.0,
            91308.0,
            91205.0,
            90992.0
        ],
        [
            43177.0,
            43255.0,
            43176.0,
            43258.0,
            43190.0
        ],
        [
            7263.0,
            7273.0,
            7240.0,
            7209.0,
            7203.0
        ]
    ],
    "sim_time": 9.627286911010742
}