{
    "dni": 1000.0,
    "generated_rays": 1934541,
    "power_per_ray": 0.7107684435729482,
    "num_rays": 479675.0,
    "avg_flux": 33390.6147200209,
    "peak_flux": 79725.37872276007,
    "min_flux": 6103.136802163616,
    "radius": 0.0,
    "bin_size_x": 0.06807059529144252,
    "bin_size_y": 6.0,
    "xvalues": [
        -0.13614119058288504,
        -0.0680705952914425,
        2.7755575615628914e-17,
        0.06807059529144252,
        0.13614119058288507
    ],
    "yvalues": [
        -12.0,
        -6.0,
        0.0,
        6.0,
        12.0
    ],
    "flux": [
        [
            3674.0,
            3507.0,
            3618.0,
            3648.0,
            3713.0
        ],
        [
            21736.0,
            21787.0,
            21735.0,
            21410.0,
            21419.0
        ],
        [
            45282.0,
            45504.0,
            45812.0,
            45651.0,
            45324.0
        ],
        [
            21399.0,
            21443.0,
            21556.0,
            21443.0,
            21713.0
        ],
        [
            3634.0,
            3648.0,
            3706.0,
            3669.0,
            3644.0
        ]
    ],
    "sim_time": 7.679566860198975
}