{
    "dni": 1000.0,
    "generated_rays": 3867151,
    "power_per_ray": 0.3555616772135494,
    "num_rays": 959691.0,
    "avg_flux": 33419.16237652824,
    "peak_flux": 79482.25277236766,
    "min_flux": 6231.546515784486,
    "radius": 0.0,
    "bin_size_x": 0.06807059529144252,
    "bin_size_y": 6.0,
    "xvalues": [
        -0.13614119058288504,
        -0.0680705952914425,
        2.7755575615628914e-17,
        0.06807059529144252,
        0.13614119058288507
    ],
    "yvalues": [
        -12.0,
        -6.0,
        0.0,
        6.0,
        12.0
    ],
    "flux": [
        [
            7269.0,
            7199.0,
            7437.0,
            7298.0,
            7158.0
        ],
        [
            43094.0,
            43176.0,
            43469.0,
            43148.0,
            42945.0
        ],
        [
            90536.0,
            91299.0,
            90989.0,
            91105.0,
            90977.0
        ],
        [
            43075.0,
            43419.0,
            43093.0,
            43388.0,
            43292.0
        ],
        [
            7264.0,
            7333.0,
            7263.0,
            7267.0,
            7198.0
        ]
    ],
    "sim_time": 9.691404581069946
}