{
    "dni": 1000.0,
    "generated_rays": 172431414,
    "power_per_ray": 0.00903183272694023,
    "num_rays": 3061352.0,
    "avg_flux": 2707.935691752833,
    "peak_flux": 5857.150461011431,
    "min_flux": 0.0,
    "radius": 0.0,
    "bin_size_x": 0.06807059529144252,
    "bin_size_y": 6.0,
    "xvalues": [
        -0.13614119058288504,
        -0.0680705952914425,
        2.7755575615628914e-17,
        0.06807059529144252,
        0.13614119058288507
    ],
    "yvalues": [
        -12.0,
        -6.0,
        0.0,
        6.0,
        12.0
    ],
    "flux": [
        [
            0.0,
            148917.0,
            182756.0,
            183242.0,
            182512.0
        ],
        [
            0.0,
            264863.0,
            256119.0,
            255554.0,
            254267.0
        ],
        [
            0.0,
            258244.0,
            173769.0,
            173464.0,
            173585.0
        ],
        [
            0.0,
            160082.0,
            75212.0,
            75904.0,
            75365.0
        ],
        [
            0.0,
            67189.0,
            33432.0,
            33456.0,
            33420.0
        ]
    ],
    "sim_time": 71.18821477890015
}