{
    "dni": 1000.0,
    "generated_rays": 3457166,
    "power_per_ray": 0.4504763983325589,
    "num_rays": 61261.0,
    "avg_flux": 2702.7465158386035,
    "peak_flux": 5882.105731610353,
    "min_flux": 0.0,
    "radius": 0.0,
    "bin_size_x": 0.06807059529144252,
    "bin_size_y": 6.0,
    "xvalues": [
        -0.13614119058288504,
        -0.0680705952914425,
        2.7755575615628914e-17,
        0.06807059529144252,
        0.13614119058288507
    ],
    "yvalues": [
        -12.0,
        -6.0,
        0.0,
        6.0,
        12.0
    ],
    "flux": [
        [
            0.0,
            2893.0,
            3692.0,
            3654.0,
            3670.0
        ],
        [
            0.0,
            5286.0,
            5016.0,
            5050.0,
            5138.0
        ],
        [
            0.0,
            5333.0,
            3512.0,
            3472.0,
            3499.0
        ],
        [
            0.0,
            3289.0,
            1486.0,
            1472.0,
            1526.0
        ],
        [
            0.0,
            1315.0,
            623.0,
            649.0,
            686.0
        ]
    ],
    "sim_time": 5.956658601760864
}