{
    "dni": 1000.0,
    "generated_rays": 11606833,
    "power_per_ray": 0.11846562241380183,
    "num_rays": 2878958.0,
    "avg_flux": 33402.337667531276,
    "peak_flux": 79439.61003747243,
    "min_flux": 6295.6609567920605,
    "radius": 0.0,
    "bin_size_x": 0.06807059529144252,
    "bin_size_y": 6.0,
    "xvalues": [
        -0.13614119058288504,
        -0.0680705952914425,
        2.7755575615628914e-17,
        0.06807059529144252,
        0.13614119058288507
    ],
    "yvalues": [
        -12.0,
        -6.0,
        0.0,
        6.0,
        12.0
    ],
    "flux": [
        [
            22144.0,
            21754.0,
            21869.0,
            22121.0,
            21705.0
        ],
        [
            129417.0,
            130131.0,
            130026.0,
            130144.0,
            129119.0
        ],
        [
            271870.0,
            273768.0,
            273877.0,
            272863.0,
            271877.0
        ],
        [
            128955.0,
            129689.0,
            129597.0,
            130093.0,
            128598.0
        ],
        [
            21984.0,
            21788.0,
            21949.0,
            21865.0,
            21755.0
        ]
    ],
    "sim_time": 21.92866539955139
}