{
    "dni": 1000.0,
    "generated_rays": 968704,
    "power_per_ray": 1.4194332795137161,
    "num_rays": 239796.0,
    "avg_flux": 33335.4337250386,
    "peak_flux": 79847.20239628288,
    "min_flux": 5918.59785335668,
    "radius": 0.0,
    "bin_size_x": 0.06807059529144252,
    "bin_size_y": 6.0,
    "xvalues": [
        -0.13614119058288504,
        -0.0680705952914425,
        2.7755575615628914e-17,
        0.06807059529144252,
        0.13614119058288507
    ],
    "yvalues": [
        -12.0,
        -6.0,
        0.0,
        6.0,
        12.0
    ],
    "flux": [
        [
            1871.0,
            1849.0,
            1703.0,
            1823.0,
            1810.0
        ],
        [
            10659.0,
            10864.0,
            10825.0,
            10956.0,
            10734.0
        ],
        [
            22583.0,
            22570.0,
            22971.0,
            22975.0,
            22846.0
        ],
        [
            10749.0,
            10671.0,
            10791.0,
            10769.0,
            10819.0
        ],
        [
            1796.0,
            1769.0,
            1763.0,
            1785.0,
            1845.0
        ]
    ],
    "sim_time": 3.8064329624176025
}