{
    "dni": 1000.0,
    "generated_rays": 3866512,
    "power_per_ray": 0.35562043919637515,
    "num_rays": 959882.0,
    "avg_flux": 33431.33766302449,
    "peak_flux": 79929.00438420188,
    "min_flux": 6211.679219112784,
    "radius": 0.0,
    "bin_size_x": 0.06807059529144252,
    "bin_size_y": 6.0,
    "xvalues": [
        -0.13614119058288504,
        -0.0680705952914425,
        2.7755575615628914e-17,
        0.06807059529144252,
        0.13614119058288507
    ],
    "yvalues": [
        -12.0,
        -6.0,
        0.0,
        6.0,
        12.0
    ],
    "flux": [
        [
            7272.0,
            7134.0,
            7432.0,
            7409.0,
            7166.0
        ],
        [
            43159.0,
            43185.0,
            43251.0,
            42984.0,
            42885.0
        ],
        [
            90681.0,
            91797.0,
            91167.0,
            91149.0,
            91065.0
        ],
        [
            43054.0,
            43239.0,
            43006.0,
            43258.0,
            43300.0
        ],
        [
            7290.0,
            7382.0,
            7275.0,
            7173.0,
            7169.0
        ]
    ],
    "sim_time": 9.509510040283203
}