{
    "dni": 1000.0,
    "generated_rays": 103445285,
    "power_per_ray": 0.015055028251096989,
    "num_rays": 1836953.0,
    "avg_flux": 2708.4998245847137,
    "peak_flux": 5871.748794846314,
    "min_flux": 0.0,
    "radius": 0.0,
    "bin_size_x": 0.06807059529144252,
    "bin_size_y": 6.0,
    "xvalues": [
        -0.13614119058288504,
        -0.0680705952914425,
        2.7755575615628914e-17,
        0.06807059529144252,
        0.13614119058288507
    ],
    "yvalues": [
        -12.0,
        -6.0,
        0.0,
        6.0,
        12.0
    ],
    "flux": [
        [
            0.0,
            89336.0,
            109757.0,
            109664.0,
            109477.0
        ],
        [
            0.0,
            159293.0,
            153477.0,
            153214.0,
            152297.0
        ],
        [
            0.0,
            154949.0,
            104422.0,
            104293.0,
            104059.0
        ],
        [
            0.0,
            96093.0,
            45235.0,
            45641.0,
            45211.0
        ],
        [
            0.0,
            40427.0,
            20141.0,
            19983.0,
            19984.0
        ]
    ],
    "sim_time": 43.83474850654602
}