{
    "dni": 1000.0,
    "generated_rays": 967740,
    "power_per_ray": 1.4208472271457775,
    "num_rays": 239858.0,
    "avg_flux": 33377.26789368191,
    "peak_flux": 79596.24959428517,
    "min_flux": 6168.013572144563,
    "radius": 0.0,
    "bin_size_x": 0.06807059529144252,
    "bin_size_y": 6.0,
    "xvalues": [
        -0.13614119058288504,
        -0.0680705952914425,
        2.7755575615628914e-17,
        0.06807059529144252,
        0.13614119058288507
    ],
    "yvalues": [
        -12.0,
        -6.0,
        0.0,
        6.0,
        12.0
    ],
    "flux": [
        [
            1824.0,
            1838.0,
            1794.0,
            1829.0,
            1819.0
        ],
        [
            10749.0,
            10707.0,
            10850.0,
            10785.0,
            10859.0
        ],
        [
            22802.0,
            22880.0,
            22685.0,
            22839.0,
            22826.0
        ],
        [
            10773.0,
            10606.0,
            10827.0,
            10815.0,
            10688.0
        ],
        [
            1774.0,
            1855.0,
            1773.0,
            1831.0,
            1830.0
        ]
    ],
    "sim_time": 3.99690842628479
}