{
    "dni": 1000.0,
    "generated_rays": 1716817,
    "power_per_ray": 0.9071273689145549,
    "num_rays": 30542.0,
    "avg_flux": 2713.406964516569,
    "peak_flux": 5899.097061223894,
    "min_flux": 0.0,
    "radius": 0.0,
    "bin_size_x": 0.06807059529144252,
    "bin_size_y": 6.0,
    "xvalues": [
        -0.13614119058288504,
        -0.0680705952914425,
        2.7755575615628914e-17,
        0.06807059529144252,
        0.13614119058288507
    ],
    "yvalues": [
        -12.0,
        -6.0,
        0.0,
        6.0,
        12.0
    ],
    "flux": [
        [
            0.0,
            1518.0,
            1821.0,
            1881.0,
            1821.0
        ],
        [
            0.0,
            2656.0,
            2442.0,
            2560.0,
            2464.0
        ],
        [
            0.0,
            2617.0,
            1738.0,
            1710.0,
            1767.0
        ],
        [
            0.0,
            1636.0,
            754.0,
            746.0,
            782.0
        ],
        [
            0.0,
            623.0,
            347.0,
            314.0,
            345.0
        ]
    ],
    "sim_time": 2.9206860065460205
}