{
    "dni": 1000.0,
    "generated_rays": 1932499,
    "power_per_ray": 0.7115194862186499,
    "num_rays": 479680.0,
    "avg_flux": 33426.24576618706,
    "peak_flux": 79504.75202382206,
    "min_flux": 6214.112462891368,
    "radius": 0.0,
    "bin_size_x": 0.06807059529144252,
    "bin_size_y": 6.0,
    "xvalues": [
        -0.13614119058288504,
        -0.0680705952914425,
        2.7755575615628914e-17,
        0.06807059529144252,
        0.13614119058288507
    ],
    "yvalues": [
        -12.0,
        -6.0,
        0.0,
        6.0,
        12.0
    ],
    "flux": [
        [
            3629.0,
            3742.0,
            3594.0,
            3569.0,
            3690.0
        ],
        [
            21486.0,
            21602.0,
            21523.0,
            21534.0,
            21568.0
        ],
        [
            45232.0,
            45628.0,
            45427.0,
            45637.0,
            45256.0
        ],
        [
            21498.0,
            21538.0,
            21679.0,
            21997.0,
            21585.0
        ],
        [
            3614.0,
            3657.0,
            3671.0,
            3567.0,
            3757.0
        ]
    ],
    "sim_time": 7.558570384979248
}