{
    "dni": 1000.0,
    "generated_rays": 3461877,
    "power_per_ray": 0.4498633799288015,
    "num_rays": 61384.0,
    "avg_flux": 2704.4877547413967,
    "peak_flux": 5899.434874883895,
    "min_flux": 0.0,
    "radius": 0.0,
    "bin_size_x": 0.06807059529144252,
    "bin_size_y": 6.0,
    "xvalues": [
        -0.13614119058288504,
        -0.0680705952914425,
        2.7755575615628914e-17,
        0.06807059529144252,
        0.13614119058288507
    ],
    "yvalues": [
        -12.0,
        -6.0,
        0.0,
        6.0,
        12.0
    ],
    "flux": [
        [
            0.0,
            2914.0,
            3748.0,
            3594.0,
            3710.0
        ],
        [
            0.0,
            5356.0,
            5106.0,
            5152.0,
            5115.0
        ],
        [
            0.0,
            5186.0,
            3454.0,
            3540.0,
            3407.0
        ],
        [
            0.0,
            3190.0,
            1538.0,
            1532.0,
            1534.0
        ],
        [
            0.0,
            1320.0,
            672.0,
            650.0,
            666.0
        ]
    ],
    "sim_time": 5.723700284957886
}