{
    "dni": 1000.0,
    "generated_rays": 967870,
    "power_per_ray": 1.4206563852563412,
    "num_rays": 240044.0,
    "avg_flux": 33398.6640273875,
    "peak_flux": 79787.30518782124,
    "min_flux": 5996.7440118495,
    "radius": 0.0,
    "bin_size_x": 0.06807059529144252,
    "bin_size_y": 6.0,
    "xvalues": [
        -0.13614119058288504,
        -0.0680705952914425,
        2.7755575615628914e-17,
        0.06807059529144252,
        0.13614119058288507
    ],
    "yvalues": [
        -12.0,
        -6.0,
        0.0,
        6.0,
        12.0
    ],
    "flux": [
        [
            1818.0,
            1877.0,
            1769.0,
            1724.0,
            1869.0
        ],
        [
            10686.0,
            10661.0,
            10971.0,
            11005.0,
            10618.0
        ],
        [
            22739.0,
            22801.0,
            22938.0,
            22914.0,
            22721.0
        ],
        [
            10649.0,
            10773.0,
            10685.0,
            10890.0,
            10783.0
        ],
        [
            1858.0,
            1775.0,
            1788.0,
            1876.0,
            1856.0
        ]
    ],
    "sim_time": 3.8586134910583496
}