{
    "dni": 1000.0,
    "generated_rays": 3867069,
    "power_per_ray": 0.35556921678875003,
    "num_rays": 959806.0,
    "avg_flux": 33423.87573057767,
    "peak_flux": 79846.97393290054,
    "min_flux": 6231.678653797614,
    "radius": 0.0,
    "bin_size_x": 0.06807059529144252,
    "bin_size_y": 6.0,
    "xvalues": [
        -0.13614119058288504,
        -0.0680705952914425,
        2.7755575615628914e-17,
        0.06807059529144252,
        0.13614119058288507
    ],
    "yvalues": [
        -12.0,
        -6.0,
        0.0,
        6.0,
        12.0
    ],
    "flux": [
        [
            7372.0,
            7158.0,
            7440.0,
            7360.0,
            7165.0
        ],
        [
            43019.0,
            43177.0,
            43260.0,
            43074.0,
            43034.0
        ],
        [
            90248.0,
            91716.0,
            90995.0,
            91089.0,
            90935.0
        ],
        [
            43269.0,
            43412.0,
            43096.0,
            43390.0,
            43198.0
        ],
        [
            7278.0,
            7392.0,
            7265.0,
            7181.0,
            7283.0
        ]
    ],
    "sim_time": 9.586754560470581
}