{
    "dni": 1000.0,
    "generated_rays": 1934284,
    "power_per_ray": 0.7108628803206017,
    "num_rays": 479731.0,
    "avg_flux": 33398.94991652921,
    "peak_flux": 79365.24412867914,
    "min_flux": 6229.263991239779,
    "radius": 0.0,
    "bin_size_x": 0.06807059529144252,
    "bin_size_y": 6.0,
    "xvalues": [
        -0.13614119058288504,
        -0.0680705952914425,
        2.7755575615628914e-17,
        0.06807059529144252,
        0.13614119058288507
    ],
    "yvalues": [
        -12.0,
        -6.0,
        0.0,
        6.0,
        12.0
    ],
    "flux": [
        [
            3711.0,
            3724.0,
            3730.0,
            3586.0,
            3651.0
        ],
        [
            21579.0,
            21423.0,
            21525.0,
            21367.0,
            21479.0
        ],
        [
            45457.0,
            45482.0,
            45422.0,
            45599.0,
            45455.0
        ],
        [
            21585.0,
            21378.0,
            21759.0,
            21918.0,
            21605.0
        ],
        [
            3682.0,
            3676.0,
            3630.0,
            3579.0,
            3729.0
        ]
    ],
    "sim_time": 7.512040615081787
}