{
    "dni": 1000.0,
    "generated_rays": 193979,
    "power_per_ray": 7.088451304512627,
    "num_rays": 47901.0,
    "avg_flux": 33254.09495673433,
    "peak_flux": 79662.3744031495,
    "min_flux": 5935.627896705257,
    "radius": 0.0,
    "bin_size_x": 0.06807059529144252,
    "bin_size_y": 6.0,
    "xvalues": [
        -0.13614119058288504,
        -0.0680705952914425,
        2.7755575615628914e-17,
        0.06807059529144252,
        0.13614119058288507
    ],
    "yvalues": [
        -12.0,
        -6.0,
        0.0,
        6.0,
        12.0
    ],
    "flux": [
        [
            385.0,
            388.0,
            385.0,
            376.0,
            362.0
        ],
        [
            2167.0,
            2106.0,
            2204.0,
            2120.0,
            2115.0
        ],
        [
            4590.0,
            4582.0,
            4583.0,
            4529.0,
            4549.0
        ],
        [
            2173.0,
            2107.0,
            2188.0,
            2200.0,
            2039.0
        ],
        [
            363.0,
            351.0,
            342.0,
            344.0,
            353.0
        ]
    ],
    "sim_time": 0.7759461402893066
}