{
    "dni": 1000.0,
    "generated_rays": 103455710,
    "power_per_ray": 0.015053511189646077,
    "num_rays": 1836379.0,
    "avg_flux": 2707.3806447139377,
    "peak_flux": 5867.139633868382,
    "min_flux": 0.0,
    "radius": 0.0,
    "bin_size_x": 0.06807059529144252,
    "bin_size_y": 6.0,
    "xvalues": [
        -0.13614119058288504,
        -0.0680705952914425,
        2.7755575615628914e-17,
        0.06807059529144252,
        0.13614119058288507
    ],
    "yvalues": [
        -12.0,
        -6.0,
        0.0,
        6.0,
        12.0
    ],
    "flux": [
        [
            0.0,
            89381.0,
            109644.0,
            109789.0,
            109390.0
        ],
        [
            0.0,
            159184.0,
            153326.0,
            152961.0,
            152171.0
        ],
        [
            0.0,
            154755.0,
            104626.0,
            104419.0,
            103970.0
        ],
        [
            0.0,
            96166.0,
            45196.0,
            45656.0,
            45249.0
        ],
        [
            0.0,
            40343.0,
            20200.0,
            19882.0,
            20071.0
        ]
    ],
    "sim_time": 43.80770659446716
}