{
    "dni": 1000.0,
    "generated_rays": 103451822,
    "power_per_ray": 0.015054076941417036,
    "num_rays": 1837104.0,
    "avg_flux": 2708.5513058883403,
    "peak_flux": 5868.429047353883,
    "min_flux": 0.0,
    "radius": 0.0,
    "bin_size_x": 0.06807059529144252,
    "bin_size_y": 6.0,
    "xvalues": [
        -0.13614119058288504,
        -0.0680705952914425,
        2.7755575615628914e-17,
        0.06807059529144252,
        0.13614119058288507
    ],
    "yvalues": [
        -12.0,
        -6.0,
        0.0,
        6.0,
        12.0
    ],
    "flux": [
        [
            0.0,
            89335.0,
            109666.0,
            109729.0,
            109496.0
        ],
        [
            0.0,
            159213.0,
            153520.0,
            153179.0,
            152354.0
        ],
        [
            0.0,
            154825.0,
            104538.0,
            104190.0,
            104127.0
        ],
        [
            0.0,
            96052.0,
            45355.0,
            45562.0,
            45334.0
        ],
        [
            0.0,
            40453.0,
            20170.0,
            19905.0,
            20101.0
        ]
    ],
    "sim_time": 43.85482907295227
}