{
    "dni": 1000.0,
    "generated_rays": 5799840,
    "power_per_ray": 0.23707734965068947,
    "num_rays": 1439805.0,
    "avg_flux": 33430.50470396215,
    "peak_flux": 79770.41471652922,
    "min_flux": 6276.03420010416,
    "radius": 0.0,
    "bin_size_x": 0.06807059529144252,
    "bin_size_y": 6.0,
    "xvalues": [
        -0.13614119058288504,
        -0.0680705952914425,
        2.7755575615628914e-17,
        0.06807059529144252,
        0.13614119058288507
    ],
    "yvalues": [
        -12.0,
        -6.0,
        0.0,
        6.0,
        12.0
    ],
    "flux": [
        [
            10960.0,
            10812.0,
            11164.0,
            11167.0,
            10816.0
        ],
        [
            64897.0,
            64638.0,
            65324.0,
            64720.0,
            64370.0
        ],
        [
            135967.0,
            137279.0,
            137424.0,
            136135.0,
            136075.0
        ],
        [
            64524.0,
            65104.0,
            64367.0,
            64991.0,
            64560.0
        ],
        [
            11057.0,
            10928.0,
            10847.0,
            10817.0,
            10862.0
        ]
    ],
    "sim_time": 12.93220567703247
}