{
    "dni": 1000.0,
    "generated_rays": 3453149,
    "power_per_ray": 0.4510004312347308,
    "num_rays": 61247.0,
    "avg_flux": 2705.272204889532,
    "peak_flux": 5941.952150517811,
    "min_flux": 0.0,
    "radius": 0.0,
    "bin_size_x": 0.06807059529144252,
    "bin_size_y": 6.0,
    "xvalues": [
        -0.13614119058288504,
        -0.0680705952914425,
        2.7755575615628914e-17,
        0.06807059529144252,
        0.13614119058288507
    ],
    "yvalues": [
        -12.0,
        -6.0,
        0.0,
        6.0,
        12.0
    ],
    "flux": [
        [
            0.0,
            2988.0,
            3629.0,
            3621.0,
            3735.0
        ],
        [
            0.0,
            5381.0,
            5171.0,
            5073.0,
            5161.0
        ],
        [
            0.0,
            5065.0,
            3482.0,
            3406.0,
            3411.0
        ],
        [
            0.0,
            3266.0,
            1496.0,
            1515.0,
            1526.0
        ],
        [
            0.0,
            1311.0,
            661.0,
            625.0,
            724.0
        ]
    ],
    "sim_time": 5.802487373352051
}