{
    "dni": 1000.0,
    "generated_rays": 51702219,
    "power_per_ray": 0.030121950628807237,
    "num_rays": 918624.0,
    "avg_flux": 2710.0048761598964,
    "peak_flux": 5875.137663499253,
    "min_flux": 0.0,
    "radius": 0.0,
    "bin_size_x": 0.06807059529144252,
    "bin_size_y": 6.0,
    "xvalues": [
        -0.13614119058288504,
        -0.0680705952914425,
        2.7755575615628914e-17,
        0.06807059529144252,
        0.13614119058288507
    ],
    "yvalues": [
        -12.0,
        -6.0,
        0.0,
        6.0,
        12.0
    ],
    "flux": [
        [
            0.0,
            44490.0,
            54826.0,
            54903.0,
            54599.0
        ],
        [
            0.0,
            79661.0,
            76886.0,
            76722.0,
            76372.0
        ],
        [
            0.0,
            77351.0,
            52343.0,
            52065.0,
            51871.0
        ],
        [
            0.0,
            48141.0,
            22546.0,
            22760.0,
            22471.0
        ],
        [
            0.0,
            20330.0,
            10070.0,
            10011.0,
            10206.0
        ]
    ],
    "sim_time": 28.846673011779785
}