{
    "dni": 1000.0,
    "generated_rays": 11602400,
    "power_per_ray": 0.11851088529942552,
    "num_rays": 2878915.0,
    "avg_flux": 33414.60081660129,
    "peak_flux": 79409.89752631872,
    "min_flux": 6305.610710506932,
    "radius": 0.0,
    "bin_size_x": 0.06807059529144252,
    "bin_size_y": 6.0,
    "xvalues": [
        -0.13614119058288504,
        -0.0680705952914425,
        2.7755575615628914e-17,
        0.06807059529144252,
        0.13614119058288507
    ],
    "yvalues": [
        -12.0,
        -6.0,
        0.0,
        6.0,
        12.0
    ],
    "flux": [
        [
            22050.0,
            21810.0,
            21830.0,
            22050.0,
            21731.0
        ],
        [
            129306.0,
            130096.0,
            130253.0,
            130043.0,
            129290.0
        ],
        [
            271875.0,
            273670.0,
            273537.0,
            272765.0,
            272097.0
        ],
        [
            129061.0,
            129604.0,
            130000.0,
            130095.0,
            128481.0
        ],
        [
            21905.0,
            21754.0,
            21873.0,
            21882.0,
            21857.0
        ]
    ],
    "sim_time": 22.22662878036499
}