{
    "dni": 1000.0,
    "generated_rays": 19343228,
    "power_per_ray": 0.07108486213356192,
    "num_rays": 4797804.0,
    "avg_flux": 33401.71914403958,
    "peak_flux": 79417.0845675846,
    "min_flux": 6301.716603305601,
    "radius": 0.0,
    "bin_size_x": 0.06807059529144252,
    "bin_size_y": 6.0,
    "xvalues": [
        -0.13614119058288504,
        -0.0680705952914425,
        2.7755575615628914e-17,
        0.06807059529144252,
        0.13614119058288507
    ],
    "yvalues": [
        -12.0,
        -6.0,
        0.0,
        6.0,
        12.0
    ],
    "flux": [
        [
            36626.0,
            36296.0,
            36253.0,
            36853.0,
            36260.0
        ],
        [
            215864.0,
            216874.0,
            216490.0,
            216409.0,
            215722.0
        ],
        [
            453304.0,
            456110.0,
            456297.0,
            454174.0,
            453307.0
        ],
        [
            215752.0,
            215413.0,
            216340.0,
            216642.0,
            215114.0
        ],
        [
            36405.0,
            36267.0,
            36316.0,
            36509.0,
            36207.0
        ]
    ],
    "sim_time": 33.55898070335388
}