{
    "dni": 1000.0,
    "generated_rays": 11604299,
    "power_per_ray": 0.11849149143761763,
    "num_rays": 2879019.0,
    "avg_flux": 33410.33953810838,
    "peak_flux": 79413.72930403838,
    "min_flux": 6288.912387931232,
    "radius": 0.0,
    "bin_size_x": 0.06807059529144252,
    "bin_size_y": 6.0,
    "xvalues": [
        -0.13614119058288504,
        -0.0680705952914425,
        2.7755575615628914e-17,
        0.06807059529144252,
        0.13614119058288507
    ],
    "yvalues": [
        -12.0,
        -6.0,
        0.0,
        6.0,
        12.0
    ],
    "flux": [
        [
            22087.0,
            21792.0,
            21798.0,
            22098.0,
            21677.0
        ],
        [
            129491.0,
            129972.0,
            129947.0,
            130133.0,
            129232.0
        ],
        [
            272026.0,
            273728.0,
            273557.0,
            272957.0,
            271987.0
        ],
        [
            129069.0,
            129673.0,
            129895.0,
            129946.0,
            128747.0
        ],
        [
            21853.0,
            21752.0,
            21812.0,
            21915.0,
            21875.0
        ]
    ],
    "sim_time": 22.30694341659546
}