{
    "dni": 1000.0,
    "generated_rays": 1725254,
    "power_per_ray": 0.9026912490090035,
    "num_rays": 30679.0,
    "avg_flux": 2712.2494139872974,
    "peak_flux": 6042.643092865862,
    "min_flux": 0.0,
    "radius": 0.0,
    "bin_size_x": 0.06807059529144252,
    "bin_size_y": 6.0,
    "xvalues": [
        -0.13614119058288504,
        -0.0680705952914425,
        2.7755575615628914e-17,
        0.06807059529144252,
        0.13614119058288507
    ],
    "yvalues": [
        -12.0,
        -6.0,
        0.0,
        6.0,
        12.0
    ],
    "flux": [
        [
            0.0,
            1468.0,
            1849.0,
            1814.0,
            1876.0
        ],
        [
            0.0,
            2734.0,
            2507.0,
            2533.0,
            2500.0
        ],
        [
            0.0,
            2606.0,
            1782.0,
            1791.0,
            1750.0
        ],
        [
            0.0,
            1591.0,
            756.0,
            747.0,
            760.0
        ],
        [
            0.0,
            619.0,
            348.0,
            338.0,
            310.0
        ]
    ],
    "sim_time": 2.833982467651367
}