{
    "dni": 1000.0,
    "generated_rays": 3869913,
    "power_per_ray": 0.35530790888530434,
    "num_rays": 959691.0,
    "avg_flux": 33395.31074821412,
    "peak_flux": 79735.22744892798,
    "min_flux": 6186.211362056918,
    "radius": 0.0,
    "bin_size_x": 0.06807059529144252,
    "bin_size_y": 6.0,
    "xvalues": [
        -0.13614119058288504,
        -0.0680705952914425,
        2.7755575615628914e-17,
        0.06807059529144252,
        0.13614119058288507
    ],
    "yvalues": [
        -12.0,
        -6.0,
        0.0,
        6.0,
        12.0
    ],
    "flux": [
        [
            7257.0,
            7111.0,
            7438.0,
            7336.0,
            7181.0
        ],
        [
            42984.0,
            43046.0,
            43367.0,
            43073.0,
            42914.0
        ],
        [
            90617.0,
            91655.0,
            91153.0,
            91294.0,
            91048.0
        ],
        [
            42954.0,
            43218.0,
            43102.0,
            43402.0,
            43260.0
        ],
        [
            7209.0,
            7334.0,
            7298.0,
            7207.0,
            7233.0
        ]
    ],
    "sim_time": 9.73270583152771
}