{
    "dni": 1000.0,
    "generated_rays": 17248631,
    "power_per_ray": 0.0902895822930979,
    "num_rays": 306727.0,
    "avg_flux": 2712.306989475931,
    "peak_flux": 5883.516793265056,
    "min_flux": 0.0,
    "radius": 0.0,
    "bin_size_x": 0.06807059529144252,
    "bin_size_y": 6.0,
    "xvalues": [
        -0.13614119058288504,
        -0.0680705952914425,
        2.7755575615628914e-17,
        0.06807059529144252,
        0.13614119058288507
    ],
    "yvalues": [
        -12.0,
        -6.0,
        0.0,
        6.0,
        12.0
    ],
    "flux": [
        [
            0.0,
            14787.0,
            18480.0,
            18226.0,
            18227.0
        ],
        [
            0.0,
            26614.0,
            25663.0,
            25751.0,
            25421.0
        ],
        [
            0.0,
            25757.0,
            17526.0,
            17393.0,
            17339.0
        ],
        [
            0.0,
            16179.0,
            7552.0,
            7566.0,
            7512.0
        ],
        [
            0.0,
            6852.0,
            3285.0,
            3268.0,
            3329.0
        ]
    ],
    "sim_time": 28.699649572372437
}