{
    "dni": 1000.0,
    "generated_rays": 34456367,
    "power_per_ray": 0.04519837184569631,
    "num_rays": 612418.0,
    "avg_flux": 2710.940151714081,
    "peak_flux": 5867.149317272901,
    "min_flux": 0.0,
    "radius": 0.0,
    "bin_size_x": 0.06807059529144252,
    "bin_size_y": 6.0,
    "xvalues": [
        -0.13614119058288504,
        -0.0680705952914425,
        2.7755575615628914e-17,
        0.06807059529144252,
        0.13614119058288507
    ],
    "yvalues": [
        -12.0,
        -6.0,
        0.0,
        6.0,
        12.0
    ],
    "flux": [
        [
            0.0,
            29908.0,
            36606.0,
            36531.0,
            36212.0
        ],
        [
            0.0,
            53017.0,
            51274.0,
            51010.0,
            50892.0
        ],
        [
            0.0,
            51762.0,
            34598.0,
            34894.0,
            34679.0
        ],
        [
            0.0,
            31980.0,
            15050.0,
            15232.0,
            14944.0
        ],
        [
            0.0,
            13508.0,
            6746.0,
            6700.0,
            6875.0
        ]
    ],
    "sim_time": 20.42634677886963
}