{
    "dni": 1000.0,
    "generated_rays": 11607276,
    "power_per_ray": 0.11846110108849439,
    "num_rays": 2879003.0,
    "avg_flux": 33401.5849238948,
    "peak_flux": 79419.46552930847,
    "min_flux": 6282.948755362612,
    "radius": 0.0,
    "bin_size_x": 0.06807059529144252,
    "bin_size_y": 6.0,
    "xvalues": [
        -0.13614119058288504,
        -0.0680705952914425,
        2.7755575615628914e-17,
        0.06807059529144252,
        0.13614119058288507
    ],
    "yvalues": [
        -12.0,
        -6.0,
        0.0,
        6.0,
        12.0
    ],
    "flux": [
        [
            22001.0,
            21799.0,
            21786.0,
            22163.0,
            21662.0
        ],
        [
            129440.0,
            129916.0,
            130312.0,
            130166.0,
            129280.0
        ],
        [
            272464.0,
            273406.0,
            273818.0,
            272747.0,
            272018.0
        ],
        [
            129014.0,
            129309.0,
            129962.0,
            130022.0,
            128567.0
        ],
        [
            21840.0,
            21802.0,
            21872.0,
            21813.0,
            21824.0
        ]
    ],
    "sim_time": 22.16436743736267
}