{
    "dni": 1000.0,
    "generated_rays": 17229335,
    "power_per_ray": 0.09039070214362768,
    "num_rays": 306097.0,
    "avg_flux": 2709.7674735664036,
    "peak_flux": 5877.269707644098,
    "min_flux": 0.0,
    "radius": 0.0,
    "bin_size_x": 0.06807059529144252,
    "bin_size_y": 6.0,
    "xvalues": [
        -0.13614119058288504,
        -0.0680705952914425,
        2.7755575615628914e-17,
        0.06807059529144252,
        0.13614119058288507
    ],
    "yvalues": [
        -12.0,
        -6.0,
        0.0,
        6.0,
        12.0
    ],
    "flux": [
        [
            0.0,
            14811.0,
            18110.0,
            18261.0,
            18165.0
        ],
        [
            0.0,
            26556.0,
            25413.0,
            25743.0,
            25443.0
        ],
        [
            0.0,
            26108.0,
            17409.0,
            17313.0,
            17412.0
        ],
        [
            0.0,
            15942.0,
            7590.0,
            7408.0,
            7508.0
        ],
        [
            0.0,
            6746.0,
            3358.0,
            3420.0,
            3381.0
        ]
    ],
    "sim_time": 28.60237216949463
}