{
    "dni": 1000.0,
    "generated_rays": 34478698,
    "power_per_ray": 0.0451690979780553,
    "num_rays": 612620.0,
    "avg_flux": 2710.077940393249,
    "peak_flux": 5875.072248192621,
    "min_flux": 0.0,
    "radius": 0.0,
    "bin_size_x": 0.06807059529144252,
    "bin_size_y": 6.0,
    "xvalues": [
        -0.13614119058288504,
        -0.0680705952914425,
        2.7755575615628914e-17,
        0.06807059529144252,
        0.13614119058288507
    ],
    "yvalues": [
        -12.0,
        -6.0,
        0.0,
        6.0,
        12.0
    ],
    "flux": [
        [
            0.0,
            29839.0,
            36750.0,
            36644.0,
            36177.0
        ],
        [
            0.0,
            53123.0,
            51285.0,
            51317.0,
            50888.0
        ],
        [
            0.0,
            51573.0,
            34607.0,
            34656.0,
            34662.0
        ],
        [
            0.0,
            31986.0,
            15133.0,
            15173.0,
            14918.0
        ],
        [
            0.0,
            13536.0,
            6799.0,
            6724.0,
            6830.0
        ]
    ],
    "sim_time": 20.62902069091797
}