{
    "dni": 1000.0,
    "generated_rays": 193311,
    "power_per_ray": 7.112945955471002,
    "num_rays": 48020.0,
    "avg_flux": 33451.90516985309,
    "peak_flux": 80129.22515956585,
    "min_flux": 5607.826668415605,
    "radius": 0.0,
    "bin_size_x": 0.06807059529144252,
    "bin_size_y": 6.0,
    "xvalues": [
        -0.13614119058288504,
        -0.0680705952914425,
        2.7755575615628914e-17,
        0.06807059529144252,
        0.13614119058288507
    ],
    "yvalues": [
        -12.0,
        -6.0,
        0.0,
        6.0,
        12.0
    ],
    "flux": [
        [
            378.0,
            350.0,
            350.0,
            391.0,
            354.0
        ],
        [
            2119.0,
            2157.0,
            2133.0,
            2175.0,
            2217.0
        ],
        [
            4497.0,
            4601.0,
            4596.0,
            4533.0,
            4553.0
        ],
        [
            2073.0,
            2207.0,
            2119.0,
            2222.0,
            2160.0
        ],
        [
            391.0,
            322.0,
            353.0,
            375.0,
            394.0
        ]
    ],
    "sim_time": 0.7102046012878418
}