{
    "dni": 1000.0,
    "generated_rays": 19339876,
    "power_per_ray": 0.07109718260851594,
    "num_rays": 4797859.0,
    "avg_flux": 33407.89132149642,
    "peak_flux": 79373.40375253191,
    "min_flux": 6315.342370693724,
    "radius": 0.0,
    "bin_size_x": 0.06807059529144252,
    "bin_size_y": 6.0,
    "xvalues": [
        -0.13614119058288504,
        -0.0680705952914425,
        2.7755575615628914e-17,
        0.06807059529144252,
        0.13614119058288507
    ],
    "yvalues": [
        -12.0,
        -6.0,
        0.0,
        6.0,
        12.0
    ],
    "flux": [
        [
            36561.0,
            36279.0,
            36320.0,
            36764.0,
            36299.0
        ],
        [
            215639.0,
            217124.0,
            216876.0,
            216496.0,
            215596.0
        ],
        [
            453689.0,
            455351.0,
            455967.0,
            454344.0,
            453224.0
        ],
        [
            215445.0,
            215780.0,
            216371.0,
            216694.0,
            215169.0
        ],
        [
            36347.0,
            36298.0,
            36394.0,
            36432.0,
            36400.0
        ]
    ],
    "sim_time": 34.107606172561646
}