{
    "dni": 1000.0,
    "generated_rays": 193237,
    "power_per_ray": 7.115669854106899,
    "num_rays": 47996.0,
    "avg_flux": 33447.990169175566,
    "peak_flux": 80717.42356331277,
    "min_flux": 6184.909424773588,
    "radius": 0.0,
    "bin_size_x": 0.06807059529144252,
    "bin_size_y": 6.0,
    "xvalues": [
        -0.13614119058288504,
        -0.0680705952914425,
        2.7755575615628914e-17,
        0.06807059529144252,
        0.13614119058288507
    ],
    "yvalues": [
        -12.0,
        -6.0,
        0.0,
        6.0,
        12.0
    ],
    "flux": [
        [
            383.0,
            365.0,
            376.0,
            375.0,
            366.0
        ],
        [
            2139.0,
            2148.0,
            2120.0,
            2161.0,
            2228.0
        ],
        [
            4496.0,
            4513.0,
            4606.0,
            4633.0,
            4538.0
        ],
        [
            2112.0,
            2148.0,
            2108.0,
            2166.0,
            2100.0
        ],
        [
            393.0,
            367.0,
            383.0,
            355.0,
            417.0
        ]
    ],
    "sim_time": 0.7741146087646484
}