{
    "dni": 1000.0,
    "generated_rays": 1940785,
    "power_per_ray": 0.7084817203338106,
    "num_rays": 479896.0,
    "avg_flux": 33298.52311957643,
    "peak_flux": 79154.90587905463,
    "min_flux": 6106.052216569268,
    "radius": 0.0,
    "bin_size_x": 0.06807059529144252,
    "bin_size_y": 6.0,
    "xvalues": [
        -0.13614119058288504,
        -0.0680705952914425,
        2.7755575615628914e-17,
        0.06807059529144252,
        0.13614119058288507
    ],
    "yvalues": [
        -12.0,
        -6.0,
        0.0,
        6.0,
        12.0
    ],
    "flux": [
        [
            3581.0,
            3644.0,
            3686.0,
            3621.0,
            3547.0
        ],
        [
            21483.0,
            21630.0,
            21607.0,
            21392.0,
            21678.0
        ],
        [
            45503.0,
            45548.0,
            45631.0,
            45579.0,
            45341.0
        ],
        [
            21482.0,
            21707.0,
            21805.0,
            21742.0,
            21586.0
        ],
        [
            3520.0,
            3741.0,
            3655.0,
            3544.0,
            3643.0
        ]
    ],
    "sim_time": 7.833233594894409
}