{
    "dni": 1000.0,
    "generated_rays": 34454915,
    "power_per_ray": 0.04520027659675781,
    "num_rays": 612590.0,
    "avg_flux": 2711.8158065027537,
    "peak_flux": 5882.337034037218,
    "min_flux": 0.0,
    "radius": 0.0,
    "bin_size_x": 0.06807059529144252,
    "bin_size_y": 6.0,
    "xvalues": [
        -0.13614119058288504,
        -0.0680705952914425,
        2.7755575615628914e-17,
        0.06807059529144252,
        0.13614119058288507
    ],
    "yvalues": [
        -12.0,
        -6.0,
        0.0,
        6.0,
        12.0
    ],
    "flux": [
        [
            0.0,
            29819.0,
            36686.0,
            36628.0,
            36270.0
        ],
        [
            0.0,
            53152.0,
            51168.0,
            51067.0,
            50964.0
        ],
        [
            0.0,
            51706.0,
            34772.0,
            34640.0,
            34642.0
        ],
        [
            0.0,
            32004.0,
            15105.0,
            15268.0,
            14872.0
        ],
        [
            0.0,
            13505.0,
            6764.0,
            6729.0,
            6829.0
        ]
    ],
    "sim_time": 20.33364224433899
}