{
    "dni": 1000.0,
    "generated_rays": 11601881,
    "power_per_ray": 0.11851618678023458,
    "num_rays": 2878941.0,
    "avg_flux": 33416.39737632492,
    "peak_flux": 79521.396668105,
    "min_flux": 6297.47757822237,
    "radius": 0.0,
    "bin_size_x": 0.06807059529144252,
    "bin_size_y": 6.0,
    "xvalues": [
        -0.13614119058288504,
        -0.0680705952914425,
        2.7755575615628914e-17,
        0.06807059529144252,
        0.13614119058288507
    ],
    "yvalues": [
        -12.0,
        -6.0,
        0.0,
        6.0,
        12.0
    ],
    "flux": [
        [
            22004.0,
            21751.0,
            21822.0,
            22107.0,
            21702.0
        ],
        [
            129358.0,
            129928.0,
            130342.0,
            130082.0,
            129169.0
        ],
        [
            272075.0,
            273326.0,
            274042.0,
            272757.0,
            271939.0
        ],
        [
            129072.0,
            129511.0,
            129832.0,
            130128.0,
            128736.0
        ],
        [
            21883.0,
            21723.0,
            21922.0,
            21923.0,
            21807.0
        ]
    ],
    "sim_time": 22.01492476463318
}