{
    "dni": 1000.0,
    "generated_rays": 172441082,
    "power_per_ray": 0.009031326352485885,
    "num_rays": 3060890.0,
    "avg_flux": 2707.3752281930138,
    "peak_flux": 5863.3231950672425,
    "min_flux": 0.0,
    "radius": 0.0,
    "bin_size_x": 0.06807059529144252,
    "bin_size_y": 6.0,
    "xvalues": [
        -0.13614119058288504,
        -0.0680705952914425,
        2.7755575615628914e-17,
        0.06807059529144252,
        0.13614119058288507
    ],
    "yvalues": [
        -12.0,
        -6.0,
        0.0,
        6.0,
        12.0
    ],
    "flux": [
        [
            0.0,
            148941.0,
            182443.0,
            183361.0,
            182438.0
        ],
        [
            0.0,
            265157.0,
            255939.0,
            255283.0,
            253925.0
        ],
        [
            0.0,
            258131.0,
            173706.0,
            173306.0,
            173961.0
        ],
        [
            0.0,
            160020.0,
            75353.0,
            75821.0,
            75499.0
        ],
        [
            0.0,
            67280.0,
            33421.0,
            33514.0,
            33391.0
        ]
    ],
    "sim_time": 71.16577863693237
}