{
    "dni": 1000.0,
    "generated_rays": 17231324,
    "power_per_ray": 0.09038026840640798,
    "num_rays": 305577.0,
    "avg_flux": 2704.8518439402114,
    "peak_flux": 5841.406104229848,
    "min_flux": 0.0,
    "radius": 0.0,
    "bin_size_x": 0.06807059529144252,
    "bin_size_y": 6.0,
    "xvalues": [
        -0.13614119058288504,
        -0.0680705952914425,
        2.7755575615628914e-17,
        0.06807059529144252,
        0.13614119058288507
    ],
    "yvalues": [
        -12.0,
        -6.0,
        0.0,
        6.0,
        12.0
    ],
    "flux": [
        [
            0.0,
            14909.0,
            18204.0,
            18168.0,
            18237.0
        ],
        [
            0.0,
            26397.0,
            25450.0,
            25355.0,
            25566.0
        ],
        [
            0.0,
            25748.0,
            17489.0,
            17370.0,
            17339.0
        ],
        [
            0.0,
            16055.0,
            7478.0,
            7514.0,
            7693.0
        ],
        [
            0.0,
            6650.0,
            3302.0,
            3331.0,
            3322.0
        ]
    ],
    "sim_time": 28.572206258773804
}