{
    "dni": 1000.0,
    "generated_rays": 1932894,
    "power_per_ray": 0.7113740823853014,
    "num_rays": 479896.0,
    "avg_flux": 33434.46365534124,
    "peak_flux": 79350.90598848689,
    "min_flux": 6235.485390903531,
    "radius": 0.0,
    "bin_size_x": 0.06807059529144252,
    "bin_size_y": 6.0,
    "xvalues": [
        -0.13614119058288504,
        -0.0680705952914425,
        2.7755575615628914e-17,
        0.06807059529144252,
        0.13614119058288507
    ],
    "yvalues": [
        -12.0,
        -6.0,
        0.0,
        6.0,
        12.0
    ],
    "flux": [
        [
            3608.0,
            3687.0,
            3760.0,
            3785.0,
            3626.0
        ],
        [
            21508.0,
            21525.0,
            21764.0,
            21234.0,
            21551.0
        ],
        [
            45405.0,
            45485.0,
            45558.0,
            45543.0,
            45415.0
        ],
        [
            21682.0,
            21516.0,
            21859.0,
            21555.0,
            21546.0
        ],
        [
            3629.0,
            3767.0,
            3580.0,
            3673.0,
            3635.0
        ]
    ],
    "sim_time": 7.658959150314331
}