{
    "dni": 1000.0,
    "generated_rays": 51653275,
    "power_per_ray": 0.03015049264771265,
    "num_rays": 918571.0,
    "avg_flux": 2712.4162362446455,
    "peak_flux": 5863.65184740516,
    "min_flux": 0.0,
    "radius": 0.0,
    "bin_size_x": 0.06807059529144252,
    "bin_size_y": 6.0,
    "xvalues": [
        -0.13614119058288504,
        -0.0680705952914425,
        2.7755575615628914e-17,
        0.06807059529144252,
        0.13614119058288507
    ],
    "yvalues": [
        -12.0,
        -6.0,
        0.0,
        6.0,
        12.0
    ],
    "flux": [
        [
            0.0,
            44859.0,
            54604.0,
            54711.0,
            54451.0
        ],
        [
            0.0,
            79430.0,
            76983.0,
            76749.0,
            76287.0
        ],
        [
            0.0,
            77324.0,
            52391.0,
            52145.0,
            51785.0
        ],
        [
            0.0,
            48264.0,
            22663.0,
            22870.0,
            22508.0
        ],
        [
            0.0,
            20357.0,
            10060.0,
            10000.0,
            10130.0
        ]
    ],
    "sim_time": 28.866976737976074
}