{
    "dni": 1000.0,
    "generated_rays": 193195,
    "power_per_ray": 7.117216778892077,
    "num_rays": 48060.0,
    "avg_flux": 33499.87239267902,
    "peak_flux": 80978.93623011828,
    "min_flux": 5733.176246978463,
    "radius": 0.0,
    "bin_size_x": 0.06807059529144252,
    "bin_size_y": 6.0,
    "xvalues": [
        -0.13614119058288504,
        -0.0680705952914425,
        2.7755575615628914e-17,
        0.06807059529144252,
        0.13614119058288507
    ],
    "yvalues": [
        -12.0,
        -6.0,
        0.0,
        6.0,
        12.0
    ],
    "flux": [
        [
            387.0,
            382.0,
            337.0,
            362.0,
            366.0
        ],
        [
            2207.0,
            2195.0,
            2068.0,
            2159.0,
            2077.0
        ],
        [
            4647.0,
            4589.0,
            4564.0,
            4415.0,
            4632.0
        ],
        [
            2149.0,
            2170.0,
            2223.0,
            2083.0,
            2190.0
        ],
        [
            329.0,
            412.0,
            376.0,
            340.0,
            401.0
        ]
    ],
    "sim_time": 0.7826390266418457
}