{
    "dni": 1000.0,
    "generated_rays": 19339354,
    "power_per_ray": 0.0710991016348351,
    "num_rays": 4797613.0,
    "avg_flux": 33407.08008905261,
    "peak_flux": 79400.78802509686,
    "min_flux": 6300.541798927305,
    "radius": 0.0,
    "bin_size_x": 0.06807059529144252,
    "bin_size_y": 6.0,
    "xvalues": [
        -0.13614119058288504,
        -0.0680705952914425,
        2.7755575615628914e-17,
        0.06807059529144252,
        0.13614119058288507
    ],
    "yvalues": [
        -12.0,
        -6.0,
        0.0,
        6.0,
        12.0
    ],
    "flux": [
        [
            36541.0,
            36414.0,
            36193.0,
            36839.0,
            36343.0
        ],
        [
            215734.0,
            216611.0,
            216534.0,
            216280.0,
            215477.0
        ],
        [
            453748.0,
            455914.0,
            456112.0,
            454539.0,
            453058.0
        ],
        [
            215656.0,
            215827.0,
            216115.0,
            216509.0,
            215328.0
        ],
        [
            36355.0,
            36359.0,
            36356.0,
            36425.0,
            36346.0
        ]
    ],
    "sim_time": 33.29754424095154
}