{
    "dni": 1000.0,
    "generated_rays": 172439381,
    "power_per_ray": 0.009031415440523875,
    "num_rays": 3061023.0,
    "avg_flux": 2707.519575095606,
    "peak_flux": 5862.938775550883,
    "min_flux": 0.0,
    "radius": 0.0,
    "bin_size_x": 0.06807059529144252,
    "bin_size_y": 6.0,
    "xvalues": [
        -0.13614119058288504,
        -0.0680705952914425,
        2.7755575615628914e-17,
        0.06807059529144252,
        0.13614119058288507
    ],
    "yvalues": [
        -12.0,
        -6.0,
        0.0,
        6.0,
        12.0
    ],
    "flux": [
        [
            0.0,
            148710.0,
            182452.0,
            183282.0,
            182179.0
        ],
        [
            0.0,
            265137.0,
            256112.0,
            255451.0,
            254241.0
        ],
        [
            0.0,
            258064.0,
            173878.0,
            173546.0,
            173641.0
        ],
        [
            0.0,
            160002.0,
            75345.0,
            75998.0,
            75511.0
        ],
        [
            0.0,
            67257.0,
            33364.0,
            33443.0,
            33410.0
        ]
    ],
    "sim_time": 72.58706641197205
}