{
    "dni": 1000.0,
    "generated_rays": 17277067,
    "power_per_ray": 0.09014097636582526,
    "num_rays": 305838.0,
    "avg_flux": 2699.994597445713,
    "peak_flux": 5824.1746800589635,
    "min_flux": 0.0,
    "radius": 0.0,
    "bin_size_x": 0.06807059529144252,
    "bin_size_y": 6.0,
    "xvalues": [
        -0.13614119058288504,
        -0.0680705952914425,
        2.7755575615628914e-17,
        0.06807059529144252,
        0.13614119058288507
    ],
    "yvalues": [
        -12.0,
        -6.0,
        0.0,
        6.0,
        12.0
    ],
    "flux": [
        [
            0.0,
            14829.0,
            18354.0,
            18210.0,
            18192.0
        ],
        [
            0.0,
            26389.0,
            25471.0,
            25503.0,
            25555.0
        ],
        [
            0.0,
            26098.0,
            17240.0,
            17436.0,
            17114.0
        ],
        [
            0.0,
            16017.0,
            7488.0,
            7500.0,
            7669.0
        ],
        [
            0.0,
            6662.0,
            3425.0,
            3348.0,
            3338.0
        ]
    ],
    "sim_time": 29.034462451934814
}