{
    "dni": 1000.0,
    "generated_rays": 17232146,
    "power_per_ray": 0.09037595712790383,
    "num_rays": 306129.0,
    "avg_flux": 2709.6086801409424,
    "peak_flux": 5846.216899519786,
    "min_flux": 0.0,
    "radius": 0.0,
    "bin_size_x": 0.06807059529144252,
    "bin_size_y": 6.0,
    "xvalues": [
        -0.13614119058288504,
        -0.0680705952914425,
        2.7755575615628914e-17,
        0.06807059529144252,
        0.13614119058288507
    ],
    "yvalues": [
        -12.0,
        -6.0,
        0.0,
        6.0,
        12.0
    ],
    "flux": [
        [
            0.0,
            14771.0,
            18246.0,
            18607.0,
            18229.0
        ],
        [
            0.0,
            26420.0,
            25441.0,
            25867.0,
            25428.0
        ],
        [
            0.0,
            25618.0,
            17365.0,
            17369.0,
            17365.0
        ],
        [
            0.0,
            15941.0,
            7487.0,
            7662.0,
            7491.0
        ],
        [
            0.0,
            6781.0,
            3370.0,
            3388.0,
            3283.0
        ]
    ],
    "sim_time": 28.635249376296997
}