{
    "dni": 1000.0,
    "generated_rays": 103448785,
    "power_per_ray": 0.015054518891814722,
    "num_rays": 1837108.0,
    "avg_flux": 2708.636719853575,
    "peak_flux": 5861.266177203469,
    "min_flux": 0.0,
    "radius": 0.0,
    "bin_size_x": 0.06807059529144252,
    "bin_size_y": 6.0,
    "xvalues": [
        -0.13614119058288504,
        -0.0680705952914425,
        2.7755575615628914e-17,
        0.06807059529144252,
        0.13614119058288507
    ],
    "yvalues": [
        -12.0,
        -6.0,
        0.0,
        6.0,
        12.0
    ],
    "flux": [
        [
            0.0,
            89399.0,
            109576.0,
            109870.0,
            109492.0
        ],
        [
            0.0,
            159014.0,
            153415.0,
            153053.0,
            152454.0
        ],
        [
            0.0,
            154833.0,
            104559.0,
            104304.0,
            104166.0
        ],
        [
            0.0,
            96043.0,
            45294.0,
            45742.0,
            45240.0
        ],
        [
            0.0,
            40395.0,
            20169.0,
            20051.0,
            20039.0
        ]
    ],
    "sim_time": 43.793128490448
}