{
    "dni": 1000.0,
    "generated_rays": 11602914,
    "power_per_ray": 0.11850563536005307,
    "num_rays": 2879293.0,
    "avg_flux": 33417.50770082744,
    "peak_flux": 79445.84064154602,
    "min_flux": 6290.533535089507,
    "radius": 0.0,
    "bin_size_x": 0.06807059529144252,
    "bin_size_y": 6.0,
    "xvalues": [
        -0.13614119058288504,
        -0.0680705952914425,
        2.7755575615628914e-17,
        0.06807059529144252,
        0.13614119058288507
    ],
    "yvalues": [
        -12.0,
        -6.0,
        0.0,
        6.0,
        12.0
    ],
    "flux": [
        [
            22072.0,
            21799.0,
            21802.0,
            22119.0,
            21680.0
        ],
        [
            129501.0,
            129889.0,
            130282.0,
            130009.0,
            129126.0
        ],
        [
            272404.0,
            273806.0,
            273752.0,
            272834.0,
            271875.0
        ],
        [
            129129.0,
            129470.0,
            129879.0,
            130009.0,
            128642.0
        ],
        [
            21927.0,
            21835.0,
            21843.0,
            21864.0,
            21745.0
        ]
    ],
    "sim_time": 23.626085996627808
}