{
    "dni": 1000.0,
    "generated_rays": 11603022,
    "power_per_ray": 0.11850453231908505,
    "num_rays": 2879121.0,
    "avg_flux": 33415.2004140471,
    "peak_flux": 79461.34962538713,
    "min_flux": 6294.82724920863,
    "radius": 0.0,
    "bin_size_x": 0.06807059529144252,
    "bin_size_y": 6.0,
    "xvalues": [
        -0.13614119058288504,
        -0.0680705952914425,
        2.7755575615628914e-17,
        0.06807059529144252,
        0.13614119058288507
    ],
    "yvalues": [
        -12.0,
        -6.0,
        0.0,
        6.0,
        12.0
    ],
    "flux": [
        [
            22039.0,
            21695.0,
            21805.0,
            22105.0,
            21805.0
        ],
        [
            129352.0,
            130059.0,
            130260.0,
            130306.0,
            129446.0
        ],
        [
            272095.0,
            273595.0,
            273862.0,
            272952.0,
            271958.0
        ],
        [
            129117.0,
            129362.0,
            129775.0,
            129838.0,
            128626.0
        ],
        [
            21844.0,
            21769.0,
            21802.0,
            21875.0,
            21779.0
        ]
    ],
    "sim_time": 22.13907742500305
}