{
    "dni": 1000.0,
    "generated_rays": 34454153,
    "power_per_ray": 0.04520127626175514,
    "num_rays": 612652.0,
    "avg_flux": 2712.1502498743084,
    "peak_flux": 5896.411870556342,
    "min_flux": 0.0,
    "radius": 0.0,
    "bin_size_x": 0.06807059529144252,
    "bin_size_y": 6.0,
    "xvalues": [
        -0.13614119058288504,
        -0.0680705952914425,
        2.7755575615628914e-17,
        0.06807059529144252,
        0.13614119058288507
    ],
    "yvalues": [
        -12.0,
        -6.0,
        0.0,
        6.0,
        12.0
    ],
    "flux": [
        [
            0.0,
            29804.0,
            36568.0,
            36627.0,
            36356.0
        ],
        [
            0.0,
            53278.0,
            51322.0,
            51200.0,
            50874.0
        ],
        [
            0.0,
            51621.0,
            34633.0,
            34645.0,
            34711.0
        ],
        [
            0.0,
            32036.0,
            15139.0,
            15204.0,
            14860.0
        ],
        [
            0.0,
            13408.0,
            6769.0,
            6736.0,
            6861.0
        ]
    ],
    "sim_time": 20.084466695785522
}