{
    "dni": 1000.0,
    "generated_rays": 3448259,
    "power_per_ray": 0.4516399980737466,
    "num_rays": 61284.0,
    "avg_flux": 2710.745173051352,
    "peak_flux": 5913.886652910478,
    "min_flux": 0.0,
    "radius": 0.0,
    "bin_size_x": 0.06807059529144252,
    "bin_size_y": 6.0,
    "xvalues": [
        -0.13614119058288504,
        -0.0680705952914425,
        2.7755575615628914e-17,
        0.06807059529144252,
        0.13614119058288507
    ],
    "yvalues": [
        -12.0,
        -6.0,
        0.0,
        6.0,
        12.0
    ],
    "flux": [
        [
            0.0,
            2881.0,
            3652.0,
            3605.0,
            3676.0
        ],
        [
            0.0,
            5348.0,
            5024.0,
            5174.0,
            5190.0
        ],
        [
            0.0,
            5323.0,
            3411.0,
            3521.0,
            3420.0
        ],
        [
            0.0,
            3189.0,
            1495.0,
            1514.0,
            1437.0
        ],
        [
            0.0,
            1393.0,
            667.0,
            704.0,
            660.0
        ]
    ],
    "sim_time": 5.942040920257568
}