{
    "dni": 1000.0,
    "generated_rays": 103455626,
    "power_per_ray": 0.015053523412228731,
    "num_rays": 1836686.0,
    "avg_flux": 2707.835454602777,
    "peak_flux": 5868.102695933167,
    "min_flux": 0.0,
    "radius": 0.0,
    "bin_size_x": 0.06807059529144252,
    "bin_size_y": 6.0,
    "xvalues": [
        -0.13614119058288504,
        -0.0680705952914425,
        2.7755575615628914e-17,
        0.06807059529144252,
        0.13614119058288507
    ],
    "yvalues": [
        -12.0,
        -6.0,
        0.0,
        6.0,
        12.0
    ],
    "flux": [
        [
            0.0,
            89341.0,
            109649.0,
            109760.0,
            109348.0
        ],
        [
            0.0,
            159210.0,
            153395.0,
            152974.0,
            152282.0
        ],
        [
            0.0,
            155038.0,
            104593.0,
            104226.0,
            104167.0
        ],
        [
            0.0,
            96054.0,
            45186.0,
            45538.0,
            45306.0
        ],
        [
            0.0,
            40414.0,
            20114.0,
            19986.0,
            20105.0
        ]
    ],
    "sim_time": 44.04932618141174
}