{
    "dni": 1000.0,
    "generated_rays": 1934198,
    "power_per_ray": 0.7108944873265585,
    "num_rays": 479591.0,
    "avg_flux": 33390.68767375121,
    "peak_flux": 79431.43386717205,
    "min_flux": 6119.884331696656,
    "radius": 0.0,
    "bin_size_x": 0.06807059529144252,
    "bin_size_y": 6.0,
    "xvalues": [
        -0.13614119058288504,
        -0.0680705952914425,
        2.7755575615628914e-17,
        0.06807059529144252,
        0.13614119058288507
    ],
    "yvalues": [
        -12.0,
        -6.0,
        0.0,
        6.0,
        12.0
    ],
    "flux": [
        [
            3516.0,
            3617.0,
            3560.0,
            3675.0,
            3722.0
        ],
        [
            21777.0,
            21546.0,
            21804.0,
            21252.0,
            21741.0
        ],
        [
            45420.0,
            45345.0,
            45317.0,
            45635.0,
            45215.0
        ],
        [
            21716.0,
            21540.0,
            21659.0,
            21550.0,
            21659.0
        ],
        [
            3687.0,
            3660.0,
            3612.0,
            3694.0,
            3672.0
        ]
    ],
    "sim_time": 7.613858222961426
}