{
    "dni": 1000.0,
    "generated_rays": 11602380,
    "power_per_ray": 0.11851108958662401,
    "num_rays": 2878926.0,
    "avg_flux": 33414.78608969484,
    "peak_flux": 79525.8110908076,
    "min_flux": 6286.760717532584,
    "radius": 0.0,
    "bin_size_x": 0.06807059529144252,
    "bin_size_y": 6.0,
    "xvalues": [
        -0.13614119058288504,
        -0.0680705952914425,
        2.7755575615628914e-17,
        0.06807059529144252,
        0.13614119058288507
    ],
    "yvalues": [
        -12.0,
        -6.0,
        0.0,
        6.0,
        12.0
    ],
    "flux": [
        [
            22033.0,
            21749.0,
            21744.0,
            22026.0,
            21666.0
        ],
        [
            129190.0,
            130102.0,
            130107.0,
            130216.0,
            129462.0
        ],
        [
            271946.0,
            273489.0,
            274069.0,
            272956.0,
            271767.0
        ],
        [
            129089.0,
            129712.0,
            129831.0,
            129947.0,
            128480.0
        ],
        [
            21957.0,
            21763.0,
            21886.0,
            21917.0,
            21822.0
        ]
    ],
    "sim_time": 22.153533697128296
}