{
    "dni": 1000.0,
    "generated_rays": 387105,
    "power_per_ray": 3.552035482874297,
    "num_rays": 95805.0,
    "avg_flux": 33328.415201872354,
    "peak_flux": 79342.18774768579,
    "min_flux": 6035.676673999116,
    "radius": 0.0,
    "bin_size_x": 0.06807059529144252,
    "bin_size_y": 6.0,
    "xvalues": [
        -0.13614119058288504,
        -0.0680705952914425,
        2.7755575615628914e-17,
        0.06807059529144252,
        0.13614119058288507
    ],
    "yvalues": [
        -12.0,
        -6.0,
        0.0,
        6.0,
        12.0
    ],
    "flux": [
        [
            767.0,
            735.0,
            738.0,
            703.0,
            705.0
        ],
        [
            4297.0,
            4260.0,
            4369.0,
            4324.0,
            4220.0
        ],
        [
            9078.0,
            9042.0,
            9076.0,
            9050.0,
            9123.0
        ],
        [
            4305.0,
            4417.0,
            4288.0,
            4374.0,
            4284.0
        ],
        [
            727.0,
            732.0,
            747.0,
            750.0,
            694.0
        ]
    ],
    "sim_time": 1.5266904830932617
}