{
    "dni": 1000.0,
    "generated_rays": 384487,
    "power_per_ray": 3.576221551308769,
    "num_rays": 95953.0,
    "avg_flux": 33607.18726821234,
    "peak_flux": 81108.29668312897,
    "min_flux": 6076.774036283224,
    "radius": 0.0,
    "bin_size_x": 0.06807059529144252,
    "bin_size_y": 6.0,
    "xvalues": [
        -0.13614119058288504,
        -0.0680705952914425,
        2.7755575615628914e-17,
        0.06807059529144252,
        0.13614119058288507
    ],
    "yvalues": [
        -12.0,
        -6.0,
        0.0,
        6.0,
        12.0
    ],
    "flux": [
        [
            717.0,
            747.0,
            699.0,
            716.0,
            751.0
        ],
        [
            4286.0,
            4331.0,
            4264.0,
            4246.0,
            4235.0
        ],
        [
            9140.0,
            9035.0,
            9263.0,
            9052.0,
            9119.0
        ],
        [
            4261.0,
            4379.0,
            4359.0,
            4437.0,
            4338.0
        ],
        [
            746.0,
            720.0,
            709.0,
            694.0,
            709.0
        ]
    ],
    "sim_time": 1.4682621955871582
}