{
    "dni": 1000.0,
    "generated_rays": 193025,
    "power_per_ray": 7.123485017992772,
    "num_rays": 48015.0,
    "avg_flux": 33497.981683526494,
    "peak_flux": 80387.48181785567,
    "min_flux": 5773.108370950364,
    "radius": 0.0,
    "bin_size_x": 0.06807059529144252,
    "bin_size_y": 6.0,
    "xvalues": [
        -0.13614119058288504,
        -0.0680705952914425,
        2.7755575615628914e-17,
        0.06807059529144252,
        0.13614119058288507
    ],
    "yvalues": [
        -12.0,
        -6.0,
        0.0,
        6.0,
        12.0
    ],
    "flux": [
        [
            360.0,
            400.0,
            364.0,
            392.0,
            336.0
        ],
        [
            2170.0,
            2083.0,
            2192.0,
            2136.0,
            2177.0
        ],
        [
            4540.0,
            4593.0,
            4593.0,
            4480.0,
            4609.0
        ],
        [
            2140.0,
            2242.0,
            2152.0,
            2134.0,
            2096.0
        ],
        [
            433.0,
            331.0,
            343.0,
            346.0,
            373.0
        ]
    ],
    "sim_time": 0.7910571098327637
}