{
    "dni": 1000.0,
    "generated_rays": 192439,
    "power_per_ray": 7.145176890329169,
    "num_rays": 47972.0,
    "avg_flux": 33569.896498903494,
    "peak_flux": 80544.79877895005,
    "min_flux": 5633.237447181128,
    "radius": 0.0,
    "bin_size_x": 0.06807059529144252,
    "bin_size_y": 6.0,
    "xvalues": [
        -0.13614119058288504,
        -0.0680705952914425,
        2.7755575615628914e-17,
        0.06807059529144252,
        0.13614119058288507
    ],
    "yvalues": [
        -12.0,
        -6.0,
        0.0,
        6.0,
        12.0
    ],
    "flux": [
        [
            353.0,
            342.0,
            379.0,
            339.0,
            362.0
        ],
        [
            2128.0,
            2188.0,
            2190.0,
            2102.0,
            2160.0
        ],
        [
            4540.0,
            4539.0,
            4604.0,
            4513.0,
            4531.0
        ],
        [
            2211.0,
            2133.0,
            2244.0,
            2157.0,
            2162.0
        ],
        [
            322.0,
            388.0,
            371.0,
            360.0,
            354.0
        ]
    ],
    "sim_time": 0.7131268978118896
}