{
    "dni": 1000.0,
    "generated_rays": 19338233,
    "power_per_ray": 0.07110322311237303,
    "num_rays": 4797733.0,
    "avg_flux": 33409.852273906436,
    "peak_flux": 79399.29751992464,
    "min_flux": 6314.312103104666,
    "radius": 0.0,
    "bin_size_x": 0.06807059529144252,
    "bin_size_y": 6.0,
    "xvalues": [
        -0.13614119058288504,
        -0.0680705952914425,
        2.7755575615628914e-17,
        0.06807059529144252,
        0.13614119058288507
    ],
    "yvalues": [
        -12.0,
        -6.0,
        0.0,
        6.0,
        12.0
    ],
    "flux": [
        [
            36549.0,
            36408.0,
            36270.0,
            36778.0,
            36283.0
        ],
        [
            215780.0,
            217054.0,
            216782.0,
            216426.0,
            215466.0
        ],
        [
            453576.0,
            456077.0,
            455553.0,
            454437.0,
            453310.0
        ],
        [
            215482.0,
            215642.0,
            216242.0,
            216333.0,
            215315.0
        ],
        [
            36427.0,
            36381.0,
            36435.0,
            36355.0,
            36372.0
        ]
    ],
    "sim_time": 33.32079863548279
}