{
    "dni": 1000.0,
    "generated_rays": 17225236,
    "power_per_ray": 0.09041221194982639,
    "num_rays": 306228.0,
    "avg_flux": 2711.572275070346,
    "peak_flux": 5937.995113647917,
    "min_flux": 0.0,
    "radius": 0.0,
    "bin_size_x": 0.06807059529144252,
    "bin_size_y": 6.0,
    "xvalues": [
        -0.13614119058288504,
        -0.0680705952914425,
        2.7755575615628914e-17,
        0.06807059529144252,
        0.13614119058288507
    ],
    "yvalues": [
        -12.0,
        -6.0,
        0.0,
        6.0,
        12.0
    ],
    "flux": [
        [
            0.0,
            15048.0,
            18448.0,
            18139.0,
            18180.0
        ],
        [
            0.0,
            26824.0,
            25247.0,
            25596.0,
            25411.0
        ],
        [
            0.0,
            25670.0,
            17362.0,
            17377.0,
            17261.0
        ],
        [
            0.0,
            16219.0,
            7515.0,
            7625.0,
            7591.0
        ],
        [
            0.0,
            6780.0,
            3287.0,
            3279.0,
            3369.0
        ]
    ],
    "sim_time": 28.12614917755127
}