{
    "dni": 1000.0,
    "generated_rays": 966957,
    "power_per_ray": 1.421997767840819,
    "num_rays": 240035.0,
    "avg_flux": 33428.94561567821,
    "peak_flux": 80127.24752632099,
    "min_flux": 6120.783051676036,
    "radius": 0.0,
    "bin_size_x": 0.06807059529144252,
    "bin_size_y": 6.0,
    "xvalues": [
        -0.13614119058288504,
        -0.0680705952914425,
        2.7755575615628914e-17,
        0.06807059529144252,
        0.13614119058288507
    ],
    "yvalues": [
        -12.0,
        -6.0,
        0.0,
        6.0,
        12.0
    ],
    "flux": [
        [
            1835.0,
            1800.0,
            1859.0,
            1842.0,
            1866.0
        ],
        [
            10958.0,
            10860.0,
            10852.0,
            10692.0,
            10563.0
        ],
        [
            22810.0,
            22464.0,
            23014.0,
            22876.0,
            22722.0
        ],
        [
            10921.0,
            10748.0,
            10950.0,
            10670.0,
            10594.0
        ],
        [
            1874.0,
            1829.0,
            1832.0,
            1758.0,
            1846.0
        ]
    ],
    "sim_time": 3.9606480598449707
}