{
    "dni": 1000.0,
    "generated_rays": 34434630,
    "power_per_ray": 0.045226903501439666,
    "num_rays": 613091.0,
    "avg_flux": 2715.632437754122,
    "peak_flux": 5896.875772735308,
    "min_flux": 0.0,
    "radius": 0.0,
    "bin_size_x": 0.06807059529144252,
    "bin_size_y": 6.0,
    "xvalues": [
        -0.13614119058288504,
        -0.0680705952914425,
        2.7755575615628914e-17,
        0.06807059529144252,
        0.13614119058288507
    ],
    "yvalues": [
        -12.0,
        -6.0,
        0.0,
        6.0,
        12.0
    ],
    "flux": [
        [
            0.0,
            29869.0,
            36486.0,
            36428.0,
            36341.0
        ],
        [
            0.0,
            53252.0,
            51281.0,
            51342.0,
            50953.0
        ],
        [
            0.0,
            51704.0,
            34696.0,
            34801.0,
            34621.0
        ],
        [
            0.0,
            32082.0,
            15159.0,
            15268.0,
            14804.0
        ],
        [
            0.0,
            13625.0,
            6791.0,
            6711.0,
            6877.0
        ]
    ],
    "sim_time": 20.240138292312622
}