{
    "dni": 1000.0,
    "generated_rays": 103450345,
    "power_per_ray": 0.015054291874210564,
    "num_rays": 1836583.0,
    "avg_flux": 2707.82182476267,
    "peak_flux": 5870.650684610703,
    "min_flux": 0.0,
    "radius": 0.0,
    "bin_size_x": 0.06807059529144252,
    "bin_size_y": 6.0,
    "xvalues": [
        -0.13614119058288504,
        -0.0680705952914425,
        2.7755575615628914e-17,
        0.06807059529144252,
        0.13614119058288507
    ],
    "yvalues": [
        -12.0,
        -6.0,
        0.0,
        6.0,
        12.0
    ],
    "flux": [
        [
            0.0,
            89270.0,
            109511.0,
            109881.0,
            109588.0
        ],
        [
            0.0,
            159271.0,
            153190.0,
            153220.0,
            152405.0
        ],
        [
            0.0,
            154796.0,
            104660.0,
            104200.0,
            104129.0
        ],
        [
            0.0,
            95942.0,
            45124.0,
            45498.0,
            45289.0
        ],
        [
            0.0,
            40398.0,
            20114.0,
            19983.0,
            20114.0
        ]
    ],
    "sim_time": 43.766708850860596
}