{
    "dni": 1000.0,
    "generated_rays": 11603787,
    "power_per_ray": 0.11849671970004746,
    "num_rays": 2878906.0,
    "avg_flux": 33410.502323771245,
    "peak_flux": 79470.03732932042,
    "min_flux": 6285.998425676523,
    "radius": 0.0,
    "bin_size_x": 0.06807059529144252,
    "bin_size_y": 6.0,
    "xvalues": [
        -0.13614119058288504,
        -0.0680705952914425,
        2.7755575615628914e-17,
        0.06807059529144252,
        0.13614119058288507
    ],
    "yvalues": [
        -12.0,
        -6.0,
        0.0,
        6.0,
        12.0
    ],
    "flux": [
        [
            22018.0,
            21666.0,
            21799.0,
            22040.0,
            21722.0
        ],
        [
            129434.0,
            129991.0,
            130164.0,
            130139.0,
            129277.0
        ],
        [
            272139.0,
            273739.0,
            273910.0,
            272708.0,
            272072.0
        ],
        [
            129176.0,
            129393.0,
            129796.0,
            130014.0,
            128534.0
        ],
        [
            21908.0,
            21785.0,
            21850.0,
            21859.0,
            21773.0
        ]
    ],
    "sim_time": 22.17000699043274
}