{
    "dni": 1000.0,
    "generated_rays": 193744,
    "power_per_ray": 7.097049176222514,
    "num_rays": 47989.0,
    "avg_flux": 33355.59614833751,
    "peak_flux": 81340.27879845792,
    "min_flux": 5838.5673309724125,
    "radius": 0.0,
    "bin_size_x": 0.06807059529144252,
    "bin_size_y": 6.0,
    "xvalues": [
        -0.13614119058288504,
        -0.0680705952914425,
        2.7755575615628914e-17,
        0.06807059529144252,
        0.13614119058288507
    ],
    "yvalues": [
        -12.0,
        -6.0,
        0.0,
        6.0,
        12.0
    ],
    "flux": [
        [
            349.0,
            381.0,
            390.0,
            350.0,
            365.0
        ],
        [
            2214.0,
            2216.0,
            2130.0,
            2179.0,
            2070.0
        ],
        [
            4681.0,
            4601.0,
            4442.0,
            4528.0,
            4636.0
        ],
        [
            2096.0,
            2150.0,
            2156.0,
            2151.0,
            2134.0
        ],
        [
            353.0,
            370.0,
            337.0,
            374.0,
            336.0
        ]
    ],
    "sim_time": 0.7393064498901367
}