{
    "dni": 1000.0,
    "generated_rays": 8614277,
    "power_per_ray": 0.18078959941940334,
    "num_rays": 152820.0,
    "avg_flux": 2705.844470727632,
    "peak_flux": 5888.159787596349,
    "min_flux": 0.0,
    "radius": 0.0,
    "bin_size_x": 0.06807059529144252,
    "bin_size_y": 6.0,
    "xvalues": [
        -0.13614119058288504,
        -0.0680705952914425,
        2.7755575615628914e-17,
        0.06807059529144252,
        0.13614119058288507
    ],
    "yvalues": [
        -12.0,
        -6.0,
        0.0,
        6.0,
        12.0
    ],
    "flux": [
        [
            0.0,
            7331.0,
            9031.0,
            9409.0,
            9147.0
        ],
        [
            0.0,
            13302.0,
            12625.0,
            12829.0,
            12722.0
        ],
        [
            0.0,
            12914.0,
            8577.0,
            8833.0,
            8569.0
        ],
        [
            0.0,
            7924.0,
            3698.0,
            3788.0,
            3692.0
        ],
        [
            0.0,
            3331.0,
            1696.0,
            1655.0,
            1747.0
        ]
    ],
    "sim_time": 14.780988693237305
}