{
    "dni": 1000.0,
    "generated_rays": 103473417,
    "power_per_ray": 0.015050935141320205,
    "num_rays": 1836992.0,
    "avg_flux": 2707.820934893445,
    "peak_flux": 5871.368496335764,
    "min_flux": 0.0,
    "radius": 0.0,
    "bin_size_x": 0.06807059529144252,
    "bin_size_y": 6.0,
    "xvalues": [
        -0.13614119058288504,
        -0.0680705952914425,
        2.7755575615628914e-17,
        0.06807059529144252,
        0.13614119058288507
    ],
    "yvalues": [
        -12.0,
        -6.0,
        0.0,
        6.0,
        12.0
    ],
    "flux": [
        [
            0.0,
            89500.0,
            109436.0,
            109811.0,
            109497.0
        ],
        [
            0.0,
            159326.0,
            153454.0,
            153232.0,
            152263.0
        ],
        [
            0.0,
            154414.0,
            104611.0,
            104512.0,
            104045.0
        ],
        [
            0.0,
            96030.0,
            45325.0,
            45701.0,
            45260.0
        ],
        [
            0.0,
            40359.0,
            20084.0,
            20006.0,
            20126.0
        ]
    ],
    "sim_time": 43.868752002716064
}