{
    "dni": 1000.0,
    "generated_rays": 3458128,
    "power_per_ray": 0.4503510824694111,
    "num_rays": 61243.0,
    "avg_flux": 2701.200738790607,
    "peak_flux": 5956.552745190005,
    "min_flux": 0.0,
    "radius": 0.0,
    "bin_size_x": 0.06807059529144252,
    "bin_size_y": 6.0,
    "xvalues": [
        -0.13614119058288504,
        -0.0680705952914425,
        2.7755575615628914e-17,
        0.06807059529144252,
        0.13614119058288507
    ],
    "yvalues": [
        -12.0,
        -6.0,
        0.0,
        6.0,
        12.0
    ],
    "flux": [
        [
            0.0,
            3019.0,
            3644.0,
            3597.0,
            3739.0
        ],
        [
            0.0,
            5402.0,
            4923.0,
            5094.0,
            5132.0
        ],
        [
            0.0,
            5096.0,
            3487.0,
            3474.0,
            3538.0
        ],
        [
            0.0,
            3152.0,
            1517.0,
            1497.0,
            1518.0
        ],
        [
            0.0,
            1373.0,
            705.0,
            656.0,
            680.0
        ]
    ],
    "sim_time": 5.849661588668823
}