{
    "dni": 1000.0,
    "generated_rays": 193253,
    "power_per_ray": 7.115080726291725,
    "num_rays": 48029.0,
    "avg_flux": 33468.216414636016,
    "peak_flux": 80658.47821095836,
    "min_flux": 6027.609818788681,
    "radius": 0.0,
    "bin_size_x": 0.06807059529144252,
    "bin_size_y": 6.0,
    "xvalues": [
        -0.13614119058288504,
        -0.0680705952914425,
        2.7755575615628914e-17,
        0.06807059529144252,
        0.13614119058288507
    ],
    "yvalues": [
        -12.0,
        -6.0,
        0.0,
        6.0,
        12.0
    ],
    "flux": [
        [
            363.0,
            382.0,
            375.0,
            382.0,
            355.0
        ],
        [
            2128.0,
            2137.0,
            2103.0,
            2286.0,
            2116.0
        ],
        [
            4566.0,
            4504.0,
            4495.0,
            4630.0,
            4516.0
        ],
        [
            2156.0,
            2210.0,
            2155.0,
            2193.0,
            2170.0
        ],
        [
            346.0,
            374.0,
            367.0,
            370.0,
            350.0
        ]
    ],
    "sim_time": 0.7947025299072266
}