{
    "dni": 1000.0,
    "generated_rays": 3447404,
    "power_per_ray": 0.45175201053249914,
    "num_rays": 61366.0,
    "avg_flux": 2715.045437720001,
    "peak_flux": 5847.882063856878,
    "min_flux": 0.0,
    "radius": 0.0,
    "bin_size_x": 0.06807059529144252,
    "bin_size_y": 6.0,
    "xvalues": [
        -0.13614119058288504,
        -0.0680705952914425,
        2.7755575615628914e-17,
        0.06807059529144252,
        0.13614119058288507
    ],
    "yvalues": [
        -12.0,
        -6.0,
        0.0,
        6.0,
        12.0
    ],
    "flux": [
        [
            0.0,
            2975.0,
            3646.0,
            3672.0,
            3636.0
        ],
        [
            0.0,
            5287.0,
            5125.0,
            5092.0,
            5124.0
        ],
        [
            0.0,
            5175.0,
            3441.0,
            3467.0,
            3552.0
        ],
        [
            0.0,
            3150.0,
            1499.0,
            1540.0,
            1546.0
        ],
        [
            0.0,
            1365.0,
            670.0,
            719.0,
            685.0
        ]
    ],
    "sim_time": 5.750852823257446
}