{
    "dni": 1000.0,
    "generated_rays": 965190,
    "power_per_ray": 1.424601058442436,
    "num_rays": 240004.0,
    "avg_flux": 33485.8197303882,
    "peak_flux": 79810.02829650886,
    "min_flux": 6163.380971108393,
    "radius": 0.0,
    "bin_size_x": 0.06807059529144252,
    "bin_size_y": 6.0,
    "xvalues": [
        -0.13614119058288504,
        -0.0680705952914425,
        2.7755575615628914e-17,
        0.06807059529144252,
        0.13614119058288507
    ],
    "yvalues": [
        -12.0,
        -6.0,
        0.0,
        6.0,
        12.0
    ],
    "flux": [
        [
            1836.0,
            1834.0,
            1820.0,
            1820.0,
            1844.0
        ],
        [
            10776.0,
            11016.0,
            10856.0,
            10887.0,
            10593.0
        ],
        [
            22881.0,
            22737.0,
            22651.0,
            22728.0,
            22559.0
        ],
        [
            10714.0,
            10881.0,
            11014.0,
            10702.0,
            10864.0
        ],
        [
            1823.0,
            1774.0,
            1767.0,
            1813.0,
            1814.0
        ]
    ],
    "sim_time": 3.8149070739746094
}