{
    "dni": 1000.0,
    "generated_rays": 3448371,
    "power_per_ray": 0.45162532921132315,
    "num_rays": 60967.0,
    "avg_flux": 2696.6358800633943,
    "peak_flux": 5879.4154929294,
    "min_flux": 0.0,
    "radius": 0.0,
    "bin_size_x": 0.06807059529144252,
    "bin_size_y": 6.0,
    "xvalues": [
        -0.13614119058288504,
        -0.0680705952914425,
        2.7755575615628914e-17,
        0.06807059529144252,
        0.13614119058288507
    ],
    "yvalues": [
        -12.0,
        -6.0,
        0.0,
        6.0,
        12.0
    ],
    "flux": [
        [
            0.0,
            2968.0,
            3688.0,
            3554.0,
            3539.0
        ],
        [
            0.0,
            5274.0,
            5077.0,
            5029.0,
            5116.0
        ],
        [
            0.0,
            5317.0,
            3562.0,
            3442.0,
            3348.0
        ],
        [
            0.0,
            3197.0,
            1485.0,
            1476.0,
            1540.0
        ],
        [
            0.0,
            1358.0,
            655.0,
            677.0,
            665.0
        ]
    ],
    "sim_time": 5.724414825439453
}