{
    "dni": 1000.0,
    "generated_rays": 11607795,
    "power_per_ray": 0.11845580453462995,
    "num_rays": 2878944.0,
    "avg_flux": 33399.40701953558,
    "peak_flux": 79421.13515061031,
    "min_flux": 6298.909614517283,
    "radius": 0.0,
    "bin_size_x": 0.06807059529144252,
    "bin_size_y": 6.0,
    "xvalues": [
        -0.13614119058288504,
        -0.0680705952914425,
        2.7755575615628914e-17,
        0.06807059529144252,
        0.13614119058288507
    ],
    "yvalues": [
        -12.0,
        -6.0,
        0.0,
        6.0,
        12.0
    ],
    "flux": [
        [
            22046.0,
            21775.0,
            21858.0,
            22090.0,
            21718.0
        ],
        [
            129394.0,
            129890.0,
            130080.0,
            130042.0,
            129375.0
        ],
        [
            272049.0,
            273737.0,
            273836.0,
            272880.0,
            271859.0
        ],
        [
            129345.0,
            129276.0,
            129937.0,
            129975.0,
            128626.0
        ],
        [
            21945.0,
            21785.0,
            21860.0,
            21794.0,
            21772.0
        ]
    ],
    "sim_time": 22.39240074157715
}