{
    "dni": 1000.0,
    "generated_rays": 34451153,
    "power_per_ray": 0.04520521238049071,
    "num_rays": 612813.0,
    "avg_flux": 2713.0992166704564,
    "peak_flux": 5888.402800939477,
    "min_flux": 0.0,
    "radius": 0.0,
    "bin_size_x": 0.06807059529144252,
    "bin_size_y": 6.0,
    "xvalues": [
        -0.13614119058288504,
        -0.0680705952914425,
        2.7755575615628914e-17,
        0.06807059529144252,
        0.13614119058288507
    ],
    "yvalues": [
        -12.0,
        -6.0,
        0.0,
        6.0,
        12.0
    ],
    "flux": [
        [
            0.0,
            29864.0,
            36547.0,
            36631.0,
            36219.0
        ],
        [
            0.0,
            53201.0,
            51232.0,
            51092.0,
            51008.0
        ],
        [
            0.0,
            51807.0,
            34625.0,
            34762.0,
            34705.0
        ],
        [
            0.0,
            32003.0,
            15147.0,
            15172.0,
            14975.0
        ],
        [
            0.0,
            13534.0,
            6705.0,
            6761.0,
            6823.0
        ]
    ],
    "sim_time": 20.005797624588013
}