{
    "dni": 1000.0,
    "generated_rays": 386720,
    "power_per_ray": 3.555571720102541,
    "num_rays": 95894.0,
    "avg_flux": 33392.58731494954,
    "peak_flux": 80161.15293867586,
    "min_flux": 5963.335117614354,
    "radius": 0.0,
    "bin_size_x": 0.06807059529144252,
    "bin_size_y": 6.0,
    "xvalues": [
        -0.13614119058288504,
        -0.0680705952914425,
        2.7755575615628914e-17,
        0.06807059529144252,
        0.13614119058288507
    ],
    "yvalues": [
        -12.0,
        -6.0,
        0.0,
        6.0,
        12.0
    ],
    "flux": [
        [
            738.0,
            759.0,
            783.0,
            764.0,
            730.0
        ],
        [
            4287.0,
            4309.0,
            4362.0,
            4239.0,
            4328.0
        ],
        [
            9127.0,
            8895.0,
            9115.0,
            9046.0,
            9208.0
        ],
        [
            4211.0,
            4387.0,
            4308.0,
            4336.0,
            4282.0
        ],
        [
            751.0,
            685.0,
            732.0,
            743.0,
            769.0
        ]
    ],
    "sim_time": 1.5292816162109375
}