{
    "dni": 1000.0,
    "generated_rays": 3460569,
    "power_per_ray": 0.4500334159260455,
    "num_rays": 61076.0,
    "avg_flux": 2691.934825741572,
    "peak_flux": 5924.804161214073,
    "min_flux": 0.0,
    "radius": 0.0,
    "bin_size_x": 0.06807059529144252,
    "bin_size_y": 6.0,
    "xvalues": [
        -0.13614119058288504,
        -0.0680705952914425,
        2.7755575615628914e-17,
        0.06807059529144252,
        0.13614119058288507
    ],
    "yvalues": [
        -12.0,
        -6.0,
        0.0,
        6.0,
        12.0
    ],
    "flux": [
        [
            0.0,
            2945.0,
            3671.0,
            3642.0,
            3617.0
        ],
        [
            0.0,
            5377.0,
            5009.0,
            5075.0,
            5249.0
        ],
        [
            0.0,
            5174.0,
            3500.0,
            3497.0,
            3427.0
        ],
        [
            0.0,
            3134.0,
            1482.0,
            1515.0,
            1450.0
        ],
        [
            0.0,
            1309.0,
            651.0,
            687.0,
            665.0
        ]
    ],
    "sim_time": 5.932453155517578
}