{
    "dni": 1000.0,
    "generated_rays": 19338010,
    "power_per_ray": 0.0711040430529333,
    "num_rays": 4797936.0,
    "avg_flux": 33411.65118835646,
    "peak_flux": 79455.57498114787,
    "min_flux": 6316.99632596972,
    "radius": 0.0,
    "bin_size_x": 0.06807059529144252,
    "bin_size_y": 6.0,
    "xvalues": [
        -0.13614119058288504,
        -0.0680705952914425,
        2.7755575615628914e-17,
        0.06807059529144252,
        0.13614119058288507
    ],
    "yvalues": [
        -12.0,
        -6.0,
        0.0,
        6.0,
        12.0
    ],
    "flux": [
        [
            36635.0,
            36325.0,
            36285.0,
            36877.0,
            36290.0
        ],
        [
            215655.0,
            217019.0,
            216717.0,
            216243.0,
            215473.0
        ],
        [
            453534.0,
            456395.0,
            455796.0,
            454520.0,
            453347.0
        ],
        [
            215299.0,
            215451.0,
            216221.0,
            216721.0,
            215247.0
        ],
        [
            36447.0,
            36410.0,
            36286.0,
            36421.0,
            36322.0
        ]
    ],
    "sim_time": 33.40630769729614
}