{
    "dni": 1000.0,
    "generated_rays": 3868459,
    "power_per_ray": 0.35544145500780927,
    "num_rays": 959886.0,
    "avg_flux": 33414.650875399624,
    "peak_flux": 79844.39191774893,
    "min_flux": 6128.487431438842,
    "radius": 0.0,
    "bin_size_x": 0.06807059529144252,
    "bin_size_y": 6.0,
    "xvalues": [
        -0.13614119058288504,
        -0.0680705952914425,
        2.7755575615628914e-17,
        0.06807059529144252,
        0.13614119058288507
    ],
    "yvalues": [
        -12.0,
        -6.0,
        0.0,
        6.0,
        12.0
    ],
    "flux": [
        [
            7296.0,
            7042.0,
            7456.0,
            7338.0,
            7180.0
        ],
        [
            43035.0,
            43194.0,
            43190.0,
            43146.0,
            42977.0
        ],
        [
            90633.0,
            91746.0,
            91198.0,
            91216.0,
            90693.0
        ],
        [
            43102.0,
            43276.0,
            43161.0,
            43376.0,
            43317.0
        ],
        [
            7233.0,
            7393.0,
            7270.0,
            7224.0,
            7194.0
        ]
    ],
    "sim_time": 9.721431732177734
}