{
    "dni": 1000.0,
    "generated_rays": 17259889,
    "power_per_ray": 0.09023068967116646,
    "num_rays": 306645.0,
    "avg_flux": 2709.8132182480667,
    "peak_flux": 5852.284575925851,
    "min_flux": 0.0,
    "radius": 0.0,
    "bin_size_x": 0.06807059529144252,
    "bin_size_y": 6.0,
    "xvalues": [
        -0.13614119058288504,
        -0.0680705952914425,
        2.7755575615628914e-17,
        0.06807059529144252,
        0.13614119058288507
    ],
    "yvalues": [
        -12.0,
        -6.0,
        0.0,
        6.0,
        12.0
    ],
    "flux": [
        [
            0.0,
            14890.0,
            18340.0,
            18179.0,
            18326.0
        ],
        [
            0.0,
            26490.0,
            25744.0,
            25539.0,
            25361.0
        ],
        [
            0.0,
            26102.0,
            17303.0,
            17375.0,
            17492.0
        ],
        [
            0.0,
            15924.0,
            7664.0,
            7552.0,
            7611.0
        ],
        [
            0.0,
            6747.0,
            3351.0,
            3381.0,
            3274.0
        ]
    ],
    "sim_time": 28.50469660758972
}