{
    "dni": 1000.0,
    "generated_rays": 5800887,
    "power_per_ray": 0.23703455964545678,
    "num_rays": 1439743.0,
    "avg_flux": 33423.03154017237,
    "peak_flux": 79684.63214436895,
    "min_flux": 6251.68685923003,
    "radius": 0.0,
    "bin_size_x": 0.06807059529144252,
    "bin_size_y": 6.0,
    "xvalues": [
        -0.13614119058288504,
        -0.0680705952914425,
        2.7755575615628914e-17,
        0.06807059529144252,
        0.13614119058288507
    ],
    "yvalues": [
        -12.0,
        -6.0,
        0.0,
        6.0,
        12.0
    ],
    "flux": [
        [
            10973.0,
            10772.0,
            11285.0,
            11059.0,
            10796.0
        ],
        [
            64457.0,
            64933.0,
            65201.0,
            64636.0,
            64174.0
        ],
        [
            135784.0,
            137301.0,
            137163.0,
            136465.0,
            136194.0
        ],
        [
            64680.0,
            64974.0,
            64779.0,
            64961.0,
            64442.0
        ],
        [
            11037.0,
            10996.0,
            10906.0,
            10956.0,
            10819.0
        ]
    ],
    "sim_time": 12.903712749481201
}