{
    "dni": 1000.0,
    "generated_rays": 1935658,
    "power_per_ray": 0.7103582841586968,
    "num_rays": 479708.0,
    "avg_flux": 33373.642007803355,
    "peak_flux": 79486.3132050446,
    "min_flux": 6205.710280203914,
    "radius": 0.0,
    "bin_size_x": 0.06807059529144252,
    "bin_size_y": 6.0,
    "xvalues": [
        -0.13614119058288504,
        -0.0680705952914425,
        2.7755575615628914e-17,
        0.06807059529144252,
        0.13614119058288507
    ],
    "yvalues": [
        -12.0,
        -6.0,
        0.0,
        6.0,
        12.0
    ],
    "flux": [
        [
            3605.0,
            3685.0,
            3710.0,
            3665.0,
            3647.0
        ],
        [
            21383.0,
            21623.0,
            21638.0,
            21811.0,
            21571.0
        ],
        [
            45410.0,
            45264.0,
            45701.0,
            45376.0,
            45348.0
        ],
        [
            21878.0,
            21660.0,
            21733.0,
            21404.0,
            21488.0
        ],
        [
            3582.0,
            3637.0,
            3666.0,
            3655.0,
            3568.0
        ]
    ],
    "sim_time": 7.684020042419434
}