{
    "dni": 1000.0,
    "generated_rays": 19339877,
    "power_per_ray": 0.07109717893231973,
    "num_rays": 4797906.0,
    "avg_flux": 33408.21685897943,
    "peak_flux": 79439.72301229718,
    "min_flux": 6300.719570218554,
    "radius": 0.0,
    "bin_size_x": 0.06807059529144252,
    "bin_size_y": 6.0,
    "xvalues": [
        -0.13614119058288504,
        -0.0680705952914425,
        2.7755575615628914e-17,
        0.06807059529144252,
        0.13614119058288507
    ],
    "yvalues": [
        -12.0,
        -6.0,
        0.0,
        6.0,
        12.0
    ],
    "flux": [
        [
            36583.0,
            36471.0,
            36195.0,
            36891.0,
            36234.0
        ],
        [
            215859.0,
            216951.0,
            216490.0,
            216450.0,
            215759.0
        ],
        [
            453297.0,
            455823.0,
            456348.0,
            454516.0,
            453074.0
        ],
        [
            215378.0,
            215730.0,
            215953.0,
            216602.0,
            215315.0
        ],
        [
            36414.0,
            36376.0,
            36400.0,
            36514.0,
            36283.0
        ]
    ],
    "sim_time": 34.17309379577637
}