{
    "dni": 1000.0,
    "generated_rays": 5800902,
    "power_per_ray": 0.23703394672036432,
    "num_rays": 1439651.0,
    "avg_flux": 33420.80937874202,
    "peak_flux": 79534.6924305082,
    "min_flux": 6219.750726252027,
    "radius": 0.0,
    "bin_size_x": 0.06807059529144252,
    "bin_size_y": 6.0,
    "xvalues": [
        -0.13614119058288504,
        -0.0680705952914425,
        2.7755575615628914e-17,
        0.06807059529144252,
        0.13614119058288507
    ],
    "yvalues": [
        -12.0,
        -6.0,
        0.0,
        6.0,
        12.0
    ],
    "flux": [
        [
            10970.0,
            10717.0,
            11103.0,
            11077.0,
            10724.0
        ],
        [
            64631.0,
            64763.0,
            65298.0,
            64808.0,
            64507.0
        ],
        [
            135929.0,
            136993.0,
            137043.0,
            136281.0,
            136307.0
        ],
        [
            64569.0,
            64793.0,
            64704.0,
            65002.0,
            64772.0
        ],
        [
            11010.0,
            10970.0,
            10877.0,
            10856.0,
            10947.0
        ]
    ],
    "sim_time": 12.75869369506836
}