{
    "dni": 1000.0,
    "generated_rays": 386378,
    "power_per_ray": 3.5587189115271953,
    "num_rays": 95976.0,
    "avg_flux": 33450.72418718534,
    "peak_flux": 80266.96028495439,
    "min_flux": 6221.299353393122,
    "radius": 0.0,
    "bin_size_x": 0.06807059529144252,
    "bin_size_y": 6.0,
    "xvalues": [
        -0.13614119058288504,
        -0.0680705952914425,
        2.7755575615628914e-17,
        0.06807059529144252,
        0.13614119058288507
    ],
    "yvalues": [
        -12.0,
        -6.0,
        0.0,
        6.0,
        12.0
    ],
    "flux": [
        [
            714.0,
            725.0,
            723.0,
            770.0,
            725.0
        ],
        [
            4289.0,
            4294.0,
            4345.0,
            4251.0,
            4300.0
        ],
        [
            9092.0,
            9049.0,
            9076.0,
            9212.0,
            8963.0
        ],
        [
            4323.0,
            4348.0,
            4392.0,
            4336.0,
            4282.0
        ],
        [
            734.0,
            771.0,
            736.0,
            751.0,
            775.0
        ]
    ],
    "sim_time": 1.4792556762695312
}