{
    "dni": 1000.0,
    "generated_rays": 34445408,
    "power_per_ray": 0.04521275196153227,
    "num_rays": 612490.0,
    "avg_flux": 2712.1214703994456,
    "peak_flux": 5897.133947070519,
    "min_flux": 0.0,
    "radius": 0.0,
    "bin_size_x": 0.06807059529144252,
    "bin_size_y": 6.0,
    "xvalues": [
        -0.13614119058288504,
        -0.0680705952914425,
        2.7755575615628914e-17,
        0.06807059529144252,
        0.13614119058288507
    ],
    "yvalues": [
        -12.0,
        -6.0,
        0.0,
        6.0,
        12.0
    ],
    "flux": [
        [
            0.0,
            29788.0,
            36570.0,
            36524.0,
            36232.0
        ],
        [
            0.0,
            53271.0,
            51272.0,
            51225.0,
            50798.0
        ],
        [
            0.0,
            51764.0,
            34701.0,
            34652.0,
            34633.0
        ],
        [
            0.0,
            31977.0,
            15078.0,
            15261.0,
            14794.0
        ],
        [
            0.0,
            13515.0,
            6818.0,
            6735.0,
            6882.0
        ]
    ],
    "sim_time": 20.251729249954224
}