{
    "dni": 1000.0,
    "generated_rays": 34465691,
    "power_per_ray": 0.04518614433460161,
    "num_rays": 612341.0,
    "avg_flux": 2709.866004014289,
    "peak_flux": 5873.859740125463,
    "min_flux": 0.0,
    "radius": 0.0,
    "bin_size_x": 0.06807059529144252,
    "bin_size_y": 6.0,
    "xvalues": [
        -0.13614119058288504,
        -0.0680705952914425,
        2.7755575615628914e-17,
        0.06807059529144252,
        0.13614119058288507
    ],
    "yvalues": [
        -12.0,
        -6.0,
        0.0,
        6.0,
        12.0
    ],
    "flux": [
        [
            0.0,
            29886.0,
            36646.0,
            36384.0,
            36341.0
        ],
        [
            0.0,
            53092.0,
            51282.0,
            51353.0,
            51003.0
        ],
        [
            0.0,
            51562.0,
            34696.0,
            34698.0,
            34414.0
        ],
        [
            0.0,
            31917.0,
            15094.0,
            15236.0,
            14867.0
        ],
        [
            0.0,
            13552.0,
            6796.0,
            6751.0,
            6771.0
        ]
    ],
    "sim_time": 20.272207021713257
}