{
    "dni": 1000.0,
    "generated_rays": 103414324,
    "power_per_ray": 0.015059535544783714,
    "num_rays": 1836709.0,
    "avg_flux": 2708.9508426263087,
    "peak_flux": 5873.727959621371,
    "min_flux": 0.0,
    "radius": 0.0,
    "bin_size_x": 0.06807059529144252,
    "bin_size_y": 6.0,
    "xvalues": [
        -0.13614119058288504,
        -0.0680705952914425,
        2.7755575615628914e-17,
        0.06807059529144252,
        0.13614119058288507
    ],
    "yvalues": [
        -12.0,
        -6.0,
        0.0,
        6.0,
        12.0
    ],
    "flux": [
        [
            0.0,
            89228.0,
            109562.0,
            109868.0,
            109491.0
        ],
        [
            0.0,
            159299.0,
            153317.0,
            153174.0,
            152391.0
        ],
        [
            0.0,
            154753.0,
            104631.0,
            104347.0,
            103994.0
        ],
        [
            0.0,
            95954.0,
            45299.0,
            45541.0,
            45314.0
        ],
        [
            0.0,
            40370.0,
            20147.0,
            19929.0,
            20100.0
        ]
    ],
    "sim_time": 44.04636192321777
}