{
    "dni": 1000.0,
    "generated_rays": 1928850,
    "power_per_ray": 0.7128655393618243,
    "num_rays": 479839.0,
    "avg_flux": 33500.58235643103,
    "peak_flux": 79677.84947508833,
    "min_flux": 6206.668844105457,
    "radius": 0.0,
    "bin_size_x": 0.06807059529144252,
    "bin_size_y": 6.0,
    "xvalues": [
        -0.13614119058288504,
        -0.0680705952914425,
        2.7755575615628914e-17,
        0.06807059529144252,
        0.13614119058288507
    ],
    "yvalues": [
        -12.0,
        -6.0,
        0.0,
        6.0,
        12.0
    ],
    "flux": [
        [
            3599.0,
            3624.0,
            3640.0,
            3724.0,
            3655.0
        ],
        [
            21206.0,
            21824.0,
            21674.0,
            21595.0,
            21482.0
        ],
        [
            45571.0,
            45604.0,
            45280.0,
            45650.0,
            45191.0
        ],
        [
            21718.0,
            21774.0,
            21812.0,
            21521.0,
            21456.0
        ],
        [
            3556.0,
            3704.0,
            3621.0,
            3684.0,
            3674.0
        ]
    ],
    "sim_time": 7.928869009017944
}