{
    "dni": 1000.0,
    "generated_rays": 1725173,
    "power_per_ray": 0.9027336319996774,
    "num_rays": 30750.0,
    "avg_flux": 2718.653976325644,
    "peak_flux": 5777.692271638401,
    "min_flux": 0.0,
    "radius": 0.0,
    "bin_size_x": 0.06807059529144252,
    "bin_size_y": 6.0,
    "xvalues": [
        -0.13614119058288504,
        -0.0680705952914425,
        2.7755575615628914e-17,
        0.06807059529144252,
        0.13614119058288507
    ],
    "yvalues": [
        -12.0,
        -6.0,
        0.0,
        6.0,
        12.0
    ],
    "flux": [
        [
            0.0,
            1588.0,
            1815.0,
            1857.0,
            1824.0
        ],
        [
            0.0,
            2585.0,
            2614.0,
            2561.0,
            2488.0
        ],
        [
            0.0,
            2600.0,
            1746.0,
            1760.0,
            1761.0
        ],
        [
            0.0,
            1602.0,
            724.0,
            782.0,
            744.0
        ],
        [
            0.0,
            677.0,
            356.0,
            336.0,
            330.0
        ]
    ],
    "sim_time": 2.9799458980560303
}