{
    "dni": 1000.0,
    "generated_rays": 1719007,
    "power_per_ray": 0.9059716965188503,
    "num_rays": 30690.0,
    "avg_flux": 2723.081946237357,
    "peak_flux": 6064.602509785707,
    "min_flux": 0.0,
    "radius": 0.0,
    "bin_size_x": 0.06807059529144252,
    "bin_size_y": 6.0,
    "xvalues": [
        -0.13614119058288504,
        -0.0680705952914425,
        2.7755575615628914e-17,
        0.06807059529144252,
        0.13614119058288507
    ],
    "yvalues": [
        -12.0,
        -6.0,
        0.0,
        6.0,
        12.0
    ],
    "flux": [
        [
            0.0,
            1505.0,
            1855.0,
            1866.0,
            1833.0
        ],
        [
            0.0,
            2734.0,
            2527.0,
            2602.0,
            2453.0
        ],
        [
            0.0,
            2619.0,
            1762.0,
            1724.0,
            1729.0
        ],
        [
            0.0,
            1579.0,
            744.0,
            764.0,
            708.0
        ],
        [
            0.0,
            700.0,
            332.0,
            330.0,
            324.0
        ]
    ],
    "sim_time": 2.984048843383789
}