{
    "dni": 1000.0,
    "generated_rays": 11602897,
    "power_per_ray": 0.11850580898874262,
    "num_rays": 2879128.0,
    "avg_flux": 33415.64164490602,
    "peak_flux": 79466.55798892865,
    "min_flux": 6281.838126094215,
    "radius": 0.0,
    "bin_size_x": 0.06807059529144252,
    "bin_size_y": 6.0,
    "xvalues": [
        -0.13614119058288504,
        -0.0680705952914425,
        2.7755575615628914e-17,
        0.06807059529144252,
        0.13614119058288507
    ],
    "yvalues": [
        -12.0,
        -6.0,
        0.0,
        6.0,
        12.0
    ],
    "flux": [
        [
            22069.0,
            21744.0,
            21853.0,
            22085.0,
            21650.0
        ],
        [
            129350.0,
            129910.0,
            130206.0,
            130131.0,
            129387.0
        ],
        [
            272166.0,
            273485.0,
            273877.0,
            272774.0,
            271986.0
        ],
        [
            129108.0,
            129571.0,
            129834.0,
            129845.0,
            128736.0
        ],
        [
            21903.0,
            21786.0,
            21881.0,
            21972.0,
            21819.0
        ]
    ],
    "sim_time": 22.35554814338684
}