{
    "dni": 1000.0,
    "generated_rays": 192976,
    "power_per_ray": 7.125293796109645,
    "num_rays": 48017.0,
    "avg_flux": 33507.88307765427,
    "peak_flux": 81349.9691729501,
    "min_flux": 5774.5742646893605,
    "radius": 0.0,
    "bin_size_x": 0.06807059529144252,
    "bin_size_y": 6.0,
    "xvalues": [
        -0.13614119058288504,
        -0.0680705952914425,
        2.7755575615628914e-17,
        0.06807059529144252,
        0.13614119058288507
    ],
    "yvalues": [
        -12.0,
        -6.0,
        0.0,
        6.0,
        12.0
    ],
    "flux": [
        [
            367.0,
            370.0,
            410.0,
            358.0,
            382.0
        ],
        [
            2129.0,
            2114.0,
            2138.0,
            2179.0,
            2158.0
        ],
        [
            4536.0,
            4569.0,
            4663.0,
            4623.0,
            4451.0
        ],
        [
            2108.0,
            2097.0,
            2177.0,
            2238.0,
            2112.0
        ],
        [
            379.0,
            370.0,
            387.0,
            371.0,
            331.0
        ]
    ],
    "sim_time": 0.7959668636322021
}