{
    "dni": 1000.0,
    "generated_rays": 172425166,
    "power_per_ray": 0.009032160004519176,
    "num_rays": 3061421.0,
    "avg_flux": 2708.0948530768683,
    "peak_flux": 5870.963234108776,
    "min_flux": 0.0,
    "radius": 0.0,
    "bin_size_x": 0.06807059529144252,
    "bin_size_y": 6.0,
    "xvalues": [
        -0.13614119058288504,
        -0.0680705952914425,
        2.7755575615628914e-17,
        0.06807059529144252,
        0.13614119058288507
    ],
    "yvalues": [
        -12.0,
        -6.0,
        0.0,
        6.0,
        12.0
    ],
    "flux": [
        [
            0.0,
            149099.0,
            182764.0,
            183133.0,
            182441.0
        ],
        [
            0.0,
            265478.0,
            255884.0,
            255242.0,
            253965.0
        ],
        [
            0.0,
            257972.0,
            173807.0,
            173542.0,
            173939.0
        ],
        [
            0.0,
            160099.0,
            75369.0,
            75998.0,
            75385.0
        ],
        [
            0.0,
            67175.0,
            33350.0,
            33458.0,
            33321.0
        ]
    ],
    "sim_time": 69.32576036453247
}