{
    "dni": 1000.0,
    "generated_rays": 51662644,
    "power_per_ray": 0.03014502486782867,
    "num_rays": 917821.0,
    "avg_flux": 2709.7100934460427,
    "peak_flux": 5879.342946871761,
    "min_flux": 0.0,
    "radius": 0.0,
    "bin_size_x": 0.06807059529144252,
    "bin_size_y": 6.0,
    "xvalues": [
        -0.13614119058288504,
        -0.0680705952914425,
        2.7755575615628914e-17,
        0.06807059529144252,
        0.13614119058288507
    ],
    "yvalues": [
        -12.0,
        -6.0,
        0.0,
        6.0,
        12.0
    ],
    "flux": [
        [
            0.0,
            44579.0,
            54633.0,
            54926.0,
            54364.0
        ],
        [
            0.0,
            79657.0,
            77012.0,
            76738.0,
            76349.0
        ],
        [
            0.0,
            77275.0,
            52072.0,
            52094.0,
            51751.0
        ],
        [
            0.0,
            48204.0,
            22514.0,
            22773.0,
            22379.0
        ],
        [
            0.0,
            20376.0,
            9994.0,
            10009.0,
            10122.0
        ]
    ],
    "sim_time": 28.326380014419556
}