{
    "dni": 1000.0,
    "generated_rays": 11601527,
    "power_per_ray": 0.1185198030912702,
    "num_rays": 2878794.0,
    "avg_flux": 33415.710710282096,
    "peak_flux": 79428.35112240963,
    "min_flux": 6309.567461006794,
    "radius": 0.0,
    "bin_size_x": 0.06807059529144252,
    "bin_size_y": 6.0,
    "xvalues": [
        -0.13614119058288504,
        -0.0680705952914425,
        2.7755575615628914e-17,
        0.06807059529144252,
        0.13614119058288507
    ],
    "yvalues": [
        -12.0,
        -6.0,
        0.0,
        6.0,
        12.0
    ],
    "flux": [
        [
            22035.0,
            21743.0,
            21852.0,
            22054.0,
            21770.0
        ],
        [
            129466.0,
            129959.0,
            130120.0,
            130163.0,
            129402.0
        ],
        [
            272292.0,
            273378.0,
            273713.0,
            272769.0,
            271978.0
        ],
        [
            129069.0,
            129318.0,
            129930.0,
            130120.0,
            128446.0
        ],
        [
            21850.0,
            21784.0,
            21884.0,
            21910.0,
            21789.0
        ]
    ],
    "sim_time": 22.90381693840027
}