{
    "dni": 1000.0,
    "generated_rays": 19343464,
    "power_per_ray": 0.07108399486245352,
    "num_rays": 4797606.0,
    "avg_flux": 33399.93319151019,
    "peak_flux": 79371.21208329276,
    "min_flux": 6305.642749365069,
    "radius": 0.0,
    "bin_size_x": 0.06807059529144252,
    "bin_size_y": 6.0,
    "xvalues": [
        -0.13614119058288504,
        -0.0680705952914425,
        2.7755575615628914e-17,
        0.06807059529144252,
        0.13614119058288507
    ],
    "yvalues": [
        -12.0,
        -6.0,
        0.0,
        6.0,
        12.0
    ],
    "flux": [
        [
            36516.0,
            36418.0,
            36230.0,
            36707.0,
            36387.0
        ],
        [
            215687.0,
            216885.0,
            216451.0,
            216250.0,
            215662.0
        ],
        [
            453717.0,
            455998.0,
            456039.0,
            454524.0,
            453054.0
        ],
        [
            215406.0,
            215720.0,
            216095.0,
            216712.0,
            215343.0
        ],
        [
            36423.0,
            36353.0,
            36379.0,
            36370.0,
            36280.0
        ]
    ],
    "sim_time": 33.6220338344574
}