{
    "dni": 1000.0,
    "generated_rays": 1934150,
    "power_per_ray": 0.710912129668358,
    "num_rays": 479884.0,
    "avg_flux": 33411.91645458878,
    "peak_flux": 79421.22075282657,
    "min_flux": 6187.920570182749,
    "radius": 0.0,
    "bin_size_x": 0.06807059529144252,
    "bin_size_y": 6.0,
    "xvalues": [
        -0.13614119058288504,
        -0.0680705952914425,
        2.7755575615628914e-17,
        0.06807059529144252,
        0.13614119058288507
    ],
    "yvalues": [
        -12.0,
        -6.0,
        0.0,
        6.0,
        12.0
    ],
    "flux": [
        [
            3597.0,
            3686.0,
            3748.0,
            3591.0,
            3700.0
        ],
        [
            21712.0,
            21642.0,
            21713.0,
            21461.0,
            21436.0
        ],
        [
            45109.0,
            45628.0,
            45383.0,
            45512.0,
            44921.0
        ],
        [
            21571.0,
            21852.0,
            21803.0,
            21992.0,
            21564.0
        ],
        [
            3577.0,
            3805.0,
            3555.0,
            3656.0,
            3670.0
        ]
    ],
    "sim_time": 7.896444082260132
}