{
    "dni": 1000.0,
    "generated_rays": 387863,
    "power_per_ray": 3.5450937459826144,
    "num_rays": 95989.0,
    "avg_flux": 33327.1659249423,
    "peak_flux": 79898.88485636216,
    "min_flux": 5937.0817209942115,
    "radius": 0.0,
    "bin_size_x": 0.06807059529144252,
    "bin_size_y": 6.0,
    "xvalues": [
        -0.13614119058288504,
        -0.0680705952914425,
        2.7755575615628914e-17,
        0.06807059529144252,
        0.13614119058288507
    ],
    "yvalues": [
        -12.0,
        -6.0,
        0.0,
        6.0,
        12.0
    ],
    "flux": [
        [
            737.0,
            735.0,
            738.0,
            773.0,
            715.0
        ],
        [
            4437.0,
            4229.0,
            4311.0,
            4355.0,
            4302.0
        ],
        [
            9038.0,
            9205.0,
            9149.0,
            9057.0,
            8953.0
        ],
        [
            4343.0,
            4441.0,
            4358.0,
            4280.0,
            4188.0
        ],
        [
            771.0,
            714.0,
            684.0,
            760.0,
            716.0
        ]
    ],
    "sim_time": 1.5179545879364014
}