{
    "dni": 1000.0,
    "generated_rays": 51710996,
    "power_per_ray": 0.030116837976158484,
    "num_rays": 918646.0,
    "avg_flux": 2709.6097926955354,
    "peak_flux": 5881.883084565547,
    "min_flux": 0.0,
    "radius": 0.0,
    "bin_size_x": 0.06807059529144252,
    "bin_size_y": 6.0,
    "xvalues": [
        -0.13614119058288504,
        -0.0680705952914425,
        2.7755575615628914e-17,
        0.06807059529144252,
        0.13614119058288507
    ],
    "yvalues": [
        -12.0,
        -6.0,
        0.0,
        6.0,
        12.0
    ],
    "flux": [
        [
            0.0,
            44688.0,
            54563.0,
            54840.0,
            54472.0
        ],
        [
            0.0,
            79766.0,
            76937.0,
            76933.0,
            76299.0
        ],
        [
            0.0,
            77245.0,
            52310.0,
            52104.0,
            51811.0
        ],
        [
            0.0,
            48077.0,
            22492.0,
            22821.0,
            22530.0
        ],
        [
            0.0,
            20425.0,
            10130.0,
            10062.0,
            10141.0
        ]
    ],
    "sim_time": 28.873890161514282
}