{
    "dni": 1000.0,
    "generated_rays": 386998,
    "power_per_ray": 3.5530175752796005,
    "num_rays": 95944.0,
    "avg_flux": 33385.99844109007,
    "peak_flux": 79703.399305133,
    "min_flux": 6159.1362920796955,
    "radius": 0.0,
    "bin_size_x": 0.06807059529144252,
    "bin_size_y": 6.0,
    "xvalues": [
        -0.13614119058288504,
        -0.0680705952914425,
        2.7755575615628914e-17,
        0.06807059529144252,
        0.13614119058288507
    ],
    "yvalues": [
        -12.0,
        -6.0,
        0.0,
        6.0,
        12.0
    ],
    "flux": [
        [
            708.0,
            725.0,
            743.0,
            733.0,
            752.0
        ],
        [
            4295.0,
            4360.0,
            4345.0,
            4288.0,
            4287.0
        ],
        [
            9113.0,
            9036.0,
            9094.0,
            9162.0,
            9090.0
        ],
        [
            4276.0,
            4276.0,
            4387.0,
            4182.0,
            4329.0
        ],
        [
            746.0,
            775.0,
            753.0,
            727.0,
            762.0
        ]
    ],
    "sim_time": 1.494067668914795
}