{
    "dni": 1000.0,
    "generated_rays": 34448672,
    "power_per_ray": 0.04520846806860304,
    "num_rays": 612477.0,
    "avg_flux": 2711.8069389289567,
    "peak_flux": 5887.830673458311,
    "min_flux": 0.0,
    "radius": 0.0,
    "bin_size_x": 0.06807059529144252,
    "bin_size_y": 6.0,
    "xvalues": [
        -0.13614119058288504,
        -0.0680705952914425,
        2.7755575615628914e-17,
        0.06807059529144252,
        0.13614119058288507
    ],
    "yvalues": [
        -12.0,
        -6.0,
        0.0,
        6.0,
        12.0
    ],
    "flux": [
        [
            0.0,
            29754.0,
            36612.0,
            36648.0,
            36379.0
        ],
        [
            0.0,
            53192.0,
            51099.0,
            51071.0,
            50797.0
        ],
        [
            0.0,
            51632.0,
            34691.0,
            34887.0,
            34730.0
        ],
        [
            0.0,
            32081.0,
            15090.0,
            15152.0,
            14928.0
        ],
        [
            0.0,
            13405.0,
            6768.0,
            6729.0,
            6832.0
        ]
    ],
    "sim_time": 20.15175986289978
}