{
    "dni": 1000.0,
    "generated_rays": 1729239,
    "power_per_ray": 0.9006110133519887,
    "num_rays": 30750.0,
    "avg_flux": 2712.261541810959,
    "peak_flux": 5947.129575824517,
    "min_flux": 0.0,
    "radius": 0.0,
    "bin_size_x": 0.06807059529144252,
    "bin_size_y": 6.0,
    "xvalues": [
        -0.13614119058288504,
        -0.0680705952914425,
        2.7755575615628914e-17,
        0.06807059529144252,
        0.13614119058288507
    ],
    "yvalues": [
        -12.0,
        -6.0,
        0.0,
        6.0,
        12.0
    ],
    "flux": [
        [
            0.0,
            1490.0,
            1824.0,
            1863.0,
            1847.0
        ],
        [
            0.0,
            2697.0,
            2529.0,
            2587.0,
            2571.0
        ],
        [
            0.0,
            2599.0,
            1736.0,
            1755.0,
            1722.0
        ],
        [
            0.0,
            1646.0,
            762.0,
            742.0,
            765.0
        ],
        [
            0.0,
            642.0,
            341.0,
            328.0,
            304.0
        ]
    ],
    "sim_time": 2.8638386726379395
}