{
    "dni": 1000.0,
    "generated_rays": 172450716,
    "power_per_ray": 0.009030821815305073,
    "num_rays": 3061589.0,
    "avg_flux": 2707.842215112217,
    "peak_flux": 5860.563383824933,
    "min_flux": 0.0,
    "radius": 0.0,
    "bin_size_x": 0.06807059529144252,
    "bin_size_y": 6.0,
    "xvalues": [
        -0.13614119058288504,
        -0.0680705952914425,
        2.7755575615628914e-17,
        0.06807059529144252,
        0.13614119058288507
    ],
    "yvalues": [
        -12.0,
        -6.0,
        0.0,
        6.0,
        12.0
    ],
    "flux": [
        [
            0.0,
            148818.0,
            182729.0,
            183705.0,
            182230.0
        ],
        [
            0.0,
            265047.0,
            255934.0,
            255493.0,
            254206.0
        ],
        [
            0.0,
            258300.0,
            173901.0,
            173276.0,
            173838.0
        ],
        [
            0.0,
            159967.0,
            75174.0,
            75868.0,
            75513.0
        ],
        [
            0.0,
            67259.0,
            33423.0,
            33475.0,
            33433.0
        ]
    ],
    "sim_time": 69.11914253234863
}