{
    "dni": 1000.0,
    "generated_rays": 386392,
    "power_per_ray": 3.5585899697665964,
    "num_rays": 95943.0,
    "avg_flux": 33438.01103423368,
    "peak_flux": 81327.03662422928,
    "min_flux": 5959.684278012945,
    "radius": 0.0,
    "bin_size_x": 0.06807059529144252,
    "bin_size_y": 6.0,
    "xvalues": [
        -0.13614119058288504,
        -0.0680705952914425,
        2.7755575615628914e-17,
        0.06807059529144252,
        0.13614119058288507
    ],
    "yvalues": [
        -12.0,
        -6.0,
        0.0,
        6.0,
        12.0
    ],
    "flux": [
        [
            753.0,
            712.0,
            744.0,
            731.0,
            731.0
        ],
        [
            4271.0,
            4413.0,
            4345.0,
            4252.0,
            4390.0
        ],
        [
            9040.0,
            9132.0,
            9036.0,
            9334.0,
            8973.0
        ],
        [
            4299.0,
            4333.0,
            4381.0,
            4299.0,
            4250.0
        ],
        [
            715.0,
            684.0,
            687.0,
            744.0,
            694.0
        ]
    ],
    "sim_time": 1.554466724395752
}