{
    "dni": 1000.0,
    "generated_rays": 3455109,
    "power_per_ray": 0.45074458956802216,
    "num_rays": 61299.0,
    "avg_flux": 2706.0330996697594,
    "peak_flux": 5860.224375294223,
    "min_flux": 0.0,
    "radius": 0.0,
    "bin_size_x": 0.06807059529144252,
    "bin_size_y": 6.0,
    "xvalues": [
        -0.13614119058288504,
        -0.0680705952914425,
        2.7755575615628914e-17,
        0.06807059529144252,
        0.13614119058288507
    ],
    "yvalues": [
        -12.0,
        -6.0,
        0.0,
        6.0,
        12.0
    ],
    "flux": [
        [
            0.0,
            2971.0,
            3653.0,
            3655.0,
            3671.0
        ],
        [
            0.0,
            5310.0,
            5081.0,
            5105.0,
            5108.0
        ],
        [
            0.0,
            5257.0,
            3455.0,
            3469.0,
            3535.0
        ],
        [
            0.0,
            3243.0,
            1516.0,
            1478.0,
            1463.0
        ],
        [
            0.0,
            1306.0,
            687.0,
            653.0,
            683.0
        ]
    ],
    "sim_time": 5.839113235473633
}