{
    "dni": 1000.0,
    "generated_rays": 3453526,
    "power_per_ray": 0.45095119831667096,
    "num_rays": 61198.0,
    "avg_flux": 2702.812799606687,
    "peak_flux": 6007.551081187287,
    "min_flux": 0.0,
    "radius": 0.0,
    "bin_size_x": 0.06807059529144252,
    "bin_size_y": 6.0,
    "xvalues": [
        -0.13614119058288504,
        -0.0680705952914425,
        2.7755575615628914e-17,
        0.06807059529144252,
        0.13614119058288507
    ],
    "yvalues": [
        -12.0,
        -6.0,
        0.0,
        6.0,
        12.0
    ],
    "flux": [
        [
            0.0,
            2947.0,
            3551.0,
            3735.0,
            3689.0
        ],
        [
            0.0,
            5441.0,
            5116.0,
            5066.0,
            5147.0
        ],
        [
            0.0,
            5147.0,
            3531.0,
            3499.0,
            3413.0
        ],
        [
            0.0,
            3198.0,
            1442.0,
            1516.0,
            1461.0
        ],
        [
            0.0,
            1365.0,
            661.0,
            632.0,
            641.0
        ]
    ],
    "sim_time": 6.028433084487915
}