{
    "dni": 1000.0,
    "generated_rays": 386926,
    "power_per_ray": 3.5536787282272444,
    "num_rays": 95924.0,
    "avg_flux": 33385.250206494005,
    "peak_flux": 79779.13742737572,
    "min_flux": 5977.562156462768,
    "radius": 0.0,
    "bin_size_x": 0.06807059529144252,
    "bin_size_y": 6.0,
    "xvalues": [
        -0.13614119058288504,
        -0.0680705952914425,
        2.7755575615628914e-17,
        0.06807059529144252,
        0.13614119058288507
    ],
    "yvalues": [
        -12.0,
        -6.0,
        0.0,
        6.0,
        12.0
    ],
    "flux": [
        [
            723.0,
            738.0,
            687.0,
            704.0,
            775.0
        ],
        [
            4361.0,
            4337.0,
            4331.0,
            4263.0,
            4386.0
        ],
        [
            9085.0,
            9106.0,
            9169.0,
            9114.0,
            8958.0
        ],
        [
            4227.0,
            4364.0,
            4215.0,
            4402.0,
            4393.0
        ],
        [
            705.0,
            704.0,
            739.0,
            728.0,
            710.0
        ]
    ],
    "sim_time": 1.5263373851776123
}