{
    "dni": 1000.0,
    "generated_rays": 8630443,
    "power_per_ray": 0.18045095577570924,
    "num_rays": 152878.0,
    "avg_flux": 2701.8010835139526,
    "peak_flux": 5870.061289977363,
    "min_flux": 0.0,
    "radius": 0.0,
    "bin_size_x": 0.06807059529144252,
    "bin_size_y": 6.0,
    "xvalues": [
        -0.13614119058288504,
        -0.0680705952914425,
        2.7755575615628914e-17,
        0.06807059529144252,
        0.13614119058288507
    ],
    "yvalues": [
        -12.0,
        -6.0,
        0.0,
        6.0,
        12.0
    ],
    "flux": [
        [
            0.0,
            7463.0,
            9170.0,
            9089.0,
            9129.0
        ],
        [
            0.0,
            13286.0,
            12840.0,
            12738.0,
            12616.0
        ],
        [
            0.0,
            13045.0,
            8622.0,
            8509.0,
            8737.0
        ],
        [
            0.0,
            7893.0,
            3806.0,
            3752.0,
            3861.0
        ],
        [
            0.0,
            3349.0,
            1670.0,
            1640.0,
            1663.0
        ]
    ],
    "sim_time": 14.755257368087769
}