{
    "dni": 1000.0,
    "generated_rays": 19337671,
    "power_per_ray": 0.07110528954588455,
    "num_rays": 4797574.0,
    "avg_flux": 33409.71598943281,
    "peak_flux": 79382.28029853066,
    "min_flux": 6312.58054623464,
    "radius": 0.0,
    "bin_size_x": 0.06807059529144252,
    "bin_size_y": 6.0,
    "xvalues": [
        -0.13614119058288504,
        -0.0680705952914425,
        2.7755575615628914e-17,
        0.06807059529144252,
        0.13614119058288507
    ],
    "yvalues": [
        -12.0,
        -6.0,
        0.0,
        6.0,
        12.0
    ],
    "flux": [
        [
            36505.0,
            36403.0,
            36339.0,
            36726.0,
            36338.0
        ],
        [
            215701.0,
            216958.0,
            216524.0,
            216812.0,
            215639.0
        ],
        [
            453577.0,
            455720.0,
            455966.0,
            454315.0,
            453187.0
        ],
        [
            214988.0,
            215909.0,
            216131.0,
            216682.0,
            215328.0
        ],
        [
            36329.0,
            36322.0,
            36504.0,
            36412.0,
            36259.0
        ]
    ],
    "sim_time": 34.611997842788696
}