{
    "dni": 1000.0,
    "generated_rays": 1722017,
    "power_per_ray": 0.9043881030894466,
    "num_rays": 30646.0,
    "avg_flux": 2714.424898505672,
    "peak_flux": 6042.930193191591,
    "min_flux": 0.0,
    "radius": 0.0,
    "bin_size_x": 0.06807059529144252,
    "bin_size_y": 6.0,
    "xvalues": [
        -0.13614119058288504,
        -0.0680705952914425,
        2.7755575615628914e-17,
        0.06807059529144252,
        0.13614119058288507
    ],
    "yvalues": [
        -12.0,
        -6.0,
        0.0,
        6.0,
        12.0
    ],
    "flux": [
        [
            0.0,
            1459.0,
            1843.0,
            1841.0,
            1836.0
        ],
        [
            0.0,
            2729.0,
            2449.0,
            2556.0,
            2524.0
        ],
        [
            0.0,
            2603.0,
            1745.0,
            1711.0,
            1764.0
        ],
        [
            0.0,
            1604.0,
            769.0,
            745.0,
            767.0
        ],
        [
            0.0,
            712.0,
            298.0,
            338.0,
            353.0
        ]
    ],
    "sim_time": 3.0144455432891846
}