{
    "dni": 1000.0,
    "generated_rays": 34449576,
    "power_per_ray": 0.04520728174180662,
    "num_rays": 612697.0,
    "avg_flux": 2712.709825514707,
    "peak_flux": 5885.794486171164,
    "min_flux": 0.0,
    "radius": 0.0,
    "bin_size_x": 0.06807059529144252,
    "bin_size_y": 6.0,
    "xvalues": [
        -0.13614119058288504,
        -0.0680705952914425,
        2.7755575615628914e-17,
        0.06807059529144252,
        0.13614119058288507
    ],
    "yvalues": [
        -12.0,
        -6.0,
        0.0,
        6.0,
        12.0
    ],
    "flux": [
        [
            0.0,
            30025.0,
            36626.0,
            36573.0,
            36370.0
        ],
        [
            0.0,
            53175.0,
            51290.0,
            51288.0,
            50774.0
        ],
        [
            0.0,
            51660.0,
            34645.0,
            34667.0,
            34469.0
        ],
        [
            0.0,
            32093.0,
            15102.0,
            15321.0,
            14811.0
        ],
        [
            0.0,
            13529.0,
            6799.0,
            6638.0,
            6842.0
        ]
    ],
    "sim_time": 20.31349205970764
}