{
    "dni": 1000.0,
    "generated_rays": 1738623,
    "power_per_ray": 0.8957500781467744,
    "num_rays": 30457.0,
    "avg_flux": 2671.918274776328,
    "peak_flux": 5787.825727365407,
    "min_flux": 0.0,
    "radius": 0.0,
    "bin_size_x": 0.06807059529144252,
    "bin_size_y": 6.0,
    "xvalues": [
        -0.13614119058288504,
        -0.0680705952914425,
        2.7755575615628914e-17,
        0.06807059529144252,
        0.13614119058288507
    ],
    "yvalues": [
        -12.0,
        -6.0,
        0.0,
        6.0,
        12.0
    ],
    "flux": [
        [
            0.0,
            1507.0,
            1785.0,
            1790.0,
            1819.0
        ],
        [
            0.0,
            2639.0,
            2564.0,
            2595.0,
            2541.0
        ],
        [
            0.0,
            2487.0,
            1732.0,
            1741.0,
            1728.0
        ],
        [
            0.0,
            1606.0,
            759.0,
            784.0,
            818.0
        ],
        [
            0.0,
            630.0,
            276.0,
            322.0,
            334.0
        ]
    ],
    "sim_time": 2.920724391937256
}