{
    "dni": 1000.0,
    "generated_rays": 3869638,
    "power_per_ray": 0.355333159225244,
    "num_rays": 959733.0,
    "avg_flux": 33399.145641142255,
    "peak_flux": 79557.3215156875,
    "min_flux": 6235.371629663316,
    "radius": 0.0,
    "bin_size_x": 0.06807059529144252,
    "bin_size_y": 6.0,
    "xvalues": [
        -0.13614119058288504,
        -0.0680705952914425,
        2.7755575615628914e-17,
        0.06807059529144252,
        0.13614119058288507
    ],
    "yvalues": [
        -12.0,
        -6.0,
        0.0,
        6.0,
        12.0
    ],
    "flux": [
        [
            7301.0,
            7189.0,
            7482.0,
            7323.0,
            7167.0
        ],
        [
            42919.0,
            42998.0,
            43365.0,
            42975.0,
            43053.0
        ],
        [
            90346.0,
            91444.0,
            91115.0,
            91148.0,
            91212.0
        ],
        [
            43066.0,
            43344.0,
            43143.0,
            43374.0,
            43313.0
        ],
        [
            7253.0,
            7342.0,
            7301.0,
            7273.0,
            7287.0
        ]
    ],
    "sim_time": 9.625622272491455
}