{
    "dni": 1000.0,
    "generated_rays": 103440340,
    "power_per_ray": 0.015055747961750509,
    "num_rays": 1837374.0,
    "avg_flux": 2709.2500794735993,
    "peak_flux": 5866.315719435314,
    "min_flux": 0.0,
    "radius": 0.0,
    "bin_size_x": 0.06807059529144252,
    "bin_size_y": 6.0,
    "xvalues": [
        -0.13614119058288504,
        -0.0680705952914425,
        2.7755575615628914e-17,
        0.06807059529144252,
        0.13614119058288507
    ],
    "yvalues": [
        -12.0,
        -6.0,
        0.0,
        6.0,
        12.0
    ],
    "flux": [
        [
            0.0,
            89484.0,
            109474.0,
            109968.0,
            109521.0
        ],
        [
            0.0,
            159138.0,
            153372.0,
            153249.0,
            152189.0
        ],
        [
            0.0,
            154822.0,
            104660.0,
            104274.0,
            104250.0
        ],
        [
            0.0,
            96097.0,
            45307.0,
            45640.0,
            45185.0
        ],
        [
            0.0,
            40436.0,
            20134.0,
            20051.0,
            20123.0
        ]
    ],
    "sim_time": 46.72035217285156
}