{
    "dni": 1000.0,
    "generated_rays": 19338350,
    "power_per_ray": 0.07110279292690715,
    "num_rays": 4797745.0,
    "avg_flux": 33409.7337027392,
    "peak_flux": 79413.61486129901,
    "min_flux": 6307.310267897946,
    "radius": 0.0,
    "bin_size_x": 0.06807059529144252,
    "bin_size_y": 6.0,
    "xvalues": [
        -0.13614119058288504,
        -0.0680705952914425,
        2.7755575615628914e-17,
        0.06807059529144252,
        0.13614119058288507
    ],
    "yvalues": [
        -12.0,
        -6.0,
        0.0,
        6.0,
        12.0
    ],
    "flux": [
        [
            36554.0,
            36310.0,
            36244.0,
            36750.0,
            36298.0
        ],
        [
            215436.0,
            217032.0,
            216631.0,
            216395.0,
            215685.0
        ],
        [
            453679.0,
            456162.0,
            456087.0,
            454417.0,
            453000.0
        ],
        [
            215176.0,
            215898.0,
            216198.0,
            216758.0,
            215279.0
        ],
        [
            36230.0,
            36432.0,
            36339.0,
            36487.0,
            36268.0
        ]
    ],
    "sim_time": 34.054299116134644
}