{
    "dni": 1000.0,
    "generated_rays": 51698496,
    "power_per_ray": 0.030124119821934074,
    "num_rays": 918947.0,
    "avg_flux": 2711.1529747888994,
    "peak_flux": 5877.920979660737,
    "min_flux": 0.0,
    "radius": 0.0,
    "bin_size_x": 0.06807059529144252,
    "bin_size_y": 6.0,
    "xvalues": [
        -0.13614119058288504,
        -0.0680705952914425,
        2.7755575615628914e-17,
        0.06807059529144252,
        0.13614119058288507
    ],
    "yvalues": [
        -12.0,
        -6.0,
        0.0,
        6.0,
        12.0
    ],
    "flux": [
        [
            0.0,
            44600.0,
            54705.0,
            54881.0,
            54639.0
        ],
        [
            0.0,
            79693.0,
            76833.0,
            76921.0,
            76339.0
        ],
        [
            0.0,
            77402.0,
            52229.0,
            52268.0,
            51863.0
        ],
        [
            0.0,
            48101.0,
            22433.0,
            22800.0,
            22410.0
        ],
        [
            0.0,
            20505.0,
            10042.0,
            10075.0,
            10208.0
        ]
    ],
    "sim_time": 29.301299571990967
}