{
    "dni": 1000.0,
    "generated_rays": 1935178,
    "power_per_ray": 0.7105344808581199,
    "num_rays": 479823.0,
    "avg_flux": 33389.922599138845,
    "peak_flux": 79897.46142265224,
    "min_flux": 6217.687739506143,
    "radius": 0.0,
    "bin_size_x": 0.06807059529144252,
    "bin_size_y": 6.0,
    "xvalues": [
        -0.13614119058288504,
        -0.0680705952914425,
        2.7755575615628914e-17,
        0.06807059529144252,
        0.13614119058288507
    ],
    "yvalues": [
        -12.0,
        -6.0,
        0.0,
        6.0,
        12.0
    ],
    "flux": [
        [
            3662.0,
            3639.0,
            3610.0,
            3672.0,
            3611.0
        ],
        [
            21606.0,
            21969.0,
            21696.0,
            21678.0,
            21649.0
        ],
        [
            45534.0,
            45692.0,
            45926.0,
            45386.0,
            45371.0
        ],
        [
            21241.0,
            21636.0,
            21222.0,
            21488.0,
            21471.0
        ],
        [
            3683.0,
            3590.0,
            3582.0,
            3635.0,
            3574.0
        ]
    ],
    "sim_time": 7.592085123062134
}