{
    "dni": 1000.0,
    "generated_rays": 8625492,
    "power_per_ray": 0.1805545339463279,
    "num_rays": 152875.0,
    "avg_flux": 2703.298857983778,
    "peak_flux": 5881.830139897656,
    "min_flux": 0.0,
    "radius": 0.0,
    "bin_size_x": 0.06807059529144252,
    "bin_size_y": 6.0,
    "xvalues": [
        -0.13614119058288504,
        -0.0680705952914425,
        2.7755575615628914e-17,
        0.06807059529144252,
        0.13614119058288507
    ],
    "yvalues": [
        -12.0,
        -6.0,
        0.0,
        6.0,
        12.0
    ],
    "flux": [
        [
            0.0,
            7580.0,
            9146.0,
            9135.0,
            9125.0
        ],
        [
            0.0,
            13305.0,
            12817.0,
            12406.0,
            12738.0
        ],
        [
            0.0,
            12990.0,
            8645.0,
            8791.0,
            8620.0
        ],
        [
            0.0,
            7949.0,
            3658.0,
            3758.0,
            3769.0
        ],
        [
            0.0,
            3449.0,
            1692.0,
            1676.0,
            1626.0
        ]
    ],
    "sim_time": 14.154080152511597
}