{
    "dni": 1000.0,
    "generated_rays": 8612770,
    "power_per_ray": 0.18082123267169325,
    "num_rays": 153026.0,
    "avg_flux": 2709.966012230747,
    "peak_flux": 5860.855356264724,
    "min_flux": 0.0,
    "radius": 0.0,
    "bin_size_x": 0.06807059529144252,
    "bin_size_y": 6.0,
    "xvalues": [
        -0.13614119058288504,
        -0.0680705952914425,
        2.7755575615628914e-17,
        0.06807059529144252,
        0.13614119058288507
    ],
    "yvalues": [
        -12.0,
        -6.0,
        0.0,
        6.0,
        12.0
    ],
    "flux": [
        [
            0.0,
            7363.0,
            9036.0,
            9166.0,
            9107.0
        ],
        [
            0.0,
            13238.0,
            12833.0,
            12824.0,
            12696.0
        ],
        [
            0.0,
            13095.0,
            8695.0,
            8687.0,
            8575.0
        ],
        [
            0.0,
            8021.0,
            3669.0,
            3802.0,
            3869.0
        ],
        [
            0.0,
            3298.0,
            1706.0,
            1700.0,
            1646.0
        ]
    ],
    "sim_time": 14.446312189102173
}