{
    "dni": 1000.0,
    "generated_rays": 17249066,
    "power_per_ray": 0.090287305302083,
    "num_rays": 306202.0,
    "avg_flux": 2707.596267251874,
    "peak_flux": 5821.249739187171,
    "min_flux": 0.0,
    "radius": 0.0,
    "bin_size_x": 0.06807059529144252,
    "bin_size_y": 6.0,
    "xvalues": [
        -0.13614119058288504,
        -0.0680705952914425,
        2.7755575615628914e-17,
        0.06807059529144252,
        0.13614119058288507
    ],
    "yvalues": [
        -12.0,
        -6.0,
        0.0,
        6.0,
        12.0
    ],
    "flux": [
        [
            0.0,
            14556.0,
            18199.0,
            18099.0,
            18202.0
        ],
        [
            0.0,
            26333.0,
            25373.0,
            25767.0,
            25678.0
        ],
        [
            0.0,
            26203.0,
            17338.0,
            17397.0,
            17479.0
        ],
        [
            0.0,
            16109.0,
            7707.0,
            7774.0,
            7362.0
        ],
        [
            0.0,
            6594.0,
            3385.0,
            3253.0,
            3394.0
        ]
    ],
    "sim_time": 28.12721824645996
}