{
    "dni": 1000.0,
    "generated_rays": 17290641,
    "power_per_ray": 0.09007021128469322,
    "num_rays": 306050.0,
    "avg_flux": 2699.7450755016207,
    "peak_flux": 5855.769562963121,
    "min_flux": 0.0,
    "radius": 0.0,
    "bin_size_x": 0.06807059529144252,
    "bin_size_y": 6.0,
    "xvalues": [
        -0.13614119058288504,
        -0.0680705952914425,
        2.7755575615628914e-17,
        0.06807059529144252,
        0.13614119058288507
    ],
    "yvalues": [
        -12.0,
        -6.0,
        0.0,
        6.0,
        12.0
    ],
    "flux": [
        [
            0.0,
            14910.0,
            18432.0,
            18135.0,
            18362.0
        ],
        [
            0.0,
            26553.0,
            25517.0,
            25350.0,
            25451.0
        ],
        [
            0.0,
            25803.0,
            17122.0,
            17531.0,
            17322.0
        ],
        [
            0.0,
            15896.0,
            7496.0,
            7689.0,
            7602.0
        ],
        [
            0.0,
            6776.0,
            3324.0,
            3344.0,
            3435.0
        ]
    ],
    "sim_time": 29.12839937210083
}