{
    "dni": 1000.0,
    "generated_rays": 172436661,
    "power_per_ray": 0.00903155790123876,
    "num_rays": 3061528.0,
    "avg_flux": 2708.0089701854718,
    "peak_flux": 5864.181144142036,
    "min_flux": 0.0,
    "radius": 0.0,
    "bin_size_x": 0.06807059529144252,
    "bin_size_y": 6.0,
    "xvalues": [
        -0.13614119058288504,
        -0.0680705952914425,
        2.7755575615628914e-17,
        0.06807059529144252,
        0.13614119058288507
    ],
    "yvalues": [
        -12.0,
        -6.0,
        0.0,
        6.0,
        12.0
    ],
    "flux": [
        [
            0.0,
            149168.0,
            182733.0,
            183490.0,
            182161.0
        ],
        [
            0.0,
            265189.0,
            256138.0,
            255668.0,
            253962.0
        ],
        [
            0.0,
            258032.0,
            174093.0,
            173385.0,
            173741.0
        ],
        [
            0.0,
            160068.0,
            75209.0,
            75933.0,
            75365.0
        ],
        [
            0.0,
            67098.0,
            33416.0,
            33340.0,
            33339.0
        ]
    ],
    "sim_time": 71.17007374763489
}