{
    "dni": 1000.0,
    "generated_rays": 103493612,
    "power_per_ray": 0.01504799820995502,
    "num_rays": 1836618.0,
    "avg_flux": 2706.741362457827,
    "peak_flux": 5866.280481150309,
    "min_flux": 0.0,
    "radius": 0.0,
    "bin_size_x": 0.06807059529144252,
    "bin_size_y": 6.0,
    "xvalues": [
        -0.13614119058288504,
        -0.0680705952914425,
        2.7755575615628914e-17,
        0.06807059529144252,
        0.13614119058288507
    ],
    "yvalues": [
        -12.0,
        -6.0,
        0.0,
        6.0,
        12.0
    ],
    "flux": [
        [
            0.0,
            89436.0,
            109603.0,
            109978.0,
            109544.0
        ],
        [
            0.0,
            159219.0,
            153174.0,
            152897.0,
            152191.0
        ],
        [
            0.0,
            154914.0,
            104623.0,
            104225.0,
            104159.0
        ],
        [
            0.0,
            96075.0,
            45236.0,
            45667.0,
            45115.0
        ],
        [
            0.0,
            40333.0,
            20164.0,
            19982.0,
            20083.0
        ]
    ],
    "sim_time": 43.75424528121948
}