{
    "dni": 1000.0,
    "generated_rays": 8623461,
    "power_per_ray": 0.18059705820177993,
    "num_rays": 153205.0,
    "avg_flux": 2709.772326150742,
    "peak_flux": 5931.855317272968,
    "min_flux": 0.0,
    "radius": 0.0,
    "bin_size_x": 0.06807059529144252,
    "bin_size_y": 6.0,
    "xvalues": [
        -0.13614119058288504,
        -0.0680705952914425,
        2.7755575615628914e-17,
        0.06807059529144252,
        0.13614119058288507
    ],
    "yvalues": [
        -12.0,
        -6.0,
        0.0,
        6.0,
        12.0
    ],
    "flux": [
        [
            0.0,
            7317.0,
            8995.0,
            9102.0,
            9175.0
        ],
        [
            0.0,
            13415.0,
            13082.0,
            12704.0,
            12581.0
        ],
        [
            0.0,
            12803.0,
            8862.0,
            8810.0,
            8638.0
        ],
        [
            0.0,
            8069.0,
            3787.0,
            3790.0,
            3767.0
        ],
        [
            0.0,
            3328.0,
            1685.0,
            1592.0,
            1703.0
        ]
    ],
    "sim_time": 14.255226850509644
}