{
    "dni": 1000.0,
    "generated_rays": 103408667,
    "power_per_ray": 0.015060359380880323,
    "num_rays": 1837161.0,
    "avg_flux": 2709.7657250365187,
    "peak_flux": 5875.782378649301,
    "min_flux": 0.0,
    "radius": 0.0,
    "bin_size_x": 0.06807059529144252,
    "bin_size_y": 6.0,
    "xvalues": [
        -0.13614119058288504,
        -0.0680705952914425,
        2.7755575615628914e-17,
        0.06807059529144252,
        0.13614119058288507
    ],
    "yvalues": [
        -12.0,
        -6.0,
        0.0,
        6.0,
        12.0
    ],
    "flux": [
        [
            0.0,
            89386.0,
            109553.0,
            110073.0,
            109452.0
        ],
        [
            0.0,
            159346.0,
            153188.0,
            153193.0,
            152227.0
        ],
        [
            0.0,
            154840.0,
            104740.0,
            104380.0,
            104195.0
        ],
        [
            0.0,
            95961.0,
            45354.0,
            45778.0,
            45150.0
        ],
        [
            0.0,
            40199.0,
            20103.0,
            20012.0,
            20031.0
        ]
    ],
    "sim_time": 44.07523465156555
}