{
    "dni": 1000.0,
    "generated_rays": 103480770,
    "power_per_ray": 0.015049865671832356,
    "num_rays": 1836535.0,
    "avg_flux": 2706.9549324276627,
    "peak_flux": 5866.713699258939,
    "min_flux": 0.0,
    "radius": 0.0,
    "bin_size_x": 0.06807059529144252,
    "bin_size_y": 6.0,
    "xvalues": [
        -0.13614119058288504,
        -0.0680705952914425,
        2.7755575615628914e-17,
        0.06807059529144252,
        0.13614119058288507
    ],
    "yvalues": [
        -12.0,
        -6.0,
        0.0,
        6.0,
        12.0
    ],
    "flux": [
        [
            0.0,
            89280.0,
            109374.0,
            109805.0,
            109447.0
        ],
        [
            0.0,
            159211.0,
            153485.0,
            153163.0,
            152324.0
        ],
        [
            0.0,
            155115.0,
            104454.0,
            104493.0,
            104034.0
        ],
        [
            0.0,
            96050.0,
            45228.0,
            45538.0,
            45161.0
        ],
        [
            0.0,
            40332.0,
            20147.0,
            19848.0,
            20046.0
        ]
    ],
    "sim_time": 43.914252042770386
}