{
    "dni": 1000.0,
    "generated_rays": 967510,
    "power_per_ray": 1.4211849961220606,
    "num_rays": 239637.0,
    "avg_flux": 33354.44205216333,
    "peak_flux": 80554.68620325546,
    "min_flux": 5884.145761110365,
    "radius": 0.0,
    "bin_size_x": 0.06807059529144252,
    "bin_size_y": 6.0,
    "xvalues": [
        -0.13614119058288504,
        -0.0680705952914425,
        2.7755575615628914e-17,
        0.06807059529144252,
        0.13614119058288507
    ],
    "yvalues": [
        -12.0,
        -6.0,
        0.0,
        6.0,
        12.0
    ],
    "flux": [
        [
            1792.0,
            1888.0,
            1691.0,
            1829.0,
            1841.0
        ],
        [
            10756.0,
            10725.0,
            10859.0,
            10752.0,
            10632.0
        ],
        [
            22529.0,
            22579.0,
            22747.0,
            23150.0,
            22826.0
        ],
        [
            10830.0,
            10754.0,
            10787.0,
            10724.0,
            10804.0
        ],
        [
            1815.0,
            1888.0,
            1796.0,
            1852.0,
            1791.0
        ]
    ],
    "sim_time": 3.8762779235839844
}