{
    "dni": 1000.0,
    "generated_rays": 172479653,
    "power_per_ray": 0.009029306709689284,
    "num_rays": 3060993.0,
    "avg_flux": 2706.8608714112925,
    "peak_flux": 5857.391491573806,
    "min_flux": 0.0,
    "radius": 0.0,
    "bin_size_x": 0.06807059529144252,
    "bin_size_y": 6.0,
    "xvalues": [
        -0.13614119058288504,
        -0.0680705952914425,
        2.7755575615628914e-17,
        0.06807059529144252,
        0.13614119058288507
    ],
    "yvalues": [
        -12.0,
        -6.0,
        0.0,
        6.0,
        12.0
    ],
    "flux": [
        [
            0.0,
            148968.0,
            182526.0,
            183317.0,
            182281.0
        ],
        [
            0.0,
            264948.0,
            256171.0,
            255574.0,
            254138.0
        ],
        [
            0.0,
            258055.0,
            173599.0,
            173434.0,
            173830.0
        ],
        [
            0.0,
            160185.0,
            75256.0,
            75841.0,
            75391.0
        ],
        [
            0.0,
            67161.0,
            33390.0,
            33590.0,
            33338.0
        ]
    ],
    "sim_time": 70.52474355697632
}