{
    "dni": 1000.0,
    "generated_rays": 19339509,
    "power_per_ray": 0.07109853179819894,
    "num_rays": 4797888.0,
    "avg_flux": 33408.72722616754,
    "peak_flux": 79411.98911913486,
    "min_flux": 6318.943822691648,
    "radius": 0.0,
    "bin_size_x": 0.06807059529144252,
    "bin_size_y": 6.0,
    "xvalues": [
        -0.13614119058288504,
        -0.0680705952914425,
        2.7755575615628914e-17,
        0.06807059529144252,
        0.13614119058288507
    ],
    "yvalues": [
        -12.0,
        -6.0,
        0.0,
        6.0,
        12.0
    ],
    "flux": [
        [
            36485.0,
            36440.0,
            36301.0,
            36751.0,
            36385.0
        ],
        [
            215825.0,
            216854.0,
            216569.0,
            216589.0,
            215508.0
        ],
        [
            453432.0,
            456180.0,
            456032.0,
            454449.0,
            452989.0
        ],
        [
            215357.0,
            215683.0,
            216242.0,
            216618.0,
            215379.0
        ],
        [
            36427.0,
            36299.0,
            36354.0,
            36408.0,
            36332.0
        ]
    ],
    "sim_time": 34.068283557891846
}