{
    "dni": 1000.0,
    "generated_rays": 3867112,
    "power_per_ray": 0.3555652630691986,
    "num_rays": 959819.0,
    "avg_flux": 33423.95677826731,
    "peak_flux": 79829.54506778823,
    "min_flux": 6242.056317393608,
    "radius": 0.0,
    "bin_size_x": 0.06807059529144252,
    "bin_size_y": 6.0,
    "xvalues": [
        -0.13614119058288504,
        -0.0680705952914425,
        2.7755575615628914e-17,
        0.06807059529144252,
        0.13614119058288507
    ],
    "yvalues": [
        -12.0,
        -6.0,
        0.0,
        6.0,
        12.0
    ],
    "flux": [
        [
            7227.0,
            7170.0,
            7464.0,
            7411.0,
            7190.0
        ],
        [
            43175.0,
            43292.0,
            43153.0,
            43233.0,
            42909.0
        ],
        [
            90171.0,
            91697.0,
            91079.0,
            91072.0,
            91079.0
        ],
        [
            43131.0,
            43357.0,
            43085.0,
            43439.0,
            43146.0
        ],
        [
            7301.0,
            7368.0,
            7244.0,
            7228.0,
            7198.0
        ]
    ],
    "sim_time": 9.438328266143799
}