{
    "dni": 1000.0,
    "generated_rays": 191999,
    "power_per_ray": 7.161551339319761,
    "num_rays": 47990.0,
    "avg_flux": 33659.45283740465,
    "peak_flux": 82377.63566895554,
    "min_flux": 5733.820107226153,
    "radius": 0.0,
    "bin_size_x": 0.06807059529144252,
    "bin_size_y": 6.0,
    "xvalues": [
        -0.13614119058288504,
        -0.0680705952914425,
        2.7755575615628914e-17,
        0.06807059529144252,
        0.13614119058288507
    ],
    "yvalues": [
        -12.0,
        -6.0,
        0.0,
        6.0,
        12.0
    ],
    "flux": [
        [
            327.0,
            354.0,
            400.0,
            368.0,
            354.0
        ],
        [
            2238.0,
            2243.0,
            2161.0,
            2120.0,
            2159.0
        ],
        [
            4426.0,
            4698.0,
            4534.0,
            4524.0,
            4475.0
        ],
        [
            2108.0,
            2144.0,
            2130.0,
            2191.0,
            2169.0
        ],
        [
            401.0,
            383.0,
            389.0,
            350.0,
            344.0
        ]
    ],
    "sim_time": 0.7923128604888916
}