{
    "dni": 1000.0,
    "generated_rays": 193429,
    "power_per_ray": 7.108606752855336,
    "num_rays": 47879.0,
    "avg_flux": 33333.33394669148,
    "peak_flux": 80271.79774125454,
    "min_flux": 6039.530315744868,
    "radius": 0.0,
    "bin_size_x": 0.06807059529144252,
    "bin_size_y": 6.0,
    "xvalues": [
        -0.13614119058288504,
        -0.0680705952914425,
        2.7755575615628914e-17,
        0.06807059529144252,
        0.13614119058288507
    ],
    "yvalues": [
        -12.0,
        -6.0,
        0.0,
        6.0,
        12.0
    ],
    "flux": [
        [
            383.0,
            372.0,
            370.0,
            358.0,
            347.0
        ],
        [
            2160.0,
            2137.0,
            2136.0,
            2093.0,
            2151.0
        ],
        [
            4442.0,
            4524.0,
            4612.0,
            4484.0,
            4604.0
        ],
        [
            2197.0,
            2199.0,
            2173.0,
            2102.0,
            2174.0
        ],
        [
            366.0,
            369.0,
            372.0,
            370.0,
            384.0
        ]
    ],
    "sim_time": 0.8011910915374756
}