{
    "dni": 1000.0,
    "generated_rays": 386772,
    "power_per_ray": 3.5550936872318957,
    "num_rays": 95860.0,
    "avg_flux": 33376.259788235075,
    "peak_flux": 79819.60730704038,
    "min_flux": 5858.080230931099,
    "radius": 0.0,
    "bin_size_x": 0.06807059529144252,
    "bin_size_y": 6.0,
    "xvalues": [
        -0.13614119058288504,
        -0.0680705952914425,
        2.7755575615628914e-17,
        0.06807059529144252,
        0.13614119058288507
    ],
    "yvalues": [
        -12.0,
        -6.0,
        0.0,
        6.0,
        12.0
    ],
    "flux": [
        [
            721.0,
            708.0,
            737.0,
            701.0,
            753.0
        ],
        [
            4382.0,
            4298.0,
            4232.0,
            4369.0,
            4440.0
        ],
        [
            9085.0,
            9103.0,
            9120.0,
            9170.0,
            9028.0
        ],
        [
            4255.0,
            4275.0,
            4254.0,
            4216.0,
            4301.0
        ],
        [
            673.0,
            747.0,
            809.0,
            727.0,
            756.0
        ]
    ],
    "sim_time": 1.5932698249816895
}