{
    "dni": 1000.0,
    "generated_rays": 3446706,
    "power_per_ray": 0.4518434958240649,
    "num_rays": 61183.0,
    "avg_flux": 2707.497070910163,
    "peak_flux": 5911.019748080758,
    "min_flux": 0.0,
    "radius": 0.0,
    "bin_size_x": 0.06807059529144252,
    "bin_size_y": 6.0,
    "xvalues": [
        -0.13614119058288504,
        -0.0680705952914425,
        2.7755575615628914e-17,
        0.06807059529144252,
        0.13614119058288507
    ],
    "yvalues": [
        -12.0,
        -6.0,
        0.0,
        6.0,
        12.0
    ],
    "flux": [
        [
            0.0,
            2942.0,
            3835.0,
            3660.0,
            3561.0
        ],
        [
            0.0,
            5343.0,
            4984.0,
            5120.0,
            5093.0
        ],
        [
            0.0,
            5143.0,
            3438.0,
            3518.0,
            3480.0
        ],
        [
            0.0,
            3202.0,
            1470.0,
            1478.0,
            1611.0
        ],
        [
            0.0,
            1311.0,
            648.0,
            680.0,
            666.0
        ]
    ],
    "sim_time": 5.714098215103149
}