{
    "dni": 1000.0,
    "generated_rays": 17259833,
    "power_per_ray": 0.09023098242710573,
    "num_rays": 305835.0,
    "avg_flux": 2702.6640399272937,
    "peak_flux": 5883.233065481701,
    "min_flux": 0.0,
    "radius": 0.0,
    "bin_size_x": 0.06807059529144252,
    "bin_size_y": 6.0,
    "xvalues": [
        -0.13614119058288504,
        -0.0680705952914425,
        2.7755575615628914e-17,
        0.06807059529144252,
        0.13614119058288507
    ],
    "yvalues": [
        -12.0,
        -6.0,
        0.0,
        6.0,
        12.0
    ],
    "flux": [
        [
            0.0,
            14865.0,
            18298.0,
            18166.0,
            18123.0
        ],
        [
            0.0,
            26630.0,
            25348.0,
            25763.0,
            25543.0
        ],
        [
            0.0,
            25869.0,
            17385.0,
            17083.0,
            17377.0
        ],
        [
            0.0,
            15966.0,
            7657.0,
            7489.0,
            7532.0
        ],
        [
            0.0,
            6782.0,
            3377.0,
            3342.0,
            3240.0
        ]
    ],
    "sim_time": 28.534687757492065
}