{
    "dni": 1000.0,
    "generated_rays": 17237066,
    "power_per_ray": 0.09035016099130673,
    "num_rays": 306393.0,
    "avg_flux": 2711.1713222708327,
    "peak_flux": 5924.186258368574,
    "min_flux": 0.0,
    "radius": 0.0,
    "bin_size_x": 0.06807059529144252,
    "bin_size_y": 6.0,
    "xvalues": [
        -0.13614119058288504,
        -0.0680705952914425,
        2.7755575615628914e-17,
        0.06807059529144252,
        0.13614119058288507
    ],
    "yvalues": [
        -12.0,
        -6.0,
        0.0,
        6.0,
        12.0
    ],
    "flux": [
        [
            0.0,
            14948.0,
            18149.0,
            18394.0,
            18235.0
        ],
        [
            0.0,
            26780.0,
            25270.0,
            25673.0,
            25607.0
        ],
        [
            0.0,
            25824.0,
            17333.0,
            17333.0,
            17173.0
        ],
        [
            0.0,
            16026.0,
            7539.0,
            7588.0,
            7590.0
        ],
        [
            0.0,
            6868.0,
            3348.0,
            3246.0,
            3469.0
        ]
    ],
    "sim_time": 28.049428701400757
}