{
    "dni": 1000.0,
    "generated_rays": 17239080,
    "power_per_ray": 0.09033960560063412,
    "num_rays": 306232.0,
    "avg_flux": 2709.430112845536,
    "peak_flux": 5885.006921416469,
    "min_flux": 0.0,
    "radius": 0.0,
    "bin_size_x": 0.06807059529144252,
    "bin_size_y": 6.0,
    "xvalues": [
        -0.13614119058288504,
        -0.0680705952914425,
        2.7755575615628914e-17,
        0.06807059529144252,
        0.13614119058288507
    ],
    "yvalues": [
        -12.0,
        -6.0,
        0.0,
        6.0,
        12.0
    ],
    "flux": [
        [
            0.0,
            14847.0,
            18360.0,
            18240.0,
            18393.0
        ],
        [
            0.0,
            26606.0,
            25615.0,
            25417.0,
            25638.0
        ],
        [
            0.0,
            25623.0,
            17342.0,
            17298.0,
            17600.0
        ],
        [
            0.0,
            15814.0,
            7561.0,
            7542.0,
            7636.0
        ],
        [
            0.0,
            6650.0,
            3356.0,
            3328.0,
            3366.0
        ]
    ],
    "sim_time": 28.839991569519043
}