{
    "dni": 1000.0,
    "generated_rays": 17225794,
    "power_per_ray": 0.0904092832015627,
    "num_rays": 305824.0,
    "avg_flux": 2707.9072353688907,
    "peak_flux": 5820.038407083721,
    "min_flux": 0.0,
    "radius": 0.0,
    "bin_size_x": 0.06807059529144252,
    "bin_size_y": 6.0,
    "xvalues": [
        -0.13614119058288504,
        -0.0680705952914425,
        2.7755575615628914e-17,
        0.06807059529144252,
        0.13614119058288507
    ],
    "yvalues": [
        -12.0,
        -6.0,
        0.0,
        6.0,
        12.0
    ],
    "flux": [
        [
            0.0,
            14690.0,
            18352.0,
            18168.0,
            18320.0
        ],
        [
            0.0,
            26292.0,
            25454.0,
            25552.0,
            25764.0
        ],
        [
            0.0,
            25990.0,
            17138.0,
            17422.0,
            17318.0
        ],
        [
            0.0,
            15893.0,
            7564.0,
            7617.0,
            7637.0
        ],
        [
            0.0,
            6678.0,
            3325.0,
            3311.0,
            3339.0
        ]
    ],
    "sim_time": 28.70769190788269
}