{
    "dni": 1000.0,
    "generated_rays": 387449,
    "power_per_ray": 3.5488817769514305,
    "num_rays": 95950.0,
    "avg_flux": 33349.221744531795,
    "peak_flux": 80045.08356191425,
    "min_flux": 5969.4933138335955,
    "radius": 0.0,
    "bin_size_x": 0.06807059529144252,
    "bin_size_y": 6.0,
    "xvalues": [
        -0.13614119058288504,
        -0.0680705952914425,
        2.7755575615628914e-17,
        0.06807059529144252,
        0.13614119058288507
    ],
    "yvalues": [
        -12.0,
        -6.0,
        0.0,
        6.0,
        12.0
    ],
    "flux": [
        [
            712.0,
            722.0,
            739.0,
            750.0,
            687.0
        ],
        [
            4423.0,
            4319.0,
            4318.0,
            4446.0,
            4214.0
        ],
        [
            9212.0,
            9010.0,
            8980.0,
            9003.0,
            9067.0
        ],
        [
            4298.0,
            4348.0,
            4349.0,
            4340.0,
            4283.0
        ],
        [
            785.0,
            712.0,
            779.0,
            741.0,
            713.0
        ]
    ],
    "sim_time": 1.5849378108978271
}