{
    "dni": 1000.0,
    "generated_rays": 8628424,
    "power_per_ray": 0.1804931802282525,
    "num_rays": 153199.0,
    "avg_flux": 2708.1076245819404,
    "peak_flux": 5880.273378528467,
    "min_flux": 0.0,
    "radius": 0.0,
    "bin_size_x": 0.06807059529144252,
    "bin_size_y": 6.0,
    "xvalues": [
        -0.13614119058288504,
        -0.0680705952914425,
        2.7755575615628914e-17,
        0.06807059529144252,
        0.13614119058288507
    ],
    "yvalues": [
        -12.0,
        -6.0,
        0.0,
        6.0,
        12.0
    ],
    "flux": [
        [
            0.0,
            7588.0,
            9170.0,
            8988.0,
            9159.0
        ],
        [
            0.0,
            13306.0,
            12613.0,
            12888.0,
            12842.0
        ],
        [
            0.0,
            13057.0,
            8443.0,
            8747.0,
            8454.0
        ],
        [
            0.0,
            8024.0,
            3831.0,
            3804.0,
            3800.0
        ],
        [
            0.0,
            3383.0,
            1691.0,
            1671.0,
            1740.0
        ]
    ],
    "sim_time": 14.716661214828491
}