{
    "dni": 1000.0,
    "generated_rays": 51699921,
    "power_per_ray": 0.030123289513687642,
    "num_rays": 918357.0,
    "avg_flux": 2709.3376290187375,
    "peak_flux": 5871.711055281626,
    "min_flux": 0.0,
    "radius": 0.0,
    "bin_size_x": 0.06807059529144252,
    "bin_size_y": 6.0,
    "xvalues": [
        -0.13614119058288504,
        -0.0680705952914425,
        2.7755575615628914e-17,
        0.06807059529144252,
        0.13614119058288507
    ],
    "yvalues": [
        -12.0,
        -6.0,
        0.0,
        6.0,
        12.0
    ],
    "flux": [
        [
            0.0,
            44636.0,
            54718.0,
            55000.0,
            54269.0
        ],
        [
            0.0,
            79611.0,
            76904.0,
            76686.0,
            76385.0
        ],
        [
            0.0,
            77495.0,
            52197.0,
            52032.0,
            51983.0
        ],
        [
            0.0,
            48252.0,
            22385.0,
            22641.0,
            22560.0
        ],
        [
            0.0,
            20268.0,
            10072.0,
            10112.0,
            10151.0
        ]
    ],
    "sim_time": 28.617782831192017
}