{
    "dni": 1000.0,
    "generated_rays": 19337727,
    "power_per_ray": 0.07110508363253111,
    "num_rays": 4797469.0,
    "avg_flux": 33408.88803346583,
    "peak_flux": 79395.62993702455,
    "min_flux": 6300.723708788748,
    "radius": 0.0,
    "bin_size_x": 0.06807059529144252,
    "bin_size_y": 6.0,
    "xvalues": [
        -0.13614119058288504,
        -0.0680705952914425,
        2.7755575615628914e-17,
        0.06807059529144252,
        0.13614119058288507
    ],
    "yvalues": [
        -12.0,
        -6.0,
        0.0,
        6.0,
        12.0
    ],
    "flux": [
        [
            36639.0,
            36392.0,
            36262.0,
            36800.0,
            36394.0
        ],
        [
            215964.0,
            216591.0,
            216631.0,
            216775.0,
            215444.0
        ],
        [
            453270.0,
            455913.0,
            456044.0,
            454382.0,
            453252.0
        ],
        [
            215257.0,
            215843.0,
            216198.0,
            216490.0,
            215319.0
        ],
        [
            36360.0,
            36336.0,
            36360.0,
            36362.0,
            36191.0
        ]
    ],
    "sim_time": 34.14853310585022
}