{
    "dni": 1000.0,
    "generated_rays": 5798903,
    "power_per_ray": 0.2371156571506809,
    "num_rays": 1439730.0,
    "avg_flux": 33434.16479200054,
    "peak_flux": 79686.35016384354,
    "min_flux": 6279.370548475718,
    "radius": 0.0,
    "bin_size_x": 0.06807059529144252,
    "bin_size_y": 6.0,
    "xvalues": [
        -0.13614119058288504,
        -0.0680705952914425,
        2.7755575615628914e-17,
        0.06807059529144252,
        0.13614119058288507
    ],
    "yvalues": [
        -12.0,
        -6.0,
        0.0,
        6.0,
        12.0
    ],
    "flux": [
        [
            10979.0,
            10816.0,
            11045.0,
            11042.0,
            10859.0
        ],
        [
            64558.0,
            64686.0,
            65121.0,
            64928.0,
            64682.0
        ],
        [
            135800.0,
            137178.0,
            137257.0,
            136408.0,
            135867.0
        ],
        [
            64730.0,
            64826.0,
            64512.0,
            65092.0,
            64545.0
        ],
        [
            11048.0,
            11003.0,
            10926.0,
            10876.0,
            10946.0
        ]
    ],
    "sim_time": 12.907617807388306
}