{
    "dni": 1000.0,
    "generated_rays": 34438724,
    "power_per_ray": 0.04522152702631432,
    "num_rays": 612998.0,
    "avg_flux": 2714.8977230076243,
    "peak_flux": 5901.046538708706,
    "min_flux": 0.0,
    "radius": 0.0,
    "bin_size_x": 0.06807059529144252,
    "bin_size_y": 6.0,
    "xvalues": [
        -0.13614119058288504,
        -0.0680705952914425,
        2.7755575615628914e-17,
        0.06807059529144252,
        0.13614119058288507
    ],
    "yvalues": [
        -12.0,
        -6.0,
        0.0,
        6.0,
        12.0
    ],
    "flux": [
        [
            0.0,
            29935.0,
            36579.0,
            36734.0,
            36383.0
        ],
        [
            0.0,
            53296.0,
            51357.0,
            51256.0,
            50789.0
        ],
        [
            0.0,
            51731.0,
            34667.0,
            34690.0,
            34696.0
        ],
        [
            0.0,
            31988.0,
            15138.0,
            15152.0,
            14832.0
        ],
        [
            0.0,
            13508.0,
            6764.0,
            6691.0,
            6812.0
        ]
    ],
    "sim_time": 20.074442863464355
}