{
    "dni": 1000.0,
    "generated_rays": 8599657,
    "power_per_ray": 0.18109695399686052,
    "num_rays": 153168.0,
    "avg_flux": 2716.616783995153,
    "peak_flux": 5837.4236069701565,
    "min_flux": 0.0,
    "radius": 0.0,
    "bin_size_x": 0.06807059529144252,
    "bin_size_y": 6.0,
    "xvalues": [
        -0.13614119058288504,
        -0.0680705952914425,
        2.7755575615628914e-17,
        0.06807059529144252,
        0.13614119058288507
    ],
    "yvalues": [
        -12.0,
        -6.0,
        0.0,
        6.0,
        12.0
    ],
    "flux": [
        [
            0.0,
            7492.0,
            9052.0,
            9095.0,
            9165.0
        ],
        [
            0.0,
            13165.0,
            12860.0,
            12819.0,
            12824.0
        ],
        [
            0.0,
            12965.0,
            8782.0,
            8665.0,
            8714.0
        ],
        [
            0.0,
            7912.0,
            3807.0,
            3759.0,
            3772.0
        ],
        [
            0.0,
            3306.0,
            1651.0,
            1641.0,
            1722.0
        ]
    ],
    "sim_time": 14.243707656860352
}