{
    "dni": 1000.0,
    "generated_rays": 385079,
    "power_per_ray": 3.570723658257279,
    "num_rays": 95813.0,
    "avg_flux": 33506.56225876671,
    "peak_flux": 80450.30056077238,
    "min_flux": 6128.630807770205,
    "radius": 0.0,
    "bin_size_x": 0.06807059529144252,
    "bin_size_y": 6.0,
    "xvalues": [
        -0.13614119058288504,
        -0.0680705952914425,
        2.7755575615628914e-17,
        0.06807059529144252,
        0.13614119058288507
    ],
    "yvalues": [
        -12.0,
        -6.0,
        0.0,
        6.0,
        12.0
    ],
    "flux": [
        [
            737.0,
            739.0,
            718.0,
            708.0,
            724.0
        ],
        [
            4286.0,
            4293.0,
            4357.0,
            4457.0,
            4260.0
        ],
        [
            9185.0,
            9026.0,
            9202.0,
            9094.0,
            8921.0
        ],
        [
            4234.0,
            4241.0,
            4424.0,
            4256.0,
            4328.0
        ],
        [
            707.0,
            765.0,
            749.0,
            701.0,
            701.0
        ]
    ],
    "sim_time": 1.6136550903320312
}