{
    "dni": 1000.0,
    "generated_rays": 8632120,
    "power_per_ray": 0.1804158987731611,
    "num_rays": 153155.0,
    "avg_flux": 2706.1706412584863,
    "peak_flux": 5876.430420270583,
    "min_flux": 0.0,
    "radius": 0.0,
    "bin_size_x": 0.06807059529144252,
    "bin_size_y": 6.0,
    "xvalues": [
        -0.13614119058288504,
        -0.0680705952914425,
        2.7755575615628914e-17,
        0.06807059529144252,
        0.13614119058288507
    ],
    "yvalues": [
        -12.0,
        -6.0,
        0.0,
        6.0,
        12.0
    ],
    "flux": [
        [
            0.0,
            7504.0,
            9088.0,
            8967.0,
            9242.0
        ],
        [
            0.0,
            13303.0,
            12698.0,
            12603.0,
            12863.0
        ],
        [
            0.0,
            13047.0,
            8515.0,
            8664.0,
            8576.0
        ],
        [
            0.0,
            7965.0,
            3896.0,
            3808.0,
            3885.0
        ],
        [
            0.0,
            3407.0,
            1722.0,
            1692.0,
            1710.0
        ]
    ],
    "sim_time": 14.905266761779785
}