{
    "dni": 1000.0,
    "generated_rays": 1931449,
    "power_per_ray": 0.7119062919072958,
    "num_rays": 479731.0,
    "avg_flux": 33447.97322649667,
    "peak_flux": 79523.57063189878,
    "min_flux": 6283.726894943233,
    "radius": 0.0,
    "bin_size_x": 0.06807059529144252,
    "bin_size_y": 6.0,
    "xvalues": [
        -0.13614119058288504,
        -0.0680705952914425,
        2.7755575615628914e-17,
        0.06807059529144252,
        0.13614119058288507
    ],
    "yvalues": [
        -12.0,
        -6.0,
        0.0,
        6.0,
        12.0
    ],
    "flux": [
        [
            3766.0,
            3605.0,
            3623.0,
            3717.0,
            3682.0
        ],
        [
            21782.0,
            21682.0,
            21649.0,
            21742.0,
            21481.0
        ],
        [
            45007.0,
            45309.0,
            45323.0,
            45623.0,
            45415.0
        ],
        [
            21595.0,
            21811.0,
            21537.0,
            21377.0,
            21848.0
        ],
        [
            3623.0,
            3631.0,
            3606.0,
            3627.0,
            3670.0
        ]
    ],
    "sim_time": 7.625866174697876
}