{
    "dni": 1000.0,
    "generated_rays": 11604278,
    "power_per_ray": 0.11849170586899545,
    "num_rays": 2879096.0,
    "avg_flux": 33411.29356858426,
    "peak_flux": 79457.9712048839,
    "min_flux": 6277.609102275733,
    "radius": 0.0,
    "bin_size_x": 0.06807059529144252,
    "bin_size_y": 6.0,
    "xvalues": [
        -0.13614119058288504,
        -0.0680705952914425,
        2.7755575615628914e-17,
        0.06807059529144252,
        0.13614119058288507
    ],
    "yvalues": [
        -12.0,
        -6.0,
        0.0,
        6.0,
        12.0
    ],
    "flux": [
        [
            22065.0,
            21867.0,
            21835.0,
            22036.0,
            21638.0
        ],
        [
            129259.0,
            129976.0,
            130366.0,
            130110.0,
            129271.0
        ],
        [
            272347.0,
            273605.0,
            273880.0,
            272837.0,
            271627.0
        ],
        [
            128940.0,
            129481.0,
            129825.0,
            130121.0,
            128785.0
        ],
        [
            21939.0,
            21736.0,
            21849.0,
            21873.0,
            21828.0
        ]
    ],
    "sim_time": 22.046486616134644
}