{
    "dni": 1000.0,
    "generated_rays": 17237260,
    "power_per_ray": 0.09034914412834635,
    "num_rays": 306274.0,
    "avg_flux": 2710.087828700966,
    "peak_flux": 5882.310076352171,
    "min_flux": 0.0,
    "radius": 0.0,
    "bin_size_x": 0.06807059529144252,
    "bin_size_y": 6.0,
    "xvalues": [
        -0.13614119058288504,
        -0.0680705952914425,
        2.7755575615628914e-17,
        0.06807059529144252,
        0.13614119058288507
    ],
    "yvalues": [
        -12.0,
        -6.0,
        0.0,
        6.0,
        12.0
    ],
    "flux": [
        [
            0.0,
            14909.0,
            18535.0,
            18161.0,
            18209.0
        ],
        [
            0.0,
            26591.0,
            25561.0,
            25439.0,
            25532.0
        ],
        [
            0.0,
            26065.0,
            17362.0,
            17465.0,
            17092.0
        ],
        [
            0.0,
            16115.0,
            7552.0,
            7402.0,
            7634.0
        ],
        [
            0.0,
            6778.0,
            3262.0,
            3285.0,
            3325.0
        ]
    ],
    "sim_time": 28.24260926246643
}