{
    "dni": 1000.0,
    "generated_rays": 19341955,
    "power_per_ray": 0.07108954061769117,
    "num_rays": 4797840.0,
    "avg_flux": 33404.16813817813,
    "peak_flux": 79377.23032342929,
    "min_flux": 6311.5305056988,
    "radius": 0.0,
    "bin_size_x": 0.06807059529144252,
    "bin_size_y": 6.0,
    "xvalues": [
        -0.13614119058288504,
        -0.0680705952914425,
        2.7755575615628914e-17,
        0.06807059529144252,
        0.13614119058288507
    ],
    "yvalues": [
        -12.0,
        -6.0,
        0.0,
        6.0,
        12.0
    ],
    "flux": [
        [
            36548.0,
            36420.0,
            36412.0,
            36727.0,
            36261.0
        ],
        [
            215601.0,
            217027.0,
            216636.0,
            216498.0,
            215288.0
        ],
        [
            453830.0,
            455739.0,
            456038.0,
            454606.0,
            453157.0
        ],
        [
            215353.0,
            215850.0,
            216000.0,
            216682.0,
            215268.0
        ],
        [
            36374.0,
            36327.0,
            36383.0,
            36478.0,
            36337.0
        ]
    ],
    "sim_time": 33.74431920051575
}