{
    "dni": 1000.0,
    "generated_rays": 17306210,
    "power_per_ray": 0.08998918238700325,
    "num_rays": 305947.0,
    "avg_flux": 2696.4085609338626,
    "peak_flux": 5883.1108807648925,
    "min_flux": 0.0,
    "radius": 0.0,
    "bin_size_x": 0.06807059529144252,
    "bin_size_y": 6.0,
    "xvalues": [
        -0.13614119058288504,
        -0.0680705952914425,
        2.7755575615628914e-17,
        0.06807059529144252,
        0.13614119058288507
    ],
    "yvalues": [
        -12.0,
        -6.0,
        0.0,
        6.0,
        12.0
    ],
    "flux": [
        [
            0.0,
            14724.0,
            18483.0,
            18226.0,
            18337.0
        ],
        [
            0.0,
            26701.0,
            25600.0,
            25505.0,
            25724.0
        ],
        [
            0.0,
            25621.0,
            17022.0,
            17406.0,
            17561.0
        ],
        [
            0.0,
            15837.0,
            7510.0,
            7480.0,
            7623.0
        ],
        [
            0.0,
            6724.0,
            3265.0,
            3332.0,
            3266.0
        ]
    ],
    "sim_time": 28.5146427154541
}