{
    "dni": 1000.0,
    "generated_rays": 1937186,
    "power_per_ray": 0.7097979727285118,
    "num_rays": 479844.0,
    "avg_flux": 33356.771938279926,
    "peak_flux": 79258.51636246334,
    "min_flux": 6235.573317294183,
    "radius": 0.0,
    "bin_size_x": 0.06807059529144252,
    "bin_size_y": 6.0,
    "xvalues": [
        -0.13614119058288504,
        -0.0680705952914425,
        2.7755575615628914e-17,
        0.06807059529144252,
        0.13614119058288507
    ],
    "yvalues": [
        -12.0,
        -6.0,
        0.0,
        6.0,
        12.0
    ],
    "flux": [
        [
            3588.0,
            3642.0,
            3622.0,
            3690.0,
            3607.0
        ],
        [
            21487.0,
            21657.0,
            21557.0,
            21930.0,
            21501.0
        ],
        [
            45606.0,
            45538.0,
            45444.0,
            45484.0,
            45462.0
        ],
        [
            21558.0,
            21768.0,
            21527.0,
            21572.0,
            21308.0
        ],
        [
            3640.0,
            3655.0,
            3615.0,
            3660.0,
            3726.0
        ]
    ],
    "sim_time": 7.708293199539185
}