{
    "dni": 1000.0,
    "generated_rays": 5800755,
    "power_per_ray": 0.237039953522956,
    "num_rays": 1439813.0,
    "avg_flux": 33425.417160964505,
    "peak_flux": 79688.18655389745,
    "min_flux": 6235.5785434879845,
    "radius": 0.0,
    "bin_size_x": 0.06807059529144252,
    "bin_size_y": 6.0,
    "xvalues": [
        -0.13614119058288504,
        -0.0680705952914425,
        2.7755575615628914e-17,
        0.06807059529144252,
        0.13614119058288507
    ],
    "yvalues": [
        -12.0,
        -6.0,
        0.0,
        6.0,
        12.0
    ],
    "flux": [
        [
            10973.0,
            10782.0,
            11081.0,
            11037.0,
            10744.0
        ],
        [
            64990.0,
            64850.0,
            65089.0,
            64834.0,
            64606.0
        ],
        [
            136150.0,
            137304.0,
            136846.0,
            136478.0,
            135950.0
        ],
        [
            64432.0,
            64914.0,
            64699.0,
            64911.0,
            64573.0
        ],
        [
            11026.0,
            10980.0,
            10861.0,
            10838.0,
            10865.0
        ]
    ],
    "sim_time": 12.735136985778809
}