{
    "dni": 1000.0,
    "generated_rays": 3867469,
    "power_per_ray": 0.35553244139721735,
    "num_rays": 959707.0,
    "avg_flux": 33416.97162826624,
    "peak_flux": 79669.83874667433,
    "min_flux": 6182.286169214845,
    "radius": 0.0,
    "bin_size_x": 0.06807059529144252,
    "bin_size_y": 6.0,
    "xvalues": [
        -0.13614119058288504,
        -0.0680705952914425,
        2.7755575615628914e-17,
        0.06807059529144252,
        0.13614119058288507
    ],
    "yvalues": [
        -12.0,
        -6.0,
        0.0,
        6.0,
        12.0
    ],
    "flux": [
        [
            7351.0,
            7102.0,
            7465.0,
            7333.0,
            7209.0
        ],
        [
            43095.0,
            43027.0,
            43146.0,
            43119.0,
            42969.0
        ],
        [
            90527.0,
            91522.0,
            91303.0,
            91498.0,
            90792.0
        ],
        [
            43192.0,
            43212.0,
            43039.0,
            43202.0,
            43330.0
        ],
        [
            7251.0,
            7348.0,
            7263.0,
            7225.0,
            7187.0
        ]
    ],
    "sim_time": 9.513784408569336
}