{
    "dni": 1000.0,
    "generated_rays": 967977,
    "power_per_ray": 1.420499346160141,
    "num_rays": 239923.0,
    "avg_flux": 33378.13859955322,
    "peak_flux": 79799.35354552805,
    "min_flux": 5916.087011024373,
    "radius": 0.0,
    "bin_size_x": 0.06807059529144252,
    "bin_size_y": 6.0,
    "xvalues": [
        -0.13614119058288504,
        -0.0680705952914425,
        2.7755575615628914e-17,
        0.06807059529144252,
        0.13614119058288507
    ],
    "yvalues": [
        -12.0,
        -6.0,
        0.0,
        6.0,
        12.0
    ],
    "flux": [
        [
            1786.0,
            1955.0,
            1839.0,
            1775.0,
            1850.0
        ],
        [
            10792.0,
            10823.0,
            10747.0,
            10858.0,
            10780.0
        ],
        [
            22651.0,
            22614.0,
            22821.0,
            22825.0,
            22944.0
        ],
        [
            10766.0,
            10806.0,
            10812.0,
            10761.0,
            10749.0
        ],
        [
            1701.0,
            1862.0,
            1759.0,
            1791.0,
            1856.0
        ]
    ],
    "sim_time": 3.863562822341919
}