{
    "dni": 1000.0,
    "generated_rays": 1720078,
    "power_per_ray": 0.9054075967007191,
    "num_rays": 30672.0,
    "avg_flux": 2719.790308586263,
    "peak_flux": 5850.227099927579,
    "min_flux": 0.0,
    "radius": 0.0,
    "bin_size_x": 0.06807059529144252,
    "bin_size_y": 6.0,
    "xvalues": [
        -0.13614119058288504,
        -0.0680705952914425,
        2.7755575615628914e-17,
        0.06807059529144252,
        0.13614119058288507
    ],
    "yvalues": [
        -12.0,
        -6.0,
        0.0,
        6.0,
        12.0
    ],
    "flux": [
        [
            0.0,
            1474.0,
            1755.0,
            1770.0,
            1845.0
        ],
        [
            0.0,
            2639.0,
            2582.0,
            2479.0,
            2638.0
        ],
        [
            0.0,
            2604.0,
            1750.0,
            1764.0,
            1760.0
        ],
        [
            0.0,
            1639.0,
            723.0,
            796.0,
            727.0
        ],
        [
            0.0,
            677.0,
            330.0,
            351.0,
            369.0
        ]
    ],
    "sim_time": 2.825256586074829
}