{
    "dni": 1000.0,
    "generated_rays": 8638124,
    "power_per_ray": 0.18029049920072687,
    "num_rays": 153017.0,
    "avg_flux": 2701.853000117735,
    "peak_flux": 5889.120306006964,
    "min_flux": 0.0,
    "radius": 0.0,
    "bin_size_x": 0.06807059529144252,
    "bin_size_y": 6.0,
    "xvalues": [
        -0.13614119058288504,
        -0.0680705952914425,
        2.7755575615628914e-17,
        0.06807059529144252,
        0.13614119058288507
    ],
    "yvalues": [
        -12.0,
        -6.0,
        0.0,
        6.0,
        12.0
    ],
    "flux": [
        [
            0.0,
            7286.0,
            9135.0,
            9205.0,
            9267.0
        ],
        [
            0.0,
            13341.0,
            12832.0,
            12660.0,
            12763.0
        ],
        [
            0.0,
            12819.0,
            8842.0,
            8705.0,
            8693.0
        ],
        [
            0.0,
            7990.0,
            3787.0,
            3776.0,
            3596.0
        ],
        [
            0.0,
            3341.0,
            1619.0,
            1679.0,
            1681.0
        ]
    ],
    "sim_time": 14.096141815185547
}