{
    "dni": 1000.0,
    "generated_rays": 19338572,
    "power_per_ray": 0.07110197669187025,
    "num_rays": 4797937.0,
    "avg_flux": 33410.687172874736,
    "peak_flux": 79428.89348098966,
    "min_flux": 6306.367418107966,
    "radius": 0.0,
    "bin_size_x": 0.06807059529144252,
    "bin_size_y": 6.0,
    "xvalues": [
        -0.13614119058288504,
        -0.0680705952914425,
        2.7755575615628914e-17,
        0.06807059529144252,
        0.13614119058288507
    ],
    "yvalues": [
        -12.0,
        -6.0,
        0.0,
        6.0,
        12.0
    ],
    "flux": [
        [
            36546.0,
            36363.0,
            36225.0,
            36813.0,
            36344.0
        ],
        [
            215790.0,
            216988.0,
            216533.0,
            216318.0,
            215497.0
        ],
        [
            453341.0,
            456255.0,
            456013.0,
            454587.0,
            453365.0
        ],
        [
            215319.0,
            215655.0,
            216162.0,
            216512.0,
            215374.0
        ],
        [
            36403.0,
            36303.0,
            36398.0,
            36502.0,
            36331.0
        ]
    ],
    "sim_time": 33.946173667907715
}