{
    "dni": 1000.0,
    "generated_rays": 5797844,
    "power_per_ray": 0.23715896729854316,
    "num_rays": 1439657.0,
    "avg_flux": 33438.576125496904,
    "peak_flux": 79749.10074197786,
    "min_flux": 6237.547984347795,
    "radius": 0.0,
    "bin_size_x": 0.06807059529144252,
    "bin_size_y": 6.0,
    "xvalues": [
        -0.13614119058288504,
        -0.0680705952914425,
        2.7755575615628914e-17,
        0.06807059529144252,
        0.13614119058288507
    ],
    "yvalues": [
        -12.0,
        -6.0,
        0.0,
        6.0,
        12.0
    ],
    "flux": [
        [
            10946.0,
            10742.0,
            11112.0,
            11012.0,
            10799.0
        ],
        [
            64692.0,
            64710.0,
            65183.0,
            64742.0,
            64458.0
        ],
        [
            135957.0,
            137340.0,
            137338.0,
            136425.0,
            135924.0
        ],
        [
            64638.0,
            64850.0,
            64586.0,
            65062.0,
            64560.0
        ],
        [
            10947.0,
            11022.0,
            10873.0,
            10851.0,
            10888.0
        ]
    ],
    "sim_time": 12.606687784194946
}