{
    "dni": 1000.0,
    "generated_rays": 19342536,
    "power_per_ray": 0.07108740527085253,
    "num_rays": 4797697.0,
    "avg_flux": 33402.16917897579,
    "peak_flux": 79350.65264920796,
    "min_flux": 6314.647933233598,
    "radius": 0.0,
    "bin_size_x": 0.06807059529144252,
    "bin_size_y": 6.0,
    "xvalues": [
        -0.13614119058288504,
        -0.0680705952914425,
        2.7755575615628914e-17,
        0.06807059529144252,
        0.13614119058288507
    ],
    "yvalues": [
        -12.0,
        -6.0,
        0.0,
        6.0,
        12.0
    ],
    "flux": [
        [
            36526.0,
            36384.0,
            36280.0,
            36783.0,
            36336.0
        ],
        [
            215841.0,
            216795.0,
            216471.0,
            216319.0,
            215349.0
        ],
        [
            453717.0,
            455899.0,
            455706.0,
            454643.0,
            453214.0
        ],
        [
            215611.0,
            215668.0,
            216449.0,
            216593.0,
            215284.0
        ],
        [
            36356.0,
            36399.0,
            36338.0,
            36401.0,
            36335.0
        ]
    ],
    "sim_time": 33.692301988601685
}