{
    "dni": 1000.0,
    "generated_rays": 3865611,
    "power_per_ray": 0.35570332752003625,
    "num_rays": 959885.0,
    "avg_flux": 33439.23437863567,
    "peak_flux": 79863.15528737532,
    "min_flux": 6212.256125025608,
    "radius": 0.0,
    "bin_size_x": 0.06807059529144252,
    "bin_size_y": 6.0,
    "xvalues": [
        -0.13614119058288504,
        -0.0680705952914425,
        2.7755575615628914e-17,
        0.06807059529144252,
        0.13614119058288507
    ],
    "yvalues": [
        -12.0,
        -6.0,
        0.0,
        6.0,
        12.0
    ],
    "flux": [
        [
            7242.0,
            7173.0,
            7449.0,
            7345.0,
            7133.0
        ],
        [
            43006.0,
            43220.0,
            43455.0,
            42991.0,
            42973.0
        ],
        [
            90638.0,
            91700.0,
            91197.0,
            91126.0,
            91232.0
        ],
        [
            43067.0,
            43110.0,
            43004.0,
            43442.0,
            43159.0
        ],
        [
            7232.0,
            7358.0,
            7238.0,
            7206.0,
            7189.0
        ]
    ],
    "sim_time": 9.530707836151123
}