{
    "dni": 1000.0,
    "generated_rays": 51675940,
    "power_per_ray": 0.030137268680894426,
    "num_rays": 918391.0,
    "avg_flux": 2710.6952914214557,
    "peak_flux": 5885.799455793676,
    "min_flux": 0.0,
    "radius": 0.0,
    "bin_size_x": 0.06807059529144252,
    "bin_size_y": 6.0,
    "xvalues": [
        -0.13614119058288504,
        -0.0680705952914425,
        2.7755575615628914e-17,
        0.06807059529144252,
        0.13614119058288507
    ],
    "yvalues": [
        -12.0,
        -6.0,
        0.0,
        6.0,
        12.0
    ],
    "flux": [
        [
            0.0,
            44639.0,
            54906.0,
            54653.0,
            54419.0
        ],
        [
            0.0,
            79765.0,
            76849.0,
            76846.0,
            76327.0
        ],
        [
            0.0,
            77290.0,
            52228.0,
            52126.0,
            51850.0
        ],
        [
            0.0,
            48120.0,
            22392.0,
            22788.0,
            22557.0
        ],
        [
            0.0,
            20394.0,
            10063.0,
            10011.0,
            10168.0
        ]
    ],
    "sim_time": 28.679184675216675
}