{
    "dni": 1000.0,
    "generated_rays": 17269028,
    "power_per_ray": 0.09018293838644419,
    "num_rays": 306251.0,
    "avg_flux": 2704.8992246494026,
    "peak_flux": 5801.2722676182075,
    "min_flux": 0.0,
    "radius": 0.0,
    "bin_size_x": 0.06807059529144252,
    "bin_size_y": 6.0,
    "xvalues": [
        -0.13614119058288504,
        -0.0680705952914425,
        2.7755575615628914e-17,
        0.06807059529144252,
        0.13614119058288507
    ],
    "yvalues": [
        -12.0,
        -6.0,
        0.0,
        6.0,
        12.0
    ],
    "flux": [
        [
            0.0,
            14837.0,
            18214.0,
            18263.0,
            18416.0
        ],
        [
            0.0,
            26273.0,
            25561.0,
            25697.0,
            25524.0
        ],
        [
            0.0,
            25616.0,
            17118.0,
            17745.0,
            17290.0
        ],
        [
            0.0,
            16201.0,
            7432.0,
            7707.0,
            7634.0
        ],
        [
            0.0,
            6765.0,
            3376.0,
            3334.0,
            3248.0
        ]
    ],
    "sim_time": 28.733562469482422
}