{
    "dni": 1000.0,
    "generated_rays": 19345040,
    "power_per_ray": 0.07107820379787558,
    "num_rays": 4798196.0,
    "avg_flux": 33401.31929114343,
    "peak_flux": 79394.67914155567,
    "min_flux": 6309.65383771159,
    "radius": 0.0,
    "bin_size_x": 0.06807059529144252,
    "bin_size_y": 6.0,
    "xvalues": [
        -0.13614119058288504,
        -0.0680705952914425,
        2.7755575615628914e-17,
        0.06807059529144252,
        0.13614119058288507
    ],
    "yvalues": [
        -12.0,
        -6.0,
        0.0,
        6.0,
        12.0
    ],
    "flux": [
        [
            36505.0,
            36285.0,
            36293.0,
            36796.0,
            36323.0
        ],
        [
            215692.0,
            216937.0,
            216480.0,
            216451.0,
            215563.0
        ],
        [
            453863.0,
            455882.0,
            456211.0,
            454677.0,
            453085.0
        ],
        [
            215282.0,
            215720.0,
            216274.0,
            216615.0,
            215505.0
        ],
        [
            36392.0,
            36425.0,
            36372.0,
            36312.0,
            36256.0
        ]
    ],
    "sim_time": 33.906426191329956
}