{
    "dni": 1000.0,
    "generated_rays": 17249769,
    "power_per_ray": 0.09028362571798959,
    "num_rays": 306121.0,
    "avg_flux": 2706.769706761686,
    "peak_flux": 5875.833867607284,
    "min_flux": 0.0,
    "radius": 0.0,
    "bin_size_x": 0.06807059529144252,
    "bin_size_y": 6.0,
    "xvalues": [
        -0.13614119058288504,
        -0.0680705952914425,
        2.7755575615628914e-17,
        0.06807059529144252,
        0.13614119058288507
    ],
    "yvalues": [
        -12.0,
        -6.0,
        0.0,
        6.0,
        12.0
    ],
    "flux": [
        [
            0.0,
            14998.0,
            18287.0,
            18287.0,
            18281.0
        ],
        [
            0.0,
            26581.0,
            25552.0,
            25577.0,
            25503.0
        ],
        [
            0.0,
            26065.0,
            17123.0,
            17150.0,
            17288.0
        ],
        [
            0.0,
            15982.0,
            7500.0,
            7581.0,
            7712.0
        ],
        [
            0.0,
            6572.0,
            3374.0,
            3300.0,
            3408.0
        ]
    ],
    "sim_time": 27.957605838775635
}