{
    "dni": 1000.0,
    "generated_rays": 19339994,
    "power_per_ray": 0.07109674881998695,
    "num_rays": 4797783.0,
    "avg_flux": 33407.15829729058,
    "peak_flux": 79379.88250861171,
    "min_flux": 6300.333301098851,
    "radius": 0.0,
    "bin_size_x": 0.06807059529144252,
    "bin_size_y": 6.0,
    "xvalues": [
        -0.13614119058288504,
        -0.0680705952914425,
        2.7755575615628914e-17,
        0.06807059529144252,
        0.13614119058288507
    ],
    "yvalues": [
        -12.0,
        -6.0,
        0.0,
        6.0,
        12.0
    ],
    "flux": [
        [
            36467.0,
            36342.0,
            36193.0,
            36700.0,
            36401.0
        ],
        [
            215849.0,
            216999.0,
            216508.0,
            216300.0,
            215492.0
        ],
        [
            453578.0,
            456007.0,
            455756.0,
            454806.0,
            453072.0
        ],
        [
            215650.0,
            215686.0,
            216203.0,
            216677.0,
            215285.0
        ],
        [
            36256.0,
            36340.0,
            36421.0,
            36498.0,
            36297.0
        ]
    ],
    "sim_time": 33.53618407249451
}