{
    "dni": 1000.0,
    "generated_rays": 968109,
    "power_per_ray": 1.4203056635131528,
    "num_rays": 239883.0,
    "avg_flux": 33368.023497938324,
    "peak_flux": 79336.39400061333,
    "min_flux": 5894.415176253159,
    "radius": 0.0,
    "bin_size_x": 0.06807059529144252,
    "bin_size_y": 6.0,
    "xvalues": [
        -0.13614119058288504,
        -0.0680705952914425,
        2.7755575615628914e-17,
        0.06807059529144252,
        0.13614119058288507
    ],
    "yvalues": [
        -12.0,
        -6.0,
        0.0,
        6.0,
        12.0
    ],
    "flux": [
        [
            1879.0,
            1695.0,
            1839.0,
            1791.0,
            1903.0
        ],
        [
            10782.0,
            10919.0,
            10825.0,
            10810.0,
            10797.0
        ],
        [
            22814.0,
            22558.0,
            22632.0,
            22704.0,
            22522.0
        ],
        [
            10880.0,
            10880.0,
            10643.0,
            10957.0,
            10914.0
        ],
        [
            1769.0,
            1831.0,
            1891.0,
            1794.0,
            1854.0
        ]
    ],
    "sim_time": 3.8708245754241943
}