{
    "dni": 1000.0,
    "generated_rays": 969560,
    "power_per_ray": 1.4181800977743046,
    "num_rays": 239850.0,
    "avg_flux": 33313.50293959002,
    "peak_flux": 79443.36395193664,
    "min_flux": 6142.546039205206,
    "radius": 0.0,
    "bin_size_x": 0.06807059529144252,
    "bin_size_y": 6.0,
    "xvalues": [
        -0.13614119058288504,
        -0.0680705952914425,
        2.7755575615628914e-17,
        0.06807059529144252,
        0.13614119058288507
    ],
    "yvalues": [
        -12.0,
        -6.0,
        0.0,
        6.0,
        12.0
    ],
    "flux": [
        [
            1872.0,
            1863.0,
            1769.0,
            1786.0,
            1857.0
        ],
        [
            10872.0,
            10797.0,
            10640.0,
            10817.0,
            11000.0
        ],
        [
            22740.0,
            22879.0,
            22384.0,
            22849.0,
            22731.0
        ],
        [
            10834.0,
            10772.0,
            10722.0,
            10749.0,
            10792.0
        ],
        [
            1852.0,
            1829.0,
            1844.0,
            1813.0,
            1787.0
        ]
    ],
    "sim_time": 3.81489634513855
}