{
    "dni": 1000.0,
    "generated_rays": 8606985,
    "power_per_ray": 0.18094276777730872,
    "num_rays": 152714.0,
    "avg_flux": 2706.2584776912954,
    "peak_flux": 5894.92045656593,
    "min_flux": 0.0,
    "radius": 0.0,
    "bin_size_x": 0.06807059529144252,
    "bin_size_y": 6.0,
    "xvalues": [
        -0.13614119058288504,
        -0.0680705952914425,
        2.7755575615628914e-17,
        0.06807059529144252,
        0.13614119058288507
    ],
    "yvalues": [
        -12.0,
        -6.0,
        0.0,
        6.0,
        12.0
    ],
    "flux": [
        [
            0.0,
            7288.0,
            9042.0,
            9153.0,
            9151.0
        ],
        [
            0.0,
            13306.0,
            12812.0,
            12599.0,
            12819.0
        ],
        [
            0.0,
            12946.0,
            8654.0,
            8574.0,
            8526.0
        ],
        [
            0.0,
            8038.0,
            3795.0,
            3790.0,
            3826.0
        ],
        [
            0.0,
            3368.0,
            1653.0,
            1661.0,
            1713.0
        ]
    ],
    "sim_time": 14.526278018951416
}