{
    "dni": 1000.0,
    "generated_rays": 8612385,
    "power_per_ray": 0.18082931593487514,
    "num_rays": 153208.0,
    "avg_flux": 2713.310372085945,
    "peak_flux": 5869.5295942025505,
    "min_flux": 0.0,
    "radius": 0.0,
    "bin_size_x": 0.06807059529144252,
    "bin_size_y": 6.0,
    "xvalues": [
        -0.13614119058288504,
        -0.0680705952914425,
        2.7755575615628914e-17,
        0.06807059529144252,
        0.13614119058288507
    ],
    "yvalues": [
        -12.0,
        -6.0,
        0.0,
        6.0,
        12.0
    ],
    "flux": [
        [
            0.0,
            7416.0,
            9146.0,
            9343.0,
            9064.0
        ],
        [
            0.0,
            13257.0,
            12694.0,
            12586.0,
            12619.0
        ],
        [
            0.0,
            13135.0,
            8794.0,
            8751.0,
            8637.0
        ],
        [
            0.0,
            7847.0,
            3815.0,
            3894.0,
            3846.0
        ],
        [
            0.0,
            3303.0,
            1670.0,
            1700.0,
            1691.0
        ]
    ],
    "sim_time": 14.159250020980835
}