{
    "dni": 1000.0,
    "generated_rays": 103456807,
    "power_per_ray": 0.015053351570359015,
    "num_rays": 1837154.0,
    "avg_flux": 2708.4945104892727,
    "peak_flux": 5872.679717151075,
    "min_flux": 0.0,
    "radius": 0.0,
    "bin_size_x": 0.06807059529144252,
    "bin_size_y": 6.0,
    "xvalues": [
        -0.13614119058288504,
        -0.0680705952914425,
        2.7755575615628914e-17,
        0.06807059529144252,
        0.13614119058288507
    ],
    "yvalues": [
        -12.0,
        -6.0,
        0.0,
        6.0,
        12.0
    ],
    "flux": [
        [
            0.0,
            89519.0,
            109564.0,
            109838.0,
            109370.0
        ],
        [
            0.0,
            159336.0,
            153212.0,
            152954.0,
            152648.0
        ],
        [
            0.0,
            155049.0,
            104648.0,
            104345.0,
            104277.0
        ],
        [
            0.0,
            95876.0,
            45221.0,
            45694.0,
            45176.0
        ],
        [
            0.0,
            40327.0,
            20085.0,
            19964.0,
            20051.0
        ]
    ],
    "sim_time": 43.906837701797485
}