{
    "dni": 1000.0,
    "generated_rays": 3867943,
    "power_per_ray": 0.35548887240532107,
    "num_rays": 959717.0,
    "avg_flux": 33413.224677264574,
    "peak_flux": 79806.3015101949,
    "min_flux": 6214.603476745464,
    "radius": 0.0,
    "bin_size_x": 0.06807059529144252,
    "bin_size_y": 6.0,
    "xvalues": [
        -0.13614119058288504,
        -0.0680705952914425,
        2.7755575615628914e-17,
        0.06807059529144252,
        0.13614119058288507
    ],
    "yvalues": [
        -12.0,
        -6.0,
        0.0,
        6.0,
        12.0
    ],
    "flux": [
        [
            7318.0,
            7152.0,
            7494.0,
            7375.0,
            7163.0
        ],
        [
            42852.0,
            42956.0,
            43354.0,
            43056.0,
            42912.0
        ],
        [
            90800.0,
            91690.0,
            91187.0,
            91046.0,
            91185.0
        ],
        [
            43230.0,
            43149.0,
            42954.0,
            43306.0,
            43306.0
        ],
        [
            7251.0,
            7318.0,
            7274.0,
            7249.0,
            7140.0
        ]
    ],
    "sim_time": 9.550379514694214
}