{
    "dni": 1000.0,
    "generated_rays": 11600416,
    "power_per_ray": 0.11853115402051571,
    "num_rays": 2879094.0,
    "avg_flux": 33422.39360891309,
    "peak_flux": 79473.9764960713,
    "min_flux": 6278.828389493663,
    "radius": 0.0,
    "bin_size_x": 0.06807059529144252,
    "bin_size_y": 6.0,
    "xvalues": [
        -0.13614119058288504,
        -0.0680705952914425,
        2.7755575615628914e-17,
        0.06807059529144252,
        0.13614119058288507
    ],
    "yvalues": [
        -12.0,
        -6.0,
        0.0,
        6.0,
        12.0
    ],
    "flux": [
        [
            22169.0,
            21635.0,
            21794.0,
            22194.0,
            21721.0
        ],
        [
            129536.0,
            129968.0,
            130277.0,
            130136.0,
            129394.0
        ],
        [
            272089.0,
            273697.0,
            273844.0,
            272694.0,
            271723.0
        ],
        [
            128965.0,
            129417.0,
            130014.0,
            130136.0,
            128635.0
        ],
        [
            21910.0,
            21788.0,
            21798.0,
            21797.0,
            21763.0
        ]
    ],
    "sim_time": 21.934003114700317
}