{
    "dni": 1000.0,
    "generated_rays": 8623275,
    "power_per_ray": 0.1806009535956791,
    "num_rays": 153249.0,
    "avg_flux": 2710.6090296489224,
    "peak_flux": 5857.253098997323,
    "min_flux": 0.0,
    "radius": 0.0,
    "bin_size_x": 0.06807059529144252,
    "bin_size_y": 6.0,
    "xvalues": [
        -0.13614119058288504,
        -0.0680705952914425,
        2.7755575615628914e-17,
        0.06807059529144252,
        0.13614119058288507
    ],
    "yvalues": [
        -12.0,
        -6.0,
        0.0,
        6.0,
        12.0
    ],
    "flux": [
        [
            0.0,
            7409.0,
            9226.0,
            9135.0,
            9172.0
        ],
        [
            0.0,
            13246.0,
            12806.0,
            12809.0,
            12809.0
        ],
        [
            0.0,
            13041.0,
            8599.0,
            8801.0,
            8568.0
        ],
        [
            0.0,
            7847.0,
            3810.0,
            3899.0,
            3838.0
        ],
        [
            0.0,
            3305.0,
            1666.0,
            1593.0,
            1670.0
        ]
    ],
    "sim_time": 14.5101957321167
}