{
    "dni": 1000.0,
    "generated_rays": 9469984,
    "power_per_ray": 0.18039054061913506,
    "num_rays": 523411.0,
    "avg_flux": 9247.105190501336,
    "peak_flux": 42386.68039657326,
    "min_flux": 0.0,
    "radius": 0.0,
    "bin_size_x": 0.06807059529144252,
    "bin_size_y": 6.0,
    "xvalues": [
        -0.13614119058288504,
        -0.0680705952914425,
        2.7755575615628914e-17,
        0.06807059529144252,
        0.13614119058288507
    ],
    "yvalues": [
        -12.0,
        -6.0,
        0.0,
        6.0,
        12.0
    ],
    "flux": [
        [
            0.0,
            0.0,
            811.0,
            3654.0,
            3655.0
        ],
        [
            0.0,
            214.0,
            29357.0,
            46707.0,
            45486.0
        ],
        [
            0.0,
            753.0,
            71308.0,
            95968.0,
            92269.0
        ],
        [
            0.0,
            227.0,
            29649.0,
            47388.0,
            46378.0
        ],
        [
            0.0,
            0.0,
            933.0,
            4301.0,
            4353.0
        ]
    ],
    "sim_time": 9.672841787338257
}