{
    "dni": 1000.0,
    "generated_rays": 5515134,
    "power_per_ray": 0.2864495486604045,
    "num_rays": 789060.0,
    "avg_flux": 22136.41880641264,
    "peak_flux": 96499.31131898446,
    "min_flux": 0.0,
    "radius": 0.0,
    "bin_size_x": 0.06807059529144252,
    "bin_size_y": 6.0,
    "xvalues": [
        -0.13614119058288504,
        -0.0680705952914425,
        2.7755575615628914e-17,
        0.06807059529144252,
        0.13614119058288507
    ],
    "yvalues": [
        -12.0,
        -6.0,
        0.0,
        6.0,
        12.0
    ],
    "flux": [
        [
            0.0,
            468.0,
            562.0,
            562.0,
            573.0
        ],
        [
            1519.0,
            27132.0,
            28410.0,
            28723.0,
            28794.0
        ],
        [
            15698.0,
            136724.0,
            136828.0,
            137590.0,
            136851.0
        ],
        [
            1308.0,
            25547.0,
            26919.0,
            27061.0,
            27184.0
        ],
        [
            0.0,
            116.0,
            160.0,
            167.0,
            164.0
        ]
    ],
    "sim_time": 16.2621853351593
}