{
    "dni": 1000.0,
    "generated_rays": 4448692,
    "power_per_ray": 0.29908241882558007,
    "num_rays": 910832.0,
    "avg_flux": 26679.541196646198,
    "peak_flux": 89313.86143630632,
    "min_flux": 1341.5459566708198,
    "radius": 0.0,
    "bin_size_x": 0.06807059529144252,
    "bin_size_y": 6.0,
    "xvalues": [
        -0.13614119058288504,
        -0.0680705952914425,
        2.7755575615628914e-17,
        0.06807059529144252,
        0.13614119058288507
    ],
    "yvalues": [
        -12.0,
        -6.0,
        0.0,
        6.0,
        12.0
    ],
    "flux": [
        [
            2741.0,
            4561.0,
            4486.0,
            4475.0,
            4584.0
        ],
        [
            22932.0,
            34272.0,
            34436.0,
            34309.0,
            34419.0
        ],
        [
            82276.0,
            121962.0,
            121279.0,
            121966.0,
            121118.0
        ],
        [
            20867.0,
            31883.0,
            31342.0,
            31628.0,
            31737.0
        ],
        [
            1832.0,
            2879.0,
            2915.0,
            2941.0,
            2992.0
        ]
    ],
    "sim_time": 16.026273012161255
}