{
    "dni": 1000.0,
    "generated_rays": 10937711,
    "power_per_ray": 0.15720377289775467,
    "num_rays": 436421.0,
    "avg_flux": 6719.203544307861,
    "peak_flux": 32120.21968308646,
    "min_flux": 0.0,
    "radius": 0.0,
    "bin_size_x": 0.06807059529144252,
    "bin_size_y": 6.0,
    "xvalues": [
        -0.13614119058288504,
        -0.0680705952914425,
        2.7755575615628914e-17,
        0.06807059529144252,
        0.13614119058288507
    ],
    "yvalues": [
        -12.0,
        -6.0,
        0.0,
        6.0,
        12.0
    ],
    "flux": [
        [
            0.0,
            0.0,
            175.0,
            5236.0,
            7266.0
        ],
        [
            0.0,
            0.0,
            14731.0,
            45902.0,
            49765.0
        ],
        [
            0.0,
            0.0,
            30651.0,
            79275.0,
            83450.0
        ],
        [
            0.0,
            0.0,
            14224.0,
            45310.0,
            49028.0
        ],
        [
            0.0,
            0.0,
            140.0,
            4734.0,
            6534.0
        ]
    ],
    "sim_time": 17.20970344543457
}