{
    "dni": 1000.0,
    "generated_rays": 6724574,
    "power_per_ray": 0.23825474139369623,
    "num_rays": 704034.0,
    "avg_flux": 16427.988020789046,
    "peak_flux": 68891.54761357771,
    "min_flux": 0.0,
    "radius": 0.0,
    "bin_size_x": 0.06807059529144252,
    "bin_size_y": 6.0,
    "xvalues": [
        -0.13614119058288504,
        -0.0680705952914425,
        2.7755575615628914e-17,
        0.06807059529144252,
        0.13614119058288507
    ],
    "yvalues": [
        -12.0,
        -6.0,
        0.0,
        6.0,
        12.0
    ],
    "flux": [
        [
            0.0,
            676.0,
            2003.0,
            2021.0,
            1919.0
        ],
        [
            0.0,
            20267.0,
            36398.0,
            36075.0,
            35901.0
        ],
        [
            0.0,
            77293.0,
            118096.0,
            115213.0,
            115429.0
        ],
        [
            0.0,
            21139.0,
            37795.0,
            36498.0,
            36702.0
        ],
        [
            0.0,
            1056.0,
            3258.0,
            3187.0,
            3108.0
        ]
    ],
    "sim_time": 9.018789291381836
}