{
    "dni": 1000.0,
    "generated_rays": 20597103,
    "power_per_ray": 0.05768867736958803,
    "num_rays": 843271.0,
    "avg_flux": 4764.385997198758,
    "peak_flux": 10394.521153930758,
    "min_flux": 467.8106570344019,
    "radius": 0.0,
    "bin_size_x": 0.06807059529144252,
    "bin_size_y": 6.0,
    "xvalues": [
        -0.13614119058288504,
        -0.0680705952914425,
        2.7755575615628914e-17,
        0.06807059529144252,
        0.13614119058288507
    ],
    "yvalues": [
        -12.0,
        -6.0,
        0.0,
        6.0,
        12.0
    ],
    "flux": [
        [
            3438.0,
            3443.0,
            3312.0,
            3449.0,
            3402.0
        ],
        [
            11413.0,
            10597.0,
            10553.0,
            10701.0,
            10625.0
        ],
        [
            41926.0,
            42424.0,
            42285.0,
            42639.0,
            42109.0
        ],
        [
            67492.0,
            73399.0,
            73465.0,
            73591.0,
            73392.0
        ],
        [
            35830.0,
            40784.0,
            40577.0,
            41133.0,
            41292.0
        ]
    ],
    "sim_time": 22.290462970733643
}