{
    "dni": 1000.0,
    "generated_rays": 11159957,
    "power_per_ray": 0.1460135110143893,
    "num_rays": 643640.0,
    "avg_flux": 9204.18337530598,
    "peak_flux": 31261.318706376274,
    "min_flux": 0.0,
    "radius": 0.0,
    "bin_size_x": 0.06807059529144252,
    "bin_size_y": 6.0,
    "xvalues": [
        -0.13614119058288504,
        -0.0680705952914425,
        2.7755575615628914e-17,
        0.06807059529144252,
        0.13614119058288507
    ],
    "yvalues": [
        -12.0,
        -6.0,
        0.0,
        6.0,
        12.0
    ],
    "flux": [
        [
            0.0,
            2308.0,
            8630.0,
            8476.0,
            8588.0
        ],
        [
            0.0,
            19896.0,
            49445.0,
            48498.0,
            48967.0
        ],
        [
            0.0,
            39383.0,
            87443.0,
            86812.0,
            87139.0
        ],
        [
            0.0,
            12908.0,
            36772.0,
            36619.0,
            36440.0
        ],
        [
            0.0,
            1267.0,
            7943.0,
            8025.0,
            8081.0
        ]
    ],
    "sim_time": 10.381686210632324
}