{
    "dni": 1000.0,
    "generated_rays": 11941663,
    "power_per_ray": 0.09984140708130457,
    "num_rays": 906290.0,
    "avg_flux": 8861.90465807888,
    "peak_flux": 18977.32846305602,
    "min_flux": 550.2694332204802,
    "radius": 0.0,
    "bin_size_x": 0.06807059529144252,
    "bin_size_y": 6.0,
    "xvalues": [
        -0.13614119058288504,
        -0.0680705952914425,
        2.7755575615628914e-17,
        0.06807059529144252,
        0.13614119058288507
    ],
    "yvalues": [
        -12.0,
        -6.0,
        0.0,
        6.0,
        12.0
    ],
    "flux": [
        [
            2251.0,
            2298.0,
            2384.0,
            2363.0,
            2313.0
        ],
        [
            11661.0,
            12055.0,
            12202.0,
            12101.0,
            12017.0
        ],
        [
            63837.0,
            68687.0,
            68524.0,
            68200.0,
            68336.0
        ],
        [
            70987.0,
            77450.0,
            76861.0,
            77252.0,
            77631.0
        ],
        [
            21782.0,
            23654.0,
            23823.0,
            23927.0,
            23694.0
        ]
    ],
    "sim_time": 18.461620569229126
}