{
    "dni": 1000.0,
    "generated_rays": 7328768,
    "power_per_ray": 0.2266855384979,
    "num_rays": 646731.0,
    "avg_flux": 14358.090486364601,
    "peak_flux": 63820.728817530246,
    "min_flux": 0.0,
    "radius": 0.0,
    "bin_size_x": 0.06807059529144252,
    "bin_size_y": 6.0,
    "xvalues": [
        -0.13614119058288504,
        -0.0680705952914425,
        2.7755575615628914e-17,
        0.06807059529144252,
        0.13614119058288507
    ],
    "yvalues": [
        -12.0,
        -6.0,
        0.0,
        6.0,
        12.0
    ],
    "flux": [
        [
            0.0,
            12.0,
            919.0,
            948.0,
            961.0
        ],
        [
            0.0,
            10758.0,
            39422.0,
            39568.0,
            39776.0
        ],
        [
            0.0,
            44721.0,
            114987.0,
            113406.0,
            113461.0
        ],
        [
            0.0,
            10521.0,
            38282.0,
            38630.0,
            38615.0
        ],
        [
            0.0,
            3.0,
            568.0,
            580.0,
            593.0
        ]
    ],
    "sim_time": 17.595513820648193
}