{
    "dni": 1000.0,
    "generated_rays": 3969354,
    "power_per_ray": 0.33882766317329016,
    "num_rays": 952337.0,
    "avg_flux": 31602.301393322963,
    "peak_flux": 120072.79708926547,
    "min_flux": 218.18445745686506,
    "radius": 0.0,
    "bin_size_x": 0.06807059529144252,
    "bin_size_y": 6.0,
    "xvalues": [
        -0.13614119058288504,
        -0.0680705952914425,
        2.7755575615628914e-17,
        0.06807059529144252,
        0.13614119058288507
    ],
    "yvalues": [
        -12.0,
        -6.0,
        0.0,
        6.0,
        12.0
    ],
    "flux": [
        [
            263.0,
            270.0,
            320.0,
            300.0,
            296.0
        ],
        [
            20638.0,
            23483.0,
            23582.0,
            23326.0,
            23624.0
        ],
        [
            129524.0,
            144165.0,
            143637.0,
            144736.0,
            143907.0
        ],
        [
            22783.0,
            25441.0,
            25623.0,
            25918.0,
            25795.0
        ],
        [
            788.0,
            938.0,
            989.0,
            983.0,
            1008.0
        ]
    ],
    "sim_time": 8.575535774230957
}