{
    "dni": 1000.0,
    "generated_rays": 8074076,
    "power_per_ray": 0.19401901323191367,
    "num_rays": 729359.0,
    "avg_flux": 13859.093672379971,
    "peak_flux": 46805.098084491096,
    "min_flux": 0.0,
    "radius": 0.0,
    "bin_size_x": 0.06807059529144252,
    "bin_size_y": 6.0,
    "xvalues": [
        -0.13614119058288504,
        -0.0680705952914425,
        2.7755575615628914e-17,
        0.06807059529144252,
        0.13614119058288507
    ],
    "yvalues": [
        -12.0,
        -6.0,
        0.0,
        6.0,
        12.0
    ],
    "flux": [
        [
            0.0,
            4766.0,
            7781.0,
            7704.0,
            7780.0
        ],
        [
            0.0,
            28452.0,
            38438.0,
            38754.0,
            38369.0
        ],
        [
            0.0,
            81206.0,
            98528.0,
            98145.0,
            98144.0
        ],
        [
            0.0,
            33371.0,
            41502.0,
            41559.0,
            41735.0
        ],
        [
            0.0,
            4256.0,
            6199.0,
            6357.0,
            6313.0
        ]
    ],
    "sim_time": 16.61288571357727
}