{
    "dni": 1000.0,
    "generated_rays": 7344359,
    "power_per_ray": 0.22442371726336513,
    "num_rays": 642832.0,
    "avg_flux": 14129.130343595902,
    "peak_flux": 63363.62130546619,
    "min_flux": 0.0,
    "radius": 0.0,
    "bin_size_x": 0.06807059529144252,
    "bin_size_y": 6.0,
    "xvalues": [
        -0.13614119058288504,
        -0.0680705952914425,
        2.7755575615628914e-17,
        0.06807059529144252,
        0.13614119058288507
    ],
    "yvalues": [
        -12.0,
        -6.0,
        0.0,
        6.0,
        12.0
    ],
    "flux": [
        [
            0.0,
            1.0,
            470.0,
            528.0,
            537.0
        ],
        [
            0.0,
            10055.0,
            39166.0,
            39745.0,
            39479.0
        ],
        [
            0.0,
            42579.0,
            115314.0,
            112290.0,
            111992.0
        ],
        [
            0.0,
            10124.0,
            39332.0,
            39380.0,
            39838.0
        ],
        [
            0.0,
            1.0,
            606.0,
            683.0,
            712.0
        ]
    ],
    "sim_time": 9.254275560379028
}