{
    "dni": 1000.0,
    "generated_rays": 20600987,
    "power_per_ray": 0.05767780105463751,
    "num_rays": 842910.0,
    "avg_flux": 4761.44852059456,
    "peak_flux": 10422.358962312695,
    "min_flux": 479.58498463475127,
    "radius": 0.0,
    "bin_size_x": 0.06807059529144252,
    "bin_size_y": 6.0,
    "xvalues": [
        -0.13614119058288504,
        -0.0680705952914425,
        2.7755575615628914e-17,
        0.06807059529144252,
        0.13614119058288507
    ],
    "yvalues": [
        -12.0,
        -6.0,
        0.0,
        6.0,
        12.0
    ],
    "flux": [
        [
            35739.0,
            40897.0,
            40953.0,
            40632.0,
            41037.0
        ],
        [
            66709.0,
            73447.0,
            73802.0,
            73227.0,
            73242.0
        ],
        [
            42046.0,
            42282.0,
            42412.0,
            42678.0,
            42045.0
        ],
        [
            11497.0,
            10740.0,
            10789.0,
            10620.0,
            10866.0
        ],
        [
            3435.0,
            3396.0,
            3520.0,
            3475.0,
            3424.0
        ]
    ],
    "sim_time": 14.41296672821045
}