{
    "dni": 1000.0,
    "generated_rays": 4817132,
    "power_per_ray": 0.3168042985974599,
    "num_rays": 846140.0,
    "avg_flux": 26253.214335064873,
    "peak_flux": 115165.36818793039,
    "min_flux": 0.0,
    "radius": 0.0,
    "bin_size_x": 0.06807059529144252,
    "bin_size_y": 6.0,
    "xvalues": [
        -0.13614119058288504,
        -0.0680705952914425,
        2.7755575615628914e-17,
        0.06807059529144252,
        0.13614119058288507
    ],
    "yvalues": [
        -12.0,
        -6.0,
        0.0,
        6.0,
        12.0
    ],
    "flux": [
        [
            0.0,
            4.0,
            2.0,
            1.0,
            2.0
        ],
        [
            6625.0,
            22187.0,
            22241.0,
            22171.0,
            21965.0
        ],
        [
            56690.0,
            148142.0,
            148471.0,
            148300.0,
            148254.0
        ],
        [
            7018.0,
            23376.0,
            23386.0,
            23415.0,
            23417.0
        ],
        [
            21.0,
            117.0,
            114.0,
            112.0,
            109.0
        ]
    ],
    "sim_time": 8.887388944625854
}