{
    "dni": 1000.0,
    "generated_rays": 4349026,
    "power_per_ray": 0.3358950621565152,
    "num_rays": 899863.0,
    "avg_flux": 29602.555701986712,
    "peak_flux": 126880.2441603723,
    "min_flux": 0.0,
    "radius": 0.0,
    "bin_size_x": 0.06807059529144252,
    "bin_size_y": 6.0,
    "xvalues": [
        -0.13614119058288504,
        -0.0680705952914425,
        2.7755575615628914e-17,
        0.06807059529144252,
        0.13614119058288507
    ],
    "yvalues": [
        -12.0,
        -6.0,
        0.0,
        6.0,
        12.0
    ],
    "flux": [
        [
            31.0,
            73.0,
            78.0,
            78.0,
            69.0
        ],
        [
            12277.0,
            20751.0,
            20769.0,
            20874.0,
            20876.0
        ],
        [
            99255.0,
            153501.0,
            154038.0,
            154277.0,
            153424.0
        ],
        [
            11631.0,
            19314.0,
            19568.0,
            19391.0,
            19588.0
        ],
        [
            0.0,
            0.0,
            0.0,
            0.0,
            0.0
        ]
    ],
    "sim_time": 16.641149282455444
}