{
    "dni": 1000.0,
    "generated_rays": 4104407,
    "power_per_ray": 0.3358594674685855,
    "num_rays": 930657.0,
    "avg_flux": 30612.333473080515,
    "peak_flux": 118687.06973056965,
    "min_flux": 188.31385691332676,
    "radius": 0.0,
    "bin_size_x": 0.06807059529144252,
    "bin_size_y": 6.0,
    "xvalues": [
        -0.13614119058288504,
        -0.0680705952914425,
        2.7755575615628914e-17,
        0.06807059529144252,
        0.13614119058288507
    ],
    "yvalues": [
        -12.0,
        -6.0,
        0.0,
        6.0,
        12.0
    ],
    "flux": [
        [
            229.0,
            282.0,
            328.0,
            296.0,
            283.0
        ],
        [
            18151.0,
            23738.0,
            23988.0,
            23571.0,
            23908.0
        ],
        [
            113806.0,
            143319.0,
            143016.0,
            144330.0,
            143515.0
        ],
        [
            19977.0,
            25654.0,
            25648.0,
            25981.0,
            25916.0
        ],
        [
            707.0,
            941.0,
            1010.0,
            1014.0,
            1049.0
        ]
    ],
    "sim_time": 9.073945760726929
}