{
    "dni": 1000.0,
    "generated_rays": 10804373,
    "power_per_ray": 0.1309003826116265,
    "num_rays": 828414.0,
    "avg_flux": 10620.318420559921,
    "peak_flux": 28565.981517275337,
    "min_flux": 378.8328170788346,
    "radius": 0.0,
    "bin_size_x": 0.06807059529144252,
    "bin_size_y": 6.0,
    "xvalues": [
        -0.13614119058288504,
        -0.0680705952914425,
        2.7755575615628914e-17,
        0.06807059529144252,
        0.13614119058288507
    ],
    "yvalues": [
        -12.0,
        -6.0,
        0.0,
        6.0,
        12.0
    ],
    "flux": [
        [
            5467.0,
            15556.0,
            15925.0,
            15554.0,
            15586.0
        ],
        [
            25998.0,
            60440.0,
            60843.0,
            60859.0,
            60785.0
        ],
        [
            39151.0,
            89129.0,
            88587.0,
            88384.0,
            89034.0
        ],
        [
            8526.0,
            19122.0,
            19016.0,
            19101.0,
            19117.0
        ],
        [
            1182.0,
            2733.0,
            2788.0,
            2741.0,
            2790.0
        ]
    ],
    "sim_time": 10.608162641525269
}