{
    "dni": 1000.0,
    "generated_rays": 4845672,
    "power_per_ray": 0.31463773234075626,
    "num_rays": 841476.0,
    "avg_flux": 25929.952997140357,
    "peak_flux": 115527.16718332308,
    "min_flux": 0.0,
    "radius": 0.0,
    "bin_size_x": 0.06807059529144252,
    "bin_size_y": 6.0,
    "xvalues": [
        -0.13614119058288504,
        -0.0680705952914425,
        2.7755575615628914e-17,
        0.06807059529144252,
        0.13614119058288507
    ],
    "yvalues": [
        -12.0,
        -6.0,
        0.0,
        6.0,
        12.0
    ],
    "flux": [
        [
            0.0,
            0.0,
            1.0,
            0.0,
            0.0
        ],
        [
            6128.0,
            22534.0,
            22431.0,
            22118.0,
            22364.0
        ],
        [
            55192.0,
            149963.0,
            149392.0,
            149740.0,
            149090.0
        ],
        [
            5876.0,
            21730.0,
            21628.0,
            21647.0,
            21642.0
        ],
        [
            0.0,
            0.0,
            0.0,
            0.0,
            0.0
        ]
    ],
    "sim_time": 16.20679497718811
}