{
    "dni": 1000.0,
    "generated_rays": 6470692,
    "power_per_ray": 0.24183407847095742,
    "num_rays": 721933.0,
    "avg_flux": 17098.719451992412,
    "peak_flux": 68839.98314968598,
    "min_flux": 0.0,
    "radius": 0.0,
    "bin_size_x": 0.06807059529144252,
    "bin_size_y": 6.0,
    "xvalues": [
        -0.13614119058288504,
        -0.0680705952914425,
        2.7755575615628914e-17,
        0.06807059529144252,
        0.13614119058288507
    ],
    "yvalues": [
        -12.0,
        -6.0,
        0.0,
        6.0,
        12.0
    ],
    "flux": [
        [
            0.0,
            1780.0,
            3785.0,
            3756.0,
            3785.0
        ],
        [
            0.0,
            24558.0,
            38192.0,
            36953.0,
            36913.0
        ],
        [
            0.0,
            86475.0,
            116261.0,
            114055.0,
            114351.0
        ],
        [
            0.0,
            23865.0,
            36550.0,
            36176.0,
            36014.0
        ],
        [
            0.0,
            1160.0,
            2338.0,
            2469.0,
            2497.0
        ]
    ],
    "sim_time": 16.731541633605957
}