{
    "dni": 1000.0,
    "generated_rays": 9557424,
    "power_per_ray": 0.16534424215926863,
    "num_rays": 713989.0,
    "avg_flux": 11561.915450629747,
    "peak_flux": 37976.37648049285,
    "min_flux": 0.0,
    "radius": 0.0,
    "bin_size_x": 0.06807059529144252,
    "bin_size_y": 6.0,
    "xvalues": [
        -0.13614119058288504,
        -0.0680705952914425,
        2.7755575615628914e-17,
        0.06807059529144252,
        0.13614119058288507
    ],
    "yvalues": [
        -12.0,
        -6.0,
        0.0,
        6.0,
        12.0
    ],
    "flux": [
        [
            0.0,
            3994.0,
            7503.0,
            7544.0,
            7481.0
        ],
        [
            0.0,
            24663.0,
            34508.0,
            34676.0,
            34891.0
        ],
        [
            0.0,
            73503.0,
            93807.0,
            93485.0,
            92857.0
        ],
        [
            0.0,
            35481.0,
            46524.0,
            46307.0,
            46484.0
        ],
        [
            0.0,
            5313.0,
            8255.0,
            8352.0,
            8361.0
        ]
    ],
    "sim_time": 16.966622591018677
}