{
    "dni": 1000.0,
    "generated_rays": 11728430,
    "power_per_ray": 0.09999820329315139,
    "num_rays": 914510.0,
    "avg_flux": 8956.325072236334,
    "peak_flux": 19008.60049734864,
    "min_flux": 537.4225960776469,
    "radius": 0.0,
    "bin_size_x": 0.06807059529144252,
    "bin_size_y": 6.0,
    "xvalues": [
        -0.13614119058288504,
        -0.0680705952914425,
        2.7755575615628914e-17,
        0.06807059529144252,
        0.13614119058288507
    ],
    "yvalues": [
        -12.0,
        -6.0,
        0.0,
        6.0,
        12.0
    ],
    "flux": [
        [
            22816.0,
            23766.0,
            23953.0,
            23584.0,
            23681.0
        ],
        [
            74606.0,
            77423.0,
            77461.0,
            77637.0,
            77317.0
        ],
        [
            66375.0,
            68531.0,
            68501.0,
            68184.0,
            68490.0
        ],
        [
            12052.0,
            12227.0,
            12242.0,
            11969.0,
            12154.0
        ],
        [
            2195.0,
            2372.0,
            2439.0,
            2238.0,
            2297.0
        ]
    ],
    "sim_time": 11.151225328445435
}