{
    "dni": 1000.0,
    "generated_rays": 20342388,
    "power_per_ray": 0.05765126117110308,
    "num_rays": 849268.0,
    "avg_flux": 4795.156270009932,
    "peak_flux": 10401.753790824328,
    "min_flux": 468.7776406476808,
    "radius": 0.0,
    "bin_size_x": 0.06807059529144252,
    "bin_size_y": 6.0,
    "xvalues": [
        -0.13614119058288504,
        -0.0680705952914425,
        2.7755575615628914e-17,
        0.06807059529144252,
        0.13614119058288507
    ],
    "yvalues": [
        -12.0,
        -6.0,
        0.0,
        6.0,
        12.0
    ],
    "flux": [
        [
            3464.0,
            3430.0,
            3321.0,
            3443.0,
            3419.0
        ],
        [
            11157.0,
            10615.0,
            10571.0,
            10735.0,
            10547.0
        ],
        [
            42205.0,
            42571.0,
            42505.0,
            42782.0,
            42388.0
        ],
        [
            69762.0,
            73665.0,
            73651.0,
            73690.0,
            73563.0
        ],
        [
            37497.0,
            40873.0,
            40694.0,
            41227.0,
            41493.0
        ]
    ],
    "sim_time": 21.908357858657837
}