{
    "dni": 1000.0,
    "generated_rays": 4621310,
    "power_per_ray": 0.2942224438776815,
    "num_rays": 892838.0,
    "avg_flux": 25727.50414205018,
    "peak_flux": 87530.44759463104,
    "min_flux": 1108.6733784464604,
    "radius": 0.0,
    "bin_size_x": 0.06807059529144252,
    "bin_size_y": 6.0,
    "xvalues": [
        -0.13614119058288504,
        -0.0680705952914425,
        2.7755575615628914e-17,
        0.06807059529144252,
        0.13614119058288507
    ],
    "yvalues": [
        -12.0,
        -6.0,
        0.0,
        6.0,
        12.0
    ],
    "flux": [
        [
            2276.0,
            4577.0,
            4528.0,
            4574.0,
            4574.0
        ],
        [
            19686.0,
            34697.0,
            34919.0,
            34797.0,
            34911.0
        ],
        [
            70846.0,
            121074.0,
            120225.0,
            121505.0,
            120315.0
        ],
        [
            17918.0,
            32356.0,
            31798.0,
            31977.0,
            31919.0
        ],
        [
            1539.0,
            2928.0,
            2927.0,
            2929.0,
            3043.0
        ]
    ],
    "sim_time": 15.827996492385864
}