{
    "dni": 1000.0,
    "generated_rays": 6585130,
    "power_per_ray": 0.248798301041486,
    "num_rays": 698593.0,
    "avg_flux": 17022.40159893976,
    "peak_flux": 75796.2555218016,
    "min_flux": 0.0,
    "radius": 0.0,
    "bin_size_x": 0.06807059529144252,
    "bin_size_y": 6.0,
    "xvalues": [
        -0.13614119058288504,
        -0.0680705952914425,
        2.7755575615628914e-17,
        0.06807059529144252,
        0.13614119058288507
    ],
    "yvalues": [
        -12.0,
        -6.0,
        0.0,
        6.0,
        12.0
    ],
    "flux": [
        [
            0.0,
            44.0,
            160.0,
            186.0,
            184.0
        ],
        [
            0.0,
            17927.0,
            34154.0,
            34160.0,
            34455.0
        ],
        [
            0.0,
            80624.0,
            124426.0,
            123025.0,
            123603.0
        ],
        [
            0.0,
            18445.0,
            35118.0,
            35248.0,
            35392.0
        ],
        [
            0.0,
            111.0,
            413.0,
            456.0,
            462.0
        ]
    ],
    "sim_time": 9.081298112869263
}