{
    "dni": 1000.0,
    "generated_rays": 4601941,
    "power_per_ray": 0.30726669503373094,
    "num_rays": 875453.0,
    "avg_flux": 26344.958378935742,
    "peak_flux": 98250.45389231323,
    "min_flux": 412.2733371082395,
    "radius": 0.0,
    "bin_size_x": 0.06807059529144252,
    "bin_size_y": 6.0,
    "xvalues": [
        -0.13614119058288504,
        -0.0680705952914425,
        2.7755575615628914e-17,
        0.06807059529144252,
        0.13614119058288507
    ],
    "yvalues": [
        -12.0,
        -6.0,
        0.0,
        6.0,
        12.0
    ],
    "flux": [
        [
            1013.0,
            2731.0,
            2667.0,
            2657.0,
            2675.0
        ],
        [
            14711.0,
            30928.0,
            30675.0,
            30970.0,
            30767.0
        ],
        [
            67083.0,
            130166.0,
            129905.0,
            130596.0,
            130164.0
        ],
        [
            13830.0,
            29519.0,
            29308.0,
            29533.0,
            29557.0
        ],
        [
            548.0,
            1316.0,
            1356.0,
            1380.0,
            1398.0
        ]
    ],
    "sim_time": 16.312878847122192
}