{
    "dni": 1000.0,
    "generated_rays": 3862355,
    "power_per_ray": 0.3395458703738014,
    "num_rays": 972784.0,
    "avg_flux": 32349.238664312787,
    "peak_flux": 120179.33176418731,
    "min_flux": 222.80372523694436,
    "radius": 0.0,
    "bin_size_x": 0.06807059529144252,
    "bin_size_y": 6.0,
    "xvalues": [
        -0.13614119058288504,
        -0.0680705952914425,
        2.7755575615628914e-17,
        0.06807059529144252,
        0.13614119058288507
    ],
    "yvalues": [
        -12.0,
        -6.0,
        0.0,
        6.0,
        12.0
    ],
    "flux": [
        [
            928.0,
            1002.0,
            968.0,
            925.0,
            875.0
        ],
        [
            26034.0,
            25751.0,
            25650.0,
            25457.0,
            25408.0
        ],
        [
            143866.0,
            144050.0,
            144444.0,
            144553.0,
            144558.0
        ],
        [
            23358.0,
            23297.0,
            23426.0,
            23459.0,
            23380.0
        ],
        [
            302.0,
            268.0,
            273.0,
            283.0,
            269.0
        ]
    ],
    "sim_time": 16.54046392440796
}