{
    "dni": 1000.0,
    "generated_rays": 6910241,
    "power_per_ray": 0.22622036501018714,
    "num_rays": 696286.0,
    "avg_flux": 15426.540872466363,
    "peak_flux": 60787.39846595242,
    "min_flux": 0.0,
    "radius": 0.0,
    "bin_size_x": 0.06807059529144252,
    "bin_size_y": 6.0,
    "xvalues": [
        -0.13614119058288504,
        -0.0680705952914425,
        2.7755575615628914e-17,
        0.06807059529144252,
        0.13614119058288507
    ],
    "yvalues": [
        -12.0,
        -6.0,
        0.0,
        6.0,
        12.0
    ],
    "flux": [
        [
            0.0,
            1514.0,
            4788.0,
            4799.0,
            4624.0
        ],
        [
            0.0,
            20822.0,
            40623.0,
            39873.0,
            38800.0
        ],
        [
            0.0,
            66462.0,
            109747.0,
            108216.0,
            107362.0
        ],
        [
            0.0,
            20276.0,
            39363.0,
            39024.0,
            38603.0
        ],
        [
            0.0,
            1224.0,
            3444.0,
            3293.0,
            3429.0
        ]
    ],
    "sim_time": 17.492236852645874
}