{
    "dni": 1000.0,
    "generated_rays": 4596696,
    "power_per_ray": 0.2813142675699984,
    "num_rays": 931450.0,
    "avg_flux": 25662.590766365367,
    "peak_flux": 80274.6337285098,
    "min_flux": 2171.725500197273,
    "radius": 0.0,
    "bin_size_x": 0.06807059529144252,
    "bin_size_y": 6.0,
    "xvalues": [
        -0.13614119058288504,
        -0.0680705952914425,
        2.7755575615628914e-17,
        0.06807059529144252,
        0.13614119058288507
    ],
    "yvalues": [
        -12.0,
        -6.0,
        0.0,
        6.0,
        12.0
    ],
    "flux": [
        [
            3153.0,
            4161.0,
            4305.0,
            4219.0,
            4276.0
        ],
        [
            25886.0,
            33165.0,
            32729.0,
            33005.0,
            32686.0
        ],
        [
            91360.0,
            116546.0,
            116294.0,
            116514.0,
            115688.0
        ],
        [
            27279.0,
            35160.0,
            35455.0,
            35461.0,
            35627.0
        ],
        [
            4484.0,
            5915.0,
            5992.0,
            5987.0,
            6103.0
        ]
    ],
    "sim_time": 8.814482927322388
}