{
    "dni": 1000.0,
    "generated_rays": 6930462,
    "power_per_ray": 0.2047479516300507,
    "num_rays": 846695.0,
    "avg_flux": 16978.36059394646,
    "peak_flux": 52130.51221051573,
    "min_flux": 1155.0246195044451,
    "radius": 0.0,
    "bin_size_x": 0.06807059529144252,
    "bin_size_y": 6.0,
    "xvalues": [
        -0.13614119058288504,
        -0.0680705952914425,
        2.7755575615628914e-17,
        0.06807059529144252,
        0.13614119058288507
    ],
    "yvalues": [
        -12.0,
        -6.0,
        0.0,
        6.0,
        12.0
    ],
    "flux": [
        [
            2304.0,
            7115.0,
            6962.0,
            7073.0,
            7127.0
        ],
        [
            12285.0,
            31206.0,
            31210.0,
            31001.0,
            30773.0
        ],
        [
            44875.0,
            103539.0,
            103988.0,
            103430.0,
            103442.0
        ],
        [
            17919.0,
            41724.0,
            41883.0,
            41828.0,
            41484.0
        ],
        [
            2845.0,
            8195.0,
            8181.0,
            8154.0,
            8152.0
        ]
    ],
    "sim_time": 17.516364812850952
}