{
    "dni": 1000.0,
    "generated_rays": 11925410,
    "power_per_ray": 0.09997747975212197,
    "num_rays": 906341.0,
    "avg_flux": 8874.4818119148,
    "peak_flux": 18970.880329301694,
    "min_flux": 521.3999548563544,
    "radius": 0.0,
    "bin_size_x": 0.06807059529144252,
    "bin_size_y": 6.0,
    "xvalues": [
        -0.13614119058288504,
        -0.0680705952914425,
        2.7755575615628914e-17,
        0.06807059529144252,
        0.13614119058288507
    ],
    "yvalues": [
        -12.0,
        -6.0,
        0.0,
        6.0,
        12.0
    ],
    "flux": [
        [
            21703.0,
            23733.0,
            23872.0,
            23571.0,
            23757.0
        ],
        [
            71307.0,
            77440.0,
            77404.0,
            77499.0,
            77050.0
        ],
        [
            64117.0,
            68326.0,
            68537.0,
            68173.0,
            68128.0
        ],
        [
            11770.0,
            12346.0,
            12214.0,
            11861.0,
            12099.0
        ],
        [
            2130.0,
            2352.0,
            2425.0,
            2222.0,
            2305.0
        ]
    ],
    "sim_time": 11.312287330627441
}