{
    "dni": 1000.0,
    "generated_rays": 5011642,
    "power_per_ray": 0.2874031174733637,
    "num_rays": 838818.0,
    "avg_flux": 23610.67527621864,
    "peak_flux": 87372.11988539631,
    "min_flux": 279.3644772959927,
    "radius": 0.0,
    "bin_size_x": 0.06807059529144252,
    "bin_size_y": 6.0,
    "xvalues": [
        -0.13614119058288504,
        -0.0680705952914425,
        2.7755575615628914e-17,
        0.06807059529144252,
        0.13614119058288507
    ],
    "yvalues": [
        -12.0,
        -6.0,
        0.0,
        6.0,
        12.0
    ],
    "flux": [
        [
            626.0,
            3663.0,
            3748.0,
            3809.0,
            3734.0
        ],
        [
            9259.0,
            34370.0,
            32889.0,
            33111.0,
            33196.0
        ],
        [
            39505.0,
            124163.0,
            122580.0,
            122812.0,
            121939.0
        ],
        [
            8707.0,
            32758.0,
            32799.0,
            32806.0,
            32841.0
        ],
        [
            397.0,
            2284.0,
            2239.0,
            2284.0,
            2299.0
        ]
    ],
    "sim_time": 16.20505666732788
}