{
    "dni": 1000.0,
    "generated_rays": 7695839,
    "power_per_ray": 0.20587117329961596,
    "num_rays": 665040.0,
    "avg_flux": 13408.879855292282,
    "peak_flux": 50805.5086301057,
    "min_flux": 0.0,
    "radius": 0.0,
    "bin_size_x": 0.06807059529144252,
    "bin_size_y": 6.0,
    "xvalues": [
        -0.13614119058288504,
        -0.0680705952914425,
        2.7755575615628914e-17,
        0.06807059529144252,
        0.13614119058288507
    ],
    "yvalues": [
        -12.0,
        -6.0,
        0.0,
        6.0,
        12.0
    ],
    "flux": [
        [
            0.0,
            1128.0,
            6183.0,
            6176.0,
            6120.0
        ],
        [
            0.0,
            16048.0,
            42707.0,
            43122.0,
            42077.0
        ],
        [
            0.0,
            47450.0,
            100792.0,
            100656.0,
            100522.0
        ],
        [
            0.0,
            15990.0,
            40704.0,
            40822.0,
            40404.0
        ],
        [
            0.0,
            916.0,
            4341.0,
            4406.0,
            4476.0
        ]
    ],
    "sim_time": 16.542749881744385
}