{
    "dni": 1000.0,
    "generated_rays": 18713257,
    "power_per_ray": 0.09297908204332518,
    "num_rays": 35306.0,
    "avg_flux": 321.5014703061098,
    "peak_flux": 2548.126350433557,
    "min_flux": 0.0,
    "radius": 0.0,
    "bin_size_x": 0.06807059529144252,
    "bin_size_y": 6.0,
    "xvalues": [
        -0.13614119058288504,
        -0.0680705952914425,
        2.7755575615628914e-17,
        0.06807059529144252,
        0.13614119058288507
    ],
    "yvalues": [
        -12.0,
        -6.0,
        0.0,
        6.0,
        12.0
    ],
    "flux": [
        [
            0.0,
            0.0,
            0.0,
            0.0,
            2487.0
        ],
        [
            0.0,
            0.0,
            0.0,
            0.0,
            9510.0
        ],
        [
            0.0,
            0.0,
            0.0,
            0.0,
            11193.0
        ],
        [
            0.0,
            0.0,
            0.0,
            0.0,
            9663.0
        ],
        [
            0.0,
            0.0,
            0.0,
            0.0,
            2453.0
        ]
    ],
    "sim_time": 19.810059547424316
}