{
    "dni": 1000.0,
    "generated_rays": 4842229,
    "power_per_ray": 0.31324005934039967,
    "num_rays": 850174.0,
    "avg_flux": 26081.604748665377,
    "peak_flux": 111983.7607525674,
    "min_flux": 9.970337299560146,
    "radius": 0.0,
    "bin_size_x": 0.06807059529144252,
    "bin_size_y": 6.0,
    "xvalues": [
        -0.13614119058288504,
        -0.0680705952914425,
        2.7755575615628914e-17,
        0.06807059529144252,
        0.13614119058288507
    ],
    "yvalues": [
        -12.0,
        -6.0,
        0.0,
        6.0,
        12.0
    ],
    "flux": [
        [
            71.0,
            329.0,
            299.0,
            336.0,
            313.0
        ],
        [
            7915.0,
            25052.0,
            24666.0,
            25074.0,
            24968.0
        ],
        [
            59068.0,
            146012.0,
            145617.0,
            145118.0,
            145147.0
        ],
        [
            7567.0,
            23037.0,
            23140.0,
            23210.0,
            23017.0
        ],
        [
            13.0,
            44.0,
            49.0,
            55.0,
            57.0
        ]
    ],
    "sim_time": 16.041009664535522
}