{
    "dni": 1000.0,
    "generated_rays": 6556929,
    "power_per_ray": 0.25040465278073654,
    "num_rays": 704256.0,
    "avg_flux": 17271.185244643617,
    "peak_flux": 76402.11870564499,
    "min_flux": 0.0,
    "radius": 0.0,
    "bin_size_x": 0.06807059529144252,
    "bin_size_y": 6.0,
    "xvalues": [
        -0.13614119058288504,
        -0.0680705952914425,
        2.7755575615628914e-17,
        0.06807059529144252,
        0.13614119058288507
    ],
    "yvalues": [
        -12.0,
        -6.0,
        0.0,
        6.0,
        12.0
    ],
    "flux": [
        [
            0.0,
            193.0,
            728.0,
            742.0,
            757.0
        ],
        [
            0.0,
            19343.0,
            35103.0,
            34984.0,
            35129.0
        ],
        [
            0.0,
            83996.0,
            124616.0,
            123723.0,
            124046.0
        ],
        [
            0.0,
            18525.0,
            33619.0,
            33738.0,
            33919.0
        ],
        [
            0.0,
            89.0,
            329.0,
            327.0,
            350.0
        ]
    ],
    "sim_time": 16.317994356155396
}