{
    "dni": 1000.0,
    "generated_rays": 4128622,
    "power_per_ray": 0.3277425586058454,
    "num_rays": 933573.0,
    "avg_flux": 29966.10625144139,
    "peak_flux": 111151.59824973924,
    "min_flux": 430.1172203666072,
    "radius": 0.0,
    "bin_size_x": 0.06807059529144252,
    "bin_size_y": 6.0,
    "xvalues": [
        -0.13614119058288504,
        -0.0680705952914425,
        2.7755575615628914e-17,
        0.06807059529144252,
        0.13614119058288507
    ],
    "yvalues": [
        -12.0,
        -6.0,
        0.0,
        6.0,
        12.0
    ],
    "flux": [
        [
            536.0,
            686.0,
            679.0,
            642.0,
            689.0
        ],
        [
            20508.0,
            26028.0,
            26191.0,
            26080.0,
            26252.0
        ],
        [
            111456.0,
            138514.0,
            137786.0,
            138469.0,
            138127.0
        ],
        [
            22121.0,
            27845.0,
            27597.0,
            27720.0,
            27665.0
        ],
        [
            1222.0,
            1679.0,
            1680.0,
            1729.0,
            1672.0
        ]
    ],
    "sim_time": 8.721355199813843
}