{
    "dni": 1000.0,
    "generated_rays": 4003873,
    "power_per_ray": 0.3299527755733908,
    "num_rays": 953730.0,
    "avg_flux": 30819.559145451913,
    "peak_flux": 112231.59634182673,
    "min_flux": 458.86963801643776,
    "radius": 0.0,
    "bin_size_x": 0.06807059529144252,
    "bin_size_y": 6.0,
    "xvalues": [
        -0.13614119058288504,
        -0.0680705952914425,
        2.7755575615628914e-17,
        0.06807059529144252,
        0.13614119058288507
    ],
    "yvalues": [
        -12.0,
        -6.0,
        0.0,
        6.0,
        12.0
    ],
    "flux": [
        [
            568.0,
            698.0,
            668.0,
            657.0,
            665.0
        ],
        [
            23121.0,
            25868.0,
            25964.0,
            25870.0,
            26222.0
        ],
        [
            125367.0,
            138820.0,
            138617.0,
            138580.0,
            138923.0
        ],
        [
            24863.0,
            27703.0,
            27416.0,
            27544.0,
            27526.0
        ],
        [
            1451.0,
            1662.0,
            1619.0,
            1689.0,
            1649.0
        ]
    ],
    "sim_time": 8.676658868789673
}