{
    "dni": 1000.0,
    "generated_rays": 6600455,
    "power_per_ray": 0.2464966386931818,
    "num_rays": 695647.0,
    "avg_flux": 16793.80516485192,
    "peak_flux": 75011.16451749059,
    "min_flux": 0.0,
    "radius": 0.0,
    "bin_size_x": 0.06807059529144252,
    "bin_size_y": 6.0,
    "xvalues": [
        -0.13614119058288504,
        -0.0680705952914425,
        2.7755575615628914e-17,
        0.06807059529144252,
        0.13614119058288507
    ],
    "yvalues": [
        -12.0,
        -6.0,
        0.0,
        6.0,
        12.0
    ],
    "flux": [
        [
            0.0,
            47.0,
            219.0,
            247.0,
            254.0
        ],
        [
            0.0,
            17922.0,
            35531.0,
            35565.0,
            35504.0
        ],
        [
            0.0,
            79125.0,
            124287.0,
            121792.0,
            122555.0
        ],
        [
            0.0,
            17551.0,
            34764.0,
            34887.0,
            35141.0
        ],
        [
            0.0,
            16.0,
            74.0,
            75.0,
            91.0
        ]
    ],
    "sim_time": 16.618590116500854
}