{
    "dni": 1000.0,
    "generated_rays": 5856764,
    "power_per_ray": 0.21913943612565842,
    "num_rays": 920603.0,
    "avg_flux": 19757.960731976662,
    "peak_flux": 57579.26592655422,
    "min_flux": 2872.685667953587,
    "radius": 0.0,
    "bin_size_x": 0.06807059529144252,
    "bin_size_y": 6.0,
    "xvalues": [
        -0.13614119058288504,
        -0.0680705952914425,
        2.7755575615628914e-17,
        0.06807059529144252,
        0.13614119058288507
    ],
    "yvalues": [
        -12.0,
        -6.0,
        0.0,
        6.0,
        12.0
    ],
    "flux": [
        [
            5354.0,
            7031.0,
            7029.0,
            6951.0,
            7055.0
        ],
        [
            23640.0,
            30048.0,
            29977.0,
            29872.0,
            30070.0
        ],
        [
            84707.0,
            107165.0,
            106730.0,
            107314.0,
            106435.0
        ],
        [
            31654.0,
            40073.0,
            40500.0,
            40103.0,
            40410.0
        ],
        [
            6102.0,
            8273.0,
            8084.0,
            8050.0,
            7976.0
        ]
    ],
    "sim_time": 16.496333837509155
}