{
    "dni": 1000.0,
    "generated_rays": 4831131,
    "power_per_ray": 0.316417492276927,
    "num_rays": 843528.0,
    "avg_flux": 26140.21647013331,
    "peak_flux": 116107.05163153856,
    "min_flux": 0.0,
    "radius": 0.0,
    "bin_size_x": 0.06807059529144252,
    "bin_size_y": 6.0,
    "xvalues": [
        -0.13614119058288504,
        -0.0680705952914425,
        2.7755575615628914e-17,
        0.06807059529144252,
        0.13614119058288507
    ],
    "yvalues": [
        -12.0,
        -6.0,
        0.0,
        6.0,
        12.0
    ],
    "flux": [
        [
            5.0,
            32.0,
            31.0,
            13.0,
            28.0
        ],
        [
            6521.0,
            22923.0,
            22870.0,
            22603.0,
            22853.0
        ],
        [
            55552.0,
            149786.0,
            149475.0,
            149868.0,
            149021.0
        ],
        [
            5923.0,
            21580.0,
            21369.0,
            21515.0,
            21560.0
        ],
        [
            0.0,
            0.0,
            0.0,
            0.0,
            0.0
        ]
    ],
    "sim_time": 16.188164949417114
}