{
    "dni": 1000.0,
    "generated_rays": 5161524,
    "power_per_ray": 0.3007711220179347,
    "num_rays": 810391.0,
    "avg_flux": 23871.512537796003,
    "peak_flux": 107635.08826369813,
    "min_flux": 0.0,
    "radius": 0.0,
    "bin_size_x": 0.06807059529144252,
    "bin_size_y": 6.0,
    "xvalues": [
        -0.13614119058288504,
        -0.0680705952914425,
        2.7755575615628914e-17,
        0.06807059529144252,
        0.13614119058288507
    ],
    "yvalues": [
        -12.0,
        -6.0,
        0.0,
        6.0,
        12.0
    ],
    "flux": [
        [
            0.0,
            0.0,
            0.0,
            0.0,
            0.0
        ],
        [
            2715.0,
            23979.0,
            24441.0,
            23992.0,
            23999.0
        ],
        [
            30453.0,
            146160.0,
            144312.0,
            144825.0,
            143989.0
        ],
        [
            2788.0,
            24721.0,
            24600.0,
            24575.0,
            24829.0
        ],
        [
            0.0,
            4.0,
            8.0,
            0.0,
            1.0
        ]
    ],
    "sim_time": 8.753306150436401
}