{
    "dni": 1000.0,
    "generated_rays": 7827257,
    "power_per_ray": 0.19059264955533556,
    "num_rays": 797296.0,
    "avg_flux": 14882.466892815542,
    "peak_flux": 46914.63166133775,
    "min_flux": 192.7282598537061,
    "radius": 0.0,
    "bin_size_x": 0.06807059529144252,
    "bin_size_y": 6.0,
    "xvalues": [
        -0.13614119058288504,
        -0.0680705952914425,
        2.7755575615628914e-17,
        0.06807059529144252,
        0.13614119058288507
    ],
    "yvalues": [
        -12.0,
        -6.0,
        0.0,
        6.0,
        12.0
    ],
    "flux": [
        [
            413.0,
            6937.0,
            7075.0,
            7171.0,
            7122.0
        ],
        [
            4438.0,
            32244.0,
            32267.0,
            32494.0,
            32457.0
        ],
        [
            19104.0,
            100053.0,
            100534.0,
            100194.0,
            99948.0
        ],
        [
            7878.0,
            43483.0,
            43560.0,
            43211.0,
            43110.0
        ],
        [
            749.0,
            8210.0,
            8241.0,
            8270.0,
            8133.0
        ]
    ],
    "sim_time": 16.781590223312378
}