{
    "dni": 1000.0,
    "generated_rays": 17123016,
    "power_per_ray": 0.08644774744363554,
    "num_rays": 759987.0,
    "avg_flux": 6434.41454225151,
    "peak_flux": 16405.70946461493,
    "min_flux": 283.2037474829346,
    "radius": 0.0,
    "bin_size_x": 0.06807059529144252,
    "bin_size_y": 6.0,
    "xvalues": [
        -0.13614119058288504,
        -0.0680705952914425,
        2.7755575615628914e-17,
        0.06807059529144252,
        0.13614119058288507
    ],
    "yvalues": [
        -12.0,
        -6.0,
        0.0,
        6.0,
        12.0
    ],
    "flux": [
        [
            1338.0,
            2512.0,
            2487.0,
            2470.0,
            2491.0
        ],
        [
            6520.0,
            15153.0,
            13150.0,
            13400.0,
            13459.0
        ],
        [
            16336.0,
            67596.0,
            63217.0,
            63332.0,
            63262.0
        ],
        [
            12555.0,
            77509.0,
            76572.0,
            75667.0,
            75702.0
        ],
        [
            2354.0,
            22677.0,
            23258.0,
            23610.0,
            23360.0
        ]
    ],
    "sim_time": 19.82622480392456
}