{
    "dni": 1000.0,
    "generated_rays": 9607710,
    "power_per_ray": 0.17123440631075457,
    "num_rays": 521124.0,
    "avg_flux": 8739.393602796334,
    "peak_flux": 38247.13123981521,
    "min_flux": 0.0,
    "radius": 0.0,
    "bin_size_x": 0.06807059529144252,
    "bin_size_y": 6.0,
    "xvalues": [
        -0.13614119058288504,
        -0.0680705952914425,
        2.7755575615628914e-17,
        0.06807059529144252,
        0.13614119058288507
    ],
    "yvalues": [
        -12.0,
        -6.0,
        0.0,
        6.0,
        12.0
    ],
    "flux": [
        [
            0.0,
            0.0,
            1693.0,
            5647.0,
            5851.0
        ],
        [
            0.0,
            182.0,
            28800.0,
            45589.0,
            45830.0
        ],
        [
            0.0,
            424.0,
            66520.0,
            91177.0,
            91226.0
        ],
        [
            0.0,
            72.0,
            29320.0,
            46341.0,
            46613.0
        ],
        [
            0.0,
            0.0,
            2017.0,
            6930.0,
            6892.0
        ]
    ],
    "sim_time": 9.442711591720581
}