{
    "dni": 1000.0,
    "generated_rays": 18323553,
    "power_per_ray": 0.09577209065031857,
    "num_rays": 57028.0,
    "avg_flux": 534.9045611860527,
    "peak_flux": 4324.971823716225,
    "min_flux": 0.0,
    "radius": 0.0,
    "bin_size_x": 0.06807059529144252,
    "bin_size_y": 6.0,
    "xvalues": [
        -0.13614119058288504,
        -0.0680705952914425,
        2.7755575615628914e-17,
        0.06807059529144252,
        0.13614119058288507
    ],
    "yvalues": [
        -12.0,
        -6.0,
        0.0,
        6.0,
        12.0
    ],
    "flux": [
        [
            0.0,
            0.0,
            0.0,
            0.0,
            3611.0
        ],
        [
            0.0,
            0.0,
            0.0,
            0.0,
            15882.0
        ],
        [
            0.0,
            0.0,
            0.0,
            0.0,
            18444.0
        ],
        [
            0.0,
            0.0,
            0.0,
            0.0,
            15659.0
        ],
        [
            0.0,
            0.0,
            0.0,
            0.0,
            3432.0
        ]
    ],
    "sim_time": 19.251489877700806
}