{
    "dni": 1000.0,
    "generated_rays": 4268889,
    "power_per_ray": 0.3307516275151612,
    "num_rays": 908403.0,
    "avg_flux": 29425.899137335415,
    "peak_flux": 115846.27906047668,
    "min_flux": 154.6765789861731,
    "radius": 0.0,
    "bin_size_x": 0.06807059529144252,
    "bin_size_y": 6.0,
    "xvalues": [
        -0.13614119058288504,
        -0.0680705952914425,
        2.7755575615628914e-17,
        0.06807059529144252,
        0.13614119058288507
    ],
    "yvalues": [
        -12.0,
        -6.0,
        0.0,
        6.0,
        12.0
    ],
    "flux": [
        [
            613.0,
            1108.0,
            1002.0,
            1047.0,
            987.0
        ],
        [
            16894.0,
            26273.0,
            26294.0,
            26440.0,
            26269.0
        ],
        [
            96347.0,
            142514.0,
            143018.0,
            143051.0,
            142743.0
        ],
        [
            15592.0,
            24208.0,
            23958.0,
            24283.0,
            24251.0
        ],
        [
            191.0,
            343.0,
            312.0,
            346.0,
            319.0
        ]
    ],
    "sim_time": 16.648913860321045
}