{
    "dni": 1000.0,
    "generated_rays": 5857916,
    "power_per_ray": 0.27232268557648964,
    "num_rays": 761134.0,
    "avg_flux": 20299.91110220571,
    "peak_flux": 86960.20365207607,
    "min_flux": 0.0,
    "radius": 0.0,
    "bin_size_x": 0.06807059529144252,
    "bin_size_y": 6.0,
    "xvalues": [
        -0.13614119058288504,
        -0.0680705952914425,
        2.7755575615628914e-17,
        0.06807059529144252,
        0.13614119058288507
    ],
    "yvalues": [
        -12.0,
        -6.0,
        0.0,
        6.0,
        12.0
    ],
    "flux": [
        [
            0.0,
            812.0,
            1181.0,
            1219.0,
            1180.0
        ],
        [
            318.0,
            26767.0,
            31826.0,
            32268.0,
            31608.0
        ],
        [
            3858.0,
            122502.0,
            130421.0,
            130344.0,
            130318.0
        ],
        [
            329.0,
            25433.0,
            29569.0,
            29586.0,
            29728.0
        ],
        [
            0.0,
            356.0,
            472.0,
            504.0,
            535.0
        ]
    ],
    "sim_time": 17.24803853034973
}