{
    "dni": 1000.0,
    "generated_rays": 3948053,
    "power_per_ray": 0.34102834190642356,
    "num_rays": 971229.0,
    "avg_flux": 32438.54061246645,
    "peak_flux": 127583.49704248524,
    "min_flux": 4.174934620525444,
    "radius": 0.0,
    "bin_size_x": 0.06807059529144252,
    "bin_size_y": 6.0,
    "xvalues": [
        -0.13614119058288504,
        -0.0680705952914425,
        2.7755575615628914e-17,
        0.06807059529144252,
        0.13614119058288507
    ],
    "yvalues": [
        -12.0,
        -6.0,
        0.0,
        6.0,
        12.0
    ],
    "flux": [
        [
            189.0,
            194.0,
            221.0,
            189.0,
            216.0
        ],
        [
            21426.0,
            21833.0,
            21785.0,
            21602.0,
            21622.0
        ],
        [
            152797.0,
            152792.0,
            152713.0,
            152153.0,
            152431.0
        ],
        [
            19892.0,
            19685.0,
            19686.0,
            19755.0,
            20005.0
        ],
        [
            12.0,
            5.0,
            9.0,
            5.0,
            12.0
        ]
    ],
    "sim_time": 16.369636058807373
}