{
    "dni": 1000.0,
    "generated_rays": 4301378,
    "power_per_ray": 0.30268660642657036,
    "num_rays": 928114.0,
    "avg_flux": 27513.365679087055,
    "peak_flux": 90659.18923098457,
    "min_flux": 1570.4111206701298,
    "radius": 0.0,
    "bin_size_x": 0.06807059529144252,
    "bin_size_y": 6.0,
    "xvalues": [
        -0.13614119058288504,
        -0.0680705952914425,
        2.7755575615628914e-17,
        0.06807059529144252,
        0.13614119058288507
    ],
    "yvalues": [
        -12.0,
        -6.0,
        0.0,
        6.0,
        12.0
    ],
    "flux": [
        [
            2119.0,
            3036.0,
            3015.0,
            2871.0,
            2950.0
        ],
        [
            23429.0,
            31273.0,
            31313.0,
            31311.0,
            30953.0
        ],
        [
            93443.0,
            122262.0,
            122329.0,
            122101.0,
            121968.0
        ],
        [
            25645.0,
            34222.0,
            34091.0,
            34104.0,
            34249.0
        ],
        [
            3293.0,
            4526.0,
            4574.0,
            4559.0,
            4478.0
        ]
    ],
    "sim_time": 8.769489526748657
}