{
    "dni": 1000.0,
    "generated_rays": 4739847,
    "power_per_ray": 0.2786138573116545,
    "num_rays": 915854.0,
    "avg_flux": 24990.684507439746,
    "peak_flux": 79210.0414362269,
    "min_flux": 1852.0885544447833,
    "radius": 0.0,
    "bin_size_x": 0.06807059529144252,
    "bin_size_y": 6.0,
    "xvalues": [
        -0.13614119058288504,
        -0.0680705952914425,
        2.7755575615628914e-17,
        0.06807059529144252,
        0.13614119058288507
    ],
    "yvalues": [
        -12.0,
        -6.0,
        0.0,
        6.0,
        12.0
    ],
    "flux": [
        [
            3879.0,
            5982.0,
            6000.0,
            5987.0,
            6061.0
        ],
        [
            24560.0,
            35964.0,
            35333.0,
            35721.0,
            35559.0
        ],
        [
            82522.0,
            116115.0,
            115432.0,
            115886.0,
            115434.0
        ],
        [
            23555.0,
            32937.0,
            32897.0,
            33174.0,
            33315.0
        ],
        [
            2715.0,
            4222.0,
            4211.0,
            4154.0,
            4239.0
        ]
    ],
    "sim_time": 16.245248317718506
}