{
    "dni": 1000.0,
    "generated_rays": 3965670,
    "power_per_ray": 0.3072621395551393,
    "num_rays": 975168.0,
    "avg_flux": 29345.241247740767,
    "peak_flux": 92676.61890227984,
    "min_flux": 2116.254933249829,
    "radius": 0.0,
    "bin_size_x": 0.06807059529144252,
    "bin_size_y": 6.0,
    "xvalues": [
        -0.13614119058288504,
        -0.0680705952914425,
        2.7755575615628914e-17,
        0.06807059529144252,
        0.13614119058288507
    ],
    "yvalues": [
        -12.0,
        -6.0,
        0.0,
        6.0,
        12.0
    ],
    "flux": [
        [
            2813.0,
            3002.0,
            2905.0,
            2864.0,
            2897.0
        ],
        [
            30859.0,
            30959.0,
            31224.0,
            30695.0,
            30743.0
        ],
        [
            122814.0,
            123189.0,
            123142.0,
            122722.0,
            122566.0
        ],
        [
            34052.0,
            33828.0,
            33912.0,
            33801.0,
            33835.0
        ],
        [
            4430.0,
            4472.0,
            4460.0,
            4473.0,
            4511.0
        ]
    ],
    "sim_time": 9.01169753074646
}