{
    "dni": 1000.0,
    "generated_rays": 4689189,
    "power_per_ray": 0.31519920843462823,
    "num_rays": 861064.0,
    "avg_flux": 26580.903746523138,
    "peak_flux": 108102.30401846519,
    "min_flux": 101.09871016540382,
    "radius": 0.0,
    "bin_size_x": 0.06807059529144252,
    "bin_size_y": 6.0,
    "xvalues": [
        -0.13614119058288504,
        -0.0680705952914425,
        2.7755575615628914e-17,
        0.06807059529144252,
        0.13614119058288507
    ],
    "yvalues": [
        -12.0,
        -6.0,
        0.0,
        6.0,
        12.0
    ],
    "flux": [
        [
            131.0,
            380.0,
            427.0,
            415.0,
            395.0
        ],
        [
            9791.0,
            26021.0,
            26022.0,
            25751.0,
            25726.0
        ],
        [
            62202.0,
            139032.0,
            138805.0,
            139709.0,
            140075.0
        ],
        [
            10534.0,
            27499.0,
            27463.0,
            27772.0,
            27873.0
        ],
        [
            342.0,
            1136.0,
            1195.0,
            1211.0,
            1157.0
        ]
    ],
    "sim_time": 8.69150424003601
}