{
    "dni": 1000.0,
    "generated_rays": 5247342,
    "power_per_ray": 0.28815795113871495,
    "num_rays": 814767.0,
    "avg_flux": 22993.931361035404,
    "peak_flux": 93096.31578782594,
    "min_flux": 18.343962610995554,
    "radius": 0.0,
    "bin_size_x": 0.06807059529144252,
    "bin_size_y": 6.0,
    "xvalues": [
        -0.13614119058288504,
        -0.0680705952914425,
        2.7755575615628914e-17,
        0.06807059529144252,
        0.13614119058288507
    ],
    "yvalues": [
        -12.0,
        -6.0,
        0.0,
        6.0,
        12.0
    ],
    "flux": [
        [
            26.0,
            1083.0,
            1014.0,
            1051.0,
            1021.0
        ],
        [
            4206.0,
            30014.0,
            29942.0,
            29870.0,
            30118.0
        ],
        [
            27690.0,
            131951.0,
            129450.0,
            129302.0,
            129554.0
        ],
        [
            4537.0,
            31894.0,
            31368.0,
            30930.0,
            31157.0
        ],
        [
            63.0,
            2022.0,
            2171.0,
            2169.0,
            2164.0
        ]
    ],
    "sim_time": 8.895941257476807
}