{
    "dni": 1000.0,
    "generated_rays": 3934740,
    "power_per_ray": 0.34762214566340266,
    "num_rays": 970669.0,
    "avg_flux": 33046.676426070946,
    "peak_flux": 135923.13871191547,
    "min_flux": 0.0,
    "radius": 0.0,
    "bin_size_x": 0.06807059529144252,
    "bin_size_y": 6.0,
    "xvalues": [
        -0.13614119058288504,
        -0.0680705952914425,
        2.7755575615628914e-17,
        0.06807059529144252,
        0.13614119058288507
    ],
    "yvalues": [
        -12.0,
        -6.0,
        0.0,
        6.0,
        12.0
    ],
    "flux": [
        [
            3.0,
            9.0,
            3.0,
            3.0,
            4.0
        ],
        [
            18356.0,
            18549.0,
            18110.0,
            18276.0,
            18264.0
        ],
        [
            158310.0,
            158779.0,
            159697.0,
            158570.0,
            157969.0
        ],
        [
            17235.0,
            17171.0,
            17117.0,
            17125.0,
            17119.0
        ],
        [
            0.0,
            0.0,
            0.0,
            0.0,
            0.0
        ]
    ],
    "sim_time": 16.89480948448181
}