{
    "dni": 1000.0,
    "generated_rays": 3964436,
    "power_per_ray": 0.35404810482999227,
    "num_rays": 947474.0,
    "avg_flux": 32853.28245276986,
    "peak_flux": 139579.13693186283,
    "min_flux": 0.0,
    "radius": 0.0,
    "bin_size_x": 0.06807059529144252,
    "bin_size_y": 6.0,
    "xvalues": [
        -0.13614119058288504,
        -0.0680705952914425,
        2.7755575615628914e-17,
        0.06807059529144252,
        0.13614119058288507
    ],
    "yvalues": [
        -12.0,
        -6.0,
        0.0,
        6.0,
        12.0
    ],
    "flux": [
        [
            0.0,
            0.0,
            0.0,
            0.0,
            0.0
        ],
        [
            14460.0,
            16737.0,
            16749.0,
            16541.0,
            16834.0
        ],
        [
            141479.0,
            161016.0,
            160922.0,
            160763.0,
            160842.0
        ],
        [
            14448.0,
            16575.0,
            16847.0,
            16650.0,
            16611.0
        ],
        [
            0.0,
            0.0,
            0.0,
            0.0,
            0.0
        ]
    ],
    "sim_time": 8.65709376335144
}