{
    "dni": 1000.0,
    "generated_rays": 3973893,
    "power_per_ray": 0.3384406525609904,
    "num_rays": 952439.0,
    "avg_flux": 31569.585986864484,
    "peak_flux": 119885.93028623372,
    "min_flux": 219.59254835530382,
    "radius": 0.0,
    "bin_size_x": 0.06807059529144252,
    "bin_size_y": 6.0,
    "xvalues": [
        -0.13614119058288504,
        -0.0680705952914425,
        2.7755575615628914e-17,
        0.06807059529144252,
        0.13614119058288507
    ],
    "yvalues": [
        -12.0,
        -6.0,
        0.0,
        6.0,
        12.0
    ],
    "flux": [
        [
            803.0,
            1004.0,
            960.0,
            930.0,
            889.0
        ],
        [
            22817.0,
            25931.0,
            25672.0,
            25739.0,
            25596.0
        ],
        [
            129168.0,
            143871.0,
            144141.0,
            144140.0,
            144676.0
        ],
        [
            20737.0,
            23401.0,
            23508.0,
            23515.0,
            23553.0
        ],
        [
            265.0,
            276.0,
            273.0,
            295.0,
            279.0
        ]
    ],
    "sim_time": 16.2931969165802
}