{
    "dni": 1000.0,
    "generated_rays": 10821892,
    "power_per_ray": 0.15213813635126172,
    "num_rays": 481619.0,
    "avg_flux": 7176.139886113181,
    "peak_flux": 30815.134581417726,
    "min_flux": 0.0,
    "radius": 0.0,
    "bin_size_x": 0.06807059529144252,
    "bin_size_y": 6.0,
    "xvalues": [
        -0.13614119058288504,
        -0.0680705952914425,
        2.7755575615628914e-17,
        0.06807059529144252,
        0.13614119058288507
    ],
    "yvalues": [
        -12.0,
        -6.0,
        0.0,
        6.0,
        12.0
    ],
    "flux": [
        [
            0.0,
            0.0,
            1638.0,
            7166.0,
            7414.0
        ],
        [
            0.0,
            0.0,
            23295.0,
            45718.0,
            46333.0
        ],
        [
            0.0,
            0.0,
            48630.0,
            82371.0,
            82725.0
        ],
        [
            0.0,
            0.0,
            23288.0,
            46502.0,
            46824.0
        ],
        [
            0.0,
            0.0,
            1867.0,
            8735.0,
            9113.0
        ]
    ],
    "sim_time": 9.745312452316284
}