{
    "dni": 1000.0,
    "generated_rays": 4621828,
    "power_per_ray": 0.2941894683481013,
    "num_rays": 892070.0,
    "avg_flux": 25702.49291985483,
    "peak_flux": 87050.9987120746,
    "min_flux": 1105.6679025182204,
    "radius": 0.0,
    "bin_size_x": 0.06807059529144252,
    "bin_size_y": 6.0,
    "xvalues": [
        -0.13614119058288504,
        -0.0680705952914425,
        2.7755575615628914e-17,
        0.06807059529144252,
        0.13614119058288507
    ],
    "yvalues": [
        -12.0,
        -6.0,
        0.0,
        6.0,
        12.0
    ],
    "flux": [
        [
            1535.0,
            3039.0,
            3043.0,
            2984.0,
            3003.0
        ],
        [
            17871.0,
            32042.0,
            32043.0,
            32036.0,
            31540.0
        ],
        [
            71069.0,
            120675.0,
            120719.0,
            120853.0,
            120236.0
        ],
        [
            19579.0,
            34890.0,
            34637.0,
            34778.0,
            34776.0
        ],
        [
            2411.0,
            4544.0,
            4647.0,
            4603.0,
            4517.0
        ]
    ],
    "sim_time": 8.868873119354248
}