{
    "dni": 1000.0,
    "generated_rays": 6338694,
    "power_per_ray": 0.22912604181547386,
    "num_rays": 831193.0,
    "avg_flux": 18652.00495253798,
    "peak_flux": 59891.90827906402,
    "min_flux": 743.3263562768461,
    "radius": 0.0,
    "bin_size_x": 0.06807059529144252,
    "bin_size_y": 6.0,
    "xvalues": [
        -0.13614119058288504,
        -0.0680705952914425,
        2.7755575615628914e-17,
        0.06807059529144252,
        0.13614119058288507
    ],
    "yvalues": [
        -12.0,
        -6.0,
        0.0,
        6.0,
        12.0
    ],
    "flux": [
        [
            1325.0,
            5968.0,
            6114.0,
            5910.0,
            5906.0
        ],
        [
            11657.0,
            37691.0,
            37761.0,
            37795.0,
            37939.0
        ],
        [
            34359.0,
            106083.0,
            106419.0,
            106499.0,
            106759.0
        ],
        [
            9451.0,
            35525.0,
            35580.0,
            35711.0,
            35383.0
        ],
        [
            1421.0,
            7520.0,
            7449.0,
            7476.0,
            7492.0
        ]
    ],
    "sim_time": 8.969970226287842
}