{
    "dni": 1000.0,
    "generated_rays": 15387776,
    "power_per_ray": 0.10951733525982174,
    "num_rays": 180100.0,
    "avg_flux": 1931.7271033937423,
    "peak_flux": 13236.781889495931,
    "min_flux": 0.0,
    "radius": 0.0,
    "bin_size_x": 0.06807059529144252,
    "bin_size_y": 6.0,
    "xvalues": [
        -0.13614119058288504,
        -0.0680705952914425,
        2.7755575615628914e-17,
        0.06807059529144252,
        0.13614119058288507
    ],
    "yvalues": [
        -12.0,
        -6.0,
        0.0,
        6.0,
        12.0
    ],
    "flux": [
        [
            0.0,
            0.0,
            0.0,
            982.0,
            8061.0
        ],
        [
            0.0,
            0.0,
            0.0,
            10863.0,
            37626.0
        ],
        [
            0.0,
            0.0,
            0.0,
            15201.0,
            49364.0
        ],
        [
            0.0,
            0.0,
            0.0,
            10665.0,
            37695.0
        ],
        [
            0.0,
            0.0,
            0.0,
            1014.0,
            8629.0
        ]
    ],
    "sim_time": 10.649823665618896
}