{
    "dni": 1000.0,
    "generated_rays": 13958265,
    "power_per_ray": 0.12029534944773362,
    "num_rays": 531572.0,
    "avg_flux": 6262.678642454355,
    "peak_flux": 23125.181110633235,
    "min_flux": 0.0,
    "radius": 0.0,
    "bin_size_x": 0.06807059529144252,
    "bin_size_y": 6.0,
    "xvalues": [
        -0.13614119058288504,
        -0.0680705952914425,
        2.7755575615628914e-17,
        0.06807059529144252,
        0.13614119058288507
    ],
    "yvalues": [
        -12.0,
        -6.0,
        0.0,
        6.0,
        12.0
    ],
    "flux": [
        [
            0.0,
            98.0,
            6409.0,
            9714.0,
            9709.0
        ],
        [
            0.0,
            1768.0,
            42154.0,
            51622.0,
            51103.0
        ],
        [
            0.0,
            2990.0,
            67044.0,
            78514.0,
            77562.0
        ],
        [
            0.0,
            848.0,
            30131.0,
            38958.0,
            39091.0
        ],
        [
            0.0,
            34.0,
            4580.0,
            9751.0,
            9492.0
        ]
    ],
    "sim_time": 11.012832880020142
}