{
    "dni": 1000.0,
    "generated_rays": 8893435,
    "power_per_ray": 0.18910544626941267,
    "num_rays": 556796.0,
    "avg_flux": 10312.152710502376,
    "peak_flux": 45550.76147756599,
    "min_flux": 0.0,
    "radius": 0.0,
    "bin_size_x": 0.06807059529144252,
    "bin_size_y": 6.0,
    "xvalues": [
        -0.13614119058288504,
        -0.0680705952914425,
        2.7755575615628914e-17,
        0.06807059529144252,
        0.13614119058288507
    ],
    "yvalues": [
        -12.0,
        -6.0,
        0.0,
        6.0,
        12.0
    ],
    "flux": [
        [
            0.0,
            0.0,
            1734.0,
            3733.0,
            3764.0
        ],
        [
            0.0,
            1961.0,
            33783.0,
            43920.0,
            43426.0
        ],
        [
            0.0,
            7179.0,
            84317.0,
            98379.0,
            97205.0
        ],
        [
            0.0,
            1960.0,
            34691.0,
            45149.0,
            44088.0
        ],
        [
            0.0,
            0.0,
            2190.0,
            4632.0,
            4685.0
        ]
    ],
    "sim_time": 9.30677080154419
}