{
    "dni": 1000.0,
    "generated_rays": 9117353,
    "power_per_ray": 0.1400452189047011,
    "num_rays": 899056.0,
    "avg_flux": 12331.168231893269,
    "peak_flux": 31621.510071263565,
    "min_flux": 712.5297975285804,
    "radius": 0.0,
    "bin_size_x": 0.06807059529144252,
    "bin_size_y": 6.0,
    "xvalues": [
        -0.13614119058288504,
        -0.0680705952914425,
        2.7755575615628914e-17,
        0.06807059529144252,
        0.13614119058288507
    ],
    "yvalues": [
        -12.0,
        -6.0,
        0.0,
        6.0,
        12.0
    ],
    "flux": [
        [
            11564.0,
            15683.0,
            15892.0,
            15627.0,
            15712.0
        ],
        [
            45977.0,
            59586.0,
            60156.0,
            59743.0,
            59731.0
        ],
        [
            71225.0,
            92220.0,
            91491.0,
            91723.0,
            92218.0
        ],
        [
            14159.0,
            18410.0,
            18447.0,
            18391.0,
            18408.0
        ],
        [
            2078.0,
            2607.0,
            2681.0,
            2594.0,
            2733.0
        ]
    ],
    "sim_time": 10.217937707901001
}