{
    "dni": 1000.0,
    "generated_rays": 4840477,
    "power_per_ray": 0.3133534358906786,
    "num_rays": 850275.0,
    "avg_flux": 26094.14452365766,
    "peak_flux": 111883.89055718658,
    "min_flux": 7.672266185545165,
    "radius": 0.0,
    "bin_size_x": 0.06807059529144252,
    "bin_size_y": 6.0,
    "xvalues": [
        -0.13614119058288504,
        -0.0680705952914425,
        2.7755575615628914e-17,
        0.06807059529144252,
        0.13614119058288507
    ],
    "yvalues": [
        -12.0,
        -6.0,
        0.0,
        6.0,
        12.0
    ],
    "flux": [
        [
            10.0,
            57.0,
            38.0,
            55.0,
            56.0
        ],
        [
            7374.0,
            23344.0,
            23058.0,
            23171.0,
            23005.0
        ],
        [
            58680.0,
            145708.0,
            145829.0,
            145510.0,
            145577.0
        ],
        [
            8055.0,
            24842.0,
            24905.0,
            24620.0,
            24969.0
        ],
        [
            65.0,
            314.0,
            358.0,
            353.0,
            322.0
        ]
    ],
    "sim_time": 8.784224271774292
}