{
    "dni": 1000.0,
    "generated_rays": 5146337,
    "power_per_ray": 0.3009662729632677,
    "num_rays": 820599.0,
    "avg_flux": 24187.891170921164,
    "peak_flux": 105761.72724205483,
    "min_flux": 2.94758964743086,
    "radius": 0.0,
    "bin_size_x": 0.06807059529144252,
    "bin_size_y": 6.0,
    "xvalues": [
        -0.13614119058288504,
        -0.0680705952914425,
        2.7755575615628914e-17,
        0.06807059529144252,
        0.13614119058288507
    ],
    "yvalues": [
        -12.0,
        -6.0,
        0.0,
        6.0,
        12.0
    ],
    "flux": [
        [
            14.0,
            402.0,
            430.0,
            413.0,
            440.0
        ],
        [
            4212.0,
            26582.0,
            26356.0,
            26603.0,
            26678.0
        ],
        [
            36473.0,
            143523.0,
            141946.0,
            141788.0,
            141112.0
        ],
        [
            4050.0,
            24793.0,
            24737.0,
            24785.0,
            24894.0
        ],
        [
            4.0,
            85.0,
            95.0,
            90.0,
            94.0
        ]
    ],
    "sim_time": 16.939847707748413
}