{
    "dni": 1000.0,
    "generated_rays": 4072932,
    "power_per_ray": 0.34478308870351987,
    "num_rays": 946857.0,
    "avg_flux": 31972.71691472824,
    "peak_flux": 134571.60838684574,
    "min_flux": 0.0,
    "radius": 0.0,
    "bin_size_x": 0.06807059529144252,
    "bin_size_y": 6.0,
    "xvalues": [
        -0.13614119058288504,
        -0.0680705952914425,
        2.7755575615628914e-17,
        0.06807059529144252,
        0.13614119058288507
    ],
    "yvalues": [
        -12.0,
        -6.0,
        0.0,
        6.0,
        12.0
    ],
    "flux": [
        [
            0.0,
            0.0,
            0.0,
            0.0,
            0.0
        ],
        [
            14801.0,
            17145.0,
            17121.0,
            16974.0,
            17205.0
        ],
        [
            140944.0,
            159265.0,
            159411.0,
            159185.0,
            159346.0
        ],
        [
            15173.0,
            17401.0,
            17729.0,
            17522.0,
            17635.0
        ],
        [
            0.0,
            0.0,
            0.0,
            0.0,
            0.0
        ]
    ],
    "sim_time": 8.769949674606323
}