{
    "dni": 1000.0,
    "generated_rays": 4846805,
    "power_per_ray": 0.3145641819192431,
    "num_rays": 841397.0,
    "avg_flux": 25921.457749474463,
    "peak_flux": 115537.90065552181,
    "min_flux": 0.0,
    "radius": 0.0,
    "bin_size_x": 0.06807059529144252,
    "bin_size_y": 6.0,
    "xvalues": [
        -0.13614119058288504,
        -0.0680705952914425,
        2.7755575615628914e-17,
        0.06807059529144252,
        0.13614119058288507
    ],
    "yvalues": [
        -12.0,
        -6.0,
        0.0,
        6.0,
        12.0
    ],
    "flux": [
        [
            0.0,
            0.0,
            0.0,
            0.0,
            0.0
        ],
        [
            5978.0,
            21807.0,
            21932.0,
            21670.0,
            21558.0
        ],
        [
            55163.0,
            150012.0,
            149470.0,
            149730.0,
            149123.0
        ],
        [
            6004.0,
            22296.0,
            22207.0,
            22096.0,
            22351.0
        ],
        [
            0.0,
            0.0,
            0.0,
            0.0,
            0.0
        ]
    ],
    "sim_time": 8.707379341125488
}