{
    "dni": 1000.0,
    "generated_rays": 4172391,
    "power_per_ray": 0.3053123024746753,
    "num_rays": 944604.0,
    "avg_flux": 28245.110431017903,
    "peak_flux": 91771.5514137118,
    "min_flux": 1749.239851000575,
    "radius": 0.0,
    "bin_size_x": 0.06807059529144252,
    "bin_size_y": 6.0,
    "xvalues": [
        -0.13614119058288504,
        -0.0680705952914425,
        2.7755575615628914e-17,
        0.06807059529144252,
        0.13614119058288507
    ],
    "yvalues": [
        -12.0,
        -6.0,
        0.0,
        6.0,
        12.0
    ],
    "flux": [
        [
            2340.0,
            3003.0,
            2962.0,
            2907.0,
            2927.0
        ],
        [
            25933.0,
            31125.0,
            31236.0,
            30902.0,
            30944.0
        ],
        [
            103591.0,
            122765.0,
            122619.0,
            122686.0,
            122210.0
        ],
        [
            28549.0,
            34017.0,
            33910.0,
            33967.0,
            34230.0
        ],
        [
            3667.0,
            4491.0,
            4578.0,
            4535.0,
            4510.0
        ]
    ],
    "sim_time": 8.645645380020142
}