{
    "dni": 1000.0,
    "generated_rays": 3933384,
    "power_per_ray": 0.3477419853814469,
    "num_rays": 970546.0,
    "avg_flux": 33053.879970641836,
    "peak_flux": 135412.31374635562,
    "min_flux": 0.0,
    "radius": 0.0,
    "bin_size_x": 0.06807059529144252,
    "bin_size_y": 6.0,
    "xvalues": [
        -0.13614119058288504,
        -0.0680705952914425,
        2.7755575615628914e-17,
        0.06807059529144252,
        0.13614119058288507
    ],
    "yvalues": [
        -12.0,
        -6.0,
        0.0,
        6.0,
        12.0
    ],
    "flux": [
        [
            0.0,
            0.0,
            0.0,
            0.0,
            0.0
        ],
        [
            17240.0,
            17120.0,
            16979.0,
            17067.0,
            17216.0
        ],
        [
            158759.0,
            158902.0,
            159042.0,
            158865.0,
            158043.0
        ],
        [
            18215.0,
            18230.0,
            18415.0,
            18199.0,
            18236.0
        ],
        [
            4.0,
            6.0,
            4.0,
            3.0,
            1.0
        ]
    ],
    "sim_time": 9.02956509590149
}