{
    "dni": 1000.0,
    "generated_rays": 11235935,
    "power_per_ray": 0.15369286231263576,
    "num_rays": 417798.0,
    "avg_flux": 6288.821207215842,
    "peak_flux": 30920.060180595898,
    "min_flux": 0.0,
    "radius": 0.0,
    "bin_size_x": 0.06807059529144252,
    "bin_size_y": 6.0,
    "xvalues": [
        -0.13614119058288504,
        -0.0680705952914425,
        2.7755575615628914e-17,
        0.06807059529144252,
        0.13614119058288507
    ],
    "yvalues": [
        -12.0,
        -6.0,
        0.0,
        6.0,
        12.0
    ],
    "flux": [
        [
            0.0,
            0.0,
            49.0,
            4237.0,
            6929.0
        ],
        [
            0.0,
            0.0,
            11586.0,
            44027.0,
            50088.0
        ],
        [
            0.0,
            0.0,
            24586.0,
            74941.0,
            82167.0
        ],
        [
            0.0,
            0.0,
            11891.0,
            44461.0,
            50814.0
        ],
        [
            0.0,
            0.0,
            84.0,
            4504.0,
            7434.0
        ]
    ],
    "sim_time": 9.970447301864624
}