{
    "dni": 1000.0,
    "generated_rays": 34199504,
    "power_per_ray": 0.04939890981155268,
    "num_rays": 450643.0,
    "avg_flux": 2180.2143122049947,
    "peak_flux": 8313.6324631539,
    "min_flux": 0.0,
    "radius": 0.0,
    "bin_size_x": 0.06807059529144252,
    "bin_size_y": 6.0,
    "xvalues": [
        -0.13614119058288504,
        -0.0680705952914425,
        2.7755575615628914e-17,
        0.06807059529144252,
        0.13614119058288507
    ],
    "yvalues": [
        -12.0,
        -6.0,
        0.0,
        6.0,
        12.0
    ],
    "flux": [
        [
            0.0,
            0.0,
            8102.0,
            27349.0,
            27118.0
        ],
        [
            0.0,
            0.0,
            31214.0,
            68736.0,
            64146.0
        ],
        [
            0.0,
            0.0,
            36508.0,
            57189.0,
            49887.0
        ],
        [
            0.0,
            0.0,
            19921.0,
            24778.0,
            17811.0
        ],
        [
            0.0,
            0.0,
            4731.0,
            7266.0,
            5887.0
        ]
    ],
    "sim_time": 17.845471143722534
}