{
    "dni": 1000.0,
    "generated_rays": 4406297,
    "power_per_ray": 0.3140386052314845,
    "num_rays": 897099.0,
    "avg_flux": 27591.328042930196,
    "peak_flux": 101322.3527408103,
    "min_flux": 530.5439073508563,
    "radius": 0.0,
    "bin_size_x": 0.06807059529144252,
    "bin_size_y": 6.0,
    "xvalues": [
        -0.13614119058288504,
        -0.0680705952914425,
        2.7755575615628914e-17,
        0.06807059529144252,
        0.13614119058288507
    ],
    "yvalues": [
        -12.0,
        -6.0,
        0.0,
        6.0,
        12.0
    ],
    "flux": [
        [
            1336.0,
            2670.0,
            2627.0,
            2583.0,
            2614.0
        ],
        [
            17940.0,
            30185.0,
            30254.0,
            30195.0,
            30178.0
        ],
        [
            81975.0,
            131371.0,
            131331.0,
            131775.0,
            131614.0
        ],
        [
            16855.0,
            29001.0,
            28693.0,
            29050.0,
            28940.0
        ],
        [
            690.0,
            1257.0,
            1311.0,
            1274.0,
            1380.0
        ]
    ],
    "sim_time": 16.74548602104187
}