{
    "dni": 1000.0,
    "generated_rays": 20098847,
    "power_per_ray": 0.08273745032900442,
    "num_rays": 565819.0,
    "avg_flux": 4584.88928122069,
    "peak_flux": 14359.912869160005,
    "min_flux": 0.0,
    "radius": 0.0,
    "bin_size_x": 0.06807059529144252,
    "bin_size_y": 6.0,
    "xvalues": [
        -0.13614119058288504,
        -0.0680705952914425,
        2.7755575615628914e-17,
        0.06807059529144252,
        0.13614119058288507
    ],
    "yvalues": [
        -12.0,
        -6.0,
        0.0,
        6.0,
        12.0
    ],
    "flux": [
        [
            0.0,
            725.0,
            4281.0,
            5390.0,
            5395.0
        ],
        [
            0.0,
            5580.0,
            25089.0,
            24464.0,
            24355.0
        ],
        [
            0.0,
            12073.0,
            70886.0,
            70427.0,
            70084.0
        ],
        [
            0.0,
            8213.0,
            62300.0,
            64349.0,
            64729.0
        ],
        [
            0.0,
            1045.0,
            13941.0,
            16269.0,
            16224.0
        ]
    ],
    "sim_time": 20.34375023841858
}