{
    "dni": 1000.0,
    "generated_rays": 20758872,
    "power_per_ray": 0.05771278520938871,
    "num_rays": 839370.0,
    "avg_flux": 4744.327592435449,
    "peak_flux": 10387.984399915997,
    "min_flux": 468.14745921758714,
    "radius": 0.0,
    "bin_size_x": 0.06807059529144252,
    "bin_size_y": 6.0,
    "xvalues": [
        -0.13614119058288504,
        -0.0680705952914425,
        2.7755575615628914e-17,
        0.06807059529144252,
        0.13614119058288507
    ],
    "yvalues": [
        -12.0,
        -6.0,
        0.0,
        6.0,
        12.0
    ],
    "flux": [
        [
            3398.0,
            3425.0,
            3313.0,
            3427.0,
            3402.0
        ],
        [
            11535.0,
            10596.0,
            10520.0,
            10677.0,
            10636.0
        ],
        [
            41809.0,
            42233.0,
            42238.0,
            42454.0,
            42046.0
        ],
        [
            66040.0,
            73395.0,
            73255.0,
            73514.0,
            73305.0
        ],
        [
            34781.0,
            40702.0,
            40450.0,
            41069.0,
            41150.0
        ]
    ],
    "sim_time": 21.48168921470642
}