{
    "dni": 1000.0,
    "generated_rays": 4682806,
    "power_per_ray": 0.3094280458563724,
    "num_rays": 867777.0,
    "avg_flux": 26297.653702940515,
    "peak_flux": 102372.80017244745,
    "min_flux": 224.25420056277108,
    "radius": 0.0,
    "bin_size_x": 0.06807059529144252,
    "bin_size_y": 6.0,
    "xvalues": [
        -0.13614119058288504,
        -0.0680705952914425,
        2.7755575615628914e-17,
        0.06807059529144252,
        0.13614119058288507
    ],
    "yvalues": [
        -12.0,
        -6.0,
        0.0,
        6.0,
        12.0
    ],
    "flux": [
        [
            667.0,
            1859.0,
            1818.0,
            1823.0,
            1774.0
        ],
        [
            12674.0,
            29459.0,
            29013.0,
            29242.0,
            29134.0
        ],
        [
            65044.0,
            134494.0,
            134418.0,
            134756.0,
            135125.0
        ],
        [
            11655.0,
            27914.0,
            27794.0,
            27679.0,
            28043.0
        ],
        [
            296.0,
            792.0,
            747.0,
            794.0,
            763.0
        ]
    ],
    "sim_time": 16.37974238395691
}