{
    "dni": 1000.0,
    "generated_rays": 22283776,
    "power_per_ray": 0.05723123236964114,
    "num_rays": 809511.0,
    "avg_flux": 4537.3788734497175,
    "peak_flux": 10173.231315338813,
    "min_flux": 455.1329932812736,
    "radius": 0.0,
    "bin_size_x": 0.06807059529144252,
    "bin_size_y": 6.0,
    "xvalues": [
        -0.13614119058288504,
        -0.0680705952914425,
        2.7755575615628914e-17,
        0.06807059529144252,
        0.13614119058288507
    ],
    "yvalues": [
        -12.0,
        -6.0,
        0.0,
        6.0,
        12.0
    ],
    "flux": [
        [
            3343.0,
            3392.0,
            3248.0,
            3332.0,
            3296.0
        ],
        [
            12592.0,
            10612.0,
            10528.0,
            10683.0,
            10530.0
        ],
        [
            40248.0,
            41343.0,
            41406.0,
            41702.0,
            41449.0
        ],
        [
            54516.0,
            72427.0,
            72554.0,
            72600.0,
            72434.0
        ],
        [
            26717.0,
            39951.0,
            39762.0,
            40436.0,
            40410.0
        ]
    ],
    "sim_time": 22.354207754135132
}