{
    "dni": 1000.0,
    "generated_rays": 18605996,
    "power_per_ray": 0.09413561291888689,
    "num_rays": 44379.0,
    "avg_flux": 409.14821324741894,
    "peak_flux": 3275.656507961152,
    "min_flux": 0.0,
    "radius": 0.0,
    "bin_size_x": 0.06807059529144252,
    "bin_size_y": 6.0,
    "xvalues": [
        -0.13614119058288504,
        -0.0680705952914425,
        2.7755575615628914e-17,
        0.06807059529144252,
        0.13614119058288507
    ],
    "yvalues": [
        -12.0,
        -6.0,
        0.0,
        6.0,
        12.0
    ],
    "flux": [
        [
            0.0,
            0.0,
            0.0,
            0.0,
            3035.0
        ],
        [
            0.0,
            0.0,
            0.0,
            0.0,
            12252.0
        ],
        [
            0.0,
            0.0,
            0.0,
            0.0,
            14212.0
        ],
        [
            0.0,
            0.0,
            0.0,
            0.0,
            12010.0
        ],
        [
            0.0,
            0.0,
            0.0,
            0.0,
            2870.0
        ]
    ],
    "sim_time": 19.138997793197632
}