{
    "dni": 1000.0,
    "generated_rays": 3901101,
    "power_per_ray": 0.3304727843071405,
    "num_rays": 973119.0,
    "avg_flux": 31495.669460536144,
    "peak_flux": 112435.17610791333,
    "min_flux": 496.00422402883555,
    "radius": 0.0,
    "bin_size_x": 0.06807059529144252,
    "bin_size_y": 6.0,
    "xvalues": [
        -0.13614119058288504,
        -0.0680705952914425,
        2.7755575615628914e-17,
        0.06807059529144252,
        0.13614119058288507
    ],
    "yvalues": [
        -12.0,
        -6.0,
        0.0,
        6.0,
        12.0
    ],
    "flux": [
        [
            1757.0,
            1579.0,
            1633.0,
            1619.0,
            1683.0
        ],
        [
            27674.0,
            27643.0,
            27660.0,
            27575.0,
            27278.0
        ],
        [
            138753.0,
            138827.0,
            138821.0,
            138956.0,
            138796.0
        ],
        [
            25934.0,
            25830.0,
            25900.0,
            25923.0,
            26138.0
        ],
        [
            667.0,
            618.0,
            614.0,
            613.0,
            628.0
        ]
    ],
    "sim_time": 16.792770862579346
}