{
    "dni": 1000.0,
    "generated_rays": 21651163,
    "power_per_ray": 0.05754946967005562,
    "num_rays": 821174.0,
    "avg_flux": 4628.34483372287,
    "peak_flux": 10287.430799236005,
    "min_flux": 460.7637238354413,
    "radius": 0.0,
    "bin_size_x": 0.06807059529144252,
    "bin_size_y": 6.0,
    "xvalues": [
        -0.13614119058288504,
        -0.0680705952914425,
        2.7755575615628914e-17,
        0.06807059529144252,
        0.13614119058288507
    ],
    "yvalues": [
        -12.0,
        -6.0,
        0.0,
        6.0,
        12.0
    ],
    "flux": [
        [
            3450.0,
            3402.0,
            3270.0,
            3366.0,
            3299.0
        ],
        [
            12254.0,
            10550.0,
            10558.0,
            10676.0,
            10537.0
        ],
        [
            40738.0,
            41803.0,
            41860.0,
            42090.0,
            41586.0
        ],
        [
            58784.0,
            72807.0,
            72878.0,
            73009.0,
            72696.0
        ],
        [
            29785.0,
            40284.0,
            40001.0,
            40722.0,
            40769.0
        ]
    ],
    "sim_time": 21.450050354003906
}