{
    "dni": 1000.0,
    "generated_rays": 8280699,
    "power_per_ray": 0.1697990241276171,
    "num_rays": 847594.0,
    "avg_flux": 14095.232891699268,
    "peak_flux": 41407.118430152404,
    "min_flux": 783.6745541159188,
    "radius": 0.0,
    "bin_size_x": 0.06807059529144252,
    "bin_size_y": 6.0,
    "xvalues": [
        -0.13614119058288504,
        -0.0680705952914425,
        2.7755575615628914e-17,
        0.06807059529144252,
        0.13614119058288507
    ],
    "yvalues": [
        -12.0,
        -6.0,
        0.0,
        6.0,
        12.0
    ],
    "flux": [
        [
            4463.0,
            11141.0,
            11031.0,
            10999.0,
            11114.0
        ],
        [
            22511.0,
            48859.0,
            48936.0,
            49228.0,
            48996.0
        ],
        [
            46436.0,
            99598.0,
            99421.0,
            99233.0,
            98707.0
        ],
        [
            11143.0,
            25933.0,
            25902.0,
            25985.0,
            25902.0
        ],
        [
            1885.0,
            5154.0,
            5024.0,
            4969.0,
            5024.0
        ]
    ],
    "sim_time": 10.112412214279175
}