{
    "dni": 1000.0,
    "generated_rays": 12173055,
    "power_per_ray": 0.09974838224033265,
    "num_rays": 896584.0,
    "avg_flux": 8758.828797237353,
    "peak_flux": 18903.4744021466,
    "min_flux": 546.3375439283982,
    "radius": 0.0,
    "bin_size_x": 0.06807059529144252,
    "bin_size_y": 6.0,
    "xvalues": [
        -0.13614119058288504,
        -0.0680705952914425,
        2.7755575615628914e-17,
        0.06807059529144252,
        0.13614119058288507
    ],
    "yvalues": [
        -12.0,
        -6.0,
        0.0,
        6.0,
        12.0
    ],
    "flux": [
        [
            2237.0,
            2289.0,
            2374.0,
            2388.0,
            2300.0
        ],
        [
            11374.0,
            12060.0,
            12293.0,
            12124.0,
            11932.0
        ],
        [
            60975.0,
            68537.0,
            68311.0,
            68019.0,
            68151.0
        ],
        [
            67207.0,
            77401.0,
            76660.0,
            77353.0,
            77250.0
        ],
        [
            20469.0,
            23680.0,
            23706.0,
            23891.0,
            23603.0
        ]
    ],
    "sim_time": 18.35772204399109
}