{
    "dni": 1000.0,
    "generated_rays": 4075730,
    "power_per_ray": 0.31724830818171146,
    "num_rays": 940741.0,
    "avg_flux": 29229.311071285312,
    "peak_flux": 100206.30744145205,
    "min_flux": 1253.6954397930594,
    "radius": 0.0,
    "bin_size_x": 0.06807059529144252,
    "bin_size_y": 6.0,
    "xvalues": [
        -0.13614119058288504,
        -0.0680705952914425,
        2.7755575615628914e-17,
        0.06807059529144252,
        0.13614119058288507
    ],
    "yvalues": [
        -12.0,
        -6.0,
        0.0,
        6.0,
        12.0
    ],
    "flux": [
        [
            2690.0,
            3409.0,
            3512.0,
            3437.0,
            3464.0
        ],
        [
            25334.0,
            30777.0,
            30922.0,
            30927.0,
            30709.0
        ],
        [
            106623.0,
            129005.0,
            128133.0,
            127985.0,
            128201.0
        ],
        [
            25014.0,
            30090.0,
            30483.0,
            30533.0,
            30196.0
        ],
        [
            1614.0,
            1922.0,
            1916.0,
            1913.0,
            1932.0
        ]
    ],
    "sim_time": 16.28476572036743
}