{
    "dni": 1000.0,
    "generated_rays": 9538295,
    "power_per_ray": 0.17912846559446155,
    "num_rays": 508880.0,
    "avg_flux": 8927.486058792567,
    "peak_flux": 41041.910195413984,
    "min_flux": 0.0,
    "radius": 0.0,
    "bin_size_x": 0.06807059529144252,
    "bin_size_y": 6.0,
    "xvalues": [
        -0.13614119058288504,
        -0.0680705952914425,
        2.7755575615628914e-17,
        0.06807059529144252,
        0.13614119058288507
    ],
    "yvalues": [
        -12.0,
        -6.0,
        0.0,
        6.0,
        12.0
    ],
    "flux": [
        [
            0.0,
            0.0,
            585.0,
            4203.0,
            4150.0
        ],
        [
            0.0,
            0.0,
            27436.0,
            47491.0,
            47437.0
        ],
        [
            0.0,
            23.0,
            64248.0,
            93578.0,
            91352.0
        ],
        [
            0.0,
            3.0,
            26795.0,
            47182.0,
            46784.0
        ],
        [
            0.0,
            0.0,
            475.0,
            3558.0,
            3580.0
        ]
    ],
    "sim_time": 17.129600763320923
}