{
    "dni": 1000.0,
    "generated_rays": 7286250,
    "power_per_ray": 0.2287072956250904,
    "num_rays": 653256.0,
    "avg_flux": 14632.300723603475,
    "peak_flux": 64747.19601376229,
    "min_flux": 0.0,
    "radius": 0.0,
    "bin_size_x": 0.06807059529144252,
    "bin_size_y": 6.0,
    "xvalues": [
        -0.13614119058288504,
        -0.0680705952914425,
        2.7755575615628914e-17,
        0.06807059529144252,
        0.13614119058288507
    ],
    "yvalues": [
        -12.0,
        -6.0,
        0.0,
        6.0,
        12.0
    ],
    "flux": [
        [
            0.0,
            8.0,
            753.0,
            762.0,
            768.0
        ],
        [
            0.0,
            11309.0,
            37687.0,
            38262.0,
            38056.0
        ],
        [
            0.0,
            48576.0,
            115625.0,
            114250.0,
            114675.0
        ],
        [
            0.0,
            11732.0,
            38893.0,
            39069.0,
            39022.0
        ],
        [
            0.0,
            33.0,
            1178.0,
            1250.0,
            1348.0
        ]
    ],
    "sim_time": 8.968930006027222
}