{
    "dni": 1000.0,
    "generated_rays": 6586048,
    "power_per_ray": 0.24876362215054018,
    "num_rays": 698831.0,
    "avg_flux": 17025.82738667865,
    "peak_flux": 75855.73509776848,
    "min_flux": 0.0,
    "radius": 0.0,
    "bin_size_x": 0.06807059529144252,
    "bin_size_y": 6.0,
    "xvalues": [
        -0.13614119058288504,
        -0.0680705952914425,
        2.7755575615628914e-17,
        0.06807059529144252,
        0.13614119058288507
    ],
    "yvalues": [
        -12.0,
        -6.0,
        0.0,
        6.0,
        12.0
    ],
    "flux": [
        [
            0.0,
            87.0,
            481.0,
            462.0,
            442.0
        ],
        [
            0.0,
            18424.0,
            35414.0,
            35433.0,
            35139.0
        ],
        [
            0.0,
            80536.0,
            124541.0,
            123202.0,
            123619.0
        ],
        [
            0.0,
            17826.0,
            33952.0,
            34193.0,
            34481.0
        ],
        [
            0.0,
            49.0,
            181.0,
            177.0,
            192.0
        ]
    ],
    "sim_time": 16.67229413986206
}