{
    "dni": 1000.0,
    "generated_rays": 14298792,
    "power_per_ray": 0.09535932428150784,
    "num_rays": 828402.0,
    "avg_flux": 7736.659724631555,
    "peak_flux": 17910.127897348208,
    "min_flux": 444.0817017658461,
    "radius": 0.0,
    "bin_size_x": 0.06807059529144252,
    "bin_size_y": 6.0,
    "xvalues": [
        -0.13614119058288504,
        -0.0680705952914425,
        2.7755575615628914e-17,
        0.06807059529144252,
        0.13614119058288507
    ],
    "yvalues": [
        -12.0,
        -6.0,
        0.0,
        6.0,
        12.0
    ],
    "flux": [
        [
            11113.0,
            23305.0,
            23354.0,
            23309.0,
            23459.0
        ],
        [
            40885.0,
            76238.0,
            76709.0,
            76363.0,
            76587.0
        ],
        [
            40835.0,
            66351.0,
            66437.0,
            66105.0,
            65904.0
        ],
        [
            9679.0,
            12880.0,
            12521.0,
            12627.0,
            12503.0
        ],
        [
            1902.0,
            2305.0,
            2450.0,
            2307.0,
            2274.0
        ]
    ],
    "sim_time": 11.740205764770508
}