{
    "dni": 1000.0,
    "generated_rays": 20371591,
    "power_per_ray": 0.08414467286768641,
    "num_rays": 101958.0,
    "avg_flux": 840.2279544749927,
    "peak_flux": 6722.32633205941,
    "min_flux": 0.0,
    "radius": 0.0,
    "bin_size_x": 0.06807059529144252,
    "bin_size_y": 6.0,
    "xvalues": [
        -0.13614119058288504,
        -0.0680705952914425,
        2.7755575615628914e-17,
        0.06807059529144252,
        0.13614119058288507
    ],
    "yvalues": [
        -12.0,
        -6.0,
        0.0,
        6.0,
        12.0
    ],
    "flux": [
        [
            0.0,
            0.0,
            0.0,
            43.0,
            6933.0
        ],
        [
            0.0,
            0.0,
            0.0,
            715.0,
            25747.0
        ],
        [
            0.0,
            0.0,
            0.0,
            1224.0,
            32629.0
        ],
        [
            0.0,
            0.0,
            0.0,
            994.0,
            26147.0
        ],
        [
            0.0,
            0.0,
            0.0,
            255.0,
            7271.0
        ]
    ],
    "sim_time": 19.119264364242554
}