{
    "dni": 1000.0,
    "generated_rays": 3903494,
    "power_per_ray": 0.3408634915836953,
    "num_rays": 971920.0,
    "avg_flux": 32445.92796851628,
    "peak_flux": 124508.14392931182,
    "min_flux": 67.6012471563971,
    "radius": 0.0,
    "bin_size_x": 0.06807059529144252,
    "bin_size_y": 6.0,
    "xvalues": [
        -0.13614119058288504,
        -0.0680705952914425,
        2.7755575615628914e-17,
        0.06807059529144252,
        0.13614119058288507
    ],
    "yvalues": [
        -12.0,
        -6.0,
        0.0,
        6.0,
        12.0
    ],
    "flux": [
        [
            488.0,
            503.0,
            497.0,
            478.0,
            488.0
        ],
        [
            23837.0,
            24044.0,
            23817.0,
            23701.0,
            23609.0
        ],
        [
            149186.0,
            149073.0,
            148674.0,
            148573.0,
            149001.0
        ],
        [
            21070.0,
            20928.0,
            21112.0,
            21175.0,
            21243.0
        ],
        [
            87.0,
            83.0,
            83.0,
            81.0,
            89.0
        ]
    ],
    "sim_time": 16.506425142288208
}