{
    "dni": 1000.0,
    "generated_rays": 7236366,
    "power_per_ray": 0.17941318065878392,
    "num_rays": 904916.0,
    "avg_flux": 15900.53748307525,
    "peak_flux": 44936.366519963805,
    "min_flux": 1505.8591762103322,
    "radius": 0.0,
    "bin_size_x": 0.06807059529144252,
    "bin_size_y": 6.0,
    "xvalues": [
        -0.13614119058288504,
        -0.0680705952914425,
        2.7755575615628914e-17,
        0.06807059529144252,
        0.13614119058288507
    ],
    "yvalues": [
        -12.0,
        -6.0,
        0.0,
        6.0,
        12.0
    ],
    "flux": [
        [
            3428.0,
            5042.0,
            4944.0,
            4997.0,
            4937.0
        ],
        [
            18136.0,
            24883.0,
            25004.0,
            25029.0,
            25192.0
        ],
        [
            75849.0,
            101967.0,
            102295.0,
            101924.0,
            101712.0
        ],
        [
            35267.0,
            47542.0,
            47857.0,
            48139.0,
            47487.0
        ],
        [
            7820.0,
            11547.0,
            11425.0,
            11246.0,
            11247.0
        ]
    ],
    "sim_time": 17.308577299118042
}