{
    "dni": 1000.0,
    "generated_rays": 4604426,
    "power_per_ray": 0.30710086377981155,
    "num_rays": 874748.0,
    "avg_flux": 26309.535978984266,
    "peak_flux": 98415.48440651865,
    "min_flux": 426.337267992727,
    "radius": 0.0,
    "bin_size_x": 0.06807059529144252,
    "bin_size_y": 6.0,
    "xvalues": [
        -0.13614119058288504,
        -0.0680705952914425,
        2.7755575615628914e-17,
        0.06807059529144252,
        0.13614119058288507
    ],
    "yvalues": [
        -12.0,
        -6.0,
        0.0,
        6.0,
        12.0
    ],
    "flux": [
        [
            567.0,
            1337.0,
            1375.0,
            1358.0,
            1337.0
        ],
        [
            13683.0,
            29547.0,
            29499.0,
            29490.0,
            29395.0
        ],
        [
            67026.0,
            130886.0,
            129953.0,
            130280.0,
            129842.0
        ],
        [
            14869.0,
            30783.0,
            30561.0,
            30710.0,
            30594.0
        ],
        [
            1021.0,
            2689.0,
            2621.0,
            2678.0,
            2647.0
        ]
    ],
    "sim_time": 8.622671604156494
}