{
    "dni": 1000.0,
    "generated_rays": 4717953,
    "power_per_ray": 0.2556694420159776,
    "num_rays": 968691.0,
    "avg_flux": 24255.670297924215,
    "peak_flux": 70286.88500051174,
    "min_flux": 3637.6331591094995,
    "radius": 0.0,
    "bin_size_x": 0.06807059529144252,
    "bin_size_y": 6.0,
    "xvalues": [
        -0.13614119058288504,
        -0.0680705952914425,
        2.7755575615628914e-17,
        0.06807059529144252,
        0.13614119058288507
    ],
    "yvalues": [
        -12.0,
        -6.0,
        0.0,
        6.0,
        12.0
    ],
    "flux": [
        [
            7343.0,
            7427.0,
            7365.0,
            7195.0,
            7263.0
        ],
        [
            33502.0,
            33275.0,
            33626.0,
            33794.0,
            33105.0
        ],
        [
            111087.0,
            112281.0,
            111910.0,
            111950.0,
            111559.0
        ],
        [
            35355.0,
            35197.0,
            35449.0,
            35485.0,
            34969.0
        ],
        [
            5926.0,
            5990.0,
            5811.0,
            5932.0,
            5895.0
        ]
    ],
    "sim_time": 16.117237091064453
}