{
    "dni": 1000.0,
    "generated_rays": 19800841,
    "power_per_ray": 0.08706053440111695,
    "num_rays": 315014.0,
    "avg_flux": 2685.965167623679,
    "peak_flux": 13478.682652134547,
    "min_flux": 0.0,
    "radius": 0.0,
    "bin_size_x": 0.06807059529144252,
    "bin_size_y": 6.0,
    "xvalues": [
        -0.13614119058288504,
        -0.0680705952914425,
        2.7755575615628914e-17,
        0.06807059529144252,
        0.13614119058288507
    ],
    "yvalues": [
        -12.0,
        -6.0,
        0.0,
        6.0,
        12.0
    ],
    "flux": [
        [
            0.0,
            0.0,
            309.0,
            7451.0,
            15273.0
        ],
        [
            0.0,
            0.0,
            1996.0,
            36310.0,
            51325.0
        ],
        [
            0.0,
            0.0,
            2515.0,
            48931.0,
            63232.0
        ],
        [
            0.0,
            0.0,
            977.0,
            28734.0,
            40407.0
        ],
        [
            0.0,
            0.0,
            75.0,
            4800.0,
            12679.0
        ]
    ],
    "sim_time": 12.42937421798706
}