{
    "dni": 1000.0,
    "generated_rays": 5726907,
    "power_per_ray": 0.2622526980106314,
    "num_rays": 779582.0,
    "avg_flux": 20023.083579156544,
    "peak_flux": 75259.09827249161,
    "min_flux": 1.9263288126672253,
    "radius": 0.0,
    "bin_size_x": 0.06807059529144252,
    "bin_size_y": 6.0,
    "xvalues": [
        -0.13614119058288504,
        -0.0680705952914425,
        2.7755575615628914e-17,
        0.06807059529144252,
        0.13614119058288507
    ],
    "yvalues": [
        -12.0,
        -6.0,
        0.0,
        6.0,
        12.0
    ],
    "flux": [
        [
            9.0,
            3282.0,
            3940.0,
            4105.0,
            4168.0
        ],
        [
            1365.0,
            33744.0,
            35814.0,
            35560.0,
            35174.0
        ],
        [
            8055.0,
            114508.0,
            117206.0,
            116956.0,
            116510.0
        ],
        [
            1457.0,
            32264.0,
            35425.0,
            34939.0,
            35104.0
        ],
        [
            3.0,
            2189.0,
            2611.0,
            2550.0,
            2644.0
        ]
    ],
    "sim_time": 16.08660650253296
}