{
    "dni": 1000.0,
    "generated_rays": 5407730,
    "power_per_ray": 0.2212732153379545,
    "num_rays": 961816.0,
    "avg_flux": 20843.47071079066,
    "peak_flux": 58574.42274218362,
    "min_flux": 3708.983851538986,
    "radius": 0.0,
    "bin_size_x": 0.06807059529144252,
    "bin_size_y": 6.0,
    "xvalues": [
        -0.13614119058288504,
        -0.0680705952914425,
        2.7755575615628914e-17,
        0.06807059529144252,
        0.13614119058288507
    ],
    "yvalues": [
        -12.0,
        -6.0,
        0.0,
        6.0,
        12.0
    ],
    "flux": [
        [
            8324.0,
            8305.0,
            8102.0,
            7990.0,
            8053.0
        ],
        [
            39925.0,
            39939.0,
            40037.0,
            39695.0,
            39532.0
        ],
        [
            107336.0,
            108116.0,
            107845.0,
            106904.0,
            107533.0
        ],
        [
            29599.0,
            29905.0,
            30198.0,
            29681.0,
            29492.0
        ],
        [
            6846.0,
            6974.0,
            7147.0,
            7195.0,
            7143.0
        ]
    ],
    "sim_time": 9.315544366836548
}