{
    "dni": 1000.0,
    "generated_rays": 4182291,
    "power_per_ray": 0.3427896852275734,
    "num_rays": 923058.0,
    "avg_flux": 30988.88341944337,
    "peak_flux": 132250.9345851493,
    "min_flux": 0.0,
    "radius": 0.0,
    "bin_size_x": 0.06807059529144252,
    "bin_size_y": 6.0,
    "xvalues": [
        -0.13614119058288504,
        -0.0680705952914425,
        2.7755575615628914e-17,
        0.06807059529144252,
        0.13614119058288507
    ],
    "yvalues": [
        -12.0,
        -6.0,
        0.0,
        6.0,
        12.0
    ],
    "flux": [
        [
            0.0,
            0.0,
            0.0,
            0.0,
            0.0
        ],
        [
            12992.0,
            17765.0,
            17644.0,
            17553.0,
            17865.0
        ],
        [
            120302.0,
            156920.0,
            157573.0,
            157525.0,
            157500.0
        ],
        [
            13681.0,
            18815.0,
            19242.0,
            18756.0,
            18893.0
        ],
        [
            5.0,
            8.0,
            6.0,
            7.0,
            6.0
        ]
    ],
    "sim_time": 8.778404951095581
}