{
    "dni": 1000.0,
    "generated_rays": 4348152,
    "power_per_ray": 0.3359625787208682,
    "num_rays": 899977.0,
    "avg_flux": 29612.25694344038,
    "peak_flux": 126905.74771530692,
    "min_flux": 0.0,
    "radius": 0.0,
    "bin_size_x": 0.06807059529144252,
    "bin_size_y": 6.0,
    "xvalues": [
        -0.13614119058288504,
        -0.0680705952914425,
        2.7755575615628914e-17,
        0.06807059529144252,
        0.13614119058288507
    ],
    "yvalues": [
        -12.0,
        -6.0,
        0.0,
        6.0,
        12.0
    ],
    "flux": [
        [
            0.0,
            0.0,
            0.0,
            0.0,
            0.0
        ],
        [
            11442.0,
            19527.0,
            19449.0,
            19501.0,
            19368.0
        ],
        [
            99086.0,
            153547.0,
            153780.0,
            154277.0,
            153898.0
        ],
        [
            12381.0,
            20744.0,
            21150.0,
            20727.0,
            20796.0
        ],
        [
            38.0,
            63.0,
            77.0,
            56.0,
            70.0
        ]
    ],
    "sim_time": 8.853829145431519
}