{
    "dni": 1000.0,
    "generated_rays": 7208930,
    "power_per_ray": 0.22102496654080436,
    "num_rays": 672195.0,
    "avg_flux": 14550.764222328233,
    "peak_flux": 59447.63054571139,
    "min_flux": 0.0,
    "radius": 0.0,
    "bin_size_x": 0.06807059529144252,
    "bin_size_y": 6.0,
    "xvalues": [
        -0.13614119058288504,
        -0.0680705952914425,
        2.7755575615628914e-17,
        0.06807059529144252,
        0.13614119058288507
    ],
    "yvalues": [
        -12.0,
        -6.0,
        0.0,
        6.0,
        12.0
    ],
    "flux": [
        [
            0.0,
            755.0,
            4375.0,
            4268.0,
            4412.0
        ],
        [
            0.0,
            15668.0,
            40918.0,
            39778.0,
            39253.0
        ],
        [
            0.0,
            54056.0,
            109851.0,
            108466.0,
            108150.0
        ],
        [
            0.0,
            15344.0,
            39503.0,
            38970.0,
            38652.0
        ],
        [
            0.0,
            552.0,
            3011.0,
            3067.0,
            3146.0
        ]
    ],
    "sim_time": 16.018882036209106
}