{
    "dni": 1000.0,
    "generated_rays": 8813858,
    "power_per_ray": 0.14091347347652178,
    "num_rays": 915528.0,
    "avg_flux": 12634.944647553913,
    "peak_flux": 31954.184729408964,
    "min_flux": 769.39008321005,
    "radius": 0.0,
    "bin_size_x": 0.06807059529144252,
    "bin_size_y": 6.0,
    "xvalues": [
        -0.13614119058288504,
        -0.0680705952914425,
        2.7755575615628914e-17,
        0.06807059529144252,
        0.13614119058288507
    ],
    "yvalues": [
        -12.0,
        -6.0,
        0.0,
        6.0,
        12.0
    ],
    "flux": [
        [
            2230.0,
            2678.0,
            2683.0,
            2579.0,
            2639.0
        ],
        [
            15748.0,
            18496.0,
            18416.0,
            18491.0,
            18103.0
        ],
        [
            78290.0,
            92216.0,
            92333.0,
            92616.0,
            91912.0
        ],
        [
            50534.0,
            59764.0,
            60063.0,
            59734.0,
            59584.0
        ],
        [
            13069.0,
            15838.0,
            15690.0,
            16155.0,
            15667.0
        ]
    ],
    "sim_time": 17.606630086898804
}