{
    "dni": 1000.0,
    "generated_rays": 20354256,
    "power_per_ray": 0.0576176463257568,
    "num_rays": 848695.0,
    "avg_flux": 4789.126948679763,
    "peak_flux": 10456.773541053914,
    "min_flux": 480.9187566808249,
    "radius": 0.0,
    "bin_size_x": 0.06807059529144252,
    "bin_size_y": 6.0,
    "xvalues": [
        -0.13614119058288504,
        -0.0680705952914425,
        2.7755575615628914e-17,
        0.06807059529144252,
        0.13614119058288507
    ],
    "yvalues": [
        -12.0,
        -6.0,
        0.0,
        6.0,
        12.0
    ],
    "flux": [
        [
            37327.0,
            41075.0,
            41072.0,
            40699.0,
            41172.0
        ],
        [
            68937.0,
            73584.0,
            74123.0,
            73503.0,
            73369.0
        ],
        [
            42244.0,
            42491.0,
            42473.0,
            42801.0,
            42184.0
        ],
        [
            11263.0,
            10719.0,
            10853.0,
            10631.0,
            10871.0
        ],
        [
            3426.0,
            3409.0,
            3523.0,
            3493.0,
            3453.0
        ]
    ],
    "sim_time": 14.701006889343262
}