{
    "dni": 1000.0,
    "generated_rays": 4252670,
    "power_per_ray": 0.34337226075477956,
    "num_rays": 896911.0,
    "avg_flux": 30162.25106178331,
    "peak_flux": 133167.61415520124,
    "min_flux": 0.0,
    "radius": 0.0,
    "bin_size_x": 0.06807059529144252,
    "bin_size_y": 6.0,
    "xvalues": [
        -0.13614119058288504,
        -0.0680705952914425,
        2.7755575615628914e-17,
        0.06807059529144252,
        0.13614119058288507
    ],
    "yvalues": [
        -12.0,
        -6.0,
        0.0,
        6.0,
        12.0
    ],
    "flux": [
        [
            0.0,
            0.0,
            0.0,
            0.0,
            0.0
        ],
        [
            10410.0,
            18059.0,
            18482.0,
            17994.0,
            18257.0
        ],
        [
            99361.0,
            157452.0,
            157708.0,
            158396.0,
            157974.0
        ],
        [
            10478.0,
            17993.0,
            18328.0,
            17834.0,
            18185.0
        ],
        [
            0.0,
            0.0,
            0.0,
            0.0,
            0.0
        ]
    ],
    "sim_time": 8.617654800415039
}