{
    "dni": 1000.0,
    "generated_rays": 5476410,
    "power_per_ray": 0.2748577948755284,
    "num_rays": 796362.0,
    "avg_flux": 21437.18613551215,
    "peak_flux": 83506.45431384098,
    "min_flux": 8.748641313926894,
    "radius": 0.0,
    "bin_size_x": 0.06807059529144252,
    "bin_size_y": 6.0,
    "xvalues": [
        -0.13614119058288504,
        -0.0680705952914425,
        2.7755575615628914e-17,
        0.06807059529144252,
        0.13614119058288507
    ],
    "yvalues": [
        -12.0,
        -6.0,
        0.0,
        6.0,
        12.0
    ],
    "flux": [
        [
            22.0,
            2817.0,
            3095.0,
            3058.0,
            3129.0
        ],
        [
            2646.0,
            33685.0,
            33412.0,
            33662.0,
            33761.0
        ],
        [
            16074.0,
            124086.0,
            122658.0,
            123215.0,
            122514.0
        ],
        [
            2488.0,
            31601.0,
            32620.0,
            32441.0,
            32494.0
        ],
        [
            13.0,
            1609.0,
            1754.0,
            1735.0,
            1773.0
        ]
    ],
    "sim_time": 16.551679849624634
}