{
    "dni": 1000.0,
    "generated_rays": 8079608,
    "power_per_ray": 0.19388617099734004,
    "num_rays": 728875.0,
    "avg_flux": 13840.413987922731,
    "peak_flux": 46654.84638377836,
    "min_flux": 0.0,
    "radius": 0.0,
    "bin_size_x": 0.06807059529144252,
    "bin_size_y": 6.0,
    "xvalues": [
        -0.13614119058288504,
        -0.0680705952914425,
        2.7755575615628914e-17,
        0.06807059529144252,
        0.13614119058288507
    ],
    "yvalues": [
        -12.0,
        -6.0,
        0.0,
        6.0,
        12.0
    ],
    "flux": [
        [
            0.0,
            4249.0,
            6301.0,
            6225.0,
            6086.0
        ],
        [
            0.0,
            33386.0,
            41724.0,
            41718.0,
            41625.0
        ],
        [
            0.0,
            81032.0,
            97857.0,
            98279.0,
            97900.0
        ],
        [
            0.0,
            28356.0,
            38772.0,
            38666.0,
            38509.0
        ],
        [
            0.0,
            4696.0,
            8019.0,
            7618.0,
            7857.0
        ]
    ],
    "sim_time": 9.263194799423218
}