{
    "dni": 1000.0,
    "generated_rays": 7822891,
    "power_per_ray": 0.20231277206641568,
    "num_rays": 696932.0,
    "avg_flux": 13809.021282303645,
    "peak_flux": 49233.86511491523,
    "min_flux": 0.0,
    "radius": 0.0,
    "bin_size_x": 0.06807059529144252,
    "bin_size_y": 6.0,
    "xvalues": [
        -0.13614119058288504,
        -0.0680705952914425,
        2.7755575615628914e-17,
        0.06807059529144252,
        0.13614119058288507
    ],
    "yvalues": [
        -12.0,
        -6.0,
        0.0,
        6.0,
        12.0
    ],
    "flux": [
        [
            0.0,
            2735.0,
            6994.0,
            7095.0,
            6939.0
        ],
        [
            0.0,
            22951.0,
            41616.0,
            41765.0,
            41835.0
        ],
        [
            0.0,
            63872.0,
            99330.0,
            99392.0,
            98909.0
        ],
        [
            0.0,
            24125.0,
            40615.0,
            40389.0,
            40692.0
        ],
        [
            0.0,
            2241.0,
            5137.0,
            5112.0,
            5188.0
        ]
    ],
    "sim_time": 16.52091693878174
}