{
    "dni": 1000.0,
    "generated_rays": 4528362,
    "power_per_ray": 0.3240591637077772,
    "num_rays": 880965.0,
    "avg_flux": 27959.67724718004,
    "peak_flux": 115430.28967090065,
    "min_flux": 50.780091825995434,
    "radius": 0.0,
    "bin_size_x": 0.06807059529144252,
    "bin_size_y": 6.0,
    "xvalues": [
        -0.13614119058288504,
        -0.0680705952914425,
        2.7755575615628914e-17,
        0.06807059529144252,
        0.13614119058288507
    ],
    "yvalues": [
        -12.0,
        -6.0,
        0.0,
        6.0,
        12.0
    ],
    "flux": [
        [
            256.0,
            618.0,
            604.0,
            608.0,
            578.0
        ],
        [
            12365.0,
            25634.0,
            25474.0,
            25491.0,
            25303.0
        ],
        [
            80206.0,
            144530.0,
            145186.0,
            145481.0,
            145346.0
        ],
        [
            11349.0,
            22641.0,
            22908.0,
            22968.0,
            22811.0
        ],
        [
            64.0,
            136.0,
            120.0,
            142.0,
            146.0
        ]
    ],
    "sim_time": 16.20572519302368
}