{
    "dni": 1000.0,
    "generated_rays": 3906734,
    "power_per_ray": 0.3405808007957554,
    "num_rays": 971857.0,
    "avg_flux": 32416.917946416288,
    "peak_flux": 124938.57502286258,
    "min_flux": 55.87070686350695,
    "radius": 0.0,
    "bin_size_x": 0.06807059529144252,
    "bin_size_y": 6.0,
    "xvalues": [
        -0.13614119058288504,
        -0.0680705952914425,
        2.7755575615628914e-17,
        0.06807059529144252,
        0.13614119058288507
    ],
    "yvalues": [
        -12.0,
        -6.0,
        0.0,
        6.0,
        12.0
    ],
    "flux": [
        [
            100.0,
            100.0,
            89.0,
            67.0,
            71.0
        ],
        [
            21499.0,
            21219.0,
            21222.0,
            20681.0,
            21140.0
        ],
        [
            148917.0,
            148659.0,
            148735.0,
            149826.0,
            148538.0
        ],
        [
            23586.0,
            23656.0,
            23769.0,
            23682.0,
            23828.0
        ],
        [
            503.0,
            513.0,
            502.0,
            449.0,
            506.0
        ]
    ],
    "sim_time": 8.973507404327393
}