{
    "dni": 1000.0,
    "generated_rays": 5529577,
    "power_per_ray": 0.2869424936002258,
    "num_rays": 779515.0,
    "avg_flux": 21906.275089962804,
    "peak_flux": 97669.33467385294,
    "min_flux": 0.0,
    "radius": 0.0,
    "bin_size_x": 0.06807059529144252,
    "bin_size_y": 6.0,
    "xvalues": [
        -0.13614119058288504,
        -0.0680705952914425,
        2.7755575615628914e-17,
        0.06807059529144252,
        0.13614119058288507
    ],
    "yvalues": [
        -12.0,
        -6.0,
        0.0,
        6.0,
        12.0
    ],
    "flux": [
        [
            0.0,
            3.0,
            4.0,
            4.0,
            8.0
        ],
        [
            764.0,
            24463.0,
            26749.0,
            26515.0,
            26798.0
        ],
        [
            11382.0,
            136089.0,
            139019.0,
            139001.0,
            138631.0
        ],
        [
            849.0,
            25447.0,
            27604.0,
            27864.0,
            27953.0
        ],
        [
            0.0,
            65.0,
            101.0,
            104.0,
            98.0
        ]
    ],
    "sim_time": 8.746273517608643
}