{
    "dni": 1000.0,
    "generated_rays": 6207201,
    "power_per_ray": 0.2444822478577046,
    "num_rays": 762761.0,
    "avg_flux": 18263.541750029235,
    "peak_flux": 66329.04247514915,
    "min_flux": 0.0,
    "radius": 0.0,
    "bin_size_x": 0.06807059529144252,
    "bin_size_y": 6.0,
    "xvalues": [
        -0.13614119058288504,
        -0.0680705952914425,
        2.7755575615628914e-17,
        0.06807059529144252,
        0.13614119058288507
    ],
    "yvalues": [
        -12.0,
        -6.0,
        0.0,
        6.0,
        12.0
    ],
    "flux": [
        [
            0.0,
            2838.0,
            3606.0,
            3505.0,
            3587.0
        ],
        [
            733.0,
            31892.0,
            36287.0,
            36365.0,
            36406.0
        ],
        [
            2934.0,
            102150.0,
            110447.0,
            110807.0,
            110633.0
        ],
        [
            459.0,
            33985.0,
            39203.0,
            38723.0,
            38959.0
        ],
        [
            0.0,
            3858.0,
            5177.0,
            5106.0,
            5101.0
        ]
    ],
    "sim_time": 9.022107601165771
}