{
    "dni": 1000.0,
    "generated_rays": 8563576,
    "power_per_ray": 0.14150950105375706,
    "num_rays": 929106.0,
    "avg_flux": 12876.565955597045,
    "peak_flux": 32191.207002605774,
    "min_flux": 832.2385019939626,
    "radius": 0.0,
    "bin_size_x": 0.06807059529144252,
    "bin_size_y": 6.0,
    "xvalues": [
        -0.13614119058288504,
        -0.0680705952914425,
        2.7755575615628914e-17,
        0.06807059529144252,
        0.13614119058288507
    ],
    "yvalues": [
        -12.0,
        -6.0,
        0.0,
        6.0,
        12.0
    ],
    "flux": [
        [
            14175.0,
            15794.0,
            15944.0,
            15666.0,
            15923.0
        ],
        [
            54430.0,
            59644.0,
            60089.0,
            59678.0,
            59458.0
        ],
        [
            84814.0,
            92910.0,
            92505.0,
            92538.0,
            92655.0
        ],
        [
            16635.0,
            18548.0,
            18193.0,
            18179.0,
            18348.0
        ],
        [
            2402.0,
            2590.0,
            2661.0,
            2527.0,
            2800.0
        ]
    ],
    "sim_time": 10.358302354812622
}