{
    "dni": 1000.0,
    "generated_rays": 6586880,
    "power_per_ray": 0.18251784211098454,
    "num_rays": 950295.0,
    "avg_flux": 16986.854311689633,
    "peak_flux": 46104.9926427325,
    "min_flux": 2127.6133563249923,
    "radius": 0.0,
    "bin_size_x": 0.06807059529144252,
    "bin_size_y": 6.0,
    "xvalues": [
        -0.13614119058288504,
        -0.0680705952914425,
        2.7755575615628914e-17,
        0.06807059529144252,
        0.13614119058288507
    ],
    "yvalues": [
        -12.0,
        -6.0,
        0.0,
        6.0,
        12.0
    ],
    "flux": [
        [
            4761.0,
            5041.0,
            4934.0,
            4948.0,
            4910.0
        ],
        [
            23722.0,
            24849.0,
            24604.0,
            24927.0,
            24934.0
        ],
        [
            99655.0,
            103113.0,
            103170.0,
            103094.0,
            102697.0
        ],
        [
            45453.0,
            47186.0,
            47564.0,
            47541.0,
            47208.0
        ],
        [
            10539.0,
            11546.0,
            11472.0,
            11329.0,
            11098.0
        ]
    ],
    "sim_time": 16.880174160003662
}