{
    "dni": 1000.0,
    "generated_rays": 20761370,
    "power_per_ray": 0.05770584122941759,
    "num_rays": 839116.0,
    "avg_flux": 4742.32125846673,
    "peak_flux": 10408.3517698229,
    "min_flux": 479.6768466009034,
    "radius": 0.0,
    "bin_size_x": 0.06807059529144252,
    "bin_size_y": 6.0,
    "xvalues": [
        -0.13614119058288504,
        -0.0680705952914425,
        2.7755575615628914e-17,
        0.06807059529144252,
        0.13614119058288507
    ],
    "yvalues": [
        -12.0,
        -6.0,
        0.0,
        6.0,
        12.0
    ],
    "flux": [
        [
            34720.0,
            40816.0,
            40832.0,
            40584.0,
            41016.0
        ],
        [
            65297.0,
            73257.0,
            73667.0,
            73126.0,
            73101.0
        ],
        [
            41857.0,
            42127.0,
            42320.0,
            42607.0,
            42003.0
        ],
        [
            11595.0,
            10756.0,
            10767.0,
            10607.0,
            10847.0
        ],
        [
            3399.0,
            3395.0,
            3506.0,
            3489.0,
            3425.0
        ]
    ],
    "sim_time": 14.232580661773682
}