{
    "dni": 1000.0,
    "generated_rays": 12885024,
    "power_per_ray": 0.11764326350423837,
    "num_rays": 759726.0,
    "avg_flux": 8753.328866535021,
    "peak_flux": 24765.876643180603,
    "min_flux": 120.40167988892175,
    "radius": 0.0,
    "bin_size_x": 0.06807059529144252,
    "bin_size_y": 6.0,
    "xvalues": [
        -0.13614119058288504,
        -0.0680705952914425,
        2.7755575615628914e-17,
        0.06807059529144252,
        0.13614119058288507
    ],
    "yvalues": [
        -12.0,
        -6.0,
        0.0,
        6.0,
        12.0
    ],
    "flux": [
        [
            576.0,
            14198.0,
            15791.0,
            15816.0,
            15667.0
        ],
        [
            5313.0,
            61648.0,
            62347.0,
            62196.0,
            62355.0
        ],
        [
            8575.0,
            85980.0,
            84348.0,
            83882.0,
            84215.0
        ],
        [
            3360.0,
            19699.0,
            20464.0,
            20318.0,
            20267.0
        ],
        [
            418.0,
            3054.0,
            3066.0,
            3094.0,
            3079.0
        ]
    ],
    "sim_time": 11.10368824005127
}