{
    "dni": 1000.0,
    "generated_rays": 4062093,
    "power_per_ray": 0.33998461386801526,
    "num_rays": 949118.0,
    "avg_flux": 31603.025786549304,
    "peak_flux": 126982.41856079477,
    "min_flux": 4.162157100928086,
    "radius": 0.0,
    "bin_size_x": 0.06807059529144252,
    "bin_size_y": 6.0,
    "xvalues": [
        -0.13614119058288504,
        -0.0680705952914425,
        2.7755575615628914e-17,
        0.06807059529144252,
        0.13614119058288507
    ],
    "yvalues": [
        -12.0,
        -6.0,
        0.0,
        6.0,
        12.0
    ],
    "flux": [
        [
            169.0,
            192.0,
            222.0,
            202.0,
            206.0
        ],
        [
            18756.0,
            22016.0,
            21930.0,
            21678.0,
            21810.0
        ],
        [
            135762.0,
            152302.0,
            152544.0,
            152333.0,
            152123.0
        ],
        [
            17432.0,
            19733.0,
            19755.0,
            19890.0,
            20021.0
        ],
        [
            8.0,
            5.0,
            9.0,
            6.0,
            14.0
        ]
    ],
    "sim_time": 16.471852779388428
}