{
    "dni": 1000.0,
    "generated_rays": 4588923,
    "power_per_ray": 0.32333275132052974,
    "num_rays": 876767.0,
    "avg_flux": 27764.067109378866,
    "peak_flux": 117677.14568239714,
    "min_flux": 15.833207174413994,
    "radius": 0.0,
    "bin_size_x": 0.06807059529144252,
    "bin_size_y": 6.0,
    "xvalues": [
        -0.13614119058288504,
        -0.0680705952914425,
        2.7755575615628914e-17,
        0.06807059529144252,
        0.13614119058288507
    ],
    "yvalues": [
        -12.0,
        -6.0,
        0.0,
        6.0,
        12.0
    ],
    "flux": [
        [
            20.0,
            23.0,
            20.0,
            24.0,
            36.0
        ],
        [
            10147.0,
            21881.0,
            21954.0,
            21831.0,
            21561.0
        ],
        [
            79645.0,
            148113.0,
            148535.0,
            148394.0,
            148646.0
        ],
        [
            11053.0,
            23426.0,
            23506.0,
            23184.0,
            23577.0
        ],
        [
            90.0,
            272.0,
            286.0,
            268.0,
            275.0
        ]
    ],
    "sim_time": 8.652953624725342
}