{
    "dni": 1000.0,
    "generated_rays": 4360243,
    "power_per_ray": 0.3098028307763636,
    "num_rays": 903961.0,
    "avg_flux": 27427.3764868572,
    "peak_flux": 96701.60248691564,
    "min_flux": 914.7910154074617,
    "radius": 0.0,
    "bin_size_x": 0.06807059529144252,
    "bin_size_y": 6.0,
    "xvalues": [
        -0.13614119058288504,
        -0.0680705952914425,
        2.7755575615628914e-17,
        0.06807059529144252,
        0.13614119058288507
    ],
    "yvalues": [
        -12.0,
        -6.0,
        0.0,
        6.0,
        12.0
    ],
    "flux": [
        [
            1992.0,
            3445.0,
            3516.0,
            3518.0,
            3532.0
        ],
        [
            20053.0,
            31197.0,
            31378.0,
            31400.0,
            31241.0
        ],
        [
            82454.0,
            127485.0,
            126787.0,
            127064.0,
            126620.0
        ],
        [
            19281.0,
            30796.0,
            31049.0,
            30995.0,
            30957.0
        ],
        [
            1206.0,
            1995.0,
            1986.0,
            2023.0,
            1991.0
        ]
    ],
    "sim_time": 15.89878511428833
}