{
    "dni": 1000.0,
    "generated_rays": 19950270,
    "power_per_ray": 0.0574226860251504,
    "num_rays": 859701.0,
    "avg_flux": 4834.8179697021005,
    "peak_flux": 10429.545615582381,
    "min_flux": 470.85572136511223,
    "radius": 0.0,
    "bin_size_x": 0.06807059529144252,
    "bin_size_y": 6.0,
    "xvalues": [
        -0.13614119058288504,
        -0.0680705952914425,
        2.7755575615628914e-17,
        0.06807059529144252,
        0.13614119058288507
    ],
    "yvalues": [
        -12.0,
        -6.0,
        0.0,
        6.0,
        12.0
    ],
    "flux": [
        [
            3447.0,
            3437.0,
            3349.0,
            3417.0,
            3459.0
        ],
        [
            10853.0,
            10597.0,
            10648.0,
            10762.0,
            10620.0
        ],
        [
            42666.0,
            42785.0,
            42785.0,
            43123.0,
            42579.0
        ],
        [
            73571.0,
            74181.0,
            73874.0,
            73974.0,
            74134.0
        ],
        [
            40375.0,
            41105.0,
            40927.0,
            41500.0,
            41533.0
        ]
    ],
    "sim_time": 20.998219966888428
}