{
    "dni": 1000.0,
    "generated_rays": 5065977,
    "power_per_ray": 0.28036712308439005,
    "num_rays": 851067.0,
    "avg_flux": 23368.99462687276,
    "peak_flux": 81669.03016312697,
    "min_flux": 553.9745596964258,
    "radius": 0.0,
    "bin_size_x": 0.06807059529144252,
    "bin_size_y": 6.0,
    "xvalues": [
        -0.13614119058288504,
        -0.0680705952914425,
        2.7755575615628914e-17,
        0.06807059529144252,
        0.13614119058288507
    ],
    "yvalues": [
        -12.0,
        -6.0,
        0.0,
        6.0,
        12.0
    ],
    "flux": [
        [
            1177.0,
            4701.0,
            4644.0,
            4696.0,
            4655.0
        ],
        [
            12220.0,
            36030.0,
            35865.0,
            36016.0,
            35889.0
        ],
        [
            45029.0,
            118470.0,
            117980.0,
            118971.0,
            117690.0
        ],
        [
            11352.0,
            33429.0,
            33181.0,
            32908.0,
            32934.0
        ],
        [
            807.0,
            3068.0,
            3087.0,
            3105.0,
            3163.0
        ]
    ],
    "sim_time": 15.907870531082153
}