{
    "dni": 1000.0,
    "generated_rays": 6124997,
    "power_per_ray": 0.2568307974129941,
    "num_rays": 747018.0,
    "avg_flux": 18790.02505173031,
    "peak_flux": 76871.86294201651,
    "min_flux": 0.0,
    "radius": 0.0,
    "bin_size_x": 0.06807059529144252,
    "bin_size_y": 6.0,
    "xvalues": [
        -0.13614119058288504,
        -0.0680705952914425,
        2.7755575615628914e-17,
        0.06807059529144252,
        0.13614119058288507
    ],
    "yvalues": [
        -12.0,
        -6.0,
        0.0,
        6.0,
        12.0
    ],
    "flux": [
        [
            0.0,
            1593.0,
            2716.0,
            2660.0,
            2721.0
        ],
        [
            14.0,
            27757.0,
            34865.0,
            34182.0,
            34361.0
        ],
        [
            350.0,
            107430.0,
            122245.0,
            121244.0,
            122154.0
        ],
        [
            41.0,
            26339.0,
            33855.0,
            33570.0,
            33543.0
        ],
        [
            0.0,
            920.0,
            1489.0,
            1463.0,
            1506.0
        ]
    ],
    "sim_time": 16.26177144050598
}