{
    "dni": 1000.0,
    "generated_rays": 6014043,
    "power_per_ray": 0.23597355594746947,
    "num_rays": 853088.0,
    "avg_flux": 19715.434937726775,
    "peak_flux": 62471.028857565325,
    "min_flux": 1212.7323891054762,
    "radius": 0.0,
    "bin_size_x": 0.06807059529144252,
    "bin_size_y": 6.0,
    "xvalues": [
        -0.13614119058288504,
        -0.0680705952914425,
        2.7755575615628914e-17,
        0.06807059529144252,
        0.13614119058288507
    ],
    "yvalues": [
        -12.0,
        -6.0,
        0.0,
        6.0,
        12.0
    ],
    "flux": [
        [
            2099.0,
            5972.0,
            6028.0,
            5899.0,
            5991.0
        ],
        [
            15454.0,
            36893.0,
            37069.0,
            36976.0,
            37354.0
        ],
        [
            46563.0,
            107687.0,
            108125.0,
            107807.0,
            107754.0
        ],
        [
            13323.0,
            34953.0,
            35054.0,
            35189.0,
            34718.0
        ],
        [
            2346.0,
            7514.0,
            7405.0,
            7460.0,
            7455.0
        ]
    ],
    "sim_time": 9.142974138259888
}