{
    "dni": 1000.0,
    "generated_rays": 19832180,
    "power_per_ray": 0.08602052490603596,
    "num_rays": 440488.0,
    "avg_flux": 3710.952216844936,
    "peak_flux": 14334.522613468833,
    "min_flux": 0.0,
    "radius": 0.0,
    "bin_size_x": 0.06807059529144252,
    "bin_size_y": 6.0,
    "xvalues": [
        -0.13614119058288504,
        -0.0680705952914425,
        2.7755575615628914e-17,
        0.06807059529144252,
        0.13614119058288507
    ],
    "yvalues": [
        -12.0,
        -6.0,
        0.0,
        6.0,
        12.0
    ],
    "flux": [
        [
            0.0,
            0.0,
            1800.0,
            7860.0,
            9429.0
        ],
        [
            0.0,
            0.0,
            15109.0,
            33733.0,
            34571.0
        ],
        [
            0.0,
            0.0,
            33286.0,
            68060.0,
            67575.0
        ],
        [
            0.0,
            0.0,
            23713.0,
            56966.0,
            56556.0
        ],
        [
            0.0,
            0.0,
            3637.0,
            13942.0,
            14251.0
        ]
    ],
    "sim_time": 19.930102825164795
}