{
    "dni": 1000.0,
    "generated_rays": 5971713,
    "power_per_ray": 0.27050083136775205,
    "num_rays": 747032.0,
    "avg_flux": 19790.510737971865,
    "peak_flux": 87475.21146146048,
    "min_flux": 0.0,
    "radius": 0.0,
    "bin_size_x": 0.06807059529144252,
    "bin_size_y": 6.0,
    "xvalues": [
        -0.13614119058288504,
        -0.0680705952914425,
        2.7755575615628914e-17,
        0.06807059529144252,
        0.13614119058288507
    ],
    "yvalues": [
        -12.0,
        -6.0,
        0.0,
        6.0,
        12.0
    ],
    "flux": [
        [
            0.0,
            73.0,
            119.0,
            130.0,
            137.0
        ],
        [
            50.0,
            23219.0,
            29907.0,
            30078.0,
            30048.0
        ],
        [
            669.0,
            117741.0,
            131489.0,
            132077.0,
            131827.0
        ],
        [
            44.0,
            24035.0,
            31334.0,
            31452.0,
            31126.0
        ],
        [
            0.0,
            233.0,
            388.0,
            442.0,
            414.0
        ]
    ],
    "sim_time": 8.952455759048462
}