{
    "dni": 1000.0,
    "generated_rays": 4133989,
    "power_per_ray": 0.3273170629617986,
    "num_rays": 933553.0,
    "avg_flux": 29926.56126784212,
    "peak_flux": 111032.93967815577,
    "min_flux": 419.9418272007392,
    "radius": 0.0,
    "bin_size_x": 0.06807059529144252,
    "bin_size_y": 6.0,
    "xvalues": [
        -0.13614119058288504,
        -0.0680705952914425,
        2.7755575615628914e-17,
        0.06807059529144252,
        0.13614119058288507
    ],
    "yvalues": [
        -12.0,
        -6.0,
        0.0,
        6.0,
        12.0
    ],
    "flux": [
        [
            1309.0,
            1668.0,
            1674.0,
            1666.0,
            1670.0
        ],
        [
            21913.0,
            27925.0,
            27814.0,
            27685.0,
            27698.0
        ],
        [
            111209.0,
            138048.0,
            138059.0,
            138141.0,
            138546.0
        ],
        [
            20363.0,
            26221.0,
            26242.0,
            26155.0,
            26418.0
        ],
        [
            524.0,
            628.0,
            668.0,
            658.0,
            651.0
        ]
    ],
    "sim_time": 16.53315305709839
}