{
    "dni": 1000.0,
    "generated_rays": 9109150,
    "power_per_ray": 0.17789266022421985,
    "num_rays": 556068.0,
    "avg_flux": 9688.022203227521,
    "peak_flux": 40463.01777200062,
    "min_flux": 0.0,
    "radius": 0.0,
    "bin_size_x": 0.06807059529144252,
    "bin_size_y": 6.0,
    "xvalues": [
        -0.13614119058288504,
        -0.0680705952914425,
        2.7755575615628914e-17,
        0.06807059529144252,
        0.13614119058288507
    ],
    "yvalues": [
        -12.0,
        -6.0,
        0.0,
        6.0,
        12.0
    ],
    "flux": [
        [
            0.0,
            6.0,
            2911.0,
            5684.0,
            5584.0
        ],
        [
            0.0,
            1990.0,
            34535.0,
            45030.0,
            44889.0
        ],
        [
            0.0,
            5889.0,
            78988.0,
            92761.0,
            92899.0
        ],
        [
            0.0,
            1677.0,
            34864.0,
            45337.0,
            45751.0
        ],
        [
            0.0,
            3.0,
            3576.0,
            6795.0,
            6899.0
        ]
    ],
    "sim_time": 9.336714506149292
}