{
    "dni": 1000.0,
    "generated_rays": 18685334,
    "power_per_ray": 0.09207852930986224,
    "num_rays": 30584.0,
    "avg_flux": 275.80481982032904,
    "peak_flux": 2197.447667725565,
    "min_flux": 0.0,
    "radius": 0.0,
    "bin_size_x": 0.06807059529144252,
    "bin_size_y": 6.0,
    "xvalues": [
        -0.13614119058288504,
        -0.0680705952914425,
        2.7755575615628914e-17,
        0.06807059529144252,
        0.13614119058288507
    ],
    "yvalues": [
        -12.0,
        -6.0,
        0.0,
        6.0,
        12.0
    ],
    "flux": [
        [
            0.0,
            0.0,
            0.0,
            0.0,
            2191.0
        ],
        [
            0.0,
            0.0,
            0.0,
            0.0,
            8264.0
        ],
        [
            0.0,
            0.0,
            0.0,
            0.0,
            9747.0
        ],
        [
            0.0,
            0.0,
            0.0,
            0.0,
            8213.0
        ],
        [
            0.0,
            0.0,
            0.0,
            0.0,
            2169.0
        ]
    ],
    "sim_time": 11.657692432403564
}