{
    "dni": 1000.0,
    "generated_rays": 15352822,
    "power_per_ray": 0.10976667501877106,
    "num_rays": 180372.0,
    "avg_flux": 1939.0491711061209,
    "peak_flux": 13274.980977870142,
    "min_flux": 0.0,
    "radius": 0.0,
    "bin_size_x": 0.06807059529144252,
    "bin_size_y": 6.0,
    "xvalues": [
        -0.13614119058288504,
        -0.0680705952914425,
        2.7755575615628914e-17,
        0.06807059529144252,
        0.13614119058288507
    ],
    "yvalues": [
        -12.0,
        -6.0,
        0.0,
        6.0,
        12.0
    ],
    "flux": [
        [
            0.0,
            0.0,
            0.0,
            957.0,
            8505.0
        ],
        [
            0.0,
            0.0,
            0.0,
            10979.0,
            38184.0
        ],
        [
            0.0,
            0.0,
            0.0,
            15150.0,
            49394.0
        ],
        [
            0.0,
            0.0,
            0.0,
            10948.0,
            37282.0
        ],
        [
            0.0,
            0.0,
            0.0,
            918.0,
            8055.0
        ]
    ],
    "sim_time": 18.341813325881958
}