{
    "dni": 1000.0,
    "generated_rays": 6839151,
    "power_per_ray": 0.2267908948320097,
    "num_rays": 720203.0,
    "avg_flux": 15996.675425111354,
    "peak_flux": 59156.57876108587,
    "min_flux": 0.0,
    "radius": 0.0,
    "bin_size_x": 0.06807059529144252,
    "bin_size_y": 6.0,
    "xvalues": [
        -0.13614119058288504,
        -0.0680705952914425,
        2.7755575615628914e-17,
        0.06807059529144252,
        0.13614119058288507
    ],
    "yvalues": [
        -12.0,
        -6.0,
        0.0,
        6.0,
        12.0
    ],
    "flux": [
        [
            0.0,
            2671.0,
            5665.0,
            5450.0,
            5484.0
        ],
        [
            0.0,
            26494.0,
            41011.0,
            40439.0,
            40663.0
        ],
        [
            0.0,
            78812.0,
            106375.0,
            105897.0,
            106534.0
        ],
        [
            0.0,
            25842.0,
            38686.0,
            38331.0,
            38123.0
        ],
        [
            0.0,
            2045.0,
            3874.0,
            3949.0,
            3858.0
        ]
    ],
    "sim_time": 16.28967547416687
}