{
    "dni": 1000.0,
    "generated_rays": 9349783,
    "power_per_ray": 0.1776108992752849,
    "num_rays": 490995.0,
    "avg_flux": 8540.747353665016,
    "peak_flux": 39323.49719460039,
    "min_flux": 0.0,
    "radius": 0.0,
    "bin_size_x": 0.06807059529144252,
    "bin_size_y": 6.0,
    "xvalues": [
        -0.13614119058288504,
        -0.0680705952914425,
        2.7755575615628914e-17,
        0.06807059529144252,
        0.13614119058288507
    ],
    "yvalues": [
        -12.0,
        -6.0,
        0.0,
        6.0,
        12.0
    ],
    "flux": [
        [
            0.0,
            0.0,
            266.0,
            3589.0,
            4001.0
        ],
        [
            0.0,
            0.0,
            23948.0,
            47642.0,
            48249.0
        ],
        [
            0.0,
            0.0,
            55751.0,
            90256.0,
            90426.0
        ],
        [
            0.0,
            0.0,
            24305.0,
            47337.0,
            47593.0
        ],
        [
            0.0,
            0.0,
            278.0,
            3643.0,
            3711.0
        ]
    ],
    "sim_time": 9.455422639846802
}