{
    "dni": 1000.0,
    "generated_rays": 6009199,
    "power_per_ray": 0.2668930718973545,
    "num_rays": 739358.0,
    "avg_flux": 19325.968577868596,
    "peak_flux": 85639.37091488202,
    "min_flux": 0.0,
    "radius": 0.0,
    "bin_size_x": 0.06807059529144252,
    "bin_size_y": 6.0,
    "xvalues": [
        -0.13614119058288504,
        -0.0680705952914425,
        2.7755575615628914e-17,
        0.06807059529144252,
        0.13614119058288507
    ],
    "yvalues": [
        -12.0,
        -6.0,
        0.0,
        6.0,
        12.0
    ],
    "flux": [
        [
            0.0,
            33.0,
            69.0,
            83.0,
            56.0
        ],
        [
            0.0,
            22961.0,
            31406.0,
            31518.0,
            31317.0
        ],
        [
            8.0,
            114734.0,
            130667.0,
            130848.0,
            131053.0
        ],
        [
            0.0,
            22511.0,
            30328.0,
            30771.0,
            30980.0
        ],
        [
            0.0,
            4.0,
            1.0,
            3.0,
            7.0
        ]
    ],
    "sim_time": 16.399247407913208
}