{
    "dni": 1000.0,
    "generated_rays": 6740559,
    "power_per_ray": 0.23768972860452278,
    "num_rays": 703416.0,
    "avg_flux": 16374.643355694569,
    "peak_flux": 68480.25505762523,
    "min_flux": 0.0,
    "radius": 0.0,
    "bin_size_x": 0.06807059529144252,
    "bin_size_y": 6.0,
    "xvalues": [
        -0.13614119058288504,
        -0.0680705952914425,
        2.7755575615628914e-17,
        0.06807059529144252,
        0.13614119058288507
    ],
    "yvalues": [
        -12.0,
        -6.0,
        0.0,
        6.0,
        12.0
    ],
    "flux": [
        [
            0.0,
            1077.0,
            3206.0,
            3280.0,
            3212.0
        ],
        [
            0.0,
            21203.0,
            37874.0,
            36446.0,
            36812.0
        ],
        [
            0.0,
            76843.0,
            117670.0,
            115250.0,
            115477.0
        ],
        [
            0.0,
            19987.0,
            36204.0,
            36197.0,
            36104.0
        ],
        [
            0.0,
            673.0,
            2026.0,
            1919.0,
            1956.0
        ]
    ],
    "sim_time": 16.577049255371094
}