{
    "dni": 1000.0,
    "generated_rays": 4936629,
    "power_per_ray": 0.29993817242766163,
    "num_rays": 842366.0,
    "avg_flux": 24744.67548221588,
    "peak_flux": 98183.69133103469,
    "min_flux": 130.7196704233797,
    "radius": 0.0,
    "bin_size_x": 0.06807059529144252,
    "bin_size_y": 6.0,
    "xvalues": [
        -0.13614119058288504,
        -0.0680705952914425,
        2.7755575615628914e-17,
        0.06807059529144252,
        0.13614119058288507
    ],
    "yvalues": [
        -12.0,
        -6.0,
        0.0,
        6.0,
        12.0
    ],
    "flux": [
        [
            178.0,
            958.0,
            901.0,
            876.0,
            922.0
        ],
        [
            8282.0,
            28857.0,
            28707.0,
            28874.0,
            28957.0
        ],
        [
            46761.0,
            133696.0,
            132206.0,
            131976.0,
            132695.0
        ],
        [
            8828.0,
            30517.0,
            30246.0,
            29714.0,
            29968.0
        ],
        [
            329.0,
            1950.0,
            1969.0,
            2019.0,
            1980.0
        ]
    ],
    "sim_time": 8.726243495941162
}