{
    "dni": 1000.0,
    "generated_rays": 12653779,
    "power_per_ray": 0.08070783987991277,
    "num_rays": 811714.0,
    "avg_flux": 3666.4064060225833,
    "peak_flux": 10286.154542455937,
    "min_flux": 0.0,
    "radius": 0.0,
    "bin_size_x": 0.11912060709304066,
    "bin_size_y": 6.0,
    "xvalues": [
        -0.23824121418608132,
        -0.11912060709304068,
        0.0,
        0.11912060709304068,
        0.23824121418608135
    ],
    "yvalues": [
        -12.0,
        -6.0,
        0.0,
        6.0,
        12.0
    ],
    "flux": [
        [
            0.0,
            0.0,
            0.0,
            0.0,
            0.0
        ],
        [
            26009.0,
            30278.0,
            30382.0,
            30223.0,
            30249.0
        ],
        [
            76622.0,
            90628.0,
            91091.0,
            90438.0,
            90693.0
        ],
        [
            39265.0,
            46292.0,
            46749.0,
            46436.0,
            46359.0
        ],
        [
            0.0,
            0.0,
            0.0,
            0.0,
            0.0
        ]
    ],
    "sim_time": 15.512687921524048
}