{
    "dni": 1000.0,
    "generated_rays": 75541985,
    "power_per_ray": 0.013573561541831992,
    "num_rays": 859970.0,
    "avg_flux": 653.2793949475665,
    "peak_flux": 2154.9856245999936,
    "min_flux": 0.0,
    "radius": 0.0,
    "bin_size_x": 0.11912060709304066,
    "bin_size_y": 6.0,
    "xvalues": [
        -0.23824121418608132,
        -0.11912060709304068,
        0.0,
        0.11912060709304068,
        0.23824121418608135
    ],
    "yvalues": [
        -12.0,
        -6.0,
        0.0,
        6.0,
        12.0
    ],
    "flux": [
        [
            0.0,
            0.0,
            0.0,
            0.0,
            0.0
        ],
        [
            95004.0,
            113472.0,
            112832.0,
            113023.0,
            112952.0
        ],
        [
            51907.0,
            55302.0,
            55316.0,
            55277.0,
            55629.0
        ],
        [
            8438.0,
            7721.0,
            7815.0,
            7659.0,
            7623.0
        ],
        [
            0.0,
            0.0,
            0.0,
            0.0,
            0.0
        ]
    ],
    "sim_time": 61.76007962226868
}