{
    "dni": 1000.0,
    "generated_rays": 43542981,
    "power_per_ray": 0.022990564284127223,
    "num_rays": 863810.0,
    "avg_flux": 1111.4494135488771,
    "peak_flux": 3338.941698011525,
    "min_flux": 0.0,
    "radius": 0.0,
    "bin_size_x": 0.11912060709304066,
    "bin_size_y": 6.0,
    "xvalues": [
        -0.23824121418608132,
        -0.11912060709304068,
        0.0,
        0.11912060709304068,
        0.23824121418608135
    ],
    "yvalues": [
        -12.0,
        -6.0,
        0.0,
        6.0,
        12.0
    ],
    "flux": [
        [
            0.0,
            0.0,
            0.0,
            0.0,
            0.0
        ],
        [
            103021.0,
            103800.0,
            103654.0,
            103495.0,
            103657.0
        ],
        [
            63126.0,
            63686.0,
            63128.0,
            63301.0,
            63217.0
        ],
        [
            6011.0,
            5928.0,
            6073.0,
            5827.0,
            5886.0
        ],
        [
            0.0,
            0.0,
            0.0,
            0.0,
            0.0
        ]
    ],
    "sim_time": 38.07130479812622
}