{
    "dni": 1000.0,
    "generated_rays": 21681739,
    "power_per_ray": 0.047184215675560415,
    "num_rays": 821995.0,
    "avg_flux": 2170.6397860525017,
    "peak_flux": 6655.480854235638,
    "min_flux": 0.0,
    "radius": 0.0,
    "bin_size_x": 0.11912060709304066,
    "bin_size_y": 6.0,
    "xvalues": [
        -0.23824121418608132,
        -0.11912060709304068,
        0.0,
        0.11912060709304068,
        0.23824121418608135
    ],
    "yvalues": [
        -12.0,
        -6.0,
        0.0,
        6.0,
        12.0
    ],
    "flux": [
        [
            0.0,
            0.0,
            0.0,
            0.0,
            0.0
        ],
        [
            55551.0,
            64072.0,
            63611.0,
            63451.0,
            64090.0
        ],
        [
            87120.0,
            100800.0,
            100706.0,
            100814.0,
            100632.0
        ],
        [
            4141.0,
            4263.0,
            4299.0,
            4287.0,
            4158.0
        ],
        [
            0.0,
            0.0,
            0.0,
            0.0,
            0.0
        ]
    ],
    "sim_time": 22.14292812347412
}