{
    "dni": 1000.0,
    "generated_rays": 24901334,
    "power_per_ray": 0.043562762798518825,
    "num_rays": 689202.0,
    "avg_flux": 1680.288237775378,
    "peak_flux": 5541.070832078164,
    "min_flux": 0.0,
    "radius": 0.0,
    "bin_size_x": 0.11912060709304066,
    "bin_size_y": 6.0,
    "xvalues": [
        -0.23824121418608132,
        -0.11912060709304068,
        0.0,
        0.11912060709304068,
        0.23824121418608135
    ],
    "yvalues": [
        -12.0,
        -6.0,
        0.0,
        6.0,
        12.0
    ],
    "flux": [
        [
            0.0,
            0.0,
            0.0,
            0.0,
            0.0
        ],
        [
            5599.0,
            46436.0,
            46667.0,
            46749.0,
            46514.0
        ],
        [
            10176.0,
            90564.0,
            90567.0,
            90911.0,
            90545.0
        ],
        [
            3523.0,
            30414.0,
            30250.0,
            30089.0,
            30198.0
        ],
        [
            0.0,
            0.0,
            0.0,
            0.0,
            0.0
        ]
    ],
    "sim_time": 24.152215003967285
}