{
    "dni": 1000.0,
    "generated_rays": 43495542,
    "power_per_ray": 0.022987853128607853,
    "num_rays": 864928.0,
    "avg_flux": 1112.7566878662617,
    "peak_flux": 3340.381260975663,
    "min_flux": 0.0,
    "radius": 0.0,
    "bin_size_x": 0.11912060709304066,
    "bin_size_y": 6.0,
    "xvalues": [
        -0.23824121418608132,
        -0.11912060709304068,
        0.0,
        0.11912060709304068,
        0.23824121418608135
    ],
    "yvalues": [
        -12.0,
        -6.0,
        0.0,
        6.0,
        12.0
    ],
    "flux": [
        [
            0.0,
            0.0,
            0.0,
            0.0,
            0.0
        ],
        [
            103772.0,
            103857.0,
            103649.0,
            103456.0,
            103698.0
        ],
        [
            63476.0,
            63710.0,
            63111.0,
            63355.0,
            63135.0
        ],
        [
            5996.0,
            5935.0,
            6087.0,
            5814.0,
            5877.0
        ],
        [
            0.0,
            0.0,
            0.0,
            0.0,
            0.0
        ]
    ],
    "sim_time": 38.545727014541626
}