{
    "dni": 1000.0,
    "generated_rays": 26957642,
    "power_per_ray": 0.038221493457131106,
    "num_rays": 817744.0,
    "avg_flux": 1749.229776909817,
    "peak_flux": 4989.967229458578,
    "min_flux": 0.0,
    "radius": 0.0,
    "bin_size_x": 0.11912060709304066,
    "bin_size_y": 6.0,
    "xvalues": [
        -0.23824121418608132,
        -0.11912060709304068,
        0.0,
        0.11912060709304068,
        0.23824121418608135
    ],
    "yvalues": [
        -12.0,
        -6.0,
        0.0,
        6.0,
        12.0
    ],
    "flux": [
        [
            0.0,
            0.0,
            0.0,
            0.0,
            0.0
        ],
        [
            4466.0,
            4595.0,
            4624.0,
            4504.0,
            4576.0
        ],
        [
            76649.0,
            92993.0,
            92927.0,
            92370.0,
            93310.0
        ],
        [
            58886.0,
            71875.0,
            72187.0,
            71839.0,
            71943.0
        ],
        [
            0.0,
            0.0,
            0.0,
            0.0,
            0.0
        ]
    ],
    "sim_time": 26.1736159324646
}