{
    "dni": 1000.0,
    "generated_rays": 12118235,
    "power_per_ray": 0.08306894164908303,
    "num_rays": 824483.0,
    "avg_flux": 3833.030063061313,
    "peak_flux": 10601.71960071535,
    "min_flux": 0.0,
    "radius": 0.0,
    "bin_size_x": 0.11912060709304066,
    "bin_size_y": 6.0,
    "xvalues": [
        -0.23824121418608132,
        -0.11912060709304068,
        0.0,
        0.11912060709304068,
        0.23824121418608135
    ],
    "yvalues": [
        -12.0,
        -6.0,
        0.0,
        6.0,
        12.0
    ],
    "flux": [
        [
            0.0,
            0.0,
            0.0,
            0.0,
            0.0
        ],
        [
            28362.0,
            30261.0,
            30345.0,
            30107.0,
            30478.0
        ],
        [
            83794.0,
            90645.0,
            91217.0,
            89959.0,
            90853.0
        ],
        [
            42840.0,
            46337.0,
            46654.0,
            46317.0,
            46314.0
        ],
        [
            0.0,
            0.0,
            0.0,
            0.0,
            0.0
        ]
    ],
    "sim_time": 15.68165111541748
}