{
    "dni": 1000.0,
    "generated_rays": 66055934,
    "power_per_ray": 0.016475795511752475,
    "num_rays": 360149.0,
    "avg_flux": 332.08590982233204,
    "peak_flux": 1889.61695020368,
    "min_flux": 0.0,
    "radius": 0.0,
    "bin_size_x": 0.11912060709304066,
    "bin_size_y": 6.0,
    "xvalues": [
        -0.23824121418608132,
        -0.11912060709304068,
        0.0,
        0.11912060709304068,
        0.23824121418608135
    ],
    "yvalues": [
        -12.0,
        -6.0,
        0.0,
        6.0,
        12.0
    ],
    "flux": [
        [
            0.0,
            0.0,
            51.0,
            1462.0,
            1650.0
        ],
        [
            0.0,
            0.0,
            2806.0,
            44116.0,
            45780.0
        ],
        [
            0.0,
            0.0,
            5421.0,
            79580.0,
            81972.0
        ],
        [
            0.0,
            0.0,
            3232.0,
            44778.0,
            46184.0
        ],
        [
            0.0,
            0.0,
            81.0,
            1434.0,
            1602.0
        ]
    ],
    "sim_time": 53.82916188240051
}