{
    "dni": 1000.0,
    "generated_rays": 17440785,
    "power_per_ray": 0.05946079733771675,
    "num_rays": 804219.0,
    "avg_flux": 2676.251357964241,
    "peak_flux": 9088.207770376343,
    "min_flux": 0.0,
    "radius": 0.0,
    "bin_size_x": 0.11912060709304066,
    "bin_size_y": 6.0,
    "xvalues": [
        -0.23824121418608132,
        -0.11912060709304068,
        0.0,
        0.11912060709304068,
        0.23824121418608135
    ],
    "yvalues": [
        -12.0,
        -6.0,
        0.0,
        6.0,
        12.0
    ],
    "flux": [
        [
            0.0,
            0.0,
            0.0,
            0.0,
            0.0
        ],
        [
            4483.0,
            5137.0,
            5167.0,
            5187.0,
            5289.0
        ],
        [
            85235.0,
            109241.0,
            109023.0,
            108930.0,
            108899.0
        ],
        [
            42380.0,
            53917.0,
            53639.0,
            53748.0,
            53944.0
        ],
        [
            0.0,
            0.0,
            0.0,
            0.0,
            0.0
        ]
    ],
    "sim_time": 19.392963409423828
}