{
    "dni": 1000.0,
    "generated_rays": 42864078,
    "power_per_ray": 0.02497168397365454,
    "num_rays": 733915.0,
    "avg_flux": 1025.6883837185317,
    "peak_flux": 3234.0877196447195,
    "min_flux": 0.0,
    "radius": 0.0,
    "bin_size_x": 0.11912060709304066,
    "bin_size_y": 6.0,
    "xvalues": [
        -0.23824121418608132,
        -0.11912060709304068,
        0.0,
        0.11912060709304068,
        0.23824121418608135
    ],
    "yvalues": [
        -12.0,
        -6.0,
        0.0,
        6.0,
        12.0
    ],
    "flux": [
        [
            0.0,
            0.0,
            0.0,
            0.0,
            0.0
        ],
        [
            23035.0,
            71934.0,
            71556.0,
            71771.0,
            71387.0
        ],
        [
            32578.0,
            92323.0,
            92564.0,
            92427.0,
            92211.0
        ],
        [
            4040.0,
            4517.0,
            4510.0,
            4542.0,
            4520.0
        ],
        [
            0.0,
            0.0,
            0.0,
            0.0,
            0.0
        ]
    ],
    "sim_time": 37.55214715003967
}