{
    "dni": 1000.0,
    "generated_rays": 21163044,
    "power_per_ray": 0.04799593570255414,
    "num_rays": 830138.0,
    "avg_flux": 2229.8548809514164,
    "peak_flux": 6779.780855136586,
    "min_flux": 0.0,
    "radius": 0.0,
    "bin_size_x": 0.11912060709304066,
    "bin_size_y": 6.0,
    "xvalues": [
        -0.23824121418608132,
        -0.11912060709304068,
        0.0,
        0.11912060709304068,
        0.23824121418608135
    ],
    "yvalues": [
        -12.0,
        -6.0,
        0.0,
        6.0,
        12.0
    ],
    "flux": [
        [
            0.0,
            0.0,
            0.0,
            0.0,
            0.0
        ],
        [
            58617.0,
            64095.0,
            63672.0,
            63158.0,
            64179.0
        ],
        [
            91944.0,
            100772.0,
            100856.0,
            100725.0,
            100960.0
        ],
        [
            4195.0,
            4261.0,
            4305.0,
            4248.0,
            4151.0
        ],
        [
            0.0,
            0.0,
            0.0,
            0.0,
            0.0
        ]
    ],
    "sim_time": 21.868650436401367
}