{
    "dni": 1000.0,
    "generated_rays": 75486534,
    "power_per_ray": 0.013583532426984252,
    "num_rays": 859672.0,
    "avg_flux": 653.5327387113151,
    "peak_flux": 2155.9604674635093,
    "min_flux": 0.0,
    "radius": 0.0,
    "bin_size_x": 0.11912060709304066,
    "bin_size_y": 6.0,
    "xvalues": [
        -0.23824121418608132,
        -0.11912060709304068,
        0.0,
        0.11912060709304068,
        0.23824121418608135
    ],
    "yvalues": [
        -12.0,
        -6.0,
        0.0,
        6.0,
        12.0
    ],
    "flux": [
        [
            0.0,
            0.0,
            0.0,
            0.0,
            0.0
        ],
        [
            8243.0,
            7677.0,
            7615.0,
            7571.0,
            7719.0
        ],
        [
            51632.0,
            55237.0,
            55371.0,
            55396.0,
            55690.0
        ],
        [
            94633.0,
            113263.0,
            113289.0,
            112896.0,
            113440.0
        ],
        [
            0.0,
            0.0,
            0.0,
            0.0,
            0.0
        ]
    ],
    "sim_time": 61.98196363449097
}