{
    "dni": 1000.0,
    "generated_rays": 12363218,
    "power_per_ray": 0.08308456272761987,
    "num_rays": 800826.0,
    "avg_flux": 3723.74854105861,
    "peak_flux": 9930.177454991774,
    "min_flux": 0.0,
    "radius": 0.0,
    "bin_size_x": 0.11912060709304066,
    "bin_size_y": 6.0,
    "xvalues": [
        -0.23824121418608132,
        -0.11912060709304068,
        0.0,
        0.11912060709304068,
        0.23824121418608135
    ],
    "yvalues": [
        -12.0,
        -6.0,
        0.0,
        6.0,
        12.0
    ],
    "flux": [
        [
            0.0,
            0.0,
            0.0,
            0.0,
            0.0
        ],
        [
            35485.0,
            45363.0,
            45069.0,
            44602.0,
            44980.0
        ],
        [
            67710.0,
            84931.0,
            85423.0,
            85092.0,
            84694.0
        ],
        [
            29315.0,
            36921.0,
            37060.0,
            37173.0,
            37008.0
        ],
        [
            0.0,
            0.0,
            0.0,
            0.0,
            0.0
        ]
    ],
    "sim_time": 15.150798320770264
}