{
    "dni": 1000.0,
    "generated_rays": 24837004,
    "power_per_ray": 0.043283955968940455,
    "num_rays": 653842.0,
    "avg_flux": 1583.8775522995343,
    "peak_flux": 5156.355446460749,
    "min_flux": 0.0,
    "radius": 0.0,
    "bin_size_x": 0.11912060709304066,
    "bin_size_y": 6.0,
    "xvalues": [
        -0.23824121418608132,
        -0.11912060709304068,
        0.0,
        0.11912060709304068,
        0.23824121418608135
    ],
    "yvalues": [
        -12.0,
        -6.0,
        0.0,
        6.0,
        12.0
    ],
    "flux": [
        [
            0.0,
            0.0,
            0.0,
            0.0,
            0.0
        ],
        [
            3790.0,
            49042.0,
            41393.0,
            41636.0,
            41510.0
        ],
        [
            6947.0,
            85144.0,
            69014.0,
            68870.0,
            69011.0
        ],
        [
            3959.0,
            49050.0,
            41660.0,
            41460.0,
            41356.0
        ],
        [
            0.0,
            0.0,
            0.0,
            0.0,
            0.0
        ]
    ],
    "sim_time": 24.19572615623474
}