{
    "dni": 1000.0,
    "generated_rays": 13038026,
    "power_per_ray": 0.07795743753885974,
    "num_rays": 761495.0,
    "avg_flux": 3322.3582019013065,
    "peak_flux": 7867.474412279177,
    "min_flux": 0.0,
    "radius": 0.0,
    "bin_size_x": 0.11912060709304066,
    "bin_size_y": 6.0,
    "xvalues": [
        -0.23824121418608132,
        -0.11912060709304068,
        0.0,
        0.11912060709304068,
        0.23824121418608135
    ],
    "yvalues": [
        -12.0,
        -6.0,
        0.0,
        6.0,
        12.0
    ],
    "flux": [
        [
            0.0,
            0.0,
            0.0,
            0.0,
            0.0
        ],
        [
            35974.0,
            42255.0,
            42119.0,
            42283.0,
            42612.0
        ],
        [
            61847.0,
            72006.0,
            72130.0,
            71963.0,
            71995.0
        ],
        [
            36384.0,
            42717.0,
            42556.0,
            42467.0,
            42187.0
        ],
        [
            0.0,
            0.0,
            0.0,
            0.0,
            0.0
        ]
    ],
    "sim_time": 15.603318691253662
}