{
    "dni": 1000.0,
    "generated_rays": 42782516,
    "power_per_ray": 0.02501929081585754,
    "num_rays": 734408.0,
    "avg_flux": 1028.3340992456367,
    "peak_flux": 3245.014045328704,
    "min_flux": 0.0,
    "radius": 0.0,
    "bin_size_x": 0.11912060709304066,
    "bin_size_y": 6.0,
    "xvalues": [
        -0.23824121418608132,
        -0.11912060709304068,
        0.0,
        0.11912060709304068,
        0.23824121418608135
    ],
    "yvalues": [
        -12.0,
        -6.0,
        0.0,
        6.0,
        12.0
    ],
    "flux": [
        [
            0.0,
            0.0,
            0.0,
            0.0,
            0.0
        ],
        [
            4016.0,
            4513.0,
            4659.0,
            4549.0,
            4606.0
        ],
        [
            32720.0,
            92700.0,
            92638.0,
            92504.0,
            91892.0
        ],
        [
            23052.0,
            71709.0,
            71233.0,
            71712.0,
            71905.0
        ],
        [
            0.0,
            0.0,
            0.0,
            0.0,
            0.0
        ]
    ],
    "sim_time": 37.55570840835571
}