{
    "dni": 1000.0,
    "generated_rays": 10707336,
    "power_per_ray": 0.09257784082488021,
    "num_rays": 826641.0,
    "avg_flux": 4282.977887419381,
    "peak_flux": 10644.60992771461,
    "min_flux": 0.0,
    "radius": 0.0,
    "bin_size_x": 0.11912060709304066,
    "bin_size_y": 6.0,
    "xvalues": [
        -0.23824121418608132,
        -0.11912060709304068,
        0.0,
        0.11912060709304068,
        0.23824121418608135
    ],
    "yvalues": [
        -12.0,
        -6.0,
        0.0,
        6.0,
        12.0
    ],
    "flux": [
        [
            0.0,
            0.0,
            0.0,
            0.0,
            0.0
        ],
        [
            39667.0,
            41614.0,
            41590.0,
            41400.0,
            41770.0
        ],
        [
            78117.0,
            81327.0,
            82179.0,
            81348.0,
            81721.0
        ],
        [
            41515.0,
            43561.0,
            43765.0,
            43375.0,
            43692.0
        ],
        [
            0.0,
            0.0,
            0.0,
            0.0,
            0.0
        ]
    ],
    "sim_time": 14.309515714645386
}