{
    "dni": 1000.0,
    "generated_rays": 18948610,
    "power_per_ray": 0.05658368432648471,
    "num_rays": 738413.0,
    "avg_flux": 2338.365522372805,
    "peak_flux": 7201.969344061321,
    "min_flux": 0.0,
    "radius": 0.0,
    "bin_size_x": 0.11912060709304066,
    "bin_size_y": 6.0,
    "xvalues": [
        -0.23824121418608132,
        -0.11912060709304068,
        0.0,
        0.11912060709304068,
        0.23824121418608135
    ],
    "yvalues": [
        -12.0,
        -6.0,
        0.0,
        6.0,
        12.0
    ],
    "flux": [
        [
            0.0,
            0.0,
            0.0,
            0.0,
            0.0
        ],
        [
            12460.0,
            30445.0,
            30512.0,
            30378.0,
            30112.0
        ],
        [
            37056.0,
            90970.0,
            90355.0,
            90598.0,
            90325.0
        ],
        [
            19378.0,
            46389.0,
            46265.0,
            46582.0,
            46588.0
        ],
        [
            0.0,
            0.0,
            0.0,
            0.0,
            0.0
        ]
    ],
    "sim_time": 20.0609450340271
}