{
    "dni": 1000.0,
    "generated_rays": 45089535,
    "power_per_ray": 0.022577191215146064,
    "num_rays": 846313.0,
    "avg_flux": 1069.3571216125997,
    "peak_flux": 3270.409770311755,
    "min_flux": 0.0,
    "radius": 0.0,
    "bin_size_x": 0.11912060709304066,
    "bin_size_y": 6.0,
    "xvalues": [
        -0.23824121418608132,
        -0.11912060709304068,
        0.0,
        0.11912060709304068,
        0.23824121418608135
    ],
    "yvalues": [
        -12.0,
        -6.0,
        0.0,
        6.0,
        12.0
    ],
    "flux": [
        [
            0.0,
            0.0,
            0.0,
            0.0,
            0.0
        ],
        [
            92213.0,
            103317.0,
            103219.0,
            103089.0,
            103531.0
        ],
        [
            58285.0,
            63506.0,
            63133.0,
            63207.0,
            63063.0
        ],
        [
            6070.0,
            5891.0,
            6027.0,
            5873.0,
            5889.0
        ],
        [
            0.0,
            0.0,
            0.0,
            0.0,
            0.0
        ]
    ],
    "sim_time": 40.002097845077515
}