{
    "dni": 1000.0,
    "generated_rays": 21429759,
    "power_per_ray": 0.04957896905508133,
    "num_rays": 766434.0,
    "avg_flux": 2126.6405814001378,
    "peak_flux": 7552.0277498275,
    "min_flux": 0.0,
    "radius": 0.0,
    "bin_size_x": 0.11912060709304066,
    "bin_size_y": 6.0,
    "xvalues": [
        -0.23824121418608132,
        -0.11912060709304068,
        0.0,
        0.11912060709304068,
        0.23824121418608135
    ],
    "yvalues": [
        -12.0,
        -6.0,
        0.0,
        6.0,
        12.0
    ],
    "flux": [
        [
            0.0,
            0.0,
            0.0,
            0.0,
            0.0
        ],
        [
            3937.0,
            5558.0,
            5501.0,
            5484.0,
            5512.0
        ],
        [
            60535.0,
            108799.0,
            108869.0,
            108612.0,
            108216.0
        ],
        [
            30346.0,
            53825.0,
            53727.0,
            53562.0,
            53951.0
        ],
        [
            0.0,
            0.0,
            0.0,
            0.0,
            0.0
        ]
    ],
    "sim_time": 22.017301321029663
}