{
    "dni": 1000.0,
    "generated_rays": 43607484,
    "power_per_ray": 0.02298845614876109,
    "num_rays": 862418.0,
    "avg_flux": 1109.5566003071806,
    "peak_flux": 3337.9600849958747,
    "min_flux": 0.0,
    "radius": 0.0,
    "bin_size_x": 0.11912060709304066,
    "bin_size_y": 6.0,
    "xvalues": [
        -0.23824121418608132,
        -0.11912060709304068,
        0.0,
        0.11912060709304068,
        0.23824121418608135
    ],
    "yvalues": [
        -12.0,
        -6.0,
        0.0,
        6.0,
        12.0
    ],
    "flux": [
        [
            0.0,
            0.0,
            0.0,
            0.0,
            0.0
        ],
        [
            102160.0,
            103779.0,
            103676.0,
            103492.0,
            103646.0
        ],
        [
            62728.0,
            63633.0,
            63151.0,
            63250.0,
            63192.0
        ],
        [
            6007.0,
            5937.0,
            6067.0,
            5814.0,
            5886.0
        ],
        [
            0.0,
            0.0,
            0.0,
            0.0,
            0.0
        ]
    ],
    "sim_time": 38.02777147293091
}