{
    "dni": 1000.0,
    "generated_rays": 39555837,
    "power_per_ray": 0.027669816969828002,
    "num_rays": 578798.0,
    "avg_flux": 896.303621085119,
    "peak_flux": 3500.7141928886194,
    "min_flux": 0.0,
    "radius": 0.0,
    "bin_size_x": 0.11912060709304066,
    "bin_size_y": 6.0,
    "xvalues": [
        -0.23824121418608132,
        -0.11912060709304068,
        0.0,
        0.11912060709304068,
        0.23824121418608135
    ],
    "yvalues": [
        -12.0,
        -6.0,
        0.0,
        6.0,
        12.0
    ],
    "flux": [
        [
            0.0,
            2.0,
            5.0,
            8.0,
            5.0
        ],
        [
            0.0,
            21714.0,
            46479.0,
            46530.0,
            46441.0
        ],
        [
            0.0,
            41058.0,
            90296.0,
            90351.0,
            90425.0
        ],
        [
            0.0,
            14324.0,
            30191.0,
            30447.0,
            30521.0
        ],
        [
            0.0,
            1.0,
            0.0,
            0.0,
            0.0
        ]
    ],
    "sim_time": 34.27865719795227
}