{
    "dni": 1000.0,
    "generated_rays": 24392085,
    "power_per_ray": 0.043961989301071785,
    "num_rays": 666604.0,
    "avg_flux": 1640.0877861635047,
    "peak_flux": 5346.553224879025,
    "min_flux": 0.0,
    "radius": 0.0,
    "bin_size_x": 0.11912060709304066,
    "bin_size_y": 6.0,
    "xvalues": [
        -0.23824121418608132,
        -0.11912060709304068,
        0.0,
        0.11912060709304068,
        0.23824121418608135
    ],
    "yvalues": [
        -12.0,
        -6.0,
        0.0,
        6.0,
        12.0
    ],
    "flux": [
        [
            0.0,
            0.0,
            0.0,
            0.0,
            0.0
        ],
        [
            5894.0,
            49327.0,
            40671.0,
            40974.0,
            40893.0
        ],
        [
            10797.0,
            86923.0,
            71550.0,
            71766.0,
            71900.0
        ],
        [
            6278.0,
            48504.0,
            40599.0,
            40292.0,
            40236.0
        ],
        [
            0.0,
            0.0,
            0.0,
            0.0,
            0.0
        ]
    ],
    "sim_time": 23.677582502365112
}