{
    "dni": 1000.0,
    "generated_rays": 70839539,
    "power_per_ray": 0.01415528941040463,
    "num_rays": 884197.0,
    "avg_flux": 700.4701501694951,
    "peak_flux": 2269.286986000313,
    "min_flux": 0.0,
    "radius": 0.0,
    "bin_size_x": 0.11912060709304066,
    "bin_size_y": 6.0,
    "xvalues": [
        -0.23824121418608132,
        -0.11912060709304068,
        0.0,
        0.11912060709304068,
        0.23824121418608135
    ],
    "yvalues": [
        -12.0,
        -6.0,
        0.0,
        6.0,
        12.0
    ],
    "flux": [
        [
            0.0,
            0.0,
            0.0,
            0.0,
            0.0
        ],
        [
            7807.0,
            7793.0,
            7595.0,
            7640.0,
            7791.0
        ],
        [
            54509.0,
            55394.0,
            55570.0,
            55299.0,
            55905.0
        ],
        [
            111204.0,
            114580.0,
            114258.0,
            114344.0,
            114508.0
        ],
        [
            0.0,
            0.0,
            0.0,
            0.0,
            0.0
        ]
    ],
    "sim_time": 58.8110089302063
}