{
    "dni": 1000.0,
    "generated_rays": 67160256,
    "power_per_ray": 0.016179890908607775,
    "num_rays": 342608.0,
    "avg_flux": 310.2379568457919,
    "peak_flux": 1838.1124451305077,
    "min_flux": 0.0,
    "radius": 0.0,
    "bin_size_x": 0.11912060709304066,
    "bin_size_y": 6.0,
    "xvalues": [
        -0.23824121418608132,
        -0.11912060709304068,
        0.0,
        0.11912060709304068,
        0.23824121418608135
    ],
    "yvalues": [
        -12.0,
        -6.0,
        0.0,
        6.0,
        12.0
    ],
    "flux": [
        [
            0.0,
            0.0,
            14.0,
            1665.0,
            1902.0
        ],
        [
            0.0,
            0.0,
            764.0,
            42050.0,
            45663.0
        ],
        [
            0.0,
            0.0,
            1482.0,
            75237.0,
            81196.0
        ],
        [
            0.0,
            0.0,
            847.0,
            42275.0,
            45827.0
        ],
        [
            0.0,
            0.0,
            23.0,
            1737.0,
            1926.0
        ]
    ],
    "sim_time": 54.91217231750488
}