{
    "dni": 1000.0,
    "generated_rays": 19549637,
    "power_per_ray": 0.05477427913892425,
    "num_rays": 746503.0,
    "avg_flux": 2288.390156155342,
    "peak_flux": 7492.340125437234,
    "min_flux": 0.0,
    "radius": 0.0,
    "bin_size_x": 0.11912060709304066,
    "bin_size_y": 6.0,
    "xvalues": [
        -0.23824121418608132,
        -0.11912060709304068,
        0.0,
        0.11912060709304068,
        0.23824121418608135
    ],
    "yvalues": [
        -12.0,
        -6.0,
        0.0,
        6.0,
        12.0
    ],
    "flux": [
        [
            0.0,
            0.0,
            0.0,
            0.0,
            0.0
        ],
        [
            10301.0,
            21320.0,
            21656.0,
            21485.0,
            21591.0
        ],
        [
            44208.0,
            97764.0,
            97676.0,
            97738.0,
            97136.0
        ],
        [
            22417.0,
            48546.0,
            48472.0,
            47938.0,
            48255.0
        ],
        [
            0.0,
            0.0,
            0.0,
            0.0,
            0.0
        ]
    ],
    "sim_time": 20.50633454322815
}