{
    "dni": 1000.0,
    "generated_rays": 17909218,
    "power_per_ray": 0.059401033961814155,
    "num_rays": 761313.0,
    "avg_flux": 2530.9239362337366,
    "peak_flux": 8116.072038339333,
    "min_flux": 0.0,
    "radius": 0.0,
    "bin_size_x": 0.11912060709304066,
    "bin_size_y": 6.0,
    "xvalues": [
        -0.23824121418608132,
        -0.11912060709304068,
        0.0,
        0.11912060709304068,
        0.23824121418608135
    ],
    "yvalues": [
        -12.0,
        -6.0,
        0.0,
        6.0,
        12.0
    ],
    "flux": [
        [
            0.0,
            0.0,
            0.0,
            0.0,
            0.0
        ],
        [
            26275.0,
            48675.0,
            48648.0,
            48662.0,
            48044.0
        ],
        [
            53003.0,
            97482.0,
            97654.0,
            97306.0,
            97165.0
        ],
        [
            12107.0,
            21701.0,
            21713.0,
            21477.0,
            21401.0
        ],
        [
            0.0,
            0.0,
            0.0,
            0.0,
            0.0
        ]
    ],
    "sim_time": 19.245174884796143
}