{
    "dni": 1000.0,
    "generated_rays": 58269828,
    "power_per_ray": 0.018847845395151296,
    "num_rays": 476519.0,
    "avg_flux": 502.64778748354865,
    "peak_flux": 2479.331342697158,
    "min_flux": 0.0,
    "radius": 0.0,
    "bin_size_x": 0.11912060709304066,
    "bin_size_y": 6.0,
    "xvalues": [
        -0.23824121418608132,
        -0.11912060709304068,
        0.0,
        0.11912060709304068,
        0.23824121418608135
    ],
    "yvalues": [
        -12.0,
        -6.0,
        0.0,
        6.0,
        12.0
    ],
    "flux": [
        [
            0.0,
            0.0,
            16.0,
            2.0,
            4.0
        ],
        [
            0.0,
            0.0,
            22122.0,
            24654.0,
            25076.0
        ],
        [
            0.0,
            0.0,
            78248.0,
            93710.0,
            94018.0
        ],
        [
            0.0,
            0.0,
            41489.0,
            48499.0,
            48333.0
        ],
        [
            0.0,
            0.0,
            80.0,
            123.0,
            145.0
        ]
    ],
    "sim_time": 48.758100271224976
}