{
    "dni": 1000.0,
    "generated_rays": 30586976,
    "power_per_ray": 0.03562578011891305,
    "num_rays": 661828.0,
    "avg_flux": 1319.566747233694,
    "peak_flux": 4830.7797232873745,
    "min_flux": 0.0,
    "radius": 0.0,
    "bin_size_x": 0.11912060709304066,
    "bin_size_y": 6.0,
    "xvalues": [
        -0.23824121418608132,
        -0.11912060709304068,
        0.0,
        0.11912060709304068,
        0.23824121418608135
    ],
    "yvalues": [
        -12.0,
        -6.0,
        0.0,
        6.0,
        12.0
    ],
    "flux": [
        [
            0.0,
            0.0,
            0.0,
            0.0,
            0.0
        ],
        [
            0.0,
            21333.0,
            21990.0,
            21871.0,
            21929.0
        ],
        [
            3.0,
            92378.0,
            96867.0,
            96915.0,
            96889.0
        ],
        [
            14.0,
            46733.0,
            48442.0,
            48539.0,
            47925.0
        ],
        [
            0.0,
            0.0,
            0.0,
            0.0,
            0.0
        ]
    ],
    "sim_time": 28.726194620132446
}