{
    "dni": 1000.0,
    "generated_rays": 28608932,
    "power_per_ray": 0.037652015414047765,
    "num_rays": 637436.0,
    "avg_flux": 1343.2184787710078,
    "peak_flux": 4305.526478402369,
    "min_flux": 0.0,
    "radius": 0.0,
    "bin_size_x": 0.11912060709304066,
    "bin_size_y": 6.0,
    "xvalues": [
        -0.23824121418608132,
        -0.11912060709304068,
        0.0,
        0.11912060709304068,
        0.23824121418608135
    ],
    "yvalues": [
        -12.0,
        -6.0,
        0.0,
        6.0,
        12.0
    ],
    "flux": [
        [
            0.0,
            0.0,
            0.0,
            0.0,
            0.0
        ],
        [
            0.0,
            45624.0,
            43203.0,
            40725.0,
            40640.0
        ],
        [
            0.0,
            81729.0,
            75382.0,
            70913.0,
            71289.0
        ],
        [
            0.0,
            46073.0,
            42156.0,
            39958.0,
            39744.0
        ],
        [
            0.0,
            0.0,
            0.0,
            0.0,
            0.0
        ]
    ],
    "sim_time": 26.537474632263184
}