{
    "dni": 1000.0,
    "generated_rays": 21919729,
    "power_per_ray": 0.049160423583062295,
    "num_rays": 727401.0,
    "avg_flux": 2001.2961175733885,
    "peak_flux": 6708.968712305549,
    "min_flux": 0.0,
    "radius": 0.0,
    "bin_size_x": 0.11912060709304066,
    "bin_size_y": 6.0,
    "xvalues": [
        -0.23824121418608132,
        -0.11912060709304068,
        0.0,
        0.11912060709304068,
        0.23824121418608135
    ],
    "yvalues": [
        -12.0,
        -6.0,
        0.0,
        6.0,
        12.0
    ],
    "flux": [
        [
            0.0,
            0.0,
            0.0,
            0.0,
            0.0
        ],
        [
            16544.0,
            48711.0,
            48900.0,
            48412.0,
            48217.0
        ],
        [
            32976.0,
            97539.0,
            97471.0,
            97244.0,
            97115.0
        ],
        [
            7873.0,
            21611.0,
            21787.0,
            21609.0,
            21392.0
        ],
        [
            0.0,
            0.0,
            0.0,
            0.0,
            0.0
        ]
    ],
    "sim_time": 22.48023009300232
}