{
    "dni": 1000.0,
    "generated_rays": 19359540,
    "power_per_ray": 0.054810943775460044,
    "num_rays": 690485.0,
    "avg_flux": 2118.0849357289526,
    "peak_flux": 5653.001620322093,
    "min_flux": 0.0,
    "radius": 0.0,
    "bin_size_x": 0.11912060709304066,
    "bin_size_y": 6.0,
    "xvalues": [
        -0.23824121418608132,
        -0.11912060709304068,
        0.0,
        0.11912060709304068,
        0.23824121418608135
    ],
    "yvalues": [
        -12.0,
        -6.0,
        0.0,
        6.0,
        12.0
    ],
    "flux": [
        [
            0.0,
            0.0,
            0.0,
            0.0,
            0.0
        ],
        [
            18055.0,
            44395.0,
            41943.0,
            41914.0,
            42202.0
        ],
        [
            31534.0,
            73714.0,
            69207.0,
            69022.0,
            68812.0
        ],
        [
            18157.0,
            44481.0,
            42284.0,
            42451.0,
            42314.0
        ],
        [
            0.0,
            0.0,
            0.0,
            0.0,
            0.0
        ]
    ],
    "sim_time": 20.17722988128662
}