{
    "dni": 1000.0,
    "generated_rays": 21655544,
    "power_per_ray": 0.04724129069199137,
    "num_rays": 822849.0,
    "avg_flux": 2175.5233206209004,
    "peak_flux": 6660.689280241234,
    "min_flux": 0.0,
    "radius": 0.0,
    "bin_size_x": 0.11912060709304066,
    "bin_size_y": 6.0,
    "xvalues": [
        -0.23824121418608132,
        -0.11912060709304068,
        0.0,
        0.11912060709304068,
        0.23824121418608135
    ],
    "yvalues": [
        -12.0,
        -6.0,
        0.0,
        6.0,
        12.0
    ],
    "flux": [
        [
            0.0,
            0.0,
            0.0,
            0.0,
            0.0
        ],
        [
            4120.0,
            4268.0,
            4379.0,
            4235.0,
            4307.0
        ],
        [
            88397.0,
            100771.0,
            100707.0,
            100251.0,
            100720.0
        ],
        [
            55275.0,
            63834.0,
            63917.0,
            64019.0,
            63649.0
        ],
        [
            0.0,
            0.0,
            0.0,
            0.0,
            0.0
        ]
    ],
    "sim_time": 22.034303188323975
}