{
    "dni": 1000.0,
    "generated_rays": 12762005,
    "power_per_ray": 0.07996916814509104,
    "num_rays": 776789.0,
    "avg_flux": 3476.5420621548806,
    "peak_flux": 8943.11487694784,
    "min_flux": 0.0,
    "radius": 0.0,
    "bin_size_x": 0.11912060709304066,
    "bin_size_y": 6.0,
    "xvalues": [
        -0.23824121418608132,
        -0.11912060709304068,
        0.0,
        0.11912060709304068,
        0.23824121418608135
    ],
    "yvalues": [
        -12.0,
        -6.0,
        0.0,
        6.0,
        12.0
    ],
    "flux": [
        [
            0.0,
            0.0,
            0.0,
            0.0,
            0.0
        ],
        [
            32280.0,
            38565.0,
            38624.0,
            38888.0,
            38787.0
        ],
        [
            63286.0,
            79539.0,
            79929.0,
            79519.0,
            79388.0
        ],
        [
            34587.0,
            43435.0,
            43414.0,
            43469.0,
            43079.0
        ],
        [
            0.0,
            0.0,
            0.0,
            0.0,
            0.0
        ]
    ],
    "sim_time": 15.729737043380737
}