{
    "dni": 1000.0,
    "generated_rays": 15042713,
    "power_per_ray": 0.0701793641825251,
    "num_rays": 755661.0,
    "avg_flux": 2967.9616209539035,
    "peak_flux": 8034.176560312438,
    "min_flux": 0.0,
    "radius": 0.0,
    "bin_size_x": 0.11912060709304066,
    "bin_size_y": 6.0,
    "xvalues": [
        -0.23824121418608132,
        -0.11912060709304068,
        0.0,
        0.11912060709304068,
        0.23824121418608135
    ],
    "yvalues": [
        -12.0,
        -6.0,
        0.0,
        6.0,
        12.0
    ],
    "flux": [
        [
            0.0,
            0.0,
            0.0,
            0.0,
            0.0
        ],
        [
            21965.0,
            41828.0,
            41528.0,
            41315.0,
            41407.0
        ],
        [
            43220.0,
            81287.0,
            81822.0,
            81495.0,
            81735.0
        ],
        [
            23569.0,
            43557.0,
            43712.0,
            43932.0,
            43289.0
        ],
        [
            0.0,
            0.0,
            0.0,
            0.0,
            0.0
        ]
    ],
    "sim_time": 17.09730887413025
}