{
    "dni": 1000.0,
    "generated_rays": 18991283,
    "power_per_ray": 0.0564565420180233,
    "num_rays": 738207.0,
    "avg_flux": 2332.4603822716067,
    "peak_flux": 7181.600166856575,
    "min_flux": 0.0,
    "radius": 0.0,
    "bin_size_x": 0.11912060709304066,
    "bin_size_y": 6.0,
    "xvalues": [
        -0.23824121418608132,
        -0.11912060709304068,
        0.0,
        0.11912060709304068,
        0.23824121418608135
    ],
    "yvalues": [
        -12.0,
        -6.0,
        0.0,
        6.0,
        12.0
    ],
    "flux": [
        [
            0.0,
            0.0,
            0.0,
            0.0,
            0.0
        ],
        [
            19332.0,
            46436.0,
            46848.0,
            46684.0,
            46450.0
        ],
        [
            37039.0,
            90283.0,
            90917.0,
            90677.0,
            90099.0
        ],
        [
            12440.0,
            30691.0,
            30273.0,
            29863.0,
            30175.0
        ],
        [
            0.0,
            0.0,
            0.0,
            0.0,
            0.0
        ]
    ],
    "sim_time": 19.960636377334595
}