{
    "dni": 1000.0,
    "generated_rays": 11646047,
    "power_per_ray": 0.08685165831117905,
    "num_rays": 815771.0,
    "avg_flux": 3965.2285125796766,
    "peak_flux": 10377.378716492718,
    "min_flux": 0.0,
    "radius": 0.0,
    "bin_size_x": 0.11912060709304066,
    "bin_size_y": 6.0,
    "xvalues": [
        -0.23824121418608132,
        -0.11912060709304068,
        0.0,
        0.11912060709304068,
        0.23824121418608135
    ],
    "yvalues": [
        -12.0,
        -6.0,
        0.0,
        6.0,
        12.0
    ],
    "flux": [
        [
            0.0,
            0.0,
            0.0,
            0.0,
            0.0
        ],
        [
            39445.0,
            45307.0,
            44983.0,
            44756.0,
            45072.0
        ],
        [
            75207.0,
            84984.0,
            85398.0,
            84725.0,
            85090.0
        ],
        [
            32570.0,
            36870.0,
            37179.0,
            37229.0,
            36956.0
        ],
        [
            0.0,
            0.0,
            0.0,
            0.0,
            0.0
        ]
    ],
    "sim_time": 14.66399335861206
}