{
    "dni": 1000.0,
    "generated_rays": 12301701,
    "power_per_ray": 0.08115546976469304,
    "num_rays": 776099.0,
    "avg_flux": 3524.9808557312854,
    "peak_flux": 8248.243276346713,
    "min_flux": 0.0,
    "radius": 0.0,
    "bin_size_x": 0.11912060709304066,
    "bin_size_y": 6.0,
    "xvalues": [
        -0.23824121418608132,
        -0.11912060709304068,
        0.0,
        0.11912060709304068,
        0.23824121418608135
    ],
    "yvalues": [
        -12.0,
        -6.0,
        0.0,
        6.0,
        12.0
    ],
    "flux": [
        [
            0.0,
            0.0,
            0.0,
            0.0,
            0.0
        ],
        [
            39423.0,
            42442.0,
            42434.0,
            42375.0,
            42748.0
        ],
        [
            67207.0,
            72326.0,
            72641.0,
            72181.0,
            72375.0
        ],
        [
            39650.0,
            42748.0,
            42579.0,
            42297.0,
            42673.0
        ],
        [
            0.0,
            0.0,
            0.0,
            0.0,
            0.0
        ]
    ],
    "sim_time": 15.396161794662476
}