{
    "dni": 1000.0,
    "generated_rays": 57826267,
    "power_per_ray": 0.01891606852345364,
    "num_rays": 547629.0,
    "avg_flux": 579.7478674331791,
    "peak_flux": 2720.3619741643865,
    "min_flux": 0.0,
    "radius": 0.0,
    "bin_size_x": 0.11912060709304066,
    "bin_size_y": 6.0,
    "xvalues": [
        -0.23824121418608132,
        -0.11912060709304068,
        0.0,
        0.11912060709304068,
        0.23824121418608135
    ],
    "yvalues": [
        -12.0,
        -6.0,
        0.0,
        6.0,
        12.0
    ],
    "flux": [
        [
            0.0,
            2.0,
            12.0,
            10.0,
            11.0
        ],
        [
            0.0,
            14148.0,
            53691.0,
            53897.0,
            53857.0
        ],
        [
            0.0,
            26322.0,
            102670.0,
            102712.0,
            102786.0
        ],
        [
            0.0,
            5483.0,
            10787.0,
            10681.0,
            10558.0
        ],
        [
            0.0,
            2.0,
            0.0,
            0.0,
            0.0
        ]
    ],
    "sim_time": 47.94767212867737
}