{
    "dni": 1000.0,
    "generated_rays": 35449280,
    "power_per_ray": 0.03055163689311516,
    "num_rays": 586067.0,
    "avg_flux": 1002.0827694994399,
    "peak_flux": 3626.83424680751,
    "min_flux": 0.0,
    "radius": 0.0,
    "bin_size_x": 0.11912060709304066,
    "bin_size_y": 6.0,
    "xvalues": [
        -0.23824121418608132,
        -0.11912060709304068,
        0.0,
        0.11912060709304068,
        0.23824121418608135
    ],
    "yvalues": [
        -12.0,
        -6.0,
        0.0,
        6.0,
        12.0
    ],
    "flux": [
        [
            0.0,
            1.0,
            5.0,
            7.0,
            5.0
        ],
        [
            0.0,
            27478.0,
            48875.0,
            40462.0,
            40424.0
        ],
        [
            0.0,
            49622.0,
            84846.0,
            68417.0,
            68805.0
        ],
        [
            0.0,
            28565.0,
            48190.0,
            40285.0,
            40068.0
        ],
        [
            0.0,
            0.0,
            6.0,
            4.0,
            2.0
        ]
    ],
    "sim_time": 32.02814483642578
}