{
    "dni": 1000.0,
    "generated_rays": 57900241,
    "power_per_ray": 0.01889190114126685,
    "num_rays": 547445.0,
    "avg_flux": 578.8126321531626,
    "peak_flux": 2717.256463450443,
    "min_flux": 0.0,
    "radius": 0.0,
    "bin_size_x": 0.11912060709304066,
    "bin_size_y": 6.0,
    "xvalues": [
        -0.23824121418608132,
        -0.11912060709304068,
        0.0,
        0.11912060709304068,
        0.23824121418608135
    ],
    "yvalues": [
        -12.0,
        -6.0,
        0.0,
        6.0,
        12.0
    ],
    "flux": [
        [
            0.0,
            4.0,
            1.0,
            0.0,
            0.0
        ],
        [
            0.0,
            5436.0,
            10615.0,
            10571.0,
            10587.0
        ],
        [
            0.0,
            26098.0,
            102593.0,
            102770.0,
            102800.0
        ],
        [
            0.0,
            14152.0,
            54052.0,
            53790.0,
            53924.0
        ],
        [
            0.0,
            2.0,
            14.0,
            22.0,
            14.0
        ]
    ],
    "sim_time": 48.05859684944153
}