{
    "dni": 1000.0,
    "generated_rays": 59434212,
    "power_per_ray": 0.01808263667728032,
    "num_rays": 724081.0,
    "avg_flux": 732.7751801273215,
    "peak_flux": 2122.1284828188927,
    "min_flux": 0.0,
    "radius": 0.0,
    "bin_size_x": 0.11912060709304066,
    "bin_size_y": 6.0,
    "xvalues": [
        -0.23824121418608132,
        -0.11912060709304068,
        0.0,
        0.11912060709304068,
        0.23824121418608135
    ],
    "yvalues": [
        -12.0,
        -6.0,
        0.0,
        6.0,
        12.0
    ],
    "flux": [
        [
            0.0,
            0.0,
            0.0,
            0.0,
            0.0
        ],
        [
            18266.0,
            83878.0,
            83479.0,
            83516.0,
            83626.0
        ],
        [
            24827.0,
            80417.0,
            80824.0,
            80040.0,
            80560.0
        ],
        [
            4780.0,
            5007.0,
            4990.0,
            4950.0,
            4921.0
        ],
        [
            0.0,
            0.0,
            0.0,
            0.0,
            0.0
        ]
    ],
    "sim_time": 49.33074426651001
}