{
    "dni": 1000.0,
    "generated_rays": 14028490,
    "power_per_ray": 0.07119043214844346,
    "num_rays": 838956.0,
    "avg_flux": 3342.5865124456072,
    "peak_flux": 10573.22734692325,
    "min_flux": 0.0,
    "radius": 0.0,
    "bin_size_x": 0.11912060709304066,
    "bin_size_y": 6.0,
    "xvalues": [
        -0.23824121418608132,
        -0.11912060709304068,
        0.0,
        0.11912060709304068,
        0.23824121418608135
    ],
    "yvalues": [
        -12.0,
        -6.0,
        0.0,
        6.0,
        12.0
    ],
    "flux": [
        [
            0.0,
            0.0,
            0.0,
            0.0,
            0.0
        ],
        [
            11243.0,
            11452.0,
            11189.0,
            11500.0,
            11254.0
        ],
        [
            105813.0,
            106151.0,
            105825.0,
            104980.0,
            105979.0
        ],
        [
            50859.0,
            50693.0,
            50539.0,
            50912.0,
            50567.0
        ],
        [
            0.0,
            0.0,
            0.0,
            0.0,
            0.0
        ]
    ],
    "sim_time": 17.076932191848755
}