{
    "dni": 1000.0,
    "generated_rays": 17741040,
    "power_per_ray": 0.05648971042053213,
    "num_rays": 841750.0,
    "avg_flux": 2661.1804012126536,
    "peak_flux": 8402.358992352718,
    "min_flux": 0.0,
    "radius": 0.0,
    "bin_size_x": 0.11912060709304066,
    "bin_size_y": 6.0,
    "xvalues": [
        -0.23824121418608132,
        -0.11912060709304068,
        0.0,
        0.11912060709304068,
        0.23824121418608135
    ],
    "yvalues": [
        -12.0,
        -6.0,
        0.0,
        6.0,
        12.0
    ],
    "flux": [
        [
            0.0,
            0.0,
            0.0,
            0.0,
            0.0
        ],
        [
            57915.0,
            58230.0,
            58463.0,
            57798.0,
            58470.0
        ],
        [
            105680.0,
            106282.0,
            106035.0,
            106195.0,
            106309.0
        ],
        [
            4135.0,
            4058.0,
            4073.0,
            4056.0,
            4051.0
        ],
        [
            0.0,
            0.0,
            0.0,
            0.0,
            0.0
        ]
    ],
    "sim_time": 19.442678928375244
}