{
    "dni": 1000.0,
    "generated_rays": 15108074,
    "power_per_ray": 0.0689445087269287,
    "num_rays": 735900.0,
    "avg_flux": 2839.489892375416,
    "peak_flux": 6916.795191020749,
    "min_flux": 0.0,
    "radius": 0.0,
    "bin_size_x": 0.11912060709304066,
    "bin_size_y": 6.0,
    "xvalues": [
        -0.23824121418608132,
        -0.11912060709304068,
        0.0,
        0.11912060709304068,
        0.23824121418608135
    ],
    "yvalues": [
        -12.0,
        -6.0,
        0.0,
        6.0,
        12.0
    ],
    "flux": [
        [
            0.0,
            0.0,
            0.0,
            0.0,
            0.0
        ],
        [
            30352.0,
            42184.0,
            41693.0,
            42375.0,
            41724.0
        ],
        [
            52408.0,
            71603.0,
            71704.0,
            71383.0,
            71364.0
        ],
        [
            30220.0,
            42588.0,
            42091.0,
            42263.0,
            41948.0
        ],
        [
            0.0,
            0.0,
            0.0,
            0.0,
            0.0
        ]
    ],
    "sim_time": 17.186762809753418
}