{
    "dni": 1000.0,
    "generated_rays": 12556714,
    "power_per_ray": 0.08036258933192666,
    "num_rays": 766011.0,
    "avg_flux": 3445.170902498694,
    "peak_flux": 8003.948073016232,
    "min_flux": 0.0,
    "radius": 0.0,
    "bin_size_x": 0.11912060709304066,
    "bin_size_y": 6.0,
    "xvalues": [
        -0.23824121418608132,
        -0.11912060709304068,
        0.0,
        0.11912060709304068,
        0.23824121418608135
    ],
    "yvalues": [
        -12.0,
        -6.0,
        0.0,
        6.0,
        12.0
    ],
    "flux": [
        [
            0.0,
            0.0,
            0.0,
            0.0,
            0.0
        ],
        [
            37838.0,
            42424.0,
            42510.0,
            42825.0,
            42754.0
        ],
        [
            63497.0,
            71084.0,
            71052.0,
            71185.0,
            71145.0
        ],
        [
            38152.0,
            43152.0,
            42858.0,
            42664.0,
            42871.0
        ],
        [
            0.0,
            0.0,
            0.0,
            0.0,
            0.0
        ]
    ],
    "sim_time": 15.761339664459229
}