{
    "dni": 1000.0,
    "generated_rays": 70459841,
    "power_per_ray": 0.014155145009656808,
    "num_rays": 889505.0,
    "avg_flux": 704.6680149965075,
    "peak_flux": 2276.492683677258,
    "min_flux": 0.0,
    "radius": 0.0,
    "bin_size_x": 0.11912060709304066,
    "bin_size_y": 6.0,
    "xvalues": [
        -0.23824121418608132,
        -0.11912060709304068,
        0.0,
        0.11912060709304068,
        0.23824121418608135
    ],
    "yvalues": [
        -12.0,
        -6.0,
        0.0,
        6.0,
        12.0
    ],
    "flux": [
        [
            0.0,
            0.0,
            0.0,
            0.0,
            0.0
        ],
        [
            7736.0,
            7796.0,
            7608.0,
            7628.0,
            7822.0
        ],
        [
            55271.0,
            55363.0,
            55634.0,
            55430.0,
            55878.0
        ],
        [
            114945.0,
            114772.0,
            114578.0,
            114340.0,
            114704.0
        ],
        [
            0.0,
            0.0,
            0.0,
            0.0,
            0.0
        ]
    ],
    "sim_time": 57.57317328453064
}