{
    "dni": 1000.0,
    "generated_rays": 21390286,
    "power_per_ray": 0.04765182178110521,
    "num_rays": 825988.0,
    "avg_flux": 2202.800110456625,
    "peak_flux": 6719.771362683623,
    "min_flux": 0.0,
    "radius": 0.0,
    "bin_size_x": 0.11912060709304066,
    "bin_size_y": 6.0,
    "xvalues": [
        -0.23824121418608132,
        -0.11912060709304068,
        0.0,
        0.11912060709304068,
        0.23824121418608135
    ],
    "yvalues": [
        -12.0,
        -6.0,
        0.0,
        6.0,
        12.0
    ],
    "flux": [
        [
            0.0,
            0.0,
            0.0,
            0.0,
            0.0
        ],
        [
            57133.0,
            64138.0,
            63658.0,
            63301.0,
            64138.0
        ],
        [
            89616.0,
            100747.0,
            100774.0,
            100789.0,
            100569.0
        ],
        [
            4184.0,
            4259.0,
            4282.0,
            4256.0,
            4144.0
        ],
        [
            0.0,
            0.0,
            0.0,
            0.0,
            0.0
        ]
    ],
    "sim_time": 22.007651567459106
}