{
    "dni": 1000.0,
    "generated_rays": 24900663,
    "power_per_ray": 0.04026325889684994,
    "num_rays": 847887.0,
    "avg_flux": 1910.595467309808,
    "peak_flux": 5254.049090684152,
    "min_flux": 0.0,
    "radius": 0.0,
    "bin_size_x": 0.11912060709304066,
    "bin_size_y": 6.0,
    "xvalues": [
        -0.23824121418608132,
        -0.11912060709304068,
        0.0,
        0.11912060709304068,
        0.23824121418608135
    ],
    "yvalues": [
        -12.0,
        -6.0,
        0.0,
        6.0,
        12.0
    ],
    "flux": [
        [
            0.0,
            0.0,
            0.0,
            0.0,
            0.0
        ],
        [
            71929.0,
            72080.0,
            72031.0,
            71995.0,
            72334.0
        ],
        [
            92680.0,
            93250.0,
            93266.0,
            92585.0,
            92934.0
        ],
        [
            4681.0,
            4508.0,
            4627.0,
            4522.0,
            4465.0
        ],
        [
            0.0,
            0.0,
            0.0,
            0.0,
            0.0
        ]
    ],
    "sim_time": 24.581389665603638
}