{
    "dni": 1000.0,
    "generated_rays": 15346082,
    "power_per_ray": 0.0689253984005251,
    "num_rays": 761969.0,
    "avg_flux": 2939.2628852106204,
    "peak_flux": 8231.621015940547,
    "min_flux": 0.0,
    "radius": 0.0,
    "bin_size_x": 0.11912060709304066,
    "bin_size_y": 6.0,
    "xvalues": [
        -0.23824121418608132,
        -0.11912060709304068,
        0.0,
        0.11912060709304068,
        0.23824121418608135
    ],
    "yvalues": [
        -12.0,
        -6.0,
        0.0,
        6.0,
        12.0
    ],
    "flux": [
        [
            0.0,
            0.0,
            0.0,
            0.0,
            0.0
        ],
        [
            20419.0,
            37016.0,
            37051.0,
            37142.0,
            36743.0
        ],
        [
            47307.0,
            85358.0,
            85089.0,
            85101.0,
            84820.0
        ],
        [
            25330.0,
            45145.0,
            45196.0,
            45210.0,
            45042.0
        ],
        [
            0.0,
            0.0,
            0.0,
            0.0,
            0.0
        ]
    ],
    "sim_time": 17.389174222946167
}