{
    "dni": 1000.0,
    "generated_rays": 13589001,
    "power_per_ray": 0.07543784917994706,
    "num_rays": 753113.0,
    "avg_flux": 3179.5911889022295,
    "peak_flux": 7601.3758307969965,
    "min_flux": 0.0,
    "radius": 0.0,
    "bin_size_x": 0.11912060709304066,
    "bin_size_y": 6.0,
    "xvalues": [
        -0.23824121418608132,
        -0.11912060709304068,
        0.0,
        0.11912060709304068,
        0.23824121418608135
    ],
    "yvalues": [
        -12.0,
        -6.0,
        0.0,
        6.0,
        12.0
    ],
    "flux": [
        [
            0.0,
            0.0,
            0.0,
            0.0,
            0.0
        ],
        [
            34501.0,
            42188.0,
            42326.0,
            42658.0,
            42517.0
        ],
        [
            59032.0,
            72018.0,
            71523.0,
            71667.0,
            71648.0
        ],
        [
            34198.0,
            42176.0,
            42488.0,
            42055.0,
            42118.0
        ],
        [
            0.0,
            0.0,
            0.0,
            0.0,
            0.0
        ]
    ],
    "sim_time": 15.913694381713867
}