{
    "dni": 1000.0,
    "generated_rays": 42457898,
    "power_per_ray": 0.02552994074582361,
    "num_rays": 538126.0,
    "avg_flux": 768.8747972356332,
    "peak_flux": 2995.4091953643633,
    "min_flux": 0.0,
    "radius": 0.0,
    "bin_size_x": 0.11912060709304066,
    "bin_size_y": 6.0,
    "xvalues": [
        -0.23824121418608132,
        -0.11912060709304068,
        0.0,
        0.11912060709304068,
        0.23824121418608135
    ],
    "yvalues": [
        -12.0,
        -6.0,
        0.0,
        6.0,
        12.0
    ],
    "flux": [
        [
            0.0,
            2.0,
            61.0,
            39.0,
            11.0
        ],
        [
            0.0,
            8499.0,
            46535.0,
            44575.0,
            37851.0
        ],
        [
            0.0,
            14560.0,
            83858.0,
            83527.0,
            76480.0
        ],
        [
            0.0,
            7372.0,
            46334.0,
            46119.0,
            42102.0
        ],
        [
            0.0,
            4.0,
            85.0,
            84.0,
            28.0
        ]
    ],
    "sim_time": 36.29480314254761
}