{
    "dni": 1000.0,
    "generated_rays": 35882772,
    "power_per_ray": 0.030149114559229397,
    "num_rays": 575075.0,
    "avg_flux": 970.3332042068803,
    "peak_flux": 3517.674052602528,
    "min_flux": 0.0,
    "radius": 0.0,
    "bin_size_x": 0.11912060709304066,
    "bin_size_y": 6.0,
    "xvalues": [
        -0.23824121418608132,
        -0.11912060709304068,
        0.0,
        0.11912060709304068,
        0.23824121418608135
    ],
    "yvalues": [
        -12.0,
        -6.0,
        0.0,
        6.0,
        12.0
    ],
    "flux": [
        [
            0.0,
            3.0,
            9.0,
            5.0,
            4.0
        ],
        [
            0.0,
            25806.0,
            48423.0,
            40781.0,
            40907.0
        ],
        [
            0.0,
            45162.0,
            83391.0,
            67307.0,
            67190.0
        ],
        [
            0.0,
            25808.0,
            48535.0,
            40999.0,
            40723.0
        ],
        [
            0.0,
            2.0,
            5.0,
            7.0,
            8.0
        ]
    ],
    "sim_time": 31.700541257858276
}