{
    "dni": 1000.0,
    "generated_rays": 25144106,
    "power_per_ray": 0.040180350587255,
    "num_rays": 840484.0,
    "avg_flux": 1890.0139730707947,
    "peak_flux": 5252.731032770097,
    "min_flux": 0.0,
    "radius": 0.0,
    "bin_size_x": 0.11912060709304066,
    "bin_size_y": 6.0,
    "xvalues": [
        -0.23824121418608132,
        -0.11912060709304068,
        0.0,
        0.11912060709304068,
        0.23824121418608135
    ],
    "yvalues": [
        -12.0,
        -6.0,
        0.0,
        6.0,
        12.0
    ],
    "flux": [
        [
            0.0,
            0.0,
            0.0,
            0.0,
            0.0
        ],
        [
            4622.0,
            4544.0,
            4615.0,
            4521.0,
            4553.0
        ],
        [
            88697.0,
            93087.0,
            92772.0,
            92940.0,
            93435.0
        ],
        [
            68536.0,
            72055.0,
            72045.0,
            72247.0,
            71815.0
        ],
        [
            0.0,
            0.0,
            0.0,
            0.0,
            0.0
        ]
    ],
    "sim_time": 24.531224727630615
}