{
    "dni": 1000.0,
    "generated_rays": 57826515,
    "power_per_ray": 0.018662101696713045,
    "num_rays": 674698.0,
    "avg_flux": 704.6797917863933,
    "peak_flux": 2453.4877810300554,
    "min_flux": 0.0,
    "radius": 0.0,
    "bin_size_x": 0.11912060709304066,
    "bin_size_y": 6.0,
    "xvalues": [
        -0.23824121418608132,
        -0.11912060709304068,
        0.0,
        0.11912060709304068,
        0.23824121418608135
    ],
    "yvalues": [
        -12.0,
        -6.0,
        0.0,
        6.0,
        12.0
    ],
    "flux": [
        [
            0.0,
            0.0,
            0.0,
            0.0,
            0.0
        ],
        [
            0.0,
            8262.0,
            4497.0,
            4653.0,
            4596.0
        ],
        [
            27.0,
            93964.0,
            91969.0,
            92034.0,
            91969.0
        ],
        [
            115.0,
            68539.0,
            71530.0,
            71272.0,
            71271.0
        ],
        [
            0.0,
            0.0,
            0.0,
            0.0,
            0.0
        ]
    ],
    "sim_time": 49.314860582351685
}