{
    "dni": 1000.0,
    "generated_rays": 32320581,
    "power_per_ray": 0.03259488698523394,
    "num_rays": 781930.0,
    "avg_flux": 1426.3929979502257,
    "peak_flux": 4242.7589355282225,
    "min_flux": 0.0,
    "radius": 0.0,
    "bin_size_x": 0.11912060709304066,
    "bin_size_y": 6.0,
    "xvalues": [
        -0.23824121418608132,
        -0.11912060709304068,
        0.0,
        0.11912060709304068,
        0.23824121418608135
    ],
    "yvalues": [
        -12.0,
        -6.0,
        0.0,
        6.0,
        12.0
    ],
    "flux": [
        [
            0.0,
            0.0,
            0.0,
            0.0,
            0.0
        ],
        [
            43665.0,
            71954.0,
            71584.0,
            71913.0,
            71641.0
        ],
        [
            58164.0,
            92935.0,
            93033.0,
            92229.0,
            92447.0
        ],
        [
            4204.0,
            4627.0,
            4569.0,
            4566.0,
            4399.0
        ],
        [
            0.0,
            0.0,
            0.0,
            0.0,
            0.0
        ]
    ],
    "sim_time": 29.919119596481323
}