{
    "dni": 1000.0,
    "generated_rays": 11827243,
    "power_per_ray": 0.08306338745285019,
    "num_rays": 785160.0,
    "avg_flux": 3649.9729634823234,
    "peak_flux": 8247.955232638586,
    "min_flux": 0.0,
    "radius": 0.0,
    "bin_size_x": 0.11912060709304066,
    "bin_size_y": 6.0,
    "xvalues": [
        -0.23824121418608132,
        -0.11912060709304068,
        0.0,
        0.11912060709304068,
        0.23824121418608135
    ],
    "yvalues": [
        -12.0,
        -6.0,
        0.0,
        6.0,
        12.0
    ],
    "flux": [
        [
            0.0,
            0.0,
            0.0,
            0.0,
            0.0
        ],
        [
            43078.0,
            43076.0,
            42960.0,
            42954.0,
            42988.0
        ],
        [
            70617.0,
            70512.0,
            70554.0,
            70970.0,
            70804.0
        ],
        [
            43119.0,
            43615.0,
            43376.0,
            43238.0,
            43299.0
        ],
        [
            0.0,
            0.0,
            0.0,
            0.0,
            0.0
        ]
    ],
    "sim_time": 14.88652229309082
}