{
    "dni": 1000.0,
    "generated_rays": 17239548,
    "power_per_ray": 0.06179126173528875,
    "num_rays": 754323.0,
    "avg_flux": 2608.592588828477,
    "peak_flux": 7845.769565430997,
    "min_flux": 0.0,
    "radius": 0.0,
    "bin_size_x": 0.11912060709304066,
    "bin_size_y": 6.0,
    "xvalues": [
        -0.23824121418608132,
        -0.11912060709304068,
        0.0,
        0.11912060709304068,
        0.23824121418608135
    ],
    "yvalues": [
        -12.0,
        -6.0,
        0.0,
        6.0,
        12.0
    ],
    "flux": [
        [
            0.0,
            0.0,
            0.0,
            0.0,
            0.0
        ],
        [
            23848.0,
            46512.0,
            46704.0,
            46710.0,
            46750.0
        ],
        [
            45839.0,
            90513.0,
            90750.0,
            90597.0,
            90008.0
        ],
        [
            15264.0,
            30577.0,
            30276.0,
            29895.0,
            30080.0
        ],
        [
            0.0,
            0.0,
            0.0,
            0.0,
            0.0
        ]
    ],
    "sim_time": 18.56830883026123
}