{
    "dni": 1000.0,
    "generated_rays": 25185779,
    "power_per_ray": 0.04011386720589829,
    "num_rays": 839812.0,
    "avg_flux": 1885.378070065707,
    "peak_flux": 5229.896235792438,
    "min_flux": 0.0,
    "radius": 0.0,
    "bin_size_x": 0.11912060709304066,
    "bin_size_y": 6.0,
    "xvalues": [
        -0.23824121418608132,
        -0.11912060709304068,
        0.0,
        0.11912060709304068,
        0.23824121418608135
    ],
    "yvalues": [
        -12.0,
        -6.0,
        0.0,
        6.0,
        12.0
    ],
    "flux": [
        [
            0.0,
            0.0,
            0.0,
            0.0,
            0.0
        ],
        [
            68409.0,
            72113.0,
            72125.0,
            71996.0,
            72211.0
        ],
        [
            88431.0,
            93145.0,
            93183.0,
            92476.0,
            92935.0
        ],
        [
            4641.0,
            4530.0,
            4613.0,
            4544.0,
            4460.0
        ],
        [
            0.0,
            0.0,
            0.0,
            0.0,
            0.0
        ]
    ],
    "sim_time": 24.831769466400146
}