{
    "dni": 1000.0,
    "generated_rays": 16205489,
    "power_per_ray": 0.06480970857061823,
    "num_rays": 718475.0,
    "avg_flux": 2605.9949660322222,
    "peak_flux": 6340.386931170364,
    "min_flux": 0.0,
    "radius": 0.0,
    "bin_size_x": 0.11912060709304066,
    "bin_size_y": 6.0,
    "xvalues": [
        -0.23824121418608132,
        -0.11912060709304068,
        0.0,
        0.11912060709304068,
        0.23824121418608135
    ],
    "yvalues": [
        -12.0,
        -6.0,
        0.0,
        6.0,
        12.0
    ],
    "flux": [
        [
            0.0,
            0.0,
            0.0,
            0.0,
            0.0
        ],
        [
            27061.0,
            42169.0,
            42260.0,
            42236.0,
            42309.0
        ],
        [
            46443.0,
            69776.0,
            69307.0,
            69241.0,
            69922.0
        ],
        [
            27240.0,
            42809.0,
            42783.0,
            42612.0,
            42307.0
        ],
        [
            0.0,
            0.0,
            0.0,
            0.0,
            0.0
        ]
    ],
    "sim_time": 17.879350900650024
}