{
    "dni": 1000.0,
    "generated_rays": 16198233,
    "power_per_ray": 0.06477710259546728,
    "num_rays": 724813.0,
    "avg_flux": 2627.6610016970185,
    "peak_flux": 6462.360374469086,
    "min_flux": 0.0,
    "radius": 0.0,
    "bin_size_x": 0.11912060709304066,
    "bin_size_y": 6.0,
    "xvalues": [
        -0.23824121418608132,
        -0.11912060709304068,
        0.0,
        0.11912060709304068,
        0.23824121418608135
    ],
    "yvalues": [
        -12.0,
        -6.0,
        0.0,
        6.0,
        12.0
    ],
    "flux": [
        [
            0.0,
            0.0,
            0.0,
            0.0,
            0.0
        ],
        [
            27786.0,
            42030.0,
            41847.0,
            42295.0,
            41806.0
        ],
        [
            48623.0,
            71303.0,
            71246.0,
            71286.0,
            70922.0
        ],
        [
            27842.0,
            41931.0,
            42195.0,
            41766.0,
            41935.0
        ],
        [
            0.0,
            0.0,
            0.0,
            0.0,
            0.0
        ]
    ],
    "sim_time": 17.984352350234985
}