{
    "dni": 1000.0,
    "generated_rays": 64938242,
    "power_per_ray": 0.016736784445582686,
    "num_rays": 376527.0,
    "avg_flux": 352.6874367488614,
    "peak_flux": 1936.3399873931087,
    "min_flux": 0.0,
    "radius": 0.0,
    "bin_size_x": 0.11912060709304066,
    "bin_size_y": 6.0,
    "xvalues": [
        -0.23824121418608132,
        -0.11912060709304068,
        0.0,
        0.11912060709304068,
        0.23824121418608135
    ],
    "yvalues": [
        -12.0,
        -6.0,
        0.0,
        6.0,
        12.0
    ],
    "flux": [
        [
            0.0,
            0.0,
            152.0,
            1272.0,
            1366.0
        ],
        [
            0.0,
            0.0,
            6331.0,
            45696.0,
            46170.0
        ],
        [
            0.0,
            0.0,
            10600.0,
            82274.0,
            82689.0
        ],
        [
            0.0,
            0.0,
            5321.0,
            45562.0,
            46166.0
        ],
        [
            0.0,
            0.0,
            100.0,
            1347.0,
            1481.0
        ]
    ],
    "sim_time": 52.61202144622803
}