{
    "dni": 1000.0,
    "generated_rays": 12193260,
    "power_per_ray": 0.08092764073995781,
    "num_rays": 787013.0,
    "avg_flux": 3564.516494442739,
    "peak_flux": 8428.447633547163,
    "min_flux": 0.0,
    "radius": 0.0,
    "bin_size_x": 0.11912060709304066,
    "bin_size_y": 6.0,
    "xvalues": [
        -0.23824121418608132,
        -0.11912060709304068,
        0.0,
        0.11912060709304068,
        0.23824121418608135
    ],
    "yvalues": [
        -12.0,
        -6.0,
        0.0,
        6.0,
        12.0
    ],
    "flux": [
        [
            0.0,
            0.0,
            0.0,
            0.0,
            0.0
        ],
        [
            40750.0,
            42102.0,
            42340.0,
            42077.0,
            42251.0
        ],
        [
            71167.0,
            74200.0,
            74353.0,
            74239.0,
            74437.0
        ],
        [
            40781.0,
            42476.0,
            42095.0,
            41590.0,
            42155.0
        ],
        [
            0.0,
            0.0,
            0.0,
            0.0,
            0.0
        ]
    ],
    "sim_time": 15.69789981842041
}