{
    "dni": 1000.0,
    "generated_rays": 14237931,
    "power_per_ray": 0.07269661925609187,
    "num_rays": 741193.0,
    "avg_flux": 3015.555781723818,
    "peak_flux": 7181.23636006569,
    "min_flux": 0.0,
    "radius": 0.0,
    "bin_size_x": 0.11912060709304066,
    "bin_size_y": 6.0,
    "xvalues": [
        -0.23824121418608132,
        -0.11912060709304068,
        0.0,
        0.11912060709304068,
        0.23824121418608135
    ],
    "yvalues": [
        -12.0,
        -6.0,
        0.0,
        6.0,
        12.0
    ],
    "flux": [
        [
            0.0,
            0.0,
            0.0,
            0.0,
            0.0
        ],
        [
            32138.0,
            42689.0,
            42641.0,
            42703.0,
            42208.0
        ],
        [
            54821.0,
            70446.0,
            70335.0,
            70603.0,
            70559.0
        ],
        [
            31883.0,
            42576.0,
            42863.0,
            42401.0,
            42327.0
        ],
        [
            0.0,
            0.0,
            0.0,
            0.0,
            0.0
        ]
    ],
    "sim_time": 16.35423493385315
}