{
    "dni": 1000.0,
    "generated_rays": 17801577,
    "power_per_ray": 0.05948324064975153,
    "num_rays": 722063.0,
    "avg_flux": 2403.762497042704,
    "peak_flux": 6709.3078256881545,
    "min_flux": 0.0,
    "radius": 0.0,
    "bin_size_x": 0.11912060709304066,
    "bin_size_y": 6.0,
    "xvalues": [
        -0.23824121418608132,
        -0.11912060709304068,
        0.0,
        0.11912060709304068,
        0.23824121418608135
    ],
    "yvalues": [
        -12.0,
        -6.0,
        0.0,
        6.0,
        12.0
    ],
    "flux": [
        [
            0.0,
            0.0,
            0.0,
            0.0,
            0.0
        ],
        [
            19848.0,
            40757.0,
            38654.0,
            38117.0,
            38763.0
        ],
        [
            35903.0,
            80616.0,
            78886.0,
            78788.0,
            78828.0
        ],
        [
            19560.0,
            44261.0,
            43136.0,
            42986.0,
            42960.0
        ],
        [
            0.0,
            0.0,
            0.0,
            0.0,
            0.0
        ]
    ],
    "sim_time": 19.292479276657104
}