{
    "dni": 1000.0,
    "generated_rays": 20627478,
    "power_per_ray": 0.04861350675088034,
    "num_rays": 844807.0,
    "avg_flux": 2298.4565419266473,
    "peak_flux": 6920.5468755411175,
    "min_flux": 0.0,
    "radius": 0.0,
    "bin_size_x": 0.11912060709304066,
    "bin_size_y": 6.0,
    "xvalues": [
        -0.23824121418608132,
        -0.11912060709304068,
        0.0,
        0.11912060709304068,
        0.23824121418608135
    ],
    "yvalues": [
        -12.0,
        -6.0,
        0.0,
        6.0,
        12.0
    ],
    "flux": [
        [
            0.0,
            0.0,
            0.0,
            0.0,
            0.0
        ],
        [
            4236.0,
            4285.0,
            4344.0,
            4244.0,
            4366.0
        ],
        [
            101747.0,
            100835.0,
            100761.0,
            100474.0,
            100746.0
        ],
        [
            63444.0,
            63683.0,
            63941.0,
            64000.0,
            63701.0
        ],
        [
            0.0,
            0.0,
            0.0,
            0.0,
            0.0
        ]
    ],
    "sim_time": 22.108158111572266
}