{
    "dni": 1000.0,
    "generated_rays": 34963867,
    "power_per_ray": 0.030925172492638396,
    "num_rays": 596125.0,
    "avg_flux": 1031.7424724436337,
    "peak_flux": 3716.47960518352,
    "min_flux": 0.0,
    "radius": 0.0,
    "bin_size_x": 0.11912060709304066,
    "bin_size_y": 6.0,
    "xvalues": [
        -0.23824121418608132,
        -0.11912060709304068,
        0.0,
        0.11912060709304068,
        0.23824121418608135
    ],
    "yvalues": [
        -12.0,
        -6.0,
        0.0,
        6.0,
        12.0
    ],
    "flux": [
        [
            0.0,
            4.0,
            3.0,
            3.0,
            3.0
        ],
        [
            0.0,
            30369.0,
            47966.0,
            39547.0,
            39734.0
        ],
        [
            0.0,
            53505.0,
            85893.0,
            70598.0,
            70111.0
        ],
        [
            0.0,
            29476.0,
            48605.0,
            40346.0,
            39954.0
        ],
        [
            0.0,
            2.0,
            6.0,
            0.0,
            0.0
        ]
    ],
    "sim_time": 31.280261516571045
}