{
    "dni": 1000.0,
    "generated_rays": 12288244,
    "power_per_ray": 0.08236406130610198,
    "num_rays": 784304.0,
    "avg_flux": 3615.297376054369,
    "peak_flux": 9210.249220531623,
    "min_flux": 0.0,
    "radius": 0.0,
    "bin_size_x": 0.11912060709304066,
    "bin_size_y": 6.0,
    "xvalues": [
        -0.23824121418608132,
        -0.11912060709304068,
        0.0,
        0.11912060709304068,
        0.23824121418608135
    ],
    "yvalues": [
        -12.0,
        -6.0,
        0.0,
        6.0,
        12.0
    ],
    "flux": [
        [
            0.0,
            0.0,
            0.0,
            0.0,
            0.0
        ],
        [
            33632.0,
            38545.0,
            38873.0,
            38785.0,
            38925.0
        ],
        [
            66836.0,
            79756.0,
            79923.0,
            79762.0,
            79404.0
        ],
        [
            36621.0,
            43362.0,
            43455.0,
            43403.0,
            43022.0
        ],
        [
            0.0,
            0.0,
            0.0,
            0.0,
            0.0
        ]
    ],
    "sim_time": 15.184186935424805
}