{
    "dni": 1000.0,
    "generated_rays": 16704524,
    "power_per_ray": 0.06374862125224545,
    "num_rays": 747919.0,
    "avg_flux": 2668.377102383191,
    "peak_flux": 7604.27125934698,
    "min_flux": 0.0,
    "radius": 0.0,
    "bin_size_x": 0.11912060709304066,
    "bin_size_y": 6.0,
    "xvalues": [
        -0.23824121418608132,
        -0.11912060709304068,
        0.0,
        0.11912060709304068,
        0.23824121418608135
    ],
    "yvalues": [
        -12.0,
        -6.0,
        0.0,
        6.0,
        12.0
    ],
    "flux": [
        [
            0.0,
            0.0,
            0.0,
            0.0,
            0.0
        ],
        [
            17509.0,
            36958.0,
            37140.0,
            37089.0,
            36955.0
        ],
        [
            40165.0,
            85182.0,
            85256.0,
            85039.0,
            84711.0
        ],
        [
            21585.0,
            45217.0,
            44978.0,
            45110.0,
            45025.0
        ],
        [
            0.0,
            0.0,
            0.0,
            0.0,
            0.0
        ]
    ],
    "sim_time": 18.354668140411377
}