{
    "dni": 1000.0,
    "generated_rays": 18318351,
    "power_per_ray": 0.05837689774585465,
    "num_rays": 723043.0,
    "avg_flux": 2362.256109271847,
    "peak_flux": 6715.367301533681,
    "min_flux": 0.0,
    "radius": 0.0,
    "bin_size_x": 0.11912060709304066,
    "bin_size_y": 6.0,
    "xvalues": [
        -0.23824121418608132,
        -0.11912060709304068,
        0.0,
        0.11912060709304068,
        0.23824121418608135
    ],
    "yvalues": [
        -12.0,
        -6.0,
        0.0,
        6.0,
        12.0
    ],
    "flux": [
        [
            0.0,
            0.0,
            0.0,
            0.0,
            0.0
        ],
        [
            13725.0,
            41674.0,
            41212.0,
            41379.0,
            41566.0
        ],
        [
            27073.0,
            81495.0,
            81702.0,
            81681.0,
            82218.0
        ],
        [
            14771.0,
            43875.0,
            43557.0,
            43676.0,
            43439.0
        ],
        [
            0.0,
            0.0,
            0.0,
            0.0,
            0.0
        ]
    ],
    "sim_time": 19.44321608543396
}