{
    "dni": 1000.0,
    "generated_rays": 46497469,
    "power_per_ray": 0.023359189375803543,
    "num_rays": 510105.0,
    "avg_flux": 666.8669447617017,
    "peak_flux": 2720.093667562666,
    "min_flux": 0.0,
    "radius": 0.0,
    "bin_size_x": 0.11912060709304066,
    "bin_size_y": 6.0,
    "xvalues": [
        -0.23824121418608132,
        -0.11912060709304068,
        0.0,
        0.11912060709304068,
        0.23824121418608135
    ],
    "yvalues": [
        -12.0,
        -6.0,
        0.0,
        6.0,
        12.0
    ],
    "flux": [
        [
            0.0,
            1.0,
            151.0,
            171.0,
            158.0
        ],
        [
            0.0,
            1841.0,
            47881.0,
            47321.0,
            39982.0
        ],
        [
            0.0,
            3051.0,
            83227.0,
            82800.0,
            66085.0
        ],
        [
            0.0,
            1609.0,
            47605.0,
            48117.0,
            39608.0
        ],
        [
            0.0,
            0.0,
            171.0,
            162.0,
            164.0
        ]
    ],
    "sim_time": 39.33098578453064
}