{
    "dni": 1000.0,
    "generated_rays": 17606563,
    "power_per_ray": 0.060039896196647895,
    "num_rays": 706625.0,
    "avg_flux": 2374.382999174341,
    "peak_flux": 5895.593406971646,
    "min_flux": 0.0,
    "radius": 0.0,
    "bin_size_x": 0.11912060709304066,
    "bin_size_y": 6.0,
    "xvalues": [
        -0.23824121418608132,
        -0.11912060709304068,
        0.0,
        0.11912060709304068,
        0.23824121418608135
    ],
    "yvalues": [
        -12.0,
        -6.0,
        0.0,
        6.0,
        12.0
    ],
    "flux": [
        [
            0.0,
            0.0,
            0.0,
            0.0,
            0.0
        ],
        [
            23527.0,
            42672.0,
            42382.0,
            42262.0,
            42267.0
        ],
        [
            41229.0,
            70182.0,
            69374.0,
            69238.0,
            69723.0
        ],
        [
            23831.0,
            42877.0,
            42423.0,
            42511.0,
            42127.0
        ],
        [
            0.0,
            0.0,
            0.0,
            0.0,
            0.0
        ]
    ],
    "sim_time": 18.572280883789062
}