{
    "dni": 1000.0,
    "generated_rays": 12186642,
    "power_per_ray": 0.08211111962308318,
    "num_rays": 771130.0,
    "avg_flux": 3543.654856487455,
    "peak_flux": 8125.250921539665,
    "min_flux": 0.0,
    "radius": 0.0,
    "bin_size_x": 0.11912060709304066,
    "bin_size_y": 6.0,
    "xvalues": [
        -0.23824121418608132,
        -0.11912060709304068,
        0.0,
        0.11912060709304068,
        0.23824121418608135
    ],
    "yvalues": [
        -12.0,
        -6.0,
        0.0,
        6.0,
        12.0
    ],
    "flux": [
        [
            0.0,
            0.0,
            0.0,
            0.0,
            0.0
        ],
        [
            39924.0,
            42818.0,
            42735.0,
            42884.0,
            42987.0
        ],
        [
            65442.0,
            70318.0,
            70235.0,
            70725.0,
            70673.0
        ],
        [
            39722.0,
            43350.0,
            43233.0,
            42957.0,
            43127.0
        ],
        [
            0.0,
            0.0,
            0.0,
            0.0,
            0.0
        ]
    ],
    "sim_time": 14.982339143753052
}