{
    "dni": 1000.0,
    "generated_rays": 44193544,
    "power_per_ray": 0.02286758047787066,
    "num_rays": 854047.0,
    "avg_flux": 1093.0092327422888,
    "peak_flux": 3316.3133874064015,
    "min_flux": 0.0,
    "radius": 0.0,
    "bin_size_x": 0.11912060709304066,
    "bin_size_y": 6.0,
    "xvalues": [
        -0.23824121418608132,
        -0.11912060709304068,
        0.0,
        0.11912060709304068,
        0.23824121418608135
    ],
    "yvalues": [
        -12.0,
        -6.0,
        0.0,
        6.0,
        12.0
    ],
    "flux": [
        [
            0.0,
            0.0,
            0.0,
            0.0,
            0.0
        ],
        [
            97012.0,
            103567.0,
            103388.0,
            103384.0,
            103651.0
        ],
        [
            60438.0,
            63484.0,
            63231.0,
            63146.0,
            63023.0
        ],
        [
            6005.0,
            5932.0,
            6029.0,
            5844.0,
            5913.0
        ],
        [
            0.0,
            0.0,
            0.0,
            0.0,
            0.0
        ]
    ],
    "sim_time": 38.883580684661865
}