{
    "dni": 1000.0,
    "generated_rays": 12874207,
    "power_per_ray": 0.08039271873618488,
    "num_rays": 792826.0,
    "avg_flux": 3567.1095136350104,
    "peak_flux": 9606.426505059057,
    "min_flux": 0.0,
    "radius": 0.0,
    "bin_size_x": 0.11912060709304066,
    "bin_size_y": 6.0,
    "xvalues": [
        -0.23824121418608132,
        -0.11912060709304068,
        0.0,
        0.11912060709304068,
        0.23824121418608135
    ],
    "yvalues": [
        -12.0,
        -6.0,
        0.0,
        6.0,
        12.0
    ],
    "flux": [
        [
            0.0,
            0.0,
            0.0,
            0.0,
            0.0
        ],
        [
            33395.0,
            45334.0,
            45061.0,
            44808.0,
            44968.0
        ],
        [
            63512.0,
            85066.0,
            85405.0,
            84997.0,
            84854.0
        ],
        [
            27326.0,
            37015.0,
            37046.0,
            37165.0,
            36874.0
        ],
        [
            0.0,
            0.0,
            0.0,
            0.0,
            0.0
        ]
    ],
    "sim_time": 15.595602750778198
}