{
    "dni": 1000.0,
    "generated_rays": 18923293,
    "power_per_ray": 0.054304609437187325,
    "num_rays": 816418.0,
    "avg_flux": 2481.253339755115,
    "peak_flux": 8077.268018425819,
    "min_flux": 0.0,
    "radius": 0.0,
    "bin_size_x": 0.11912060709304066,
    "bin_size_y": 6.0,
    "xvalues": [
        -0.23824121418608132,
        -0.11912060709304068,
        0.0,
        0.11912060709304068,
        0.23824121418608135
    ],
    "yvalues": [
        -12.0,
        -6.0,
        0.0,
        6.0,
        12.0
    ],
    "flux": [
        [
            0.0,
            0.0,
            0.0,
            0.0,
            0.0
        ],
        [
            3876.0,
            4080.0,
            4151.0,
            4073.0,
            4082.0
        ],
        [
            89780.0,
            106046.0,
            105953.0,
            106308.0,
            105902.0
        ],
        [
            49281.0,
            58226.0,
            58113.0,
            58054.0,
            58493.0
        ],
        [
            0.0,
            0.0,
            0.0,
            0.0,
            0.0
        ]
    ],
    "sim_time": 20.052731037139893
}