{
    "dni": 1000.0,
    "generated_rays": 11147940,
    "power_per_ray": 0.09042071331418329,
    "num_rays": 812636.0,
    "avg_flux": 4112.309844503106,
    "peak_flux": 10406.451070322139,
    "min_flux": 0.0,
    "radius": 0.0,
    "bin_size_x": 0.11912060709304066,
    "bin_size_y": 6.0,
    "xvalues": [
        -0.23824121418608132,
        -0.11912060709304068,
        0.0,
        0.11912060709304068,
        0.23824121418608135
    ],
    "yvalues": [
        -12.0,
        -6.0,
        0.0,
        6.0,
        12.0
    ],
    "flux": [
        [
            0.0,
            0.0,
            0.0,
            0.0,
            0.0
        ],
        [
            36143.0,
            41524.0,
            41578.0,
            41528.0,
            41808.0
        ],
        [
            71125.0,
            81108.0,
            82257.0,
            81398.0,
            81878.0
        ],
        [
            38026.0,
            43414.0,
            43799.0,
            43553.0,
            43497.0
        ],
        [
            0.0,
            0.0,
            0.0,
            0.0,
            0.0
        ]
    ],
    "sim_time": 14.739076614379883
}