{
    "dni": 1000.0,
    "generated_rays": 13108165,
    "power_per_ray": 0.0793812199575525,
    "num_rays": 779228.0,
    "avg_flux": 3461.817440020838,
    "peak_flux": 9106.380729540922,
    "min_flux": 0.0,
    "radius": 0.0,
    "bin_size_x": 0.11912060709304066,
    "bin_size_y": 6.0,
    "xvalues": [
        -0.23824121418608132,
        -0.11912060709304068,
        0.0,
        0.11912060709304068,
        0.23824121418608135
    ],
    "yvalues": [
        -12.0,
        -6.0,
        0.0,
        6.0,
        12.0
    ],
    "flux": [
        [
            0.0,
            0.0,
            0.0,
            0.0,
            0.0
        ],
        [
            27818.0,
            41745.0,
            41475.0,
            41490.0,
            41297.0
        ],
        [
            54741.0,
            81211.0,
            81669.0,
            81991.0,
            81592.0
        ],
        [
            29551.0,
            43501.0,
            43913.0,
            43576.0,
            43658.0
        ],
        [
            0.0,
            0.0,
            0.0,
            0.0,
            0.0
        ]
    ],
    "sim_time": 15.617840051651001
}