{
    "dni": 1000.0,
    "generated_rays": 13104430,
    "power_per_ray": 0.07940384504361436,
    "num_rays": 778902.0,
    "avg_flux": 3461.35541232617,
    "peak_flux": 9088.978704567979,
    "min_flux": 0.0,
    "radius": 0.0,
    "bin_size_x": 0.11912060709304066,
    "bin_size_y": 6.0,
    "xvalues": [
        -0.23824121418608132,
        -0.11912060709304068,
        0.0,
        0.11912060709304068,
        0.23824121418608135
    ],
    "yvalues": [
        -12.0,
        -6.0,
        0.0,
        6.0,
        12.0
    ],
    "flux": [
        [
            0.0,
            0.0,
            0.0,
            0.0,
            0.0
        ],
        [
            29548.0,
            43602.0,
            43624.0,
            43630.0,
            43332.0
        ],
        [
            55223.0,
            81811.0,
            81603.0,
            81533.0,
            81625.0
        ],
        [
            27569.0,
            41653.0,
            41713.0,
            41316.0,
            41120.0
        ],
        [
            0.0,
            0.0,
            0.0,
            0.0,
            0.0
        ]
    ],
    "sim_time": 15.94555139541626
}