{
    "dni": 1000.0,
    "generated_rays": 12719184,
    "power_per_ray": 0.07899837216504087,
    "num_rays": 773329.0,
    "avg_flux": 3419.040787812776,
    "peak_flux": 8187.395898655152,
    "min_flux": 0.0,
    "radius": 0.0,
    "bin_size_x": 0.11912060709304066,
    "bin_size_y": 6.0,
    "xvalues": [
        -0.23824121418608132,
        -0.11912060709304068,
        0.0,
        0.11912060709304068,
        0.23824121418608135
    ],
    "yvalues": [
        -12.0,
        -6.0,
        0.0,
        6.0,
        12.0
    ],
    "flux": [
        [
            0.0,
            0.0,
            0.0,
            0.0,
            0.0
        ],
        [
            37646.0,
            41726.0,
            42190.0,
            42220.0,
            42124.0
        ],
        [
            66089.0,
            73762.0,
            74065.0,
            74074.0,
            73942.0
        ],
        [
            37799.0,
            42086.0,
            42040.0,
            41784.0,
            41782.0
        ],
        [
            0.0,
            0.0,
            0.0,
            0.0,
            0.0
        ]
    ],
    "sim_time": 15.76531171798706
}