{
    "dni": 1000.0,
    "generated_rays": 11939026,
    "power_per_ray": 0.08537945663629697,
    "num_rays": 808976.0,
    "avg_flux": 3865.546188710351,
    "peak_flux": 10173.162707446272,
    "min_flux": 0.0,
    "radius": 0.0,
    "bin_size_x": 0.11912060709304066,
    "bin_size_y": 6.0,
    "xvalues": [
        -0.23824121418608132,
        -0.11912060709304068,
        0.0,
        0.11912060709304068,
        0.23824121418608135
    ],
    "yvalues": [
        -12.0,
        -6.0,
        0.0,
        6.0,
        12.0
    ],
    "flux": [
        [
            0.0,
            0.0,
            0.0,
            0.0,
            0.0
        ],
        [
            30761.0,
            37047.0,
            37399.0,
            36869.0,
            37059.0
        ],
        [
            71443.0,
            85108.0,
            85082.0,
            85161.0,
            85031.0
        ],
        [
            37647.0,
            44914.0,
            45470.0,
            45000.0,
            44985.0
        ],
        [
            0.0,
            0.0,
            0.0,
            0.0,
            0.0
        ]
    ],
    "sim_time": 15.513803958892822
}