{
    "dni": 1000.0,
    "generated_rays": 70945542,
    "power_per_ray": 0.014149572045403788,
    "num_rays": 883051.0,
    "avg_flux": 699.2797215742105,
    "peak_flux": 2266.727241152617,
    "min_flux": 0.0,
    "radius": 0.0,
    "bin_size_x": 0.11912060709304066,
    "bin_size_y": 6.0,
    "xvalues": [
        -0.23824121418608132,
        -0.11912060709304068,
        0.0,
        0.11912060709304068,
        0.23824121418608135
    ],
    "yvalues": [
        -12.0,
        -6.0,
        0.0,
        6.0,
        12.0
    ],
    "flux": [
        [
            0.0,
            0.0,
            0.0,
            0.0,
            0.0
        ],
        [
            7839.0,
            7782.0,
            7599.0,
            7641.0,
            7769.0
        ],
        [
            54328.0,
            55351.0,
            55526.0,
            55345.0,
            55849.0
        ],
        [
            110531.0,
            114470.0,
            114212.0,
            114312.0,
            114497.0
        ],
        [
            0.0,
            0.0,
            0.0,
            0.0,
            0.0
        ]
    ],
    "sim_time": 58.29802656173706
}