{
    "dni": 1000.0,
    "generated_rays": 11970585,
    "power_per_ray": 0.08348663436557797,
    "num_rays": 830297.0,
    "avg_flux": 3879.4688143081767,
    "peak_flux": 10642.646039321842,
    "min_flux": 0.0,
    "radius": 0.0,
    "bin_size_x": 0.11912060709304066,
    "bin_size_y": 6.0,
    "xvalues": [
        -0.23824121418608132,
        -0.11912060709304068,
        0.0,
        0.11912060709304068,
        0.23824121418608135
    ],
    "yvalues": [
        -12.0,
        -6.0,
        0.0,
        6.0,
        12.0
    ],
    "flux": [
        [
            0.0,
            0.0,
            0.0,
            0.0,
            0.0
        ],
        [
            44912.0,
            46477.0,
            46450.0,
            46591.0,
            46193.0
        ],
        [
            87218.0,
            90856.0,
            90646.0,
            89960.0,
            91111.0
        ],
        [
            29022.0,
            30230.0,
            30078.0,
            30108.0,
            30445.0
        ],
        [
            0.0,
            0.0,
            0.0,
            0.0,
            0.0
        ]
    ],
    "sim_time": 15.21755862236023
}