{
    "dni": 1000.0,
    "generated_rays": 32166726,
    "power_per_ray": 0.03154043907586285,
    "num_rays": 840871.0,
    "avg_flux": 1484.290652606953,
    "peak_flux": 3752.159874361193,
    "min_flux": 0.0,
    "radius": 0.0,
    "bin_size_x": 0.11912060709304066,
    "bin_size_y": 6.0,
    "xvalues": [
        -0.23824121418608132,
        -0.11912060709304068,
        0.0,
        0.11912060709304068,
        0.23824121418608135
    ],
    "yvalues": [
        -12.0,
        -6.0,
        0.0,
        6.0,
        12.0
    ],
    "flux": [
        [
            0.0,
            0.0,
            0.0,
            0.0,
            0.0
        ],
        [
            5135.0,
            5046.0,
            5018.0,
            4988.0,
            5041.0
        ],
        [
            75147.0,
            80904.0,
            80696.0,
            80633.0,
            81595.0
        ],
        [
            77869.0,
            84487.0,
            84917.0,
            84369.0,
            85026.0
        ],
        [
            0.0,
            0.0,
            0.0,
            0.0,
            0.0
        ]
    ],
    "sim_time": 29.92110586166382
}