{
    "dni": 1000.0,
    "generated_rays": 70753029,
    "power_per_ray": 0.014158880243642678,
    "num_rays": 885127.0,
    "avg_flux": 701.3847841135843,
    "peak_flux": 2270.278661824825,
    "min_flux": 0.0,
    "radius": 0.0,
    "bin_size_x": 0.11912060709304066,
    "bin_size_y": 6.0,
    "xvalues": [
        -0.23824121418608132,
        -0.11912060709304068,
        0.0,
        0.11912060709304068,
        0.23824121418608135
    ],
    "yvalues": [
        -12.0,
        -6.0,
        0.0,
        6.0,
        12.0
    ],
    "flux": [
        [
            0.0,
            0.0,
            0.0,
            0.0,
            0.0
        ],
        [
            7812.0,
            7788.0,
            7600.0,
            7647.0,
            7793.0
        ],
        [
            54609.0,
            55386.0,
            55584.0,
            55312.0,
            55897.0
        ],
        [
            111879.0,
            114601.0,
            114339.0,
            114316.0,
            114564.0
        ],
        [
            0.0,
            0.0,
            0.0,
            0.0,
            0.0
        ]
    ],
    "sim_time": 57.71957206726074
}