{
    "dni": 1000.0,
    "generated_rays": 32534321,
    "power_per_ray": 0.03321103471883915,
    "num_rays": 607718.0,
    "avg_flux": 1129.552313396083,
    "peak_flux": 3880.9204768840505,
    "min_flux": 0.0,
    "radius": 0.0,
    "bin_size_x": 0.11912060709304066,
    "bin_size_y": 6.0,
    "xvalues": [
        -0.23824121418608132,
        -0.11912060709304068,
        0.0,
        0.11912060709304068,
        0.23824121418608135
    ],
    "yvalues": [
        -12.0,
        -6.0,
        0.0,
        6.0,
        12.0
    ],
    "flux": [
        [
            0.0,
            0.0,
            0.0,
            0.0,
            0.0
        ],
        [
            0.0,
            31389.0,
            45505.0,
            38074.0,
            37997.0
        ],
        [
            0.0,
            55539.0,
            83520.0,
            77601.0,
            77317.0
        ],
        [
            0.0,
            29803.0,
            46272.0,
            42597.0,
            42101.0
        ],
        [
            0.0,
            0.0,
            3.0,
            0.0,
            0.0
        ]
    ],
    "sim_time": 29.30793285369873
}