{
    "dni": 1000.0,
    "generated_rays": 11821204,
    "power_per_ray": 0.0831058213535618,
    "num_rays": 785040.0,
    "avg_flux": 3651.279465829817,
    "peak_flux": 8266.70340438611,
    "min_flux": 0.0,
    "radius": 0.0,
    "bin_size_x": 0.11912060709304066,
    "bin_size_y": 6.0,
    "xvalues": [
        -0.23824121418608132,
        -0.11912060709304068,
        0.0,
        0.11912060709304068,
        0.23824121418608135
    ],
    "yvalues": [
        -12.0,
        -6.0,
        0.0,
        6.0,
        12.0
    ],
    "flux": [
        [
            0.0,
            0.0,
            0.0,
            0.0,
            0.0
        ],
        [
            42835.0,
            42997.0,
            43264.0,
            43146.0,
            43148.0
        ],
        [
            70804.0,
            70597.0,
            71095.0,
            70725.0,
            70598.0
        ],
        [
            42997.0,
            43476.0,
            43100.0,
            43068.0,
            43190.0
        ],
        [
            0.0,
            0.0,
            0.0,
            0.0,
            0.0
        ]
    ],
    "sim_time": 14.91812539100647
}