{
    "dni": 1000.0,
    "generated_rays": 14233370,
    "power_per_ray": 0.07271991446168458,
    "num_rays": 741611.0,
    "avg_flux": 3018.223283663071,
    "peak_flux": 7220.572907215413,
    "min_flux": 0.0,
    "radius": 0.0,
    "bin_size_x": 0.11912060709304066,
    "bin_size_y": 6.0,
    "xvalues": [
        -0.23824121418608132,
        -0.11912060709304068,
        0.0,
        0.11912060709304068,
        0.23824121418608135
    ],
    "yvalues": [
        -12.0,
        -6.0,
        0.0,
        6.0,
        12.0
    ],
    "flux": [
        [
            0.0,
            0.0,
            0.0,
            0.0,
            0.0
        ],
        [
            32227.0,
            42230.0,
            42211.0,
            42549.0,
            42405.0
        ],
        [
            54740.0,
            70684.0,
            70217.0,
            70407.0,
            70967.0
        ],
        [
            32253.0,
            42949.0,
            42941.0,
            42460.0,
            42371.0
        ],
        [
            0.0,
            0.0,
            0.0,
            0.0,
            0.0
        ]
    ],
    "sim_time": 16.353443384170532
}