{
    "dni": 1000.0,
    "generated_rays": 72560318,
    "power_per_ray": 0.013973716085977443,
    "num_rays": 872894.0,
    "avg_flux": 682.6455543288787,
    "peak_flux": 2234.3129277066932,
    "min_flux": 0.0,
    "radius": 0.0,
    "bin_size_x": 0.11912060709304066,
    "bin_size_y": 6.0,
    "xvalues": [
        -0.23824121418608132,
        -0.11912060709304068,
        0.0,
        0.11912060709304068,
        0.23824121418608135
    ],
    "yvalues": [
        -12.0,
        -6.0,
        0.0,
        6.0,
        12.0
    ],
    "flux": [
        [
            0.0,
            0.0,
            0.0,
            0.0,
            0.0
        ],
        [
            103464.0,
            114280.0,
            113695.0,
            113736.0,
            113808.0
        ],
        [
            53369.0,
            55207.0,
            55232.0,
            55236.0,
            55830.0
        ],
        [
            8048.0,
            7756.0,
            7891.0,
            7685.0,
            7657.0
        ],
        [
            0.0,
            0.0,
            0.0,
            0.0,
            0.0
        ]
    ],
    "sim_time": 59.63710069656372
}