{
    "dni": 1000.0,
    "generated_rays": 63988914,
    "power_per_ray": 0.016612705969754366,
    "num_rays": 776796.0,
    "avg_flux": 722.219486138221,
    "peak_flux": 2348.410837014324,
    "min_flux": 0.0,
    "radius": 0.0,
    "bin_size_x": 0.11912060709304066,
    "bin_size_y": 6.0,
    "xvalues": [
        -0.23824121418608132,
        -0.11912060709304068,
        0.0,
        0.11912060709304068,
        0.23824121418608135
    ],
    "yvalues": [
        -12.0,
        -6.0,
        0.0,
        6.0,
        12.0
    ],
    "flux": [
        [
            0.0,
            0.0,
            0.0,
            0.0,
            0.0
        ],
        [
            48494.0,
            100917.0,
            101035.0,
            100765.0,
            101012.0
        ],
        [
            39557.0,
            64020.0,
            63871.0,
            63610.0,
            63666.0
        ],
        [
            6333.0,
            5904.0,
            5869.0,
            5889.0,
            5854.0
        ],
        [
            0.0,
            0.0,
            0.0,
            0.0,
            0.0
        ]
    ],
    "sim_time": 53.14701318740845
}