{
    "dni": 1000.0,
    "generated_rays": 12627263,
    "power_per_ray": 0.07978502881994715,
    "num_rays": 768552.0,
    "avg_flux": 3431.7568256254262,
    "peak_flux": 8067.2085466394155,
    "min_flux": 0.0,
    "radius": 0.0,
    "bin_size_x": 0.11912060709304066,
    "bin_size_y": 6.0,
    "xvalues": [
        -0.23824121418608132,
        -0.11912060709304068,
        0.0,
        0.11912060709304068,
        0.23824121418608135
    ],
    "yvalues": [
        -12.0,
        -6.0,
        0.0,
        6.0,
        12.0
    ],
    "flux": [
        [
            0.0,
            0.0,
            0.0,
            0.0,
            0.0
        ],
        [
            38019.0,
            42413.0,
            42437.0,
            42431.0,
            42993.0
        ],
        [
            64425.0,
            72267.0,
            71856.0,
            72141.0,
            72041.0
        ],
        [
            37779.0,
            42375.0,
            42633.0,
            42349.0,
            42393.0
        ],
        [
            0.0,
            0.0,
            0.0,
            0.0,
            0.0
        ]
    ],
    "sim_time": 16.476073741912842
}