{
    "dni": 1000.0,
    "generated_rays": 12801406,
    "power_per_ray": 0.07778963681734351,
    "num_rays": 837478.0,
    "avg_flux": 3646.002767130025,
    "peak_flux": 10650.090592505332,
    "min_flux": 0.0,
    "radius": 0.0,
    "bin_size_x": 0.11912060709304066,
    "bin_size_y": 6.0,
    "xvalues": [
        -0.23824121418608132,
        -0.11912060709304068,
        0.0,
        0.11912060709304068,
        0.23824121418608135
    ],
    "yvalues": [
        -12.0,
        -6.0,
        0.0,
        6.0,
        12.0
    ],
    "flux": [
        [
            0.0,
            0.0,
            0.0,
            0.0,
            0.0
        ],
        [
            21689.0,
            21441.0,
            21280.0,
            21409.0,
            21629.0
        ],
        [
            97698.0,
            97577.0,
            97852.0,
            97338.0,
            97791.0
        ],
        [
            48366.0,
            48644.0,
            48611.0,
            48019.0,
            48134.0
        ],
        [
            0.0,
            0.0,
            0.0,
            0.0,
            0.0
        ]
    ],
    "sim_time": 15.857864618301392
}