{
    "dni": 1000.0,
    "generated_rays": 39646124,
    "power_per_ray": 0.027607844575391102,
    "num_rays": 599169.0,
    "avg_flux": 925.7712291248009,
    "peak_flux": 3720.079383417793,
    "min_flux": 0.0,
    "radius": 0.0,
    "bin_size_x": 0.11912060709304066,
    "bin_size_y": 6.0,
    "xvalues": [
        -0.23824121418608132,
        -0.11912060709304068,
        0.0,
        0.11912060709304068,
        0.23824121418608135
    ],
    "yvalues": [
        -12.0,
        -6.0,
        0.0,
        6.0,
        12.0
    ],
    "flux": [
        [
            0.0,
            0.0,
            1.0,
            0.0,
            2.0
        ],
        [
            0.0,
            28402.0,
            48256.0,
            48511.0,
            48552.0
        ],
        [
            0.0,
            55243.0,
            96078.0,
            95822.0,
            96307.0
        ],
        [
            0.0,
            13839.0,
            22818.0,
            22813.0,
            22525.0
        ],
        [
            0.0,
            0.0,
            0.0,
            0.0,
            0.0
        ]
    ],
    "sim_time": 34.63825607299805
}