{
    "dni": 1000.0,
    "generated_rays": 24599040,
    "power_per_ray": 0.04405457037289316,
    "num_rays": 677479.0,
    "avg_flux": 1670.3544981289792,
    "peak_flux": 5276.942862410497,
    "min_flux": 0.0,
    "radius": 0.0,
    "bin_size_x": 0.11912060709304066,
    "bin_size_y": 6.0,
    "xvalues": [
        -0.23824121418608132,
        -0.11912060709304068,
        0.0,
        0.11912060709304068,
        0.23824121418608135
    ],
    "yvalues": [
        -12.0,
        -6.0,
        0.0,
        6.0,
        12.0
    ],
    "flux": [
        [
            0.0,
            0.0,
            0.0,
            0.0,
            0.0
        ],
        [
            2610.0,
            44998.0,
            44963.0,
            44964.0,
            44992.0
        ],
        [
            4323.0,
            84913.0,
            85473.0,
            85611.0,
            84916.0
        ],
        [
            1742.0,
            37025.0,
            36951.0,
            36874.0,
            37124.0
        ],
        [
            0.0,
            0.0,
            0.0,
            0.0,
            0.0
        ]
    ],
    "sim_time": 23.99847102165222
}