{
    "dni": 1000.0,
    "generated_rays": 16647167,
    "power_per_ray": 0.06347874386297071,
    "num_rays": 773289.0,
    "avg_flux": 2747.2108904835927,
    "peak_flux": 8662.026219404512,
    "min_flux": 0.0,
    "radius": 0.0,
    "bin_size_x": 0.11912060709304066,
    "bin_size_y": 6.0,
    "xvalues": [
        -0.23824121418608132,
        -0.11912060709304068,
        0.0,
        0.11912060709304068,
        0.23824121418608135
    ],
    "yvalues": [
        -12.0,
        -6.0,
        0.0,
        6.0,
        12.0
    ],
    "flux": [
        [
            0.0,
            0.0,
            0.0,
            0.0,
            0.0
        ],
        [
            29767.0,
            48720.0,
            48821.0,
            48460.0,
            48206.0
        ],
        [
            60058.0,
            97467.0,
            97528.0,
            97397.0,
            97050.0
        ],
        [
            13581.0,
            21777.0,
            21684.0,
            21464.0,
            21309.0
        ],
        [
            0.0,
            0.0,
            0.0,
            0.0,
            0.0
        ]
    ],
    "sim_time": 18.341405153274536
}