{
    "dni": 1000.0,
    "generated_rays": 11947293,
    "power_per_ray": 0.08201968377184544,
    "num_rays": 789663.0,
    "avg_flux": 3624.7805831356,
    "peak_flux": 8359.373454180126,
    "min_flux": 0.0,
    "radius": 0.0,
    "bin_size_x": 0.11912060709304066,
    "bin_size_y": 6.0,
    "xvalues": [
        -0.23824121418608132,
        -0.11912060709304068,
        0.0,
        0.11912060709304068,
        0.23824121418608135
    ],
    "yvalues": [
        -12.0,
        -6.0,
        0.0,
        6.0,
        12.0
    ],
    "flux": [
        [
            0.0,
            0.0,
            0.0,
            0.0,
            0.0
        ],
        [
            42599.0,
            42553.0,
            42637.0,
            42636.0,
            42585.0
        ],
        [
            72135.0,
            72762.0,
            72844.0,
            72409.0,
            72471.0
        ],
        [
            42948.0,
            43074.0,
            42651.0,
            42492.0,
            42867.0
        ],
        [
            0.0,
            0.0,
            0.0,
            0.0,
            0.0
        ]
    ],
    "sim_time": 15.182493209838867
}