{
    "dni": 1000.0,
    "generated_rays": 12512007,
    "power_per_ray": 0.08069464729009865,
    "num_rays": 763675.0,
    "avg_flux": 3448.856654507226,
    "peak_flux": 7966.342903898103,
    "min_flux": 0.0,
    "radius": 0.0,
    "bin_size_x": 0.11912060709304066,
    "bin_size_y": 6.0,
    "xvalues": [
        -0.23824121418608132,
        -0.11912060709304068,
        0.0,
        0.11912060709304068,
        0.23824121418608135
    ],
    "yvalues": [
        -12.0,
        -6.0,
        0.0,
        6.0,
        12.0
    ],
    "flux": [
        [
            0.0,
            0.0,
            0.0,
            0.0,
            0.0
        ],
        [
            38108.0,
            42699.0,
            42762.0,
            42804.0,
            42759.0
        ],
        [
            62880.0,
            70380.0,
            69981.0,
            70559.0,
            70448.0
        ],
        [
            37993.0,
            43345.0,
            43081.0,
            42899.0,
            42977.0
        ],
        [
            0.0,
            0.0,
            0.0,
            0.0,
            0.0
        ]
    ],
    "sim_time": 15.436816215515137
}