{
    "dni": 1000.0,
    "generated_rays": 29199687,
    "power_per_ray": 0.03696985000074164,
    "num_rays": 623198.0,
    "avg_flux": 1289.4235035122495,
    "peak_flux": 3904.2842742236253,
    "min_flux": 0.0,
    "radius": 0.0,
    "bin_size_x": 0.11912060709304066,
    "bin_size_y": 6.0,
    "xvalues": [
        -0.23824121418608132,
        -0.11912060709304068,
        0.0,
        0.11912060709304068,
        0.23824121418608135
    ],
    "yvalues": [
        -12.0,
        -6.0,
        0.0,
        6.0,
        12.0
    ],
    "flux": [
        [
            0.0,
            0.0,
            0.0,
            0.0,
            0.0
        ],
        [
            0.0,
            43369.0,
            43074.0,
            41440.0,
            41349.0
        ],
        [
            0.0,
            75480.0,
            72938.0,
            68175.0,
            68465.0
        ],
        [
            0.0,
            43254.0,
            43624.0,
            40902.0,
            41128.0
        ],
        [
            0.0,
            0.0,
            0.0,
            0.0,
            0.0
        ]
    ],
    "sim_time": 26.934924840927124
}