{
    "dni": 1000.0,
    "generated_rays": 24817877,
    "power_per_ray": 0.04331731467346695,
    "num_rays": 652960.0,
    "avg_flux": 1582.9600200685702,
    "peak_flux": 5143.965508733299,
    "min_flux": 0.0,
    "radius": 0.0,
    "bin_size_x": 0.11912060709304066,
    "bin_size_y": 6.0,
    "xvalues": [
        -0.23824121418608132,
        -0.11912060709304068,
        0.0,
        0.11912060709304068,
        0.23824121418608135
    ],
    "yvalues": [
        -12.0,
        -6.0,
        0.0,
        6.0,
        12.0
    ],
    "flux": [
        [
            0.0,
            0.0,
            0.0,
            0.0,
            0.0
        ],
        [
            4084.0,
            48873.0,
            41463.0,
            41666.0,
            41791.0
        ],
        [
            6877.0,
            84874.0,
            68809.0,
            68570.0,
            68952.0
        ],
        [
            3793.0,
            49274.0,
            41446.0,
            41214.0,
            41274.0
        ],
        [
            0.0,
            0.0,
            0.0,
            0.0,
            0.0
        ]
    ],
    "sim_time": 23.83741784095764
}