{
    "dni": 1000.0,
    "generated_rays": 21736111,
    "power_per_ray": 0.049180817533452166,
    "num_rays": 673760.0,
    "avg_flux": 1854.4828041637602,
    "peak_flux": 5405.857559736002,
    "min_flux": 0.0,
    "radius": 0.0,
    "bin_size_x": 0.11912060709304066,
    "bin_size_y": 6.0,
    "xvalues": [
        -0.23824121418608132,
        -0.11912060709304068,
        0.0,
        0.11912060709304068,
        0.23824121418608135
    ],
    "yvalues": [
        -12.0,
        -6.0,
        0.0,
        6.0,
        12.0
    ],
    "flux": [
        [
            0.0,
            0.0,
            0.0,
            0.0,
            0.0
        ],
        [
            11728.0,
            46465.0,
            41892.0,
            41959.0,
            42063.0
        ],
        [
            20571.0,
            78561.0,
            68880.0,
            68727.0,
            68574.0
        ],
        [
            11800.0,
            46600.0,
            41851.0,
            42093.0,
            41996.0
        ],
        [
            0.0,
            0.0,
            0.0,
            0.0,
            0.0
        ]
    ],
    "sim_time": 21.92517638206482
}