{
    "dni": 1000.0,
    "generated_rays": 57544736,
    "power_per_ray": 0.01892216559730002,
    "num_rays": 587749.0,
    "avg_flux": 622.4214924716825,
    "peak_flux": 2754.464682128184,
    "min_flux": 0.0,
    "radius": 0.0,
    "bin_size_x": 0.11912060709304066,
    "bin_size_y": 6.0,
    "xvalues": [
        -0.23824121418608132,
        -0.11912060709304068,
        0.0,
        0.11912060709304068,
        0.23824121418608135
    ],
    "yvalues": [
        -12.0,
        -6.0,
        0.0,
        6.0,
        12.0
    ],
    "flux": [
        [
            0.0,
            0.0,
            0.0,
            1.0,
            1.0
        ],
        [
            0.0,
            28198.0,
            57757.0,
            57764.0,
            58378.0
        ],
        [
            0.0,
            51048.0,
            104041.0,
            103916.0,
            103561.0
        ],
        [
            0.0,
            6251.0,
            5626.0,
            5709.0,
            5498.0
        ],
        [
            0.0,
            0.0,
            0.0,
            0.0,
            0.0
        ]
    ],
    "sim_time": 47.55306839942932
}