{
    "dni": 1000.0,
    "generated_rays": 25531968,
    "power_per_ray": 0.03979395334391303,
    "num_rays": 833452.0,
    "avg_flux": 1856.1775784372896,
    "peak_flux": 5188.632480099317,
    "min_flux": 0.0,
    "radius": 0.0,
    "bin_size_x": 0.11912060709304066,
    "bin_size_y": 6.0,
    "xvalues": [
        -0.23824121418608132,
        -0.11912060709304068,
        0.0,
        0.11912060709304068,
        0.23824121418608135
    ],
    "yvalues": [
        -12.0,
        -6.0,
        0.0,
        6.0,
        12.0
    ],
    "flux": [
        [
            0.0,
            0.0,
            0.0,
            0.0,
            0.0
        ],
        [
            65802.0,
            72008.0,
            72118.0,
            71932.0,
            72146.0
        ],
        [
            85042.0,
            93131.0,
            93191.0,
            92275.0,
            93007.0
        ],
        [
            4633.0,
            4546.0,
            4600.0,
            4568.0,
            4453.0
        ],
        [
            0.0,
            0.0,
            0.0,
            0.0,
            0.0
        ]
    ],
    "sim_time": 25.077207565307617
}