{
    "dni": 1000.0,
    "generated_rays": 45281127,
    "power_per_ray": 0.023950476549329035,
    "num_rays": 530731.0,
    "avg_flux": 711.3944250677891,
    "peak_flux": 2906.8355439245756,
    "min_flux": 0.0,
    "radius": 0.0,
    "bin_size_x": 0.11912060709304066,
    "bin_size_y": 6.0,
    "xvalues": [
        -0.23824121418608132,
        -0.11912060709304068,
        0.0,
        0.11912060709304068,
        0.23824121418608135
    ],
    "yvalues": [
        -12.0,
        -6.0,
        0.0,
        6.0,
        12.0
    ],
    "flux": [
        [
            0.0,
            3.0,
            116.0,
            119.0,
            28.0
        ],
        [
            0.0,
            4832.0,
            48494.0,
            48288.0,
            39320.0
        ],
        [
            0.0,
            9077.0,
            86745.0,
            84608.0,
            69154.0
        ],
        [
            0.0,
            5422.0,
            48707.0,
            46919.0,
            38651.0
        ],
        [
            0.0,
            2.0,
            94.0,
            94.0,
            58.0
        ]
    ],
    "sim_time": 38.58209562301636
}