{
    "dni": 1000.0,
    "generated_rays": 40435704,
    "power_per_ray": 0.02678815304600586,
    "num_rays": 674064.0,
    "avg_flux": 1010.5684781978599,
    "peak_flux": 3955.3477886631817,
    "min_flux": 0.0,
    "radius": 0.0,
    "bin_size_x": 0.11912060709304066,
    "bin_size_y": 6.0,
    "xvalues": [
        -0.23824121418608132,
        -0.11912060709304068,
        0.0,
        0.11912060709304068,
        0.23824121418608135
    ],
    "yvalues": [
        -12.0,
        -6.0,
        0.0,
        6.0,
        12.0
    ],
    "flux": [
        [
            0.0,
            0.0,
            0.0,
            0.0,
            0.0
        ],
        [
            151.0,
            6889.0,
            4487.0,
            4560.0,
            4538.0
        ],
        [
            1248.0,
            104883.0,
            105531.0,
            105229.0,
            104684.0
        ],
        [
            971.0,
            57180.0,
            57889.0,
            58125.0,
            57699.0
        ],
        [
            0.0,
            0.0,
            0.0,
            0.0,
            0.0
        ]
    ],
    "sim_time": 36.05132603645325
}