{
    "dni": 1000.0,
    "generated_rays": 24876706,
    "power_per_ray": 0.04360589004061438,
    "num_rays": 688717.0,
    "avg_flux": 1680.7681169525297,
    "peak_flux": 5521.969137147027,
    "min_flux": 0.0,
    "radius": 0.0,
    "bin_size_x": 0.11912060709304066,
    "bin_size_y": 6.0,
    "xvalues": [
        -0.23824121418608132,
        -0.11912060709304068,
        0.0,
        0.11912060709304068,
        0.23824121418608135
    ],
    "yvalues": [
        -12.0,
        -6.0,
        0.0,
        6.0,
        12.0
    ],
    "flux": [
        [
            0.0,
            0.0,
            0.0,
            0.0,
            0.0
        ],
        [
            3559.0,
            30694.0,
            30745.0,
            30417.0,
            30485.0
        ],
        [
            10379.0,
            90508.0,
            90119.0,
            90372.0,
            90448.0
        ],
        [
            5565.0,
            46473.0,
            46252.0,
            46345.0,
            46356.0
        ],
        [
            0.0,
            0.0,
            0.0,
            0.0,
            0.0
        ]
    ],
    "sim_time": 24.101932287216187
}