{
    "dni": 1000.0,
    "generated_rays": 46053813,
    "power_per_ray": 0.023082791433059767,
    "num_rays": 767179.0,
    "avg_flux": 991.0758113688819,
    "peak_flux": 2733.6717043058934,
    "min_flux": 0.0,
    "radius": 0.0,
    "bin_size_x": 0.11912060709304066,
    "bin_size_y": 6.0,
    "xvalues": [
        -0.23824121418608132,
        -0.11912060709304068,
        0.0,
        0.11912060709304068,
        0.23824121418608135
    ],
    "yvalues": [
        -12.0,
        -6.0,
        0.0,
        6.0,
        12.0
    ],
    "flux": [
        [
            0.0,
            0.0,
            0.0,
            0.0,
            0.0
        ],
        [
            4919.0,
            5094.0,
            4922.0,
            4970.0,
            4920.0
        ],
        [
            43736.0,
            80410.0,
            80269.0,
            80606.0,
            80105.0
        ],
        [
            41106.0,
            83789.0,
            84644.0,
            83740.0,
            83949.0
        ],
        [
            0.0,
            0.0,
            0.0,
            0.0,
            0.0
        ]
    ],
    "sim_time": 39.865976333618164
}