{
    "dni": 1000.0,
    "generated_rays": 46047884,
    "power_per_ray": 0.023586400412959767,
    "num_rays": 518900.0,
    "avg_flux": 684.9631071655755,
    "peak_flux": 2813.6750568531575,
    "min_flux": 0.0,
    "radius": 0.0,
    "bin_size_x": 0.11912060709304066,
    "bin_size_y": 6.0,
    "xvalues": [
        -0.23824121418608132,
        -0.11912060709304068,
        0.0,
        0.11912060709304068,
        0.23824121418608135
    ],
    "yvalues": [
        -12.0,
        -6.0,
        0.0,
        6.0,
        12.0
    ],
    "flux": [
        [
            0.0,
            1.0,
            128.0,
            116.0,
            125.0
        ],
        [
            0.0,
            3163.0,
            48308.0,
            47470.0,
            39684.0
        ],
        [
            0.0,
            5280.0,
            85261.0,
            83200.0,
            67544.0
        ],
        [
            0.0,
            2796.0,
            47798.0,
            48405.0,
            39247.0
        ],
        [
            0.0,
            0.0,
            133.0,
            151.0,
            90.0
        ]
    ],
    "sim_time": 39.05032205581665
}