{
    "dni": 1000.0,
    "generated_rays": 71629830,
    "power_per_ray": 0.014078700287546257,
    "num_rays": 878772.0,
    "avg_flux": 692.4056724808506,
    "peak_flux": 2257.4814539207955,
    "min_flux": 0.0,
    "radius": 0.0,
    "bin_size_x": 0.11912060709304066,
    "bin_size_y": 6.0,
    "xvalues": [
        -0.23824121418608132,
        -0.11912060709304068,
        0.0,
        0.11912060709304068,
        0.23824121418608135
    ],
    "yvalues": [
        -12.0,
        -6.0,
        0.0,
        6.0,
        12.0
    ],
    "flux": [
        [
            0.0,
            0.0,
            0.0,
            0.0,
            0.0
        ],
        [
            107260.0,
            114604.0,
            114048.0,
            113929.0,
            114176.0
        ],
        [
            54073.0,
            55282.0,
            55237.0,
            55414.0,
            55765.0
        ],
        [
            7927.0,
            7785.0,
            7903.0,
            7706.0,
            7663.0
        ],
        [
            0.0,
            0.0,
            0.0,
            0.0,
            0.0
        ]
    ],
    "sim_time": 58.66675925254822
}