{
    "dni": 1000.0,
    "generated_rays": 15077239,
    "power_per_ray": 0.06907095214381631,
    "num_rays": 729133.0,
    "avg_flux": 2818.5389457225433,
    "peak_flux": 6759.104045584975,
    "min_flux": 0.0,
    "radius": 0.0,
    "bin_size_x": 0.11912060709304066,
    "bin_size_y": 6.0,
    "xvalues": [
        -0.23824121418608132,
        -0.11912060709304068,
        0.0,
        0.11912060709304068,
        0.23824121418608135
    ],
    "yvalues": [
        -12.0,
        -6.0,
        0.0,
        6.0,
        12.0
    ],
    "flux": [
        [
            0.0,
            0.0,
            0.0,
            0.0,
            0.0
        ],
        [
            29991.0,
            42379.0,
            42310.0,
            42850.0,
            42359.0
        ],
        [
            50464.0,
            69304.0,
            69548.0,
            69113.0,
            69941.0
        ],
        [
            29853.0,
            42669.0,
            42793.0,
            42985.0,
            42574.0
        ],
        [
            0.0,
            0.0,
            0.0,
            0.0,
            0.0
        ]
    ],
    "sim_time": 17.52970790863037
}