{
    "dni": 1000.0,
    "generated_rays": 10712164,
    "power_per_ray": 0.09253611575275636,
    "num_rays": 826260.0,
    "avg_flux": 4279.074397382438,
    "peak_flux": 10612.105541277913,
    "min_flux": 0.0,
    "radius": 0.0,
    "bin_size_x": 0.11912060709304066,
    "bin_size_y": 6.0,
    "xvalues": [
        -0.23824121418608132,
        -0.11912060709304068,
        0.0,
        0.11912060709304068,
        0.23824121418608135
    ],
    "yvalues": [
        -12.0,
        -6.0,
        0.0,
        6.0,
        12.0
    ],
    "flux": [
        [
            0.0,
            0.0,
            0.0,
            0.0,
            0.0
        ],
        [
            41794.0,
            43363.0,
            43876.0,
            43297.0,
            43430.0
        ],
        [
            78515.0,
            81717.0,
            81965.0,
            81608.0,
            81836.0
        ],
        [
            39194.0,
            41740.0,
            41481.0,
            41190.0,
            41254.0
        ],
        [
            0.0,
            0.0,
            0.0,
            0.0,
            0.0
        ]
    ],
    "sim_time": 14.187152624130249
}