{
    "dni": 1000.0,
    "generated_rays": 70529298,
    "power_per_ray": 0.014158748876080962,
    "num_rays": 888345.0,
    "avg_flux": 703.9282330329322,
    "peak_flux": 2272.714050698297,
    "min_flux": 0.0,
    "radius": 0.0,
    "bin_size_x": 0.11912060709304066,
    "bin_size_y": 6.0,
    "xvalues": [
        -0.23824121418608132,
        -0.11912060709304068,
        0.0,
        0.11912060709304068,
        0.23824121418608135
    ],
    "yvalues": [
        -12.0,
        -6.0,
        0.0,
        6.0,
        12.0
    ],
    "flux": [
        [
            0.0,
            0.0,
            0.0,
            0.0,
            0.0
        ],
        [
            7728.0,
            7805.0,
            7600.0,
            7635.0,
            7824.0
        ],
        [
            55075.0,
            55391.0,
            55653.0,
            55422.0,
            55831.0
        ],
        [
            114058.0,
            114725.0,
            114554.0,
            114325.0,
            114719.0
        ],
        [
            0.0,
            0.0,
            0.0,
            0.0,
            0.0
        ]
    ],
    "sim_time": 58.09062075614929
}