{
    "dni": 1000.0,
    "generated_rays": 23978183,
    "power_per_ray": 0.0434268372105839,
    "num_rays": 799885.0,
    "avg_flux": 1944.0507415064096,
    "peak_flux": 6128.285871979611,
    "min_flux": 0.0,
    "radius": 0.0,
    "bin_size_x": 0.11912060709304066,
    "bin_size_y": 6.0,
    "xvalues": [
        -0.23824121418608132,
        -0.11912060709304068,
        0.0,
        0.11912060709304068,
        0.23824121418608135
    ],
    "yvalues": [
        -12.0,
        -6.0,
        0.0,
        6.0,
        12.0
    ],
    "flux": [
        [
            0.0,
            0.0,
            0.0,
            0.0,
            0.0
        ],
        [
            3884.0,
            4284.0,
            4330.0,
            4261.0,
            4285.0
        ],
        [
            74226.0,
            100860.0,
            100580.0,
            100487.0,
            100277.0
        ],
        [
            46647.0,
            63709.0,
            64062.0,
            64034.0,
            63959.0
        ],
        [
            0.0,
            0.0,
            0.0,
            0.0,
            0.0
        ]
    ],
    "sim_time": 24.41251039505005
}