{
    "dni": 1000.0,
    "generated_rays": 15361934,
    "power_per_ray": 0.06885427419081003,
    "num_rays": 761396.0,
    "avg_flux": 2934.0218137537695,
    "peak_flux": 8218.020938587322,
    "min_flux": 0.0,
    "radius": 0.0,
    "bin_size_x": 0.11912060709304066,
    "bin_size_y": 6.0,
    "xvalues": [
        -0.23824121418608132,
        -0.11912060709304068,
        0.0,
        0.11912060709304068,
        0.23824121418608135
    ],
    "yvalues": [
        -12.0,
        -6.0,
        0.0,
        6.0,
        12.0
    ],
    "flux": [
        [
            0.0,
            0.0,
            0.0,
            0.0,
            0.0
        ],
        [
            25054.0,
            45177.0,
            44907.0,
            45023.0,
            44812.0
        ],
        [
            47249.0,
            85246.0,
            85305.0,
            85013.0,
            84550.0
        ],
        [
            20433.0,
            37038.0,
            37230.0,
            37006.0,
            37353.0
        ],
        [
            0.0,
            0.0,
            0.0,
            0.0,
            0.0
        ]
    ],
    "sim_time": 17.344524145126343
}