{
    "dni": 1000.0,
    "generated_rays": 13512571,
    "power_per_ray": 0.07600045283756118,
    "num_rays": 748240.0,
    "avg_flux": 3182.5771778099606,
    "peak_flux": 7490.800053820388,
    "min_flux": 0.0,
    "radius": 0.0,
    "bin_size_x": 0.11912060709304066,
    "bin_size_y": 6.0,
    "xvalues": [
        -0.23824121418608132,
        -0.11912060709304068,
        0.0,
        0.11912060709304068,
        0.23824121418608135
    ],
    "yvalues": [
        -12.0,
        -6.0,
        0.0,
        6.0,
        12.0
    ],
    "flux": [
        [
            0.0,
            0.0,
            0.0,
            0.0,
            0.0
        ],
        [
            33902.0,
            42640.0,
            42984.0,
            43168.0,
            42633.0
        ],
        [
            57317.0,
            69927.0,
            70116.0,
            69933.0,
            70445.0
        ],
        [
            34199.0,
            42840.0,
            42870.0,
            42675.0,
            42591.0
        ],
        [
            0.0,
            0.0,
            0.0,
            0.0,
            0.0
        ]
    ],
    "sim_time": 15.853024005889893
}