{
    "dni": 1000.0,
    "generated_rays": 26555680,
    "power_per_ray": 0.04052565221973532,
    "num_rays": 651217.0,
    "avg_flux": 1476.9901030343337,
    "peak_flux": 4598.746742890605,
    "min_flux": 0.0,
    "radius": 0.0,
    "bin_size_x": 0.11912060709304066,
    "bin_size_y": 6.0,
    "xvalues": [
        -0.23824121418608132,
        -0.11912060709304068,
        0.0,
        0.11912060709304068,
        0.23824121418608135
    ],
    "yvalues": [
        -12.0,
        -6.0,
        0.0,
        6.0,
        12.0
    ],
    "flux": [
        [
            0.0,
            0.0,
            0.0,
            0.0,
            0.0
        ],
        [
            2.0,
            45423.0,
            40090.0,
            37982.0,
            38454.0
        ],
        [
            0.0,
            81105.0,
            79530.0,
            77825.0,
            77546.0
        ],
        [
            0.0,
            44381.0,
            43711.0,
            42889.0,
            42279.0
        ],
        [
            0.0,
            0.0,
            0.0,
            0.0,
            0.0
        ]
    ],
    "sim_time": 25.0333034992218
}