{
    "dni": 1000.0,
    "generated_rays": 73537856,
    "power_per_ray": 0.013848825041600482,
    "num_rays": 867977.0,
    "avg_flux": 672.7333977708005,
    "peak_flux": 2209.1894604764884,
    "min_flux": 0.0,
    "radius": 0.0,
    "bin_size_x": 0.11912060709304066,
    "bin_size_y": 6.0,
    "xvalues": [
        -0.23824121418608132,
        -0.11912060709304068,
        0.0,
        0.11912060709304068,
        0.23824121418608135
    ],
    "yvalues": [
        -12.0,
        -6.0,
        0.0,
        6.0,
        12.0
    ],
    "flux": [
        [
            0.0,
            0.0,
            0.0,
            0.0,
            0.0
        ],
        [
            100268.0,
            114014.0,
            113372.0,
            113595.0,
            113429.0
        ],
        [
            52726.0,
            55222.0,
            55236.0,
            55147.0,
            55862.0
        ],
        [
            8218.0,
            7746.0,
            7824.0,
            7671.0,
            7647.0
        ],
        [
            0.0,
            0.0,
            0.0,
            0.0,
            0.0
        ]
    ],
    "sim_time": 59.85143542289734
}