{
    "dni": 1000.0,
    "generated_rays": 14212732,
    "power_per_ray": 0.0728324233979702,
    "num_rays": 739233.0,
    "avg_flux": 3013.199935742391,
    "peak_flux": 7151.0371388561625,
    "min_flux": 0.0,
    "radius": 0.0,
    "bin_size_x": 0.11912060709304066,
    "bin_size_y": 6.0,
    "xvalues": [
        -0.23824121418608132,
        -0.11912060709304068,
        0.0,
        0.11912060709304068,
        0.23824121418608135
    ],
    "yvalues": [
        -12.0,
        -6.0,
        0.0,
        6.0,
        12.0
    ],
    "flux": [
        [
            0.0,
            0.0,
            0.0,
            0.0,
            0.0
        ],
        [
            32046.0,
            42624.0,
            42626.0,
            43123.0,
            42297.0
        ],
        [
            54341.0,
            69687.0,
            70043.0,
            69581.0,
            70175.0
        ],
        [
            31949.0,
            42724.0,
            42952.0,
            42699.0,
            42366.0
        ],
        [
            0.0,
            0.0,
            0.0,
            0.0,
            0.0
        ]
    ],
    "sim_time": 16.44751763343811
}