{"ns": {"dp": [[-85.0, 0.5963021452162395], [-82.5, 0.5963039880235762], [-80.0, 0.5963018512492426], [-77.5, 0.5962952483952463], [-75.0, 0.596283672173496], [-72.5, 0.5962686664122282], [-70.0, 0.5962514380576717], [-67.5, 0.5962331981691531], [-65.0, 0.5962146284300056], [-62.5, 0.5961978773639829], [-60.0, 0.5961793250172628], [-57.5, 0.5961717247077036], [-55.0, 0.5961650850453135], [-52.5, 0.5961631684417024], [-50.0, 0.5961667380731798], [-47.5, 0.5961759930663785], [-45.0, 0.596187742866416], [-42.5, 0.5962115021024141], [-40.0, 0.5962371600768609], [-37.5, 0.5962674740175864], [-35.0, 0.5962994795233624], [-32.5, 0.5963383515237276], [-30.0, 0.5963770403904685], [-27.5, 0.5964163345824325], [-25.0, 0.5964572036535271], [-22.5, 0.5964969639414638], [-20.0, 0.5965340937590393], [-17.5, 0.596567900068366], [-15.0, 0.5965954209527524], [-12.5, 0.5966218054034423], [-10.0, 0.5966393263734361], [-7.5, 0.5966496966026478], [-5.0, 0.5966520768000996], [-2.5, 0.5966473487811386], [0.0, 0.5966356907270735], [2.5, 0.596616546617664], [5.0, 0.5965908643632726], [7.5, 0.5965566447807809], [10.0, 0.5965190157767074], [12.5, 0.5964729776532969], [15.0, 0.5964211342838819], [17.5, 0.5963648422510606], [20.0, 0.5963053142531478], [22.5, 0.5962436299809601], [25.0, 0.5961807791405124], [27.5, 0.5961184934600604], [30.0, 0.596059744363577], [32.5, 0.5960020091535775], [35.0, 0.5959509225444115], [37.5, 0.5959049865975817], [40.0, 0.5958644843041371], [42.5, 0.5958313682682412], [45.0, 0.595806303708428], [47.5, 0.5957895490252821], [50.0, 0.5957816264439516], [52.5, 0.5957824721702464], [55.0, 0.5957919224010407], [57.5, 0.5958095015463084], [60.0, 0.595834398552134], [62.5, 0.5958643563858507], [65.0, 0.5959024147053933], [67.5, 0.5959430835077444], [70.0, 0.5959845673764196], [72.5, 0.5960311791734858], [75.0, 0.5960758137481508], [77.5, 0.5961189008989882], [80.0, 0.5961578352256579], [82.5, 0.5961953950019635], [85.0, 0.5962291728717334]], "opt_dp": [[-5.518593645617859, 0.5966522305260674]], "sun": [[4.153347348269136, 0.596600572855902]], "spr": 0.5941691576708152, "boito": 0.5981616558416804, "nun": 0.5985883978878584, "un": [24789.130961103074, 0.5972914626735362], "un_data": [[11175.823235896316, 0.37635780849072087], [12315.757205957741, 0.4428486688416459], [13455.691176019163, 0.49040830766691595], [14597.860310727769, 0.5246387071805668], [15737.79428078919, 0.549765323050017], [16877.728250850618, 0.5675183510439613], [18017.662220912043, 0.5791846401424426], [19157.596190973465, 0.5865905064783768], [20299.765325682067, 0.5911326560138928], [21439.699295743492, 0.5940647918258956], [22579.633265804918, 0.5958514662959371], [23719.56723586634, 0.5969108657967855], [24859.50120592777, 0.5972895357415833], [26001.67034063637, 0.5966246019609809], [27141.604310697792, 0.5944927124362975], [28281.538280759218, 0.5907206647483546], [29421.472250820643, 0.5853106706357104], [30561.406220882065, 0.5785628396252367], [31703.57535559067, 0.5709078789017826], [32843.50932565209, 0.5627621322308973], [33983.443295713514, 0.5542971702994692], [35123.37726577494, 0.5456262829643413], [36263.311235836365, 0.5368578391900949], [37405.48037054497, 0.5281554824980532], [38545.41434060639, 0.5196702188137079], [39685.34831066782, 0.5114497735679818], [40825.28228072924, 0.5035502546883165], [41967.45141543784, 0.4960092021283462], [43107.38538549927, 0.4888526424752156], [44247.31935556069, 0.48203095329005813], [45387.25332562212, 0.47554462915876444], [46527.18729568354, 0.46939330661560696], [47669.356430392145, 0.4635202181682414], [48809.29040045357, 0.45798018167915566], [49949.224370514996, 0.45268357196149145], [51089.15834057642, 0.4476511931766826], [52229.09231063784, 0.4428861429858731], [53371.26144534644, 0.4383337413200647], [54511.19541540787, 0.4340131183436673], [55651.12938546929, 0.4298960238970578], [56791.06335553072, 0.4259784025918802], [57930.99732559214, 0.42221687710809447], [59073.166460300745, 0.41865048133203614], [60213.100430362174, 0.41523113478440404], [61353.034400423596, 0.4119661893744998], [62492.96837048502, 0.408858740471286], [63632.90234054645, 0.40586701707023304], [64775.07147525505, 0.4029739406244053], [65915.00544531646, 0.4002494713234032], [67054.9394153779, 0.3976232033627082]]}, "ew": {"dp": [[-85.0, 0.5833960718476315], [-82.5, 0.5834675277840204], [-80.0, 0.5835336884493635], [-77.5, 0.5835926040935707], [-75.0, 0.5836435899601636], [-72.5, 0.5836878765143783], [-70.0, 0.5837259706943269], [-67.5, 0.5837584809674722], [-65.0, 0.583785555113307], [-62.5, 0.5838074905828141], [-60.0, 0.583821355929569], [-57.5, 0.583838229621535], [-55.0, 0.5838484889333024], [-52.5, 0.5838560527609975], [-50.0, 0.583861333450217], [-47.5, 0.5838645116417189], [-45.0, 0.5838649881555495], [-42.5, 0.5838648832928208], [-40.0, 0.5838622205075062], [-37.5, 0.5838577033427054], [-35.0, 0.5838509271792695], [-32.5, 0.5838421077127754], [-30.0, 0.5838295863425617], [-27.5, 0.5838141035982685], [-25.0, 0.5837969100779262], [-22.5, 0.5837755057142352], [-20.0, 0.5837491905626109], [-17.5, 0.5837178797041875], [-15.0, 0.5836813872707125], [-12.5, 0.5836394563810369], [-10.0, 0.5835900136925509], [-7.5, 0.5835341758518738], [-5.0, 0.5834717294189445], [-2.5, 0.5834028882775655], [0.0, 0.5833283974943582], [2.5, 0.5832480665411427], [5.0, 0.583162769463177], [7.5, 0.5830712632561305], [10.0, 0.5829769520465794], [12.5, 0.5828779104341112], [15.0, 0.5827755894041436], [17.5, 0.5826719764901451], [20.0, 0.5825685648166858], [22.5, 0.5824664647068849], [25.0, 0.5823670104637804], [27.5, 0.582272184879007], [30.0, 0.582185179760854], [32.5, 0.5821050983282032], [35.0, 0.5820361547221321], [37.5, 0.5819771445274937], [40.0, 0.5819301342676272], [42.5, 0.5818964119517311], [45.0, 0.5818768251707491], [47.5, 0.581871603438536], [50.0, 0.5818812168022103], [52.5, 0.5819055183124374], [55.0, 0.5819440004719066], [57.5, 0.5819958719912219], [60.0, 0.5820601328079033], [62.5, 0.5821355732132028], [65.0, 0.582221137223916], [67.5, 0.5823146996566402], [70.0, 0.5824144282010862], [72.5, 0.5825191742298989], [75.0, 0.5826257368453702], [77.5, 0.5827322420359247], [80.0, 0.5828373151274329], [82.5, 0.5829408235032286], [85.0, 0.5830426804837604]], "opt_dp": [[-43.54528683308444, 0.5838651040962539]], "sun": [[-27.17757623728169, 0.5838120092735112]], "spr": 0.5818703927888688, "boito": 0.5828464982576248, "nun": 0.5840967560505762, "un": [23349.059852012626, 0.5823644703266285],